D_m,rpm,rotor_D,hc_D,free_area,pass,reasons,d32_mm,epsilon_W_kg,terminal_m_s,Garthe_factor,characteristic_m_s,capacity_m_s,loading,flood_phi,operating_phi,root_count,tip_m_s,rotor_Re
0.2,30,0.33,0.2,0.2,false,NO_DILUTE_CONNECTED_ROOT;ACTUAL_LOADING_EXCEEDS_DESIGN_FLOOD_FRACTION,14.056778998905356,0.000149486189899055,0.11405181974781468,1.2134927624128233,0.13840105780398504,0.03212205764828536,1.6666427480392039,0.19407463989564544,,0,0.10367255756846318,31.650200668896325
0.2,35,0.33,0.2,0.2,false,NO_DILUTE_CONNECTED_ROOT;ACTUAL_LOADING_EXCEEDS_DESIGN_FLOOD_FRACTION,11.682873367667431,0.00023737853303414756,0.0913878941993183,1.2414086471685097,0.11344972210555462,0.02567102819151478,2.0854635830016206,0.1893050267848838,,0,0.12095131716320705,36.925234113712385
0.2,40,0.33,0.2,0.2,false,NO_DILUTE_CONNECTED_ROOT;ACTUAL_LOADING_EXCEEDS_DESIGN_FLOOD_FRACTION,9.953122126424251,0.00035433763531627846,0.07452307288901536,1.2594950417954744,0.09386144080307758,0.020740713639802125,2.581203104259376,0.18507657902892005,,0,0.1382300767579509,42.200267558528424
0.2,45,0.33,0.2,0.2,false,NO_DILUTE_CONNECTED_ROOT;ACTUAL_LOADING_EXCEEDS_DESIGN_FLOOD_FRACTION,8.641244749893886,0.0005045158909093106,0.061623856367650755,1.2714659584168304,0.07835263559783616,0.016941355007602712,3.1600774794924535,0.18138630507419545,,0,0.15550883635269477,47.47530100334449
0.2,50,0.33,0.2,0.2,false,NO_DILUTE_CONNECTED_ROOT;ACTUAL_LOADING_EXCEEDS_DESIGN_FLOOD_FRACTION,7.6149545810570896,0.0006920656939771064,0.05155303950943275,1.2794048415209986,0.06595720834349159,0.013984085192821788,3.828351564898414,0.17820028585209113,,0,0.17278759594743864,52.75033444816055
0.2,55,0.33,0.2,0.2,false,NO_DILUTE_CONNECTED_ROOT;ACTUAL_LOADING_EXCEEDS_DESIGN_FLOOD_FRACTION,6.7919752578095975,0.0009211394386835286,0.04356282271287055,1.28456522385263,0.05595928710981099,0.011658406062877777,4.592050932423701,0.1754692019896718,,0,0.19006635554218249,58.02536789297659
0.2,60,0.33,0.2,0.2,false,NO_DILUTE_CONNECTED_ROOT;ACTUAL_LOADING_EXCEEDS_DESIGN_FLOOD_FRACTION,6.118568437813093,0.00119588951919244,0.037139267308354554,1.2877439749202122,0.047825867709284785,0.009810749985799177,5.456870729465544,0.17313818218586674,,0,0.20734511513692636,63.30040133779265
0.2,65,0.33,0.2,0.2,false,NO_DILUTE_CONNECTED_ROOT;ACTUAL_LOADING_EXCEEDS_DESIGN_FLOOD_FRACTION,5.558214394220562,0.0015204683296677023,0.03191707217689844,1.2894705558734465,0.041156124801798144,0.008328343320988908,6.428168528630634,0.1711528583897492,,0,0.2246238747316702,68.5754347826087
0.2,70,0.33,0.2,0.2,false,NO_DILUTE_CONNECTED_ROOT;ACTUAL_LOADING_EXCEEDS_DESIGN_FLOOD_FRACTION,5.085265995570085,0.0018990282642731805,0.0276297648121978,1.290109693964042,0.03564542742616296,0.007127685453876537,7.510992843054739,0.16946267076502824,,0,0.2419026343264141,73.85046822742477
0.2,30,0.33,0.2,0.3,false,NO_DILUTE_CONNECTED_ROOT;ACTUAL_LOADING_EXCEEDS_DESIGN_FLOOD_FRACTION,14.056778998905356,0.000149486189899055,0.11405181974781468,1.4207655605274923,0.16204089761318444,0.037988652886936085,1.4092627762018517,0.19603670012985575,,0,0.10367255756846318,31.650200668896325
0.2,35,0.33,0.2,0.3,false,NO_DILUTE_CONNECTED_ROOT;ACTUAL_LOADING_EXCEEDS_DESIGN_FLOOD_FRACTION,11.682873367667431,0.00023737853303414756,0.0913878941993183,1.4486814452831787,0.13239194665005466,0.030268539915376473,1.7687009211969176,0.19121625524120317,,0,0.12095131716320705,36.925234113712385
0.2,40,0.33,0.2,0.3,false,NO_DILUTE_CONNECTED_ROOT;ACTUAL_LOADING_EXCEEDS_DESIGN_FLOOD_FRACTION,9.953122126424251,0.00035433763531627846,0.07452307288901536,1.4667678399101431,0.1093080466448872,0.024405457311947862,2.193607509473019,0.18689621444519067,,0,0.1382300767579509,42.200267558528424
0.2,45,0.33,0.2,0.3,false,NO_DILUTE_CONNECTED_ROOT;ACTUAL_LOADING_EXCEEDS_DESIGN_FLOOD_FRACTION,8.641244749893886,0.0005045158909093106,0.061623856367650755,1.478738756531499,0.09112558473777559,0.019904154345546685,2.689689473976073,0.18308802710673566,,0,0.15550883635269477,47.47530100334449
0.2,50,0.33,0.2,0.3,false,NO_DILUTE_CONNECTED_ROOT;ACTUAL_LOADING_EXCEEDS_DESIGN_FLOOD_FRACTION,7.6149545810570896,0.0006920656939771064,0.05155303950943275,1.4866776396356673,0.07664275109392778,0.0164092345536841,3.2625528178334475,0.17977050817448503,,0,0.17278759594743864,52.75033444816055
0.2,55,0.33,0.2,0.3,false,NO_DILUTE_CONNECTED_ROOT;ACTUAL_LOADING_EXCEEDS_DESIGN_FLOOD_FRACTION,6.7919752578095975,0.0009211394386835286,0.04356282271287055,1.4918380219672986,0.06498867526728092,0.013665835157777024,3.9175062346003418,0.17690411588355626,,0,0.19006635554218249,58.02536789297659
0.2,60,0.33,0.2,0.3,false,NO_DILUTE_CONNECTED_ROOT;ACTUAL_LOADING_EXCEEDS_DESIGN_FLOOD_FRACTION,6.118568437813093,0.00119588951919244,0.037139267308354554,1.4950167730348811,0.05552382756421608,0.01148963196403746,4.65950472558039,0.1744407598205986,,0,0.20734511513692636,63.30040133779265
0.2,65,0.33,0.2,0.3,false,NO_DILUTE_CONNECTED_ROOT;ACTUAL_LOADING_EXCEEDS_DESIGN_FLOOD_FRACTION,5.558214394220562,0.0015204683296677023,0.03191707217689844,1.4967433539881152,0.04777166565953172,0.00974594252910336,5.493157205856971,0.17233026351180109,,0,0.2246238747316702,68.5754347826087
0.2,70,0.33,0.2,0.3,false,NO_DILUTE_CONNECTED_ROOT;ACTUAL_LOADING_EXCEEDS_DESIGN_FLOOD_FRACTION,5.085265995570085,0.0018990282642731805,0.0276297648121978,1.4973824920787107,0.04137232609003741,0.008335353567246389,6.422762273934088,0.17052437103433787,,0,0.2419026343264141,73.85046822742477
0.2,30,0.33,0.2,0.4,false,NO_DILUTE_CONNECTED_ROOT;ACTUAL_LOADING_EXCEEDS_DESIGN_FLOOD_FRACTION,14.056778998905356,0.000149486189899055,0.11405181974781468,1.630303724471891,0.18593910651765905,0.043964780653297904,1.2177018430682462,0.1977357981202923,,0,0.10367255756846318,31.650200668896325
0.2,35,0.33,0.2,0.4,false,NO_DILUTE_CONNECTED_ROOT;ACTUAL_LOADING_EXCEEDS_DESIGN_FLOOD_FRACTION,11.682873367667431,0.00023737853303414756,0.0913878941993183,1.6582196092275774,0.15154119820732476,0.03495685684347774,1.5314876469393097,0.19289878678363515,,0,0.12095131716320705,36.925234113712385
0.2,40,0.33,0.2,0.4,false,NO_DILUTE_CONNECTED_ROOT;ACTUAL_LOADING_EXCEEDS_DESIGN_FLOOD_FRACTION,9.953122126424251,0.00035433763531627846,0.07452307288901536,1.6763060038545419,0.12492347450954608,0.02814562569888938,1.9021070984300252,0.18852026334704136,,0,0.1382300767579509,42.200267558528424
0.2,45,0.33,0.2,0.4,false,NO_DILUTE_CONNECTED_ROOT;ACTUAL_LOADING_EXCEEDS_DESIGN_FLOOD_FRACTION,8.641244749893886,0.0005045158909093106,0.061623856367650755,1.6882769204758978,0.10403813445622646,0.022929567296496447,2.3348017753388715,0.18462453580788518,,0,0.15550883635269477,47.47530100334449
0.2,50,0.33,0.2,0.4,false,NO_DILUTE_CONNECTED_ROOT;ACTUAL_LOADING_EXCEEDS_DESIGN_FLOOD_FRACTION,7.6149545810570896,0.0006920656939771064,0.05155303950943275,1.696215803580066,0.08744508033848736,0.018886319280003654,2.834644148385999,0.1812022851840689,,0,0.17278759594743864,52.75033444816055
0.2,55,0.33,0.2,0.4,false,NO_DILUTE_CONNECTED_ROOT;ACTUAL_LOADING_EXCEEDS_DESIGN_FLOOD_FRACTION,6.7919752578095975,0.0009211394386835286,0.04356282271287055,1.7013761859116974,0.07411674915477115,0.015716341515441087,3.4063903726585263,0.178223458221637,,0,0.19006635554218249,58.02536789297659
0.2,60,0.33,0.2,0.4,false,NO_DILUTE_CONNECTED_ROOT;ACTUAL_LOADING_EXCEEDS_DESIGN_FLOOD_FRACTION,6.118568437813093,0.00119588951919244,0.037139267308354554,1.7045549369792798,0.06330592144624893,0.01320428670796309,4.054440471920847,0.17564687011566615,,0,0.20734511513692636,63.30040133779265
0.2,65,0.33,0.2,0.4,false,NO_DILUTE_CONNECTED_ROOT;ACTUAL_LOADING_EXCEEDS_DESIGN_FLOOD_FRACTION,5.558214394220562,0.0015204683296677023,0.03191707217689844,1.706281517932514,0.054459510361959874,0.011193321852728502,4.782851340825335,0.1734269671417013,,0,0.2246238747316702,68.5754347826087
0.2,70,0.33,0.2,0.4,false,NO_DILUTE_CONNECTED_ROOT;ACTUAL_LOADING_EXCEEDS_DESIGN_FLOOD_FRACTION,5.085265995570085,0.0018990282642731805,0.0276297648121978,1.7069206560231094,0.047161816279000894,0.00956790227803159,5.595374291659888,0.17151825732941528,,0,0.2419026343264141,73.85046822742477
0.2,30,0.4,0.2,0.2,false,NO_DILUTE_CONNECTED_ROOT;ACTUAL_LOADING_EXCEEDS_DESIGN_FLOOD_FRACTION,9.567395206129955,0.00039113918814264224,0.0707349464342299,1.2484273406934838,0.08830744107098165,0.019380723053431994,2.7623321526248077,0.1838996034485394,,0,0.12566370614359174,46.50167224080269
0.2,35,0.4,0.2,0.2,false,NO_DILUTE_CONNECTED_ROOT;ACTUAL_LOADING_EXCEEDS_DESIGN_FLOOD_FRACTION,7.951655685868643,0.000621114544133918,0.05484897102145083,1.2645730433247167,0.06936053020782527,0.014795159255919121,3.618480443878548,0.17917113409144148,,0,0.1466076571675237,54.25195094760315
0.2,40,0.4,0.2,0.2,false,NO_DILUTE_CONNECTED_ROOT;ACTUAL_LOADING_EXCEEDS_DESIGN_FLOOD_FRACTION,6.774343747297505,0.0009271447422640407,0.04339305731023005,1.2737589389117958,0.05527229463561737,0.011504782634812267,4.6533686146853155,0.17532977532580413,,0,0.16755160819145565,62.002229654403585
0.2,45,0.4,0.2,0.2,false,NO_DILUTE_CONNECTED_ROOT;ACTUAL_LOADING_EXCEEDS_DESIGN_FLOOD_FRACTION,5.8814472078965245,0.0013200947599814176,0.03491321377720707,1.2786403599263303,0.044641444230272956,0.009101645303674497,5.882012827944261,0.17223884640484743,,0,0.1884955592153876,69.75250836120404
0.2,50,0.4,0.2,0.2,false,NO_DILUTE_CONNECTED_ROOT;ACTUAL_LOADING_EXCEEDS_DESIGN_FLOOD_FRACTION,5.18292846173198,0.0018108295747344546,0.028504464659374812,1.2807161834909269,0.036506129191006514,0.007315332635274492,7.3183267393012015,0.16976081023973155,,0,0.20943951023931956,77.50278706800451
0.2,55,0.4,0.2,0.2,false,NO_DILUTE_CONNECTED_ROOT;ACTUAL_LOADING_EXCEEDS_DESIGN_FLOOD_FRACTION,4.622788159846656,0.002410214163971559,0.023575544186388974,1.2808916301087647,0.030197717223604984,0.005964869893048437,8.975215787020572,0.16777318766610155,,0,0.23038346126325152,85.25306577480494
0.2,60,0.4,0.2,0.2,false,NO_DILUTE_CONNECTED_ROOT;ACTUAL_LOADING_EXCEEDS_DESIGN_FLOOD_FRACTION,4.164450642986535,0.003129113505141138,0.0197264318793588,1.2797427174873235,0.0252447575396192,0.004927490382890341,10.864758786238195,0.16617369290799344,,0,0.25132741228718347,93.00334448160538
0.2,65,0.4,0.2,0.2,false,NO_DILUTE_CONNECTED_ROOT;ACTUAL_LOADING_EXCEEDS_DESIGN_FLOOD_FRACTION,3.7830596720663685,0.003978392575691597,0.016679269138241404,1.2776514556329404,0.02131029249336771,0.00411866571305049,12.99838301078351,0.16487995843631664,,0,0.2722713633111154,100.75362318840584
0.2,70,0.4,0.2,0.2,false,NO_DILUTE_CONNECTED_ROOT;ACTUAL_LOADING_EXCEEDS_DESIGN_FLOOD_FRACTION,3.461159168234888,0.004968916353071344,0.014236954794190761,1.2748797721115572,0.01815040568358046,0.0034792991021182274,15.38700550321151,0.16382703878558502,,0,0.2932153143350474,108.5039018952063
0.2,30,0.4,0.2,0.3,false,NO_DILUTE_CONNECTED_ROOT;ACTUAL_LOADING_EXCEEDS_DESIGN_FLOOD_FRACTION,9.567395206129955,0.00039113918814264224,0.0707349464342299,1.4557001388081527,0.1029688713428957,0.022835461815288408,2.344423548980714,0.1857060128509559,,0,0.12566370614359174,46.50167224080269
0.2,35,0.4,0.2,0.3,false,NO_DILUTE_CONNECTED_ROOT;ACTUAL_LOADING_EXCEEDS_DESIGN_FLOOD_FRACTION,7.951655685868643,0.000621114544133918,0.05484897102145083,1.4718458414393856,0.08072922990515177,0.01739333249187359,3.077960733322657,0.18079963568689955,,0,0.1466076571675237,54.25195094760315
0.2,40,0.4,0.2,0.3,false,NO_DILUTE_CONNECTED_ROOT;ACTUAL_LOADING_EXCEEDS_DESIGN_FLOOD_FRACTION,6.774343747297505,0.0009271447422640407,0.04339305731023005,1.4810317370264645,0.06426649504305894,0.013502272892573714,3.964961666643323,0.17676898095369586,,0,0.16755160819145565,62.002229654403585
0.2,45,0.4,0.2,0.3,false,NO_DILUTE_CONNECTED_ROOT;ACTUAL_LOADING_EXCEEDS_DESIGN_FLOOD_FRACTION,5.8814472078965245,0.0013200947599814176,0.03491321377720707,1.4859131580409992,0.051878003741050276,0.010667648411428522,5.018537578934226,0.17349548594820646,,0,0.1884955592153876,69.75250836120404
0.2,50,0.4,0.2,0.3,false,NO_DILUTE_CONNECTED_ROOT;ACTUAL_LOADING_EXCEEDS_DESIGN_FLOOD_FRACTION,5.18292846173198,0.0018108295747344546,0.028504464659374812,1.4879889816055956,0.04241432933971582,0.008564894790020676,6.250630713408074,0.1708511175780022,,0,0.20943951023931956,77.50278706800451
0.2,55,0.4,0.2,0.3,false,NO_DILUTE_CONNECTED_ROOT;ACTUAL_LOADING_EXCEEDS_DESIGN_FLOOD_FRACTION,4.622788159846656,0.002410214163971559,0.023575544186388974,1.4881644282234336,0.035084286234193844,0.006977955315560701,7.672160684696252,0.1687170267814178,,0,0.23038346126325152,85.25306577480494
0.2,60,0.4,0.2,0.3,false,NO_DILUTE_CONNECTED_ROOT;ACTUAL_LOADING_EXCEEDS_DESIGN_FLOOD_FRACTION,4.164450642986535,0.003129113505141138,0.0197264318793588,1.4870155156019924,0.029333510272072306,0.005760752086159324,9.29323005588743,0.16699111873306682,,0,0.25132741228718347,93.00334448160538
0.2,65,0.4,0.2,0.3,false,NO_DILUTE_CONNECTED_ROOT;ACTUAL_LOADING_EXCEEDS_DESIGN_FLOOD_FRACTION,3.7830596720663685,0.003978392575691597,0.016679269138241404,1.484924253747609,0.024767451278158645,0.004812954525229639,11.123311918069222,0.1655895117238958,,0,0.2722713633111154,100.75362318840584
0.2,70,0.4,0.2,0.3,false,NO_DILUTE_CONNECTED_ROOT;ACTUAL_LOADING_EXCEEDS_DESIGN_FLOOD_FRACTION,3.461159168234888,0.004968916353071344,0.014236954794190761,1.4821525702262262,0.021101339140404428,0.0040645645429431675,13.171397296313176,0.16444504166993285,,0,0.2932153143350474,108.5039018952063
0.2,30,0.4,0.2,0.4,false,NO_DILUTE_CONNECTED_ROOT;ACTUAL_LOADING_EXCEEDS_DESIGN_FLOOD_FRACTION,9.567395206129955,0.00039113918814264224,0.0707349464342299,1.6652383027525515,0.11779054214542964,0.026362332766479264,2.030776066209328,0.1873221244052471,,0,0.12566370614359174,46.50167224080269
0.2,35,0.4,0.2,0.4,false,NO_DILUTE_CONNECTED_ROOT;ACTUAL_LOADING_EXCEEDS_DESIGN_FLOOD_FRACTION,7.951655685868643,0.000621114544133918,0.05484897102145083,1.6813840053837843,0.09222218258722611,0.020047214987466644,2.6704953513534075,0.18227873522400567,,0,0.1466076571675237,54.25195094760315
0.2,40,0.4,0.2,0.4,false,NO_DILUTE_CONNECTED_ROOT;ACTUAL_LOADING_EXCEEDS_DESIGN_FLOOD_FRACTION,6.774343747297505,0.0009271447422640407,0.04339305731023005,1.6905699009708632,0.07335899659977861,0.01554277824277349,3.4444288913729584,0.17809184543308126,,0,0.16755160819145565,62.002229654403585
0.2,45,0.4,0.2,0.4,false,NO_DILUTE_CONNECTED_ROOT;ACTUAL_LOADING_EXCEEDS_DESIGN_FLOOD_FRACTION,5.8814472078965245,0.0013200947599814176,0.03491321377720707,1.695451321985398,0.05919365445332453,0.012266951136789226,4.364246163095474,0.17466150297381194,,0,0.1884955592153876,69.75250836120404
0.2,50,0.4,0.2,0.4,false,NO_DILUTE_CONNECTED_ROOT;ACTUAL_LOADING_EXCEEDS_DESIGN_FLOOD_FRACTION,5.18292846173198,0.0018108295747344546,0.028504464659374812,1.6975271455499943,0.048387102528659215,0.009840383418133758,5.440437852549165,0.1718703682655487,,0,0.20943951023931956,77.50278706800451
0.2,55,0.4,0.2,0.4,false,NO_DILUTE_CONNECTED_ROOT;ACTUAL_LOADING_EXCEEDS_DESIGN_FLOOD_FRACTION,4.622788159846656,0.002410214163971559,0.023575544186388974,1.6977025921678324,0.04002426247699983,0.008011394845235957,6.682481074247346,0.16960455926319584,,0,0.23038346126325152,85.25306577480494
0.2,60,0.4,0.2,0.4,false,NO_DILUTE_CONNECTED_ROOT;ACTUAL_LOADING_EXCEEDS_DESIGN_FLOOD_FRACTION,4.164450642986535,0.003129113505141138,0.0197264318793588,1.6965536795463911,0.0334669505892474,0.006610155112365906,8.09905267297887,0.1677633699575441,,0,0.25132741228718347,93.00334448160538
0.2,65,0.4,0.2,0.4,false,NO_DILUTE_CONNECTED_ROOT;ACTUAL_LOADING_EXCEEDS_DESIGN_FLOOD_FRACTION,3.7830596720663685,0.003978392575691597,0.016679269138241404,1.6944624176920078,0.02826239470932022,0.005520186860956441,9.698221415341047,0.1662623214973336,,0,0.2722713633111154,100.75362318840584
0.2,70,0.4,0.2,0.4,false,NO_DILUTE_CONNECTED_ROOT;ACTUAL_LOADING_EXCEEDS_DESIGN_FLOOD_FRACTION,3.461159168234888,0.004968916353071344,0.014236954794190761,1.6916907341706249,0.024084524508138565,0.004660329666835185,11.487598144096136,0.16503277184357085,,0,0.2932153143350474,108.5039018952063
0.2,30,0.5,0.2,0.2,false,NO_DILUTE_CONNECTED_ROOT;ACTUAL_LOADING_EXCEEDS_DESIGN_FLOOD_FRACTION,6.123132931923173,0.0011936620731892147,0.03718232679374067,1.2592282340869647,0.0468210357077265,0.00959338706584527,5.58051020605776,0.17296521220257954,,0,0.15707963267948966,72.65886287625419
0.2,35,0.5,0.2,0.2,false,NO_DILUTE_CONNECTED_ROOT;ACTUAL_LOADING_EXCEEDS_DESIGN_FLOOD_FRACTION,5.089059638955932,0.0018954911625180591,0.027663630375606218,1.2649432302113548,0.034992921966692285,0.006991127031310952,7.657705859418943,0.16934114570373365,,0,0.1832595714594046,84.7686733556299
0.2,40,0.5,0.2,0.2,false,NO_DILUTE_CONNECTED_ROOT;ACTUAL_LOADING_EXCEEDS_DESIGN_FLOOD_FRACTION,4.335579998270405,0.002829421210522583,0.021141569165949586,1.26589503919663,0.026763007528008014,0.005244677925847686,10.207680087993033,0.16670372180710408,,0,0.20943951023931953,96.87848383500558
0.2,45,0.5,0.2,0.2,false,NO_DILUTE_CONNECTED_ROOT;ACTUAL_LOADING_EXCEEDS_DESIGN_FLOOD_FRACTION,3.7641262130537774,0.004028609497013599,0.016532156748801298,1.264007169331753,0.020896764655001166,0.004035292852322533,13.266941555629382,0.16476932256760324,,0,0.23561944901923448,108.98829431438129
0.2,50,0.5,0.2,0.2,false,NO_DILUTE_CONNECTED_ROOT;ACTUAL_LOADING_EXCEEDS_DESIGN_FLOOD_FRACTION,3.3170742155084674,0.0055262133018019206,0.013186707505662061,1.2603576452215097,0.016619967620061044,0.0031735208699571046,16.869589527021343,0.16333306750946103,,0,0.26179938779914946,121.098104793757
0.2,55,0.5,0.2,0.2,false,NO_DILUTE_CONNECTED_ROOT;ACTUAL_LOADING_EXCEEDS_DESIGN_FLOOD_FRACTION,2.95858442230186,0.0073553899046983565,0.010701394188375398,1.2555894034713986,0.013436557145294558,0.0025435215649753746,21.047981337689325,0.1622514053007223,,0,0.28797932657906433,133.20791527313267
0.2,60,0.5,0.2,0.2,false,NO_DILUTE_CONNECTED_ROOT;ACTUAL_LOADING_EXCEEDS_DESIGN_FLOOD_FRACTION,2.665248411511383,0.009549296585513718,0.008816631428841506,1.250104401232507,0.011021709753239614,0.002072374329999327,25.833168099331466,0.1614247335279153,,0,0.3141592653589793,145.31772575250838
0.2,65,0.5,0.2,0.2,false,NO_DILUTE_CONNECTED_ROOT;ACTUAL_LOADING_EXCEEDS_DESIGN_FLOOD_FRACTION,2.421158190122477,0.012141090624058817,0.007360880553052681,1.2441632457011798,0.009158137040104718,0.001712868341555319,31.255171884956596,0.16078377777442016,,0,0.34033920413889424,157.4275362318841
0.2,70,0.5,0.2,0.2,false,NO_DILUTE_CONNECTED_ROOT;ACTUAL_LOADING_EXCEEDS_DESIGN_FLOOD_FRACTION,2.2151418676703285,0.015163929300144473,0.006217966595693128,1.2379397462090238,0.007697467989408538,0.0014336222480201375,37.34316658767424,0.16027996658216637,,0,0.3665191429188092,169.5373467112598
0.2,30,0.5,0.2,0.3,false,NO_DILUTE_CONNECTED_ROOT;ACTUAL_LOADING_EXCEEDS_DESIGN_FLOOD_FRACTION,6.123132931923173,0.0011936620731892147,0.03718232679374067,1.4665010322016336,0.05452792062267915,0.011271919759240415,4.749501023348278,0.17428546315408178,,0,0.15707963267948966,72.65886287625419
0.2,35,0.5,0.2,0.3,false,NO_DILUTE_CONNECTED_ROOT;ACTUAL_LOADING_EXCEEDS_DESIGN_FLOOD_FRACTION,5.089059638955932,0.0018954911625180591,0.027663630375606218,1.4722160283260237,0.04072684004065413,0.008198954430583228,6.52961238958902,0.17041433854926513,,0,0.1832595714594046,84.7686733556299
0.2,40,0.5,0.2,0.3,false,NO_DILUTE_CONNECTED_ROOT;ACTUAL_LOADING_EXCEEDS_DESIGN_FLOOD_FRACTION,4.335579998270405,0.002829421210522583,0.021141569165949586,1.4731678373112986,0.031145079725569187,0.006142956984108153,8.715020237014487,0.16757331199384895,,0,0.20943951023931953,96.87848383500558
0.2,45,0.5,0.2,0.3,false,NO_DILUTE_CONNECTED_ROOT;ACTUAL_LOADING_EXCEEDS_DESIGN_FLOOD_FRACTION,3.7641262130537774,0.004028609497013599,0.016532156748801298,1.4712799674464216,0.024323431043195513,0.004722599772057891,11.336127771903804,0.16547659289252242,,0,0.23561944901923448,108.98829431438129
0.2,50,0.5,0.2,0.3,false,NO_DILUTE_CONNECTED_ROOT;ACTUAL_LOADING_EXCEEDS_DESIGN_FLOOD_FRACTION,3.3170742155084674,0.0055262133018019206,0.013186707505662061,1.4676304433361786,0.019353213382679327,0.003712362575732818,14.421003697636959,0.1639125870497674,,0,0.26179938779914946,121.098104793757
0.2,55,0.5,0.2,0.3,false,NO_DILUTE_CONNECTED_ROOT;ACTUAL_LOADING_EXCEEDS_DESIGN_FLOOD_FRACTION,2.95858442230186,0.0073553899046983565,0.010701394188375398,1.4628622015860675,0.015654665062447184,0.00297486852511614,17.996087551305134,0.1627305684440437,,0,0.28797932657906433,133.20791527313267
0.2,60,0.5,0.2,0.3,false,NO_DILUTE_CONNECTED_ROOT;ACTUAL_LOADING_EXCEEDS_DESIGN_FLOOD_FRACTION,2.665248411511383,0.009549296585513718,0.008816631428841506,1.4573771993471758,0.012849157619441323,0.0024239096870545596,22.086629183229547,0.16182472826198546,,0,0.3141592653589793,145.31772575250838
0.2,65,0.5,0.2,0.3,false,NO_DILUTE_CONNECTED_ROOT;ACTUAL_LOADING_EXCEEDS_DESIGN_FLOOD_FRACTION,2.421158190122477,0.012141090624058817,0.007360880553052681,1.4514360438158485,0.010683847348923798,0.00200382090297702,26.716955767890795,0.16112086438790735,,0,0.34033920413889424,157.4275362318841
0.2,70,0.5,0.2,0.3,false,NO_DILUTE_CONNECTED_ROOT;ACTUAL_LOADING_EXCEEDS_DESIGN_FLOOD_FRACTION,2.2151418676703285,0.015163929300144473,0.006217966595693128,1.4452125443236925,0.008986283324281395,0.001677684843410019,31.91063842646164,0.1605666247778374,,0,0.3665191429188092,169.5373467112598
0.2,30,0.5,0.2,0.4,false,NO_DILUTE_CONNECTED_ROOT;ACTUAL_LOADING_EXCEEDS_DESIGN_FLOOD_FRACTION,6.123132931923173,0.0011936620731892147,0.03718232679374067,1.6760391961460324,0.062319037110220195,0.012986533688765881,4.122423713259515,0.17550637960125287,,0,0.15707963267948966,72.65886287625419
0.2,35,0.5,0.2,0.4,false,NO_DILUTE_CONNECTED_ROOT;ACTUAL_LOADING_EXCEEDS_DESIGN_FLOOD_FRACTION,5.089059638955932,0.0018954911625180591,0.027663630375606218,1.6817541922704224,0.046523426357595155,0.009431830753782202,5.6760978678655665,0.1714179605940067,,0,0.1832595714594046,84.7686733556299
0.2,40,0.5,0.2,0.4,false,NO_DILUTE_CONNECTED_ROOT;ACTUAL_LOADING_EXCEEDS_DESIGN_FLOOD_FRACTION,4.335579998270405,0.002829421210522583,0.021141569165949586,1.6827060012556974,0.03557504531150578,0.007058950425201152,7.584129538646883,0.168393001707269,,0,0.20943951023931953,96.87848383500558
0.2,45,0.5,0.2,0.4,false,NO_DILUTE_CONNECTED_ROOT;ACTUAL_LOADING_EXCEEDS_DESIGN_FLOOD_FRACTION,3.7641262130537774,0.004028609497013599,0.016532156748801298,1.6808181313908204,0.027787548814380336,0.0054227237417029915,9.872528452795422,0.1661470466613686,,0,0.23561944901923448,108.98829431438129
0.2,50,0.5,0.2,0.4,false,NO_DILUTE_CONNECTED_ROOT;ACTUAL_LOADING_EXCEEDS_DESIGN_FLOOD_FRACTION,3.3170742155084674,0.0055262133018019206,0.013186707505662061,1.6771686072805774,0.022116331861887575,0.004260706808824116,12.565050080596153,0.16446415913185597,,0,0.26179938779914946,121.098104793757
0.2,55,0.5,0.2,0.4,false,NO_DILUTE_CONNECTED_ROOT;ACTUAL_LOADING_EXCEEDS_DESIGN_FLOOD_FRACTION,2.95858442230186,0.0073553899046983565,0.010701394188375398,1.6724003655304662,0.017897015552324622,0.0034134317695934903,15.683921063987666,0.16318795629038113,,0,0.28797932657906433,133.20791527313267
0.2,60,0.5,0.2,0.4,false,NO_DILUTE_CONNECTED_ROOT;ACTUAL_LOADING_EXCEEDS_DESIGN_FLOOD_FRACTION,2.665248411511383,0.009549296585513718,0.008816631428841506,1.6669153632915745,0.014696578381215252,0.002781050062576576,19.2502807310172,0.16220736506510391,,0,0.3141592653589793,145.31772575250838
0.2,65,0.5,0.2,0.4,false,NO_DILUTE_CONNECTED_ROOT;ACTUAL_LOADING_EXCEEDS_DESIGN_FLOOD_FRACTION,2.421158190122477,0.012141090624058817,0.007360880553052681,1.6609742077602472,0.012226232745024487,0.0022992175051804852,23.2844410374344,0.16144383026874515,,0,0.34033920413889424,157.4275362318841
0.2,70,0.5,0.2,0.4,false,NO_DILUTE_CONNECTED_ROOT;ACTUAL_LOADING_EXCEEDS_DESIGN_FLOOD_FRACTION,2.2151418676703285,0.015163929300144473,0.006217966595693128,1.6547507082680912,0.010289184628210536,0.0019253366921840017,27.806042781475064,0.1608416037116992,,0,0.3665191429188092,169.5373467112598
0.2,30,0.33,0.25,0.2,false,NO_DILUTE_CONNECTED_ROOT;ACTUAL_LOADING_EXCEEDS_DESIGN_FLOOD_FRACTION,15.369149039205478,0.00011958895191924401,0.12630191980499644,1.1711741173307704,0.14792153944479847,0.034674366772519,1.5439645886782778,0.19601301329235105,,0,0.10367255756846318,31.650200668896325
0.2,35,0.33,0.25,0.2,false,NO_DILUTE_CONNECTED_ROOT;ACTUAL_LOADING_EXCEEDS_DESIGN_FLOOD_FRACTION,12.773610654889552,0.00018990282642731806,0.1018791121680478,1.2029180866707334,0.1225522266809011,0.028041305934064002,1.9091833510713068,0.19136578955590577,,0,0.12095131716320705,36.925234113712385
0.2,40,0.33,0.25,0.2,false,NO_DILUTE_CONNECTED_ROOT;ACTUAL_LOADING_EXCEEDS_DESIGN_FLOOD_FRACTION,10.882366250357949,0.00028347010825302283,0.0836129760077938,1.2236359179778276,0.10231184065215483,0.02287928940191096,2.3399325691968613,0.18717556931809193,,0,0.1382300767579509,42.200267558528424
0.2,45,0.33,0.25,0.2,false,NO_DILUTE_CONNECTED_ROOT;ACTUAL_LOADING_EXCEEDS_DESIGN_FLOOD_FRACTION,9.448009281195443,0.00040361271272744854,0.06956128932876741,1.237503619699811,0.08608234733533551,0.018843723670086562,2.8410517670983286,0.18345927916997806,,0,0.15550883635269477,47.47530100334449
0.2,50,0.33,0.25,0.2,false,NO_DILUTE_CONNECTED_ROOT;ACTUAL_LOADING_EXCEEDS_DESIGN_FLOOD_FRACTION,8.325902533728446,0.0005536525551816852,0.05852297719548047,1.246860911383854,0.07297001268285329,0.015664310920394463,3.417705043246414,0.18020143347006867,,0,0.17278759594743864,52.75033444816055
0.2,55,0.33,0.25,0.2,false,NO_DILUTE_CONNECTED_ROOT;ACTUAL_LOADING_EXCEEDS_DESIGN_FLOOD_FRACTION,7.426088154050132,0.000736911550946823,0.04970976870150765,1.253113511913986,0.062291982833978195,0.013137666646029425,4.075000216860589,0.1773685165241597,,0,0.19006635554218249,58.02536789297659
0.2,60,0.33,0.25,0.2,false,NO_DILUTE_CONNECTED_ROOT;ACTUAL_LOADING_EXCEEDS_DESIGN_FLOOD_FRACTION,6.689810676731206,0.0009567116153539521,0.04258016052990523,1.2571536615132255,0.053529804717991285,0.01111202504100428,4.817843213461079,0.1749183583924142,,0,0.20734511513692636,63.30040133779265
0.2,65,0.33,0.25,0.2,false,NO_DILUTE_CONNECTED_ROOT;ACTUAL_LOADING_EXCEEDS_DESIGN_FLOOD_FRACTION,6.077140817486375,0.0012163746637341621,0.03674880351676317,1.2595732518478644,0.04628780994712762,0.00947390095522078,5.65089234990471,0.17280612019096753,,0,0.2246238747316702,68.5754347826087
0.2,70,0.33,0.25,0.2,false,NO_DILUTE_CONNECTED_ROOT;ACTUAL_LOADING_EXCEEDS_DESIGN_FLOOD_FRACTION,5.560036975469736,0.0015192226114185445,0.03193382870744269,1.260779379660837,0.04026151274796503,0.008137952226386335,6.578558455778099,0.17098804329760464,,0,0.2419026343264141,73.85046822742477
0.2,30,0.33,0.25,0.3,false,NO_DILUTE_CONNECTED_ROOT;ACTUAL_LOADING_EXCEEDS_DESIGN_FLOOD_FRACTION,15.369149039205478,0.00011958895191924401,0.12630191980499644,1.3784469154454393,0.1741004917700346,0.041224527856265944,1.2986442105115537,0.19802393147025193,,0,0.10367255756846318,31.650200668896325
0.2,35,0.33,0.25,0.3,false,NO_DILUTE_CONNECTED_ROOT;ACTUAL_LOADING_EXCEEDS_DESIGN_FLOOD_FRACTION,12.773610654889552,0.00018990282642731806,0.1018791121680478,1.4101908847854023,0.14366899532941058,0.033218729412560356,1.6116207747358784,0.1933467078403766,,0,0.12095131716320705,36.925234113712385
0.2,40,0.33,0.25,0.3,false,NO_DILUTE_CONNECTED_ROOT;ACTUAL_LOADING_EXCEEDS_DESIGN_FLOOD_FRACTION,10.882366250357949,0.00028347010825302283,0.0836129760077938,1.4309087160924965,0.11964253614798494,0.027039799450669123,1.9798961352979725,0.18908559623769083,,0,0.1382300767579509,42.200267558528424
0.2,45,0.33,0.25,0.3,false,NO_DILUTE_CONNECTED_ROOT;ACTUAL_LOADING_EXCEEDS_DESIGN_FLOOD_FRACTION,9.448009281195443,0.00040361271272744854,0.06956128932876741,1.44477641781448,0.1005005104149732,0.022232320913572724,2.408025443665154,0.1852688459346316,,0,0.15550883635269477,47.47530100334449
0.2,50,0.33,0.25,0.3,false,NO_DILUTE_CONNECTED_ROOT;ACTUAL_LOADING_EXCEEDS_DESIGN_FLOOD_FRACTION,8.325902533728446,0.0005536525551816852,0.05852297719548047,1.4541337094985227,0.08510023392016147,0.018456377974659335,2.900677180816145,0.18189236364338252,,0,0.17278759594743864,52.75033444816055
0.2,55,0.33,0.25,0.3,false,NO_DILUTE_CONNECTED_ROOT;ACTUAL_LOADING_EXCEEDS_DESIGN_FLOOD_FRACTION,7.426088154050132,0.000736911550946823,0.04970976870150765,1.460386310028655,0.07259546568637268,0.015462204186248725,3.462377924049415,0.17893222319431928,,0,0.19006635554218249,58.02536789297659
0.2,60,0.33,0.25,0.3,false,NO_DILUTE_CONNECTED_ROOT;ACTUAL_LOADING_EXCEEDS_DESIGN_FLOOD_FRACTION,6.689810676731206,0.0009567116153539521,0.04258016052990523,1.4644264596278944,0.06235551373519652,0.013065797212056699,4.097415072553762,0.17635349081336438,,0,0.20734511513692636,63.30040133779265
0.2,65,0.33,0.25,0.3,false,NO_DILUTE_CONNECTED_ROOT;ACTUAL_LOADING_EXCEEDS_DESIGN_FLOOD_FRACTION,6.077140817486375,0.0012163746637341621,0.03674880351676317,1.466846049962533,0.0539048372794133,0.011130580127649226,4.809811691541977,0.17411630708244097,,0,0.2246238747316702,68.5754347826087
0.2,70,0.33,0.25,0.3,false,NO_DILUTE_CONNECTED_ROOT;ACTUAL_LOADING_EXCEEDS_DESIGN_FLOOD_FRACTION,5.560036975469736,0.0015192226114185445,0.03193382870744269,1.468052177775506,0.04688052677867122,0.00955430671653405,5.603336382216639,0.1721800574201759,,0,0.2419026343264141,73.85046822742477
0.2,30,0.33,0.25,0.4,false,NO_DILUTE_CONNECTED_ROOT;ACTUAL_LOADING_EXCEEDS_DESIGN_FLOOD_FRACTION,15.369149039205478,0.00011958895191924401,0.12630191980499644,1.587985079389838,0.20056556414862622,0.0478948674607681,1.1177814507048114,0.19974700579159155,,0,0.10367255756846318,31.650200668896325
0.2,35,0.33,0.25,0.4,false,NO_DILUTE_CONNECTED_ROOT;ACTUAL_LOADING_EXCEEDS_DESIGN_FLOOD_FRACTION,12.773610654889552,0.00018990282642731806,0.1018791121680478,1.619729048729801,0.16501655743738877,0.03849686498472237,1.3906585498028996,0.19507336898716338,,0,0.12095131716320705,36.925234113712385
0.2,40,0.33,0.25,0.4,false,NO_DILUTE_CONNECTED_ROOT;ACTUAL_LOADING_EXCEEDS_DESIGN_FLOOD_FRACTION,10.882366250357949,0.00028347010825302283,0.0836129760077938,1.6404468800368952,0.13716264562258512,0.03128502307422363,1.7112339762255582,0.1907743763428787,,0,0.1382300767579509,42.200267558528424
0.2,45,0.33,0.25,0.4,false,NO_DILUTE_CONNECTED_ROOT;ACTUAL_LOADING_EXCEEDS_DESIGN_FLOOD_FRACTION,9.448009281195443,0.00040361271272744854,0.06956128932876741,1.6543145817588787,0.11507625526252821,0.025692191126723274,2.083745764133271,0.18688828696043763,,0,0.15550883635269477,47.47530100334449
0.2,50,0.33,0.25,0.4,false,NO_DILUTE_CONNECTED_ROOT;ACTUAL_LOADING_EXCEEDS_DESIGN_FLOOD_FRACTION,8.325902533728446,0.0005536525551816852,0.05852297719548047,1.6636718734429214,0.09736303111026236,0.021308359392152105,2.5124409367400387,0.18342138554714577,,0,0.17278759594743864,52.75033444816055
0.2,55,0.33,0.25,0.4,false,NO_DILUTE_CONNECTED_ROOT;ACTUAL_LOADING_EXCEEDS_DESIGN_FLOOD_FRACTION,7.426088154050132,0.000736911550946823,0.04970976870150765,1.6699244739730537,0.08301155935018734,0.017837075387262914,3.0013885835702068,0.18035880054742548,,0,0.19006635554218249,58.02536789297659
0.2,60,0.33,0.25,0.4,false,NO_DILUTE_CONNECTED_ROOT;ACTUAL_LOADING_EXCEEDS_DESIGN_FLOOD_FRACTION,6.689810676731206,0.0009567116153539521,0.04258016052990523,1.6739646235722931,0.07127768239309062,0.015061861404860669,3.5544075856610418,0.17767273360646346,,0,0.20734511513692636,63.30040133779265
0.2,65,0.33,0.25,0.4,false,NO_DILUTE_CONNECTED_ROOT;ACTUAL_LOADING_EXCEEDS_DESIGN_FLOOD_FRACTION,6.077140817486375,0.0012163746637341621,0.03674880351676317,1.6763842139069318,0.06160511409546932,0.012822836868941832,4.175050730098693,0.17532851638440256,,0,0.2246238747316702,68.5754347826087
0.2,70,0.33,0.25,0.4,false,NO_DILUTE_CONNECTED_ROOT;ACTUAL_LOADING_EXCEEDS_DESIGN_FLOOD_FRACTION,5.560036975469736,0.0015192226114185445,0.03193382870744269,1.6775903417199047,0.05357188261374369,0.011000656773830718,4.866618014932339,0.17328904928866323,,0,0.2419026343264141,73.85046822742477
0.2,30,0.4,0.25,0.2,false,NO_DILUTE_CONNECTED_ROOT;ACTUAL_LOADING_EXCEEDS_DESIGN_FLOOD_FRACTION,10.460627064809223,0.0003129113505141138,0.07949493114033596,1.211474275375026,0.0963060640992261,0.021390350571130874,2.502810519798866,0.18597269067695726,,0,0.12566370614359174,46.50167224080269
0.2,35,0.4,0.25,0.2,false,NO_DILUTE_CONNECTED_ROOT;ACTUAL_LOADING_EXCEEDS_DESIGN_FLOOD_FRACTION,8.694038751984198,0.0004968916353071344,0.0621432607102109,1.230273192381619,0.0764531877389544,0.01651030654069178,3.242580281575371,0.1811823302109466,,0,0.1466076571675237,54.25195094760315
0.2,40,0.4,0.25,0.2,false,NO_DILUTE_CONNECTED_ROOT;ACTUAL_LOADING_EXCEEDS_DESIGN_FLOOD_FRACTION,7.406810529149876,0.0007417157938112326,0.04952189198007854,1.2412829153878329,0.061470678452553225,0.012951405857666794,4.133604878108312,0.1772105049182356,,0,0.16755160819145565,62.002229654403585
0.2,45,0.4,0.25,0.2,false,NO_DILUTE_CONNECTED_ROOT;ACTUAL_LOADING_EXCEEDS_DESIGN_FLOOD_FRACTION,6.430551317013647,0.0010560758079851342,0.040098628134937545,1.2474789827705863,0.0500221958362679,0.010317791903768596,5.188706549902203,0.1739554354530436,,0,0.1884955592153876,69.75250836120404
0.2,50,0.4,0.25,0.2,false,NO_DILUTE_CONNECTED_ROOT;ACTUAL_LOADING_EXCEEDS_DESIGN_FLOOD_FRACTION,5.666817412018922,0.0014486636597875638,0.032918381964682684,1.2505378938170308,0.04116568404997882,0.00833899922122956,6.41995436278723,0.1713032885508286,,0,0.20943951023931956,77.50278706800451
0.2,55,0.4,0.25,0.2,false,NO_DILUTE_CONNECTED_ROOT;ACTUAL_LOADING_EXCEEDS_DESIGN_FLOOD_FRACTION,5.054381249850369,0.0019281713311772473,0.02735440220939121,1.2514703480091514,0.03423322325256912,0.006829779206405937,7.838612759457638,0.1691459900388701,,0,0.23038346126325152,85.25306577480494
0.2,60,0.4,0.25,0.2,false,NO_DILUTE_CONNECTED_ROOT;ACTUAL_LOADING_EXCEEDS_DESIGN_FLOOD_FRACTION,4.553252391850175,0.0025032908041129104,0.02297986935078366,1.2509184637231066,0.028745942864839998,0.005662047738948331,9.455235437763337,0.1673889698203917,,0,0.25132741228718347,93.00334448160538
0.2,65,0.4,0.25,0.2,false,NO_DILUTE_CONNECTED_ROOT;ACTUAL_LOADING_EXCEEDS_DESIGN_FLOOD_FRACTION,4.136253968901661,0.0031827140605532774,0.019495965091409093,1.249307521049902,0.02435645581882372,0.004746186696840526,11.279791093605787,0.1659532375420319,,0,0.2722713633111154,100.75362318840584
0.2,70,0.4,0.25,0.2,false,NO_DILUTE_CONNECTED_ROOT;ACTUAL_LOADING_EXCEEDS_DESIGN_FLOOD_FRACTION,3.784300166429088,0.0039751330824570755,0.016688922198083083,1.2469288135061847,0.020809897955152767,0.0040186820190100435,13.321779174954484,0.164774585917431,,0,0.2932153143350474,108.5039018952063
0.2,30,0.4,0.25,0.3,false,NO_DILUTE_CONNECTED_ROOT;ACTUAL_LOADING_EXCEEDS_DESIGN_FLOOD_FRACTION,10.460627064809223,0.0003129113505141138,0.07949493114033596,1.418747073489695,0.11278320091261645,0.02532022693672709,2.114356816998266,0.18787891307777044,,0,0.12566370614359174,46.50167224080269
0.2,35,0.4,0.25,0.3,false,NO_DILUTE_CONNECTED_ROOT;ACTUAL_LOADING_EXCEEDS_DESIGN_FLOOD_FRACTION,8.694038751984198,0.0004968916353071344,0.0621432607102109,1.4375459904962877,0.08933379527032917,0.019494646913767216,2.7461894882438034,0.18293061873235006,,0,0.1466076571675237,54.25195094760315
0.2,40,0.4,0.25,0.3,false,NO_DILUTE_CONNECTED_ROOT;ACTUAL_LOADING_EXCEEDS_DESIGN_FLOOD_FRACTION,7.406810529149876,0.0007417157938112326,0.04952189198007854,1.4485557135025018,0.07173521957119648,0.015264563414511914,3.5072077057058664,0.17878085785183429,,0,0.16755160819145565,62.002229654403585
0.2,45,0.4,0.25,0.3,false,NO_DILUTE_CONNECTED_ROOT;ACTUAL_LOADING_EXCEEDS_DESIGN_FLOOD_FRACTION,6.430551317013647,0.0010560758079851342,0.040098628134937545,1.454751780885255,0.058333550690355986,0.012143323587912173,4.408677249192582,0.17534673949443375,,0,0.1884955592153876,69.75250836120404
0.2,50,0.4,0.25,0.3,false,NO_DILUTE_CONNECTED_ROOT;ACTUAL_LOADING_EXCEEDS_DESIGN_FLOOD_FRACTION,5.666817412018922,0.0014486636597875638,0.032918381964682684,1.4578106919316998,0.04798876918920605,0.009803324430689776,5.461004051239501,0.17252587817399556,,0,0.20943951023931956,77.50278706800451
0.2,55,0.4,0.25,0.3,false,NO_DILUTE_CONNECTED_ROOT;ACTUAL_LOADING_EXCEEDS_DESIGN_FLOOD_FRACTION,5.054381249850369,0.0019281713311772473,0.02735440220939121,1.4587431461238203,0.03990304673926371,0.008021873719000648,6.673751832418706,0.17021589518712,,0,0.23038346126325152,85.25306577480494
0.2,60,0.4,0.25,0.3,false,NO_DILUTE_CONNECTED_ROOT;ACTUAL_LOADING_EXCEEDS_DESIGN_FLOOD_FRACTION,4.553252391850175,0.0025032908041129104,0.02297986935078366,1.4581912618377753,0.03350904468548644,0.006645673922912937,8.055766059636294,0.16832412607237046,,0,0.25132741228718347,93.00334448160538
0.2,65,0.4,0.25,0.3,false,NO_DILUTE_CONNECTED_ROOT;ACTUAL_LOADING_EXCEEDS_DESIGN_FLOOD_FRACTION,4.136253968901661,0.0031827140605532774,0.019495965091409093,1.456580319164571,0.02839743905526599,0.005567783539174436,9.615315332382712,0.16677126818780774,,0,0.2722713633111154,100.75362318840584
0.2,70,0.4,0.25,0.3,false,NO_DILUTE_CONNECTED_ROOT;ACTUAL_LOADING_EXCEEDS_DESIGN_FLOOD_FRACTION,3.784300166429088,0.0039751330824570755,0.016688922198083083,1.4542016116208534,0.024269057556667455,0.004712586070675074,11.360215734785095,0.1654916978625443,,0,0.2932153143350474,108.5039018952063
0.2,30,0.4,0.25,0.4,false,NO_DILUTE_CONNECTED_ROOT;ACTUAL_LOADING_EXCEEDS_DESIGN_FLOOD_FRACTION,10.460627064809223,0.0003129113505141138,0.07949493114033596,1.6282852374340937,0.12944042282664886,0.029331485408445553,1.8252057025450599,0.1895682335301596,,0,0.12566370614359174,46.50167224080269
0.2,35,0.4,0.25,0.4,false,NO_DILUTE_CONNECTED_ROOT;ACTUAL_LOADING_EXCEEDS_DESIGN_FLOOD_FRACTION,8.694038751984198,0.0004968916353071344,0.0621432607102109,1.6470841544406865,0.10235518002106486,0.02254300382245125,2.374838546507007,0.1845047563764609,,0,0.1466076571675237,54.25195094760315
0.2,40,0.4,0.25,0.4,false,NO_DILUTE_CONNECTED_ROOT;ACTUAL_LOADING_EXCEEDS_DESIGN_FLOOD_FRACTION,7.406810529149876,0.0007417157938112326,0.04952189198007854,1.6580938774469005,0.08211194589175498,0.017628028335115176,3.036981414703532,0.18021290755024144,,0,0.16755160819145565,62.002229654403585
0.2,45,0.4,0.25,0.4,false,NO_DILUTE_CONNECTED_ROOT;ACTUAL_LOADING_EXCEEDS_DESIGN_FLOOD_FRACTION,6.430551317013647,0.0010560758079851342,0.040098628134937545,1.6642899448296538,0.06673574360644001,0.014008416149256317,3.821702172551047,0.176628548725078,,0,0.1884955592153876,69.75250836120404
0.2,50,0.4,0.25,0.4,false,NO_DILUTE_CONNECTED_ROOT;ACTUAL_LOADING_EXCEEDS_DESIGN_FLOOD_FRACTION,5.666817412018922,0.0014486636597875638,0.032918381964682684,1.6673488558760985,0.05488642650610607,0.011298860834247706,4.738176283164791,0.17366153132805273,,0,0.20943951023931956,77.50278706800451
0.2,55,0.4,0.25,0.4,false,NO_DILUTE_CONNECTED_ROOT;ACTUAL_LOADING_EXCEEDS_DESIGN_FLOOD_FRACTION,5.054381249850369,0.0019281713311772473,0.02735440220939121,1.668281310068219,0.04563483795401615,0.009238732588903018,5.794733630012853,0.17121628607769968,,0,0.23038346126325152,85.25306577480494
0.2,60,0.4,0.25,0.4,false,NO_DILUTE_CONNECTED_ROOT;ACTUAL_LOADING_EXCEEDS_DESIGN_FLOOD_FRACTION,4.553252391850175,0.0025032908041129104,0.02297986935078366,1.667729425782174,0.03832420431693181,0.0076490994687759125,6.99899310371753,0.16920314274849063,,0,0.25132741228718347,93.00334448160538
0.2,65,0.4,0.25,0.4,false,NO_DILUTE_CONNECTED_ROOT;ACTUAL_LOADING_EXCEEDS_DESIGN_FLOOD_FRACTION,4.136253968901661,0.0031827140605532774,0.019495965091409093,1.6661184831089697,0.03248258778484394,0.006405352182785574,8.358009505783363,0.1675434460944717,,0,0.2722713633111154,100.75362318840584
0.2,70,0.4,0.25,0.4,false,NO_DILUTE_CONNECTED_ROOT;ACTUAL_LOADING_EXCEEDS_DESIGN_FLOOD_FRACTION,3.784300166429088,0.0039751330824570755,0.016688922198083083,1.663739775565252,0.027766023672264703,0.005419499794324466,9.878401414034048,0.16617092492832436,,0,0.2932153143350474,108.5039018952063
0.2,30,0.5,0.25,0.2,false,NO_DILUTE_CONNECTED_ROOT;ACTUAL_LOADING_EXCEEDS_DESIGN_FLOOD_FRACTION,6.694801321477906,0.0009549296585513719,0.04262810362906772,1.225876161813039,0.05225677606217002,0.010832562108879451,4.942135931787419,0.17470578191254404,,0,0.15707963267948966,72.65886287625419
0.2,35,0.5,0.25,0.2,false,NO_DILUTE_CONNECTED_ROOT;ACTUAL_LOADING_EXCEEDS_DESIGN_FLOOD_FRACTION,5.564184801269889,0.0015163929300144477,0.03197196933512853,1.2334558835311589,0.03943601368449208,0.007962706953397538,6.723341037782287,0.17083739690202843,,0,0.1832595714594046,84.7686733556299
0.2,40,0.5,0.25,0.2,false,NO_DILUTE_CONNECTED_ROOT;ACTUAL_LOADING_EXCEEDS_DESIGN_FLOOD_FRACTION,4.740358738655923,0.0022635369684180667,0.02459142450089118,1.2356895104119616,0.03038736530183894,0.006010776565227485,8.906668522885928,0.16796487066067273,,0,0.20943951023931953,96.87848383500558
0.2,45,0.5,0.25,0.2,false,NO_DILUTE_CONNECTED_ROOT;ACTUAL_LOADING_EXCEEDS_DESIGN_FLOOD_FRACTION,4.115552842888734,0.0032228875976108803,0.019327266025064873,1.2347255970702697,0.023863870082534166,0.004645643760074234,11.523912980954995,0.16582397603609722,,0,0.23561944901923448,108.98829431438129
0.2,50,0.5,0.25,0.2,false,NO_DILUTE_CONNECTED_ROOT;ACTUAL_LOADING_EXCEEDS_DESIGN_FLOOD_FRACTION,3.6267631436921106,0.004420970641441537,0.0154775189712174,1.2317670040831588,0.01906469717381671,0.003665664903883508,14.604715879756085,0.16421420653893054,,0,0.26179938779914946,121.098104793757
0.2,55,0.5,0.25,0.2,false,NO_DILUTE_CONNECTED_ROOT;ACTUAL_LOADING_EXCEEDS_DESIGN_FLOOD_FRACTION,3.234803999904237,0.005884311923758686,0.012599795378533559,1.227530800532268,0.01546663690755407,0.0029452406020633553,18.177120875661625,0.1629898034342086,,0,0.28797932657906433,133.20791527313267
0.2,60,0.5,0.25,0.2,false,NO_DILUTE_CONNECTED_ROOT;ACTUAL_LOADING_EXCEEDS_DESIGN_FLOOD_FRACTION,2.9140815307841135,0.0076394372684109755,0.010406435115644054,1.2224654002778728,0.01272150686911152,0.002404170070715419,22.267973087145663,0.16204671531850873,,0,0.3141592653589793,145.31772575250838
0.2,65,0.5,0.25,0.2,false,NO_DILUTE_CONNECTED_ROOT;ACTUAL_LOADING_EXCEEDS_DESIGN_FLOOD_FRACTION,2.647202540097065,0.009712872499247054,0.008705390955285521,1.216861821490672,0.01059325789463716,0.001989950030750921,26.903185308331523,0.16131096607485357,,0,0.34033920413889424,157.4275362318841
0.2,70,0.5,0.25,0.2,false,NO_DILUTE_CONNECTED_ROOT;ACTUAL_LOADING_EXCEEDS_DESIGN_FLOOD_FRACTION,2.4219521065146163,0.012131143440115582,0.007365440375235143,1.2109145124074325,0.00891891864064388,0.0016673768839134278,32.10791450218503,0.16072978027921542,,0,0.3665191429188092,169.5373467112598
0.2,30,0.5,0.25,0.3,false,NO_DILUTE_CONNECTED_ROOT;ACTUAL_LOADING_EXCEEDS_DESIGN_FLOOD_FRACTION,6.694801321477906,0.0009549296585513719,0.04262810362906772,1.4331489599277076,0.06109242237968895,0.012785449043828147,4.187259614276527,0.17616379466361604,,0,0.15707963267948966,72.65886287625419
0.2,35,0.5,0.25,0.3,false,NO_DILUTE_CONNECTED_ROOT;ACTUAL_LOADING_EXCEEDS_DESIGN_FLOOD_FRACTION,5.564184801269889,0.0015163929300144477,0.03197196933512853,1.4407286816458278,0.046062933229820566,0.00937893617347538,5.7081094744004615,0.1720442777692947,,0,0.1832595714594046,84.7686733556299
0.2,40,0.5,0.25,0.3,false,NO_DILUTE_CONNECTED_ROOT;ACTUAL_LOADING_EXCEEDS_DESIGN_FLOOD_FRACTION,4.740358738655923,0.0022635369684180667,0.02459142450089118,1.4429623085266305,0.03548449866776428,0.007069800398975359,7.572490227499367,0.16895709670104597,,0,0.20943951023931953,96.87848383500558
0.2,45,0.5,0.25,0.3,false,NO_DILUTE_CONNECTED_ROOT;ACTUAL_LOADING_EXCEEDS_DESIGN_FLOOD_FRACTION,4.115552842888734,0.0032228875976108803,0.019327266025064873,1.4419983951849384,0.027869886591455933,0.005458995184493334,9.8069319759953,0.16664021109149796,,0,0.23561944901923448,108.98829431438129
0.2,50,0.5,0.25,0.3,false,NO_DILUTE_CONNECTED_ROOT;ACTUAL_LOADING_EXCEEDS_DESIGN_FLOOD_FRACTION,3.6267631436921106,0.004420970641441537,0.0154775189712174,1.4390398021978275,0.02227276583885381,0.004304982203320966,12.43582247339213,0.16488893401777793,,0,0.26179938779914946,121.098104793757
0.2,55,0.5,0.25,0.3,false,NO_DILUTE_CONNECTED_ROOT;ACTUAL_LOADING_EXCEEDS_DESIGN_FLOOD_FRACTION,3.234803999904237,0.005884311923758686,0.012599795378533559,1.434803598646937,0.018078231751334994,0.0034579463336703964,15.482020038982757,0.1635515142310902,,0,0.28797932657906433,133.20791527313267
0.2,60,0.5,0.25,0.3,false,NO_DILUTE_CONNECTED_ROOT;ACTUAL_LOADING_EXCEEDS_DESIGN_FLOOD_FRACTION,2.9140815307841135,0.0076394372684109755,0.010406435115644054,1.4297381983925415,0.014878477793929808,0.002822546026203367,18.96727066081675,0.1625181302405651,,0,0.3141592653589793,145.31772575250838
0.2,65,0.5,0.25,0.3,false,NO_DILUTE_CONNECTED_ROOT;ACTUAL_LOADING_EXCEEDS_DESIGN_FLOOD_FRACTION,2.647202540097065,0.009712872499247054,0.008705390955285521,1.4241346196053408,0.01239764863662132,0.002336543635336081,22.9124736306975,0.16170991688498032,,0,0.34033920413889424,157.4275362318841
0.2,70,0.5,0.25,0.3,false,NO_DILUTE_CONNECTED_ROOT;ACTUAL_LOADING_EXCEEDS_DESIGN_FLOOD_FRACTION,2.4219521065146163,0.012131143440115582,0.007365440375235143,1.4181873105221015,0.010445574076565626,0.0019583103500797655,27.337849912007776,0.16107019518873522,,0,0.3665191429188092,169.5373467112598
0.2,30,0.5,0.25,0.4,false,NO_DILUTE_CONNECTED_ROOT;ACTUAL_LOADING_EXCEEDS_DESIGN_FLOOD_FRACTION,6.694801321477906,0.0009549296585513719,0.04262810362906772,1.6426871238721064,0.07002463694655535,0.014781057812793744,3.6219325510839933,0.17750199916150933,,0,0.15707963267948966,72.65886287625419
0.2,35,0.5,0.25,0.4,false,NO_DILUTE_CONNECTED_ROOT;ACTUAL_LOADING_EXCEEDS_DESIGN_FLOOD_FRACTION,5.564184801269889,0.0015163929300144477,0.03197196933512853,1.6502668455902265,0.05276228098199001,0.010825398088095803,4.945406533408053,0.17316577088008422,,0,0.1832595714594046,84.7686733556299
0.2,40,0.5,0.25,0.4,false,NO_DILUTE_CONNECTED_ROOT;ACTUAL_LOADING_EXCEEDS_DESIGN_FLOOD_FRACTION,4.740358738655923,0.0022635369684180667,0.02459142450089118,1.6525004724710293,0.04063734060645832,0.008150502105157892,6.56842900485024,0.16988737824631744,,0,0.20943951023931953,96.87848383500558
0.2,45,0.5,0.25,0.4,false,NO_DILUTE_CONNECTED_ROOT;ACTUAL_LOADING_EXCEEDS_DESIGN_FLOOD_FRACTION,4.115552842888734,0.0032228875976108803,0.019327266025064873,1.6515365591293372,0.03191968642841298,0.0062881739137251435,8.513758551550152,0.1674104473084011,,0,0.23561944901923448,108.98829431438129
0.2,50,0.5,0.25,0.4,false,NO_DILUTE_CONNECTED_ROOT;ACTUAL_LOADING_EXCEEDS_DESIGN_FLOOD_FRACTION,3.6267631436921106,0.004420970641441537,0.0154775189712174,1.6485779661422262,0.025515896746497305,0.004956095523352761,10.802050561647638,0.16552863484258157,,0,0.26179938779914946,121.098104793757
0.2,55,0.5,0.25,0.4,false,NO_DILUTE_CONNECTED_ROOT;ACTUAL_LOADING_EXCEEDS_DESIGN_FLOOD_FRACTION,3.234803999904237,0.005884311923758686,0.012599795378533559,1.6443417625913357,0.020718369741028038,0.003979631946416618,13.45249891257343,0.1640859164792423,,0,0.28797932657906433,133.20791527313267
0.2,60,0.5,0.25,0.4,false,NO_DILUTE_CONNECTED_ROOT;ACTUAL_LOADING_EXCEEDS_DESIGN_FLOOD_FRACTION,2.9140815307841135,0.0076394372684109755,0.010406435115644054,1.6392763623369402,0.01705902310126838,0.003247900262606311,16.483263063211037,0.1629677832186454,,0,0.3141592653589793,145.31772575250838
0.2,65,0.5,0.25,0.4,false,NO_DILUTE_CONNECTED_ROOT;ACTUAL_LOADING_EXCEEDS_DESIGN_FLOOD_FRACTION,2.647202540097065,0.009712872499247054,0.008705390955285521,1.6336727835497395,0.014221760273810023,0.0026886657307104572,19.911733102450633,0.16209118455266847,,0,0.34033920413889424,157.4275362318841
0.2,70,0.5,0.25,0.4,false,NO_DILUTE_CONNECTED_ROOT;ACTUAL_LOADING_EXCEEDS_DESIGN_FLOOD_FRACTION,2.4219521065146163,0.012131143440115582,0.007365440375235143,1.6277254744665002,0.01198891492943434,0.0022537018638408017,23.75469235330665,0.1613959900620156,,0,0.3665191429188092,169.5373467112598
0.2,30,0.33,0.3,0.2,false,NO_DILUTE_CONNECTED_ROOT;ACTUAL_LOADING_EXCEEDS_DESIGN_FLOOD_FRACTION,16.53188290487797,0.00009965745993270334,0.136985319752957,1.1246044031692988,0.15405429376372975,0.03636785596339443,1.4720690294610153,0.1974168441513321,,0,0.10367255756846318,31.650200668896325
0.2,35,0.33,0.3,0.2,false,NO_DILUTE_CONNECTED_ROOT;ACTUAL_LOADING_EXCEEDS_DESIGN_FLOOD_FRACTION,13.739982290525854,0.00015825235535609842,0.11106426484322009,1.1598333603694466,0.12881603951007414,0.02971416071963184,1.80169969923604,0.19289521598371667,,0,0.12095131716320705,36.925234113712385
0.2,40,0.33,0.3,0.2,false,NO_DILUTE_CONNECTED_ROOT;ACTUAL_LOADING_EXCEEDS_DESIGN_FLOOD_FRACTION,11.705658141513734,0.00023622509021085236,0.09160831045820586,1.1829467826524467,0.1083677561207611,0.024448621955962428,2.189734641406073,0.1887656207469539,,0,0.1382300767579509,42.200267558528424
0.2,45,0.33,0.3,0.2,false,NO_DILUTE_CONNECTED_ROOT;ACTUAL_LOADING_EXCEEDS_DESIGN_FLOOD_FRACTION,10.162786678851667,0.00033634392727287384,0.07657900876114318,1.198541267809733,0.0917831022481932,0.020279330079914757,2.639929140688708,0.185058336199933,,0,0.15550883635269477,47.47530100334449
0.2,50,0.33,0.3,0.2,false,NO_DILUTE_CONNECTED_ROOT;ACTUAL_LOADING_EXCEEDS_DESIGN_FLOOD_FRACTION,8.955788340259405,0.000461377129318071,0.06471890567883944,1.2091898414842392,0.07825744329882929,0.016959929435377726,3.156616578836591,0.18177051189619953,,0,0.17278759594743864,52.75033444816055
0.2,55,0.33,0.3,0.2,false,NO_DILUTE_CONNECTED_ROOT;ACTUAL_LOADING_EXCEEDS_DESIGN_FLOOD_FRACTION,7.987899622216478,0.0006140929591223525,0.05520437104845181,1.2164367688320392,0.06715262674358369,0.014298269693234061,3.7442288878454475,0.17887997229805214,,0,0.19006635554218249,58.02536789297659
0.2,60,0.33,0.3,0.2,false,NO_DILUTE_CONNECTED_ROOT;ACTUAL_LOADING_EXCEEDS_DESIGN_FLOOD_FRACTION,7.195919987593541,0.0007972596794616268,0.04747023974225327,1.2212611130747137,0.05797355782554774,0.012147662693295386,4.40710248409844,0.17635410449241118,,0,0.20734511513692636,63.30040133779265
0.2,65,0.33,0.3,0.2,false,NO_DILUTE_CONNECTED_ROOT;ACTUAL_LOADING_EXCEEDS_DESIGN_FLOOD_FRACTION,6.536899351737489,0.0010136455531118019,0.04111432158357967,1.2243116009843722,0.05033674088137876,0.010396546358390013,5.149401790375174,0.17415569136843312,,0,0.2246238747316702,68.5754347826087
0.2,70,0.33,0.3,0.2,false,NO_DILUTE_CONNECTED_ROOT;ACTUAL_LOADING_EXCEEDS_DESIGN_FLOOD_FRACTION,5.980674661348025,0.0012660188428487873,0.035842080729552736,1.226033901378131,0.04394360607036347,0.00895985322245222,5.975097259122263,0.1722467517465236,,0,0.2419026343264141,73.85046822742477
0.2,30,0.33,0.3,0.3,false,NO_DILUTE_CONNECTED_ROOT;ACTUAL_LOADING_EXCEEDS_DESIGN_FLOOD_FRACTION,16.53188290487797,0.00009965745993270334,0.136985319752957,1.3318772012839677,0.18244762428955777,0.04351247405095287,1.2303596979781402,0.1994839111516541,,0,0.10367255756846318,31.650200668896325
0.2,35,0.33,0.3,0.3,false,NO_DILUTE_CONNECTED_ROOT;ACTUAL_LOADING_EXCEEDS_DESIGN_FLOOD_FRACTION,13.739982290525854,0.00015825235535609842,0.11106426484322009,1.3671061584841153,0.15183664045467699,0.03539881512057272,1.5123668475699499,0.19494501510490236,,0,0.12095131716320705,36.925234113712385
0.2,40,0.33,0.3,0.3,false,NO_DILUTE_CONNECTED_ROOT;ACTUAL_LOADING_EXCEEDS_DESIGN_FLOOD_FRACTION,11.705658141513734,0.00023622509021085236,0.09160831045820586,1.3902195807671156,0.12735566695999073,0.029045745523271847,1.8431613121693937,0.19075880169554865,,0,0.1382300767579509,42.200267558528424
0.2,45,0.33,0.3,0.3,false,NO_DILUTE_CONNECTED_ROOT;ACTUAL_LOADING_EXCEEDS_DESIGN_FLOOD_FRACTION,10.162786678851667,0.00033634392727287384,0.07657900876114318,1.4058140659244018,0.10765584767096309,0.02404573970287775,2.2264232705307436,0.18696401742786173,,0,0.15550883635269477,47.47530100334449
0.2,50,0.33,0.3,0.3,false,NO_DILUTE_CONNECTED_ROOT;ACTUAL_LOADING_EXCEEDS_DESIGN_FLOOD_FRACTION,8.955788340259405,0.000461377129318071,0.06471890567883944,1.4164626395989082,0.09167191196980168,0.020080081527903745,2.6661243559801875,0.1835677753122507,,0,0.17278759594743864,52.75033444816055
0.2,55,0.33,0.3,0.3,false,NO_DILUTE_CONNECTED_ROOT;ACTUAL_LOADING_EXCEEDS_DESIGN_FLOOD_FRACTION,7.987899622216478,0.0006140929591223525,0.05520437104845181,1.423709566946708,0.0785949911989567,0.016908509292229732,3.166216104941574,0.18055696749063616,,0,0.19006635554218249,58.02536789297659
0.2,60,0.33,0.3,0.3,false,NO_DILUTE_CONNECTED_ROOT;ACTUAL_LOADING_EXCEEDS_DESIGN_FLOOD_FRACTION,7.195919987593541,0.0007972596794616268,0.04747023974225327,1.4285339111893827,0.06781284724409874,0.014350886566300276,3.730500842876766,0.17790625439134922,,0,0.20734511513692636,63.30040133779265
0.2,65,0.33,0.3,0.3,false,NO_DILUTE_CONNECTED_ROOT;ACTUAL_LOADING_EXCEEDS_DESIGN_FLOOD_FRACTION,6.536899351737489,0.0010136455531118019,0.04111432158357967,1.431584399099041,0.058858621358593634,0.012271627530614745,4.362583063905148,0.17558383402393962,,0,0.2246238747316702,68.5754347826087
0.2,70,0.33,0.3,0.3,false,NO_DILUTE_CONNECTED_ROOT;ACTUAL_LOADING_EXCEEDS_DESIGN_FLOOD_FRACTION,5.980674661348025,0.0012660188428487873,0.035842080729552736,1.4333066994927999,0.05137269443342972,0.010567996017100538,5.065860579903995,0.1735553951879994,,0,0.2419026343264141,73.85046822742477
0.2,30,0.33,0.3,0.4,false,NO_DILUTE_CONNECTED_ROOT;ACTUAL_LOADING_EXCEEDS_DESIGN_FLOOD_FRACTION,16.53188290487797,0.00009965745993270334,0.136985319752957,1.5414153652283664,0.21115127667792877,0.050786950956070366,1.0541289331962365,0.20123708453585554,,0,0.10367255756846318,31.650200668896325
0.2,35,0.33,0.3,0.4,false,NO_DILUTE_CONNECTED_ROOT;ACTUAL_LOADING_EXCEEDS_DESIGN_FLOOD_FRACTION,13.739982290525854,0.00015825235535609842,0.11106426484322009,1.576644322428514,0.17510884258975976,0.04119310318683472,1.2996348973466532,0.1967149543197,,0,0.12095131716320705,36.925234113712385
0.2,40,0.33,0.3,0.4,false,NO_DILUTE_CONNECTED_ROOT;ACTUAL_LOADING_EXCEEDS_DESIGN_FLOOD_FRACTION,11.705658141513734,0.00023622509021085236,0.09160831045820586,1.5997577447115143,0.14655110413545164,0.03373591943423157,1.5869137503716435,0.19250557722395661,,0,0.1382300767579509,42.200267558528424
0.2,45,0.33,0.3,0.4,false,NO_DILUTE_CONNECTED_ROOT;ACTUAL_LOADING_EXCEEDS_DESIGN_FLOOD_FRACTION,10.162786678851667,0.00033634392727287384,0.07657900876114318,1.6153522298688006,0.12370207256345506,0.027891211428530464,1.9194574810346539,0.18865531216616854,,0,0.15550883635269477,47.47530100334449
0.2,50,0.33,0.3,0.4,false,NO_DILUTE_CONNECTED_ROOT;ACTUAL_LOADING_EXCEEDS_DESIGN_FLOOD_FRACTION,8.955788340259405,0.000461377129318071,0.06471890567883944,1.626000803543307,0.1052329926382364,0.023267371551915335,2.3009042646763866,0.18518023026753194,,0,0.17278759594743864,52.75033444816055
0.2,55,0.33,0.3,0.4,false,NO_DILUTE_CONNECTED_ROOT;ACTUAL_LOADING_EXCEEDS_DESIGN_FLOOD_FRACTION,7.987899622216478,0.0006140929591223525,0.05520437104845181,1.6332477308911066,0.09016241375015462,0.019575712509274715,2.734817157038212,0.18207562951360368,,0,0.19006635554218249,58.02536789297659
0.2,60,0.33,0.3,0.4,false,NO_DILUTE_CONNECTED_ROOT;ACTUAL_LOADING_EXCEEDS_DESIGN_FLOOD_FRACTION,7.195919987593541,0.0007972596794616268,0.04747023974225327,1.6380720751337814,0.07775967412169091,0.01660242264624179,3.2245893007506776,0.1793232370380753,,0,0.20734511513692636,63.30040133779265
0.2,65,0.33,0.3,0.4,false,NO_DILUTE_CONNECTED_ROOT;ACTUAL_LOADING_EXCEEDS_DESIGN_FLOOD_FRACTION,6.536899351737489,0.0010136455531118019,0.04111432158357967,1.6411225630434396,0.06747364081503648,0.014187699920244094,3.773408990362334,0.17689669496812505,,0,0.2246238747316702,68.5754347826087
0.2,70,0.33,0.3,0.4,false,NO_DILUTE_CONNECTED_ROOT;ACTUAL_LOADING_EXCEEDS_DESIGN_FLOOD_FRACTION,5.980674661348025,0.0012660188428487873,0.035842080729552736,1.6428448634371986,0.05888297822144711,0.012210963451697844,4.384256381028497,0.17476561357260817,,0,0.2419026343264141,73.85046822742477
0.2,30,0.4,0.3,0.2,false,NO_DILUTE_CONNECTED_ROOT;ACTUAL_LOADING_EXCEEDS_DESIGN_FLOOD_FRACTION,11.252012802132565,0.00026075945876176155,0.08721041114500842,1.1697892443827267,0.10201780095562633,0.022860853211651253,2.341819613465997,0.18754569783451513,,0,0.12566370614359174,46.50167224080269
0.2,35,0.4,0.3,0.2,false,NO_DILUTE_CONNECTED_ROOT;ACTUAL_LOADING_EXCEEDS_DESIGN_FLOOD_FRACTION,9.351775446489157,0.00041407636275594544,0.06861492268094677,1.191003578208106,0.08172061843148014,0.017813863173660842,3.0052995192401104,0.18274658484048484,,0,0.1466076571675237,54.25195094760315
0.2,40,0.4,0.3,0.2,false,NO_DILUTE_CONNECTED_ROOT;ACTUAL_LOADING_EXCEEDS_DESIGN_FLOOD_FRACTION,7.967163572567781,0.000618096494842694,0.055001025338690585,1.2036736658888265,0.06620328579706593,0.014080726651003565,3.8020761114481547,0.17870475433205352,,0,0.16755160819145565,62.002229654403585
0.2,45,0.4,0.3,0.2,false,NO_DILUTE_CONNECTED_ROOT;ACTUAL_LOADING_EXCEEDS_DESIGN_FLOOD_FRACTION,6.917046683293416,0.0008800631733209451,0.04476909586135584,1.211066552864464,0.05421835459967096,0.01128650356554237,4.743363976338705,0.17534460483312153,,0,0.1884955592153876,69.75250836120404
0.2,50,0.4,0.3,0.2,false,NO_DILUTE_CONNECTED_ROOT;ACTUAL_LOADING_EXCEEDS_DESIGN_FLOOD_FRACTION,6.095533439089056,0.0012072197164896368,0.036922080223188325,1.2150204409847731,0.04486108219485345,0.009167237639684984,5.8399265444864925,0.17257145327242895,,0,0.20943951023931956,77.50278706800451
0.2,55,0.4,0.3,0.2,false,NO_DILUTE_CONNECTED_ROOT;ACTUAL_LOADING_EXCEEDS_DESIGN_FLOOD_FRACTION,5.436764180371088,0.0016068094426477065,0.03080428756158077,1.2166420550291284,0.03747779172262985,0.0075382586767344046,7.101904660932116,0.17029000643275705,,0,0.23038346126325152,85.25306577480494
0.2,60,0.4,0.3,0.2,false,NO_DILUTE_CONNECTED_ROOT;ACTUAL_LOADING_EXCEEDS_DESIGN_FLOOD_FRACTION,4.897723041555852,0.0020860756700940924,0.02596738666868755,1.2166336896897623,0.031592797454326076,0.006269705912219579,8.538836618679522,0.16841339777507058,,0,0.25132741228718347,93.00334448160538
0.2,65,0.4,0.3,0.2,false,NO_DILUTE_CONNECTED_ROOT;ACTUAL_LOADING_EXCEEDS_DESIGN_FLOOD_FRACTION,4.449177121276327,0.0026522617171277313,0.022095804709694987,1.2154600170085261,0.02685656716826294,0.005269426018873148,10.159739265693412,0.16686677705440034,,0,0.2722713633111154,100.75362318840584
0.2,70,0.4,0.3,0.2,false,NO_DILUTE_CONNECTED_ROOT;ACTUAL_LOADING_EXCEEDS_DESIGN_FLOOD_FRACTION,4.070596691379999,0.0033126109020475635,0.018962391479641363,1.2134390644938209,0.023009706577621615,0.004471319455160698,11.973198284864656,0.1655877506794034,,0,0.2932153143350474,108.5039018952063
0.2,30,0.4,0.3,0.3,false,NO_DILUTE_CONNECTED_ROOT;ACTUAL_LOADING_EXCEEDS_DESIGN_FLOOD_FRACTION,11.252012802132565,0.00026075945876176155,0.08721041114500842,1.3770620424973954,0.12009414689838291,0.02720990817352583,1.9675183793417006,0.18954336780897713,,0,0.12566370614359174,46.50167224080269
0.2,35,0.4,0.3,0.3,false,NO_DILUTE_CONNECTED_ROOT;ACTUAL_LOADING_EXCEEDS_DESIGN_FLOOD_FRACTION,9.351775446489157,0.00041407636275594544,0.06861492268094677,1.3982763763227748,0.09594262544798161,0.021142496963814435,2.532150981184453,0.18460122039768967,,0,0.1466076571675237,54.25195094760315
0.2,40,0.4,0.3,0.3,false,NO_DILUTE_CONNECTED_ROOT;ACTUAL_LOADING_EXCEEDS_DESIGN_FLOOD_FRACTION,7.967163572567781,0.000618096494842694,0.055001025338690585,1.4109464640034954,0.07760350221819214,0.01667829161813186,3.209920755517322,0.1803908876575444,,0,0.16755160819145565,62.002229654403585
0.2,45,0.4,0.3,0.3,false,NO_DILUTE_CONNECTED_ROOT;ACTUAL_LOADING_EXCEEDS_DESIGN_FLOOD_FRACTION,6.917046683293416,0.0008800631733209451,0.04476909586135584,1.4183393509791329,0.06349777036791802,0.013348158232347255,4.0107401710204185,0.17685537490189662,,0,0.1884955592153876,69.75250836120404
0.2,50,0.4,0.3,0.3,false,NO_DILUTE_CONNECTED_ROOT;ACTUAL_LOADING_EXCEEDS_DESIGN_FLOOD_FRACTION,6.095533439089056,0.0012072197164896368,0.036922080223188325,1.4222932390994418,0.052514025074927966,0.01082865805133384,4.943917720720495,0.1739124652169844,,0,0.20943951023931956,77.50278706800451
0.2,55,0.4,0.3,0.3,false,NO_DILUTE_CONNECTED_ROOT;ACTUAL_LOADING_EXCEEDS_DESIGN_FLOOD_FRACTION,5.436764180371088,0.0016068094426477065,0.03080428756158077,1.4239148531437973,0.04386268259944758,0.008895862237079458,6.0180781811643795,0.17147394013449563,,0,0.23038346126325152,85.25306577480494
0.2,60,0.4,0.3,0.3,false,NO_DILUTE_CONNECTED_ROOT;ACTUAL_LOADING_EXCEEDS_DESIGN_FLOOD_FRACTION,4.897723041555852,0.0020860756700940924,0.02596738666868755,1.4239064878044312,0.0369751303488705,0.0073932273887407736,7.241221136136375,0.1694561197368324,,0,0.25132741228718347,93.00334448160538
0.2,65,0.4,0.3,0.3,false,NO_DILUTE_CONNECTED_ROOT;ACTUAL_LOADING_EXCEEDS_DESIGN_FLOOD_FRACTION,4.449177121276327,0.0026522617171277313,0.022095804709694987,1.422732815123195,0.0314364264370367,0.006210080398296799,8.620821470571464,0.1677848431357023,,0,0.2722713633111154,100.75362318840584
0.2,70,0.4,0.3,0.3,false,NO_DILUTE_CONNECTED_ROOT;ACTUAL_LOADING_EXCEEDS_DESIGN_FLOOD_FRACTION,4.070596691379999,0.0033126109020475635,0.018962391479641363,1.4207118626084898,0.02694009451855264,0.005267253084663275,10.163930529082311,0.1663970037173529,,0,0.2932153143350474,108.5039018952063
0.2,30,0.4,0.3,0.4,false,NO_DILUTE_CONNECTED_ROOT;ACTUAL_LOADING_EXCEEDS_DESIGN_FLOOD_FRACTION,11.252012802132565,0.00026075945876176155,0.08721041114500842,1.5866002064417941,0.13836805632654411,0.03164867323514627,1.6915715244631362,0.19129796846173097,,0,0.12566370614359174,46.50167224080269
0.2,35,0.4,0.3,0.4,false,NO_DILUTE_CONNECTED_ROOT;ACTUAL_LOADING_EXCEEDS_DESIGN_FLOOD_FRACTION,9.351775446489157,0.00041407636275594544,0.06861492268094677,1.6078145402671735,0.11032007036573409,0.024542664956989542,2.1813439789620497,0.18625749388182605,,0,0.1466076571675237,54.25195094760315
0.2,40,0.4,0.3,0.4,false,NO_DILUTE_CONNECTED_ROOT;ACTUAL_LOADING_EXCEEDS_DESIGN_FLOOD_FRACTION,7.967163572567781,0.000618096494842694,0.055001025338690585,1.6204846279478942,0.08912831608272072,0.019332839744743303,2.769173858494779,0.18191705097970529,,0,0.16755160819145565,62.002229654403585
0.2,45,0.4,0.3,0.4,false,NO_DILUTE_CONNECTED_ROOT;ACTUAL_LOADING_EXCEEDS_DESIGN_FLOOD_FRACTION,6.917046683293416,0.0008800631733209451,0.04476909586135584,1.6278775149235316,0.07287860451615731,0.015455189357270612,3.4639494343320356,0.17823780647122506,,0,0.1884955592153876,69.75250836120404
0.2,50,0.4,0.3,0.4,false,NO_DILUTE_CONNECTED_ROOT;ACTUAL_LOADING_EXCEEDS_DESIGN_FLOOD_FRACTION,6.095533439089056,0.0012072197164896368,0.036922080223188325,1.6318314030438406,0.06025060997390264,0.01252627246912407,4.273896689024814,0.1751504758579006,,0,0.20943951023931956,77.50278706800451
0.2,55,0.4,0.3,0.4,false,NO_DILUTE_CONNECTED_ROOT;ACTUAL_LOADING_EXCEEDS_DESIGN_FLOOD_FRACTION,5.436764180371088,0.0016068094426477065,0.03080428756158077,1.633453017088196,0.0503173564567165,0.010282447569194043,5.206541931903892,0.1725748143171119,,0,0.23038346126325152,85.25306577480494
0.2,60,0.4,0.3,0.4,false,NO_DILUTE_CONNECTED_ROOT;ACTUAL_LOADING_EXCEEDS_DESIGN_FLOOD_FRACTION,4.897723041555852,0.0020860756700940924,0.02596738666868755,1.63344465174883,0.04241628887386154,0.00854009028119658,6.268785536083458,0.17043134845486435,,0,0.25132741228718347,93.00334448160538
0.2,65,0.4,0.3,0.4,false,NO_DILUTE_CONNECTED_ROOT;ACTUAL_LOADING_EXCEEDS_DESIGN_FLOOD_FRACTION,4.449177121276327,0.0026522617171277313,0.022095804709694987,1.6322709790675938,0.036066340786780185,0.007169670031429062,7.4670095272071,0.16864754801824455,,0,0.2722713633111154,100.75362318840584
0.2,70,0.4,0.3,0.4,false,NO_DILUTE_CONNECTED_ROOT;ACTUAL_LOADING_EXCEEDS_DESIGN_FLOOD_FRACTION,4.070596691379999,0.0033126109020475635,0.018962391479641363,1.6302500265528885,0.0309134392131916,0.006078674005080654,8.807183011766346,0.16716038217770152,,0,0.2932153143350474,108.5039018952063
0.2,30,0.5,0.3,0.2,false,NO_DILUTE_CONNECTED_ROOT;ACTUAL_LOADING_EXCEEDS_DESIGN_FLOOD_FRACTION,7.201288193364844,0.0007957747154594767,0.047522375842676476,1.1874693804958771,0.05643136620159527,0.011805270398239703,4.5349231847832,0.1761021690102279,,0,0.15707963267948966,72.65886287625419
0.2,35,0.5,0.3,0.2,false,NO_DILUTE_CONNECTED_ROOT;ACTUAL_LOADING_EXCEEDS_DESIGN_FLOOD_FRACTION,5.985136285753061,0.0012636607750120398,0.03588393835500687,1.1967466995145946,0.042943984791939636,0.00874524232772323,6.121727955084555,0.1720669129799215,,0,0.1832595714594046,84.7686733556299
0.2,40,0.5,0.3,0.2,false,NO_DILUTE_CONNECTED_ROOT;ACTUAL_LOADING_EXCEEDS_DESIGN_FLOOD_FRACTION,5.098984686443382,0.0018862808070150556,0.027752273811912132,1.2001472598072738,0.03330681536878751,0.006638981535419729,8.063886628693174,0.16902098022714057,,0,0.20943951023931953,96.87848383500558
0.2,45,0.5,0.3,0.2,false,NO_DILUTE_CONNECTED_ROOT;ACTUAL_LOADING_EXCEEDS_DESIGN_FLOOD_FRACTION,4.426909877307787,0.0026857396646757336,0.021907858067931805,1.200024492264675,0.026289966254576427,0.005152617703915347,10.390057541224406,0.16672034572809213,,0,0.23561944901923448,108.98829431438129
0.2,50,0.5,0.3,0.2,false,NO_DILUTE_CONNECTED_ROOT;ACTUAL_LOADING_EXCEEDS_DESIGN_FLOOD_FRACTION,3.901141401016997,0.0036841422012012814,0.01760596031288332,1.1976949048607297,0.02108656896192057,0.004078313926576822,13.126992035296327,0.16497181184059395,,0,0.26179938779914946,121.098104793757
0.2,55,0.5,0.3,0.2,false,NO_DILUTE_CONNECTED_ROOT;ACTUAL_LOADING_EXCEEDS_DESIGN_FLOOD_FRACTION,3.479529075437498,0.004903593269798905,0.014372838220197201,1.1939430549401253,0.01716035037278244,0.0032844230060595676,16.299969380570428,0.1636304330472662,,0,0.28797932657906433,133.20791527313267
0.2,60,0.5,0.3,0.2,false,NO_DILUTE_CONNECTED_ROOT;ACTUAL_LOADING_EXCEEDS_DESIGN_FLOOD_FRACTION,3.1345427465957463,0.006366197723675813,0.011897588529431753,1.1892596493334153,0.01414932196242527,0.002685776890807095,19.93315029809646,0.16259017212768168,,0,0.3141592653589793,145.31772575250838
0.2,65,0.5,0.3,0.2,false,NO_DILUTE_CONNECTED_ROOT;ACTUAL_LOADING_EXCEEDS_DESIGN_FLOOD_FRACTION,2.84747335761685,0.008094060416039214,0.009970870560629688,1.183963391565189,0.011805145725820624,0.002226044849006811,24.04982741273073,0.16177416521484772,,0,0.34033920413889424,157.4275362318841
0.2,70,0.5,0.3,0.2,false,NO_DILUTE_CONNECTED_ROOT;ACTUAL_LOADING_EXCEEDS_DESIGN_FLOOD_FRACTION,2.6051818824832003,0.010109286200096318,0.008448557522281326,1.1782675189904657,0.009954660910826654,0.0018671484660834534,28.67259642395208,0.1611267498615872,,0,0.3665191429188092,169.5373467112598
0.2,30,0.5,0.3,0.3,false,NO_DILUTE_CONNECTED_ROOT;ACTUAL_LOADING_EXCEEDS_DESIGN_FLOOD_FRACTION,7.201288193364844,0.0007957747154594767,0.047522375842676476,1.394742178610546,0.06628146201556377,0.014006993387063765,3.822090362451052,0.17768282046711353,,0,0.15707963267948966,72.65886287625419
0.2,35,0.5,0.3,0.3,false,NO_DILUTE_CONNECTED_ROOT;ACTUAL_LOADING_EXCEEDS_DESIGN_FLOOD_FRACTION,5.985136285753061,0.0012636607750120398,0.03588393835500687,1.4040194976292635,0.050381749102156204,0.01035291066993998,5.171105608691821,0.1733941196531404,,0,0.1832595714594046,84.7686733556299
0.2,40,0.5,0.3,0.3,false,NO_DILUTE_CONNECTED_ROOT;ACTUAL_LOADING_EXCEEDS_DESIGN_FLOOD_FRACTION,5.098984686443382,0.0018862808070150556,0.027752273811912132,1.4074200579219425,0.03905910681582698,0.007847174081956296,6.822327868921896,0.17012511304067796,,0,0.20943951023931953,96.87848383500558
0.2,45,0.5,0.3,0.3,false,NO_DILUTE_CONNECTED_ROOT;ACTUAL_LOADING_EXCEEDS_DESIGN_FLOOD_FRACTION,4.426909877307787,0.0026857396646757336,0.021907858067931805,1.407297290379344,0.030830869297015676,0.006083850666782019,8.799689105441056,0.16763730010193706,,0,0.23561944901923448,108.98829431438129
0.2,50,0.5,0.3,0.3,false,NO_DILUTE_CONNECTED_ROOT;ACTUAL_LOADING_EXCEEDS_DESIGN_FLOOD_FRACTION,3.901141401016997,0.0036841422012012814,0.01760596031288332,1.4049677029753984,0.024735805619467706,0.004812151022872302,11.125169217913944,0.16573552839827188,,0,0.26179938779914946,121.098104793757
0.2,55,0.5,0.3,0.3,false,NO_DILUTE_CONNECTED_ROOT;ACTUAL_LOADING_EXCEEDS_DESIGN_FLOOD_FRACTION,3.479529075437498,0.004903593269798905,0.014372838220197201,1.4012158530547942,0.02013944876753217,0.0038739999257079417,13.819307036209809,0.16427002374628735,,0,0.28797932657906433,133.20791527313267
0.2,60,0.5,0.3,0.3,false,NO_DILUTE_CONNECTED_ROOT;ACTUAL_LOADING_EXCEEDS_DESIGN_FLOOD_FRACTION,3.1345427465957463,0.006366197723675813,0.011897588529431753,1.3965324474480842,0.01661536842773758,0.00316751353463695,16.901583480604813,0.16312948147882667,,0,0.3141592653589793,145.31772575250838
0.2,65,0.5,0.3,0.3,false,NO_DILUTE_CONNECTED_ROOT;ACTUAL_LOADING_EXCEEDS_DESIGN_FLOOD_FRACTION,2.84747335761685,0.008094060416039214,0.009970870560629688,1.391236189679858,0.013871835966561517,0.002625513020715302,20.390679463104142,0.16223229339120626,,0,0.34033920413889424,157.4275362318841
0.2,70,0.5,0.3,0.3,false,NO_DILUTE_CONNECTED_ROOT;ACTUAL_LOADING_EXCEEDS_DESIGN_FLOOD_FRACTION,2.6051818824832003,0.010109286200096318,0.008448557522281326,1.3855403171051344,0.011705817068502638,0.0022027063645871665,24.304644183313922,0.16151883748724966,,0,0.3665191429188092,169.5373467112598
0.2,30,0.5,0.3,0.4,false,NO_DILUTE_CONNECTED_ROOT;ACTUAL_LOADING_EXCEEDS_DESIGN_FLOOD_FRACTION,7.201288193364844,0.0007957747154594767,0.047522375842676476,1.6042803425549448,0.07623921339591384,0.016257596188879352,3.2929834035508976,0.17912319366331003,,0,0.15707963267948966,72.65886287625419
0.2,35,0.5,0.3,0.4,false,NO_DILUTE_CONNECTED_ROOT;ACTUAL_LOADING_EXCEEDS_DESIGN_FLOOD_FRACTION,5.985136285753061,0.0012636607750120398,0.03588393835500687,1.6135576615736622,0.05790080366015833,0.011995720017442394,4.4629246392686674,0.17461980146098044,,0,0.1832595714594046,84.7686733556299
0.2,40,0.5,0.3,0.4,false,NO_DILUTE_CONNECTED_ROOT;ACTUAL_LOADING_EXCEEDS_DESIGN_FLOOD_FRACTION,5.098984686443382,0.0018862808070150556,0.027752273811912132,1.6169582218663412,0.04487426731565727,0.00908086970966058,5.8954699432212285,0.17115482061713655,,0,0.20943951023931953,96.87848383500558
0.2,45,0.5,0.3,0.4,false,NO_DILUTE_CONNECTED_ROOT;ACTUAL_LOADING_EXCEEDS_DESIGN_FLOOD_FRACTION,4.426909877307787,0.0026857396646757336,0.021907858067931805,1.6168354543237426,0.03542140165252459,0.007033861479288045,7.611181225171192,0.16849863831983314,,0,0.23561944901923448,108.98829431438129
0.2,50,0.5,0.3,0.4,false,NO_DILUTE_CONNECTED_ROOT;ACTUAL_LOADING_EXCEEDS_DESIGN_FLOOD_FRACTION,3.901141401016997,0.0036841422012012814,0.01760596031288332,1.6145058669197971,0.028424926217907227,0.00556005832470322,9.628674971583079,0.16645673493144048,,0,0.26179938779914946,121.098104793757
0.2,55,0.5,0.3,0.4,false,NO_DILUTE_CONNECTED_ROOT;ACTUAL_LOADING_EXCEEDS_DESIGN_FLOOD_FRACTION,3.479529075437498,0.004903593269798905,0.014372838220197201,1.610754016999193,0.023151106898862173,0.004474319665572692,11.965169776209917,0.1648764116171546,,0,0.28797932657906433,133.20791527313267
0.2,60,0.5,0.3,0.4,false,NO_DILUTE_CONNECTED_ROOT;ACTUAL_LOADING_EXCEEDS_DESIGN_FLOOD_FRACTION,3.1345427465957463,0.006366197723675813,0.011897588529431753,1.606070611392483,0.01910836728356065,0.003657608367797296,14.636885376509778,0.16364231109796618,,0,0.3141592653589793,145.31772575250838
0.2,65,0.5,0.3,0.4,false,NO_DILUTE_CONNECTED_ROOT;ACTUAL_LOADING_EXCEEDS_DESIGN_FLOOD_FRACTION,2.84747335761685,0.008094060416039214,0.009970870560629688,1.6007743536242567,0.01596111387676312,0.0030316026008502064,17.65930482332941,0.16266890302649012,,0,0.34033920413889424,157.4275362318841
0.2,70,0.5,0.3,0.4,false,NO_DILUTE_CONNECTED_ROOT;ACTUAL_LOADING_EXCEEDS_DESIGN_FLOOD_FRACTION,2.6051818824832003,0.010109286200096318,0.008448557522281326,1.595078481049533,0.013476112299700105,0.0025435989885549686,21.04734066670867,0.16189314722038894,,0,0.3665191429188092,169.5373467112598
0.3,30,0.33,0.2,0.2,false,NO_DILUTE_CONNECTED_ROOT;ACTUAL_LOADING_EXCEEDS_DESIGN_FLOOD_FRACTION,10.162786678851667,0.0003363439272728739,0.07657900876114318,1.2754606372859416,0.09767351131721339,0.02167226846139426,1.0978903913692077,0.18579625611217754,,0,0.15550883635269477,71.21295150501673
0.3,35,0.33,0.2,0.2,false,NO_DILUTE_CONNECTED_ROOT;ACTUAL_LOADING_EXCEEDS_DESIGN_FLOOD_FRACTION,8.446497582475146,0.0005341016993268323,0.059708442894260694,1.2780659665949758,0.07631132878153421,0.016445958475845457,1.446785563631644,0.1808444285649084,,0,0.1814269757448106,83.08177675585286
0.3,40,0.33,0.2,0.2,false,NO_DILUTE_CONNECTED_ROOT;ACTUAL_LOADING_EXCEEDS_DESIGN_FLOOD_FRACTION,7.195919987593541,0.0007972596794616268,0.04747023974225327,1.276928315582707,0.06061609327438274,0.012736845367772188,1.8681058469268732,0.17678752542182785,,0,0.20734511513692636,94.95060200668895
0.3,45,0.33,0.2,0.2,false,NO_DILUTE_CONNECTED_ROOT;ACTUAL_LOADING_EXCEEDS_DESIGN_FLOOD_FRACTION,6.247457332846824,0.0011351607545459495,0.03835796691674082,1.2735711781008368,0.04885160111570653,0.010045484378233733,2.368604081899162,0.17349776006456247,,0,0.23326325452904217,106.81942725752509
0.3,50,0.33,0.2,0.2,false,NO_DILUTE_CONNECTED_ROOT;ACTUAL_LOADING_EXCEEDS_DESIGN_FLOOD_FRACTION,5.5054688547393384,0.0015571478114484903,0.031432861194440206,1.2688517106418082,0.03988363969693197,0.008053376264228666,2.9545093290407185,0.17084248965963522,,0,0.25918139392115797,118.68825250836123
0.3,55,0.33,0.2,0.2,false,NO_DILUTE_CONNECTED_ROOT;ACTUAL_LOADING_EXCEEDS_DESIGN_FLOOD_FRACTION,4.9104702918451455,0.00207256373703794,0.026079623239115866,1.2632824335601425,0.032945929911841934,0.006551877528655433,3.6315964696949408,0.16870062894529775,,0,0.28509953331327376,130.5570777591973
0.3,60,0.33,0.2,0.2,false,NO_DILUTE_CONNECTED_ROOT;ACTUAL_LOADING_EXCEEDS_DESIGN_FLOOD_FRACTION,4.423609833966333,0.002690751418182991,0.0218800408168828,1.2571841132554704,0.027507239712366304,0.005401205019993074,4.40527164121039,0.1669690054039198,,0,0.31101767270538955,142.42590301003347
0.3,65,0.33,0.2,0.2,false,NO_DILUTE_CONNECTED_ROOT;ACTUAL_LOADING_EXCEEDS_DESIGN_FLOOD_FRACTION,4.01848440586461,0.003421053741752332,0.018542024711626238,1.2507646001449395,0.02319170812431478,0.0045058421757143835,5.280649959553072,0.16556317137727283,,0,0.33693581209750534,154.29472826086956
0.3,70,0.33,0.2,0.2,false,NO_DILUTE_CONNECTED_ROOT;ACTUAL_LOADING_EXCEEDS_DESIGN_FLOOD_FRACTION,3.6765516141515446,0.004272813594614658,0.015857172121749433,1.2441621881249376,0.019728893964469533,0.0037993336428992397,6.2626180112947,0.16441564413632792,,0,0.3628539514896212,166.16355351170571
0.3,30,0.33,0.2,0.3,false,ACTUAL_LOADING_EXCEEDS_DESIGN_FLOOD_FRACTION,10.162786678851667,0.0003363439272728739,0.07657900876114318,1.4827334354006103,0.11354625673998327,0.025453290609839876,0.9348015416812298,0.18760946432164965,0.13105763352466843,2,0.15550883635269477,71.21295150501673
0.3,35,0.33,0.2,0.3,false,NO_DILUTE_CONNECTED_ROOT;ACTUAL_LOADING_EXCEEDS_DESIGN_FLOOD_FRACTION,8.446497582475146,0.0005341016993268323,0.059708442894260694,1.4853387647096445,0.08868726481129753,0.019306438582661508,1.232426954410282,0.18251941434233415,,0,0.1814269757448106,83.08177675585286
0.3,40,0.33,0.2,0.3,false,NO_DILUTE_CONNECTED_ROOT;ACTUAL_LOADING_EXCEEDS_DESIGN_FLOOD_FRACTION,7.195919987593541,0.0007972596794616268,0.04747023974225327,1.4842011136973758,0.07045538269293374,0.014946802565892755,1.5918973437993968,0.17829635440480818,,0,0.20734511513692636,94.95060200668895
0.3,45,0.33,0.2,0.3,false,NO_DILUTE_CONNECTED_ROOT;ACTUAL_LOADING_EXCEEDS_DESIGN_FLOOD_FRACTION,6.247457332846824,0.0011351607545459495,0.03835796691674082,1.4808439762155057,0.0568021642485293,0.011784877876036196,2.0190090685048014,0.174835429007986,,0,0.23326325452904217,106.81942725752509
0.3,50,0.33,0.2,0.3,false,NO_DILUTE_CONNECTED_ROOT;ACTUAL_LOADING_EXCEEDS_DESIGN_FLOOD_FRACTION,5.5054688547393384,0.0015571478114484903,0.031432861194440206,1.4761245087564772,0.04639881678945358,0.009445584359740196,2.51903687445264,0.1720174551513372,,0,0.25918139392115797,118.68825250836123
0.3,55,0.33,0.2,0.3,false,NO_DILUTE_CONNECTED_ROOT;ACTUAL_LOADING_EXCEEDS_DESIGN_FLOOD_FRACTION,4.9104702918451455,0.00207256373703794,0.026079623239115866,1.4705552316748114,0.03835152639438983,0.007683327117524688,3.096806232376612,0.16972793726372376,,0,0.28509953331327376,130.5570777591973
0.3,60,0.33,0.2,0.3,false,NO_DILUTE_CONNECTED_ROOT;ACTUAL_LOADING_EXCEEDS_DESIGN_FLOOD_FRACTION,4.423609833966333,0.002690751418182991,0.0218800408168828,1.4644569113701391,0.03204237699534476,0.00633355384208322,3.756781089447956,0.16786598031907335,,0,0.31101767270538955,142.42590301003347
0.3,65,0.33,0.2,0.3,false,NO_DILUTE_CONNECTED_ROOT;ACTUAL_LOADING_EXCEEDS_DESIGN_FLOOD_FRACTION,4.01848440586461,0.003421053741752332,0.018542024711626238,1.4580373982596084,0.027034965469004885,0.005283814184167388,4.503143841476335,0.166346993276354,,0,0.33693581209750534,154.29472826086956
0.3,70,0.33,0.2,0.3,false,NO_DILUTE_CONNECTED_ROOT;ACTUAL_LOADING_EXCEEDS_DESIGN_FLOOD_FRACTION,3.6765516141515446,0.004272813594614658,0.015857172121749433,1.4514349862396063,0.023015654400330456,0.0044558804332258395,5.339859464252535,0.16510211133298586,,0,0.3628539514896212,166.16355351170571
0.3,30,0.33,0.2,0.4,false,ACTUAL_LOADING_EXCEEDS_DESIGN_FLOOD_FRACTION,10.162786678851667,0.0003363439272728739,0.07657900876114318,1.692271599345009,0.12959248163247522,0.029311202782283566,0.8117638665213781,0.18922677744648136,0.09663469575987269,2,0.15550883635269477,71.21295150501673
0.3,35,0.33,0.2,0.4,false,NO_DILUTE_CONNECTED_ROOT;ACTUAL_LOADING_EXCEEDS_DESIGN_FLOOD_FRACTION,8.446497582475146,0.0005341016993268323,0.059708442894260694,1.6948769286540433,0.10119846230733989,0.022227449306639478,1.0704680944129443,0.1840349514073687,,0,0.1814269757448106,83.08177675585286
0.3,40,0.33,0.2,0.4,false,NO_DILUTE_CONNECTED_ROOT;ACTUAL_LOADING_EXCEEDS_DESIGN_FLOOD_FRACTION,7.195919987593541,0.0007972596794616268,0.04747023974225327,1.6937392776417746,0.0804022095705259,0.01720427909080339,1.383014956764898,0.17967759077780393,,0,0.20734511513692636,94.95060200668895
0.3,45,0.33,0.2,0.4,false,NO_DILUTE_CONNECTED_ROOT;ACTUAL_LOADING_EXCEEDS_DESIGN_FLOOD_FRACTION,6.247457332846824,0.0011351607545459495,0.03835796691674082,1.6903821401599044,0.06483962220890316,0.0135615688026796,1.7545002093148196,0.176071627133757,,0,0.23326325452904217,106.81942725752509
0.3,50,0.33,0.2,0.4,false,NO_DILUTE_CONNECTED_ROOT;ACTUAL_LOADING_EXCEEDS_DESIGN_FLOOD_FRACTION,5.5054688547393384,0.0015571478114484903,0.031432861194440206,1.6856626727008759,0.052985200811655725,0.010867154156586364,2.1895130003762535,0.17311158189342168,,0,0.25918139392115797,118.68825250836123
0.3,55,0.33,0.2,0.4,false,NO_DILUTE_CONNECTED_ROOT;ACTUAL_LOADING_EXCEEDS_DESIGN_FLOOD_FRACTION,4.9104702918451455,0.00207256373703794,0.026079623239115866,1.6800933956192101,0.043816202764275836,0.008838025341006226,2.692204919637594,0.17069040869672886,,0,0.28509953331327376,130.5570777591973
0.3,60,0.33,0.2,0.4,false,NO_DILUTE_CONNECTED_ROOT;ACTUAL_LOADING_EXCEEDS_DESIGN_FLOOD_FRACTION,4.423609833966333,0.002690751418182991,0.0218800408168828,1.6739950753145378,0.036627080575142884,0.007284456985949105,3.2663759768002185,0.1687104536171154,,0,0.31101767270538955,142.42590301003347
0.3,65,0.33,0.2,0.4,false,NO_DILUTE_CONNECTED_ROOT;ACTUAL_LOADING_EXCEEDS_DESIGN_FLOOD_FRACTION,4.01848440586461,0.003421053741752332,0.018542024711626238,1.6675755622040072,0.030920227282890716,0.006076732292530726,3.915554307400547,0.1670877984369824,,0,0.33693581209750534,154.29472826086956
0.3,70,0.33,0.2,0.4,false,NO_DILUTE_CONNECTED_ROOT;ACTUAL_LOADING_EXCEEDS_DESIGN_FLOOD_FRACTION,3.6765516141515446,0.004272813594614658,0.015857172121749433,1.660973150184005,0.026338337132072138,0.005124588521091825,4.643060648676095,0.16575293047987583,,0,0.3628539514896212,166.16355351170571
0.3,30,0.4,0.2,0.2,false,NO_DILUTE_CONNECTED_ROOT;ACTUAL_LOADING_EXCEEDS_DESIGN_FLOOD_FRACTION,6.917046683293418,0.0008800631733209442,0.04476909586135587,1.2663244060930579,0.05669219872795465,0.011833754172934093,2.010670067607057,0.17576305430119027,,0,0.18849555921538758,104.62876254180603
0.3,35,0.4,0.2,0.2,false,NO_DILUTE_CONNECTED_ROOT;ACTUAL_LOADING_EXCEEDS_DESIGN_FLOOD_FRACTION,5.748897417072147,0.0013975077243013143,0.03367884218546258,1.2610968452426479,0.04247228163151187,0.008624897466658805,2.758731381435905,0.17165876511362765,,0,0.21991148575128552,122.06688963210702
0.3,40,0.4,0.2,0.2,false,NO_DILUTE_CONNECTED_ROOT;ACTUAL_LOADING_EXCEEDS_DESIGN_FLOOD_FRACTION,4.897723041555855,0.0020860756700940893,0.025967386668687573,1.2536843744611423,0.03255490691212418,0.006469688335012232,3.6777313018577886,0.1686061863779631,,0,0.2513274122871834,139.505016722408
0.3,45,0.4,0.2,0.2,false,NO_DILUTE_CONNECTED_ROOT;ACTUAL_LOADING_EXCEEDS_DESIGN_FLOOD_FRACTION,4.25217564716887,0.002970213209958187,0.020448405918790234,1.2451331135800443,0.02546098732941189,0.004975501289360781,4.782186541448078,0.16632859636912006,,0,0.28274333882308134,156.94314381270902
0.3,50,0.4,0.2,0.2,false,NO_DILUTE_CONNECTED_ROOT;ACTUAL_LOADING_EXCEEDS_DESIGN_FLOOD_FRACTION,3.747159739256963,0.004074366543152519,0.016400681412393293,1.2360122495024715,0.020271443125905605,0.003909866719034317,6.085571967735876,0.16461505002485766,,0,0.3141592653589793,174.38127090301006
0.3,55,0.4,0.2,0.2,false,NO_DILUTE_CONNECTED_ROOT;ACTUAL_LOADING_EXCEEDS_DESIGN_FLOOD_FRACTION,3.3421888423871025,0.0054229818689360025,0.01336774963524163,1.226647415571987,0.01639751554208252,0.0031305090708774186,7.60060896302395,0.1633115120098081,,0,0.34557519189487723,191.81939799331101
0.3,60,0.4,0.2,0.2,false,NO_DILUTE_CONNECTED_ROOT;ACTUAL_LOADING_EXCEEDS_DESIGN_FLOOD_FRACTION,3.010819443243336,0.007040505386567554,0.011051559437714886,1.2172312010090192,0.01345230296739225,0.002547660354201228,9.339461307588147,0.16230762138714172,,0,0.37699111843077515,209.25752508361205
0.3,65,0.4,0.2,0.2,false,NO_DILUTE_CONNECTED_ROOT;ACTUAL_LOADING_EXCEEDS_DESIGN_FLOOD_FRACTION,2.735080948741601,0.008951383295306082,0.009252367094436798,1.2078796923097528,0.011175746319165202,0.0021030637639266247,11.313862998862854,0.1615247421171463,,0,0.40840704496667307,226.695652173913
0.3,70,0.4,0.2,0.2,false,NO_DILUTE_CONNECTED_ROOT;ACTUAL_LOADING_EXCEEDS_DESIGN_FLOOD_FRACTION,2.5023529423818958,0.011180061794410515,0.007833231456154114,1.1986632096828118,0.009389406359422056,0.0017579179972288129,13.535202063149283,0.16090666369231565,,0,0.43982297150257105,244.13377926421404
0.3,30,0.4,0.2,0.3,false,NO_DILUTE_CONNECTED_ROOT;ACTUAL_LOADING_EXCEEDS_DESIGN_FLOOD_FRACTION,6.917046683293418,0.0008800631733209442,0.04476909586135587,1.4735972042077268,0.06597161449620172,0.013901703074565815,1.7115726882752331,0.1772328880393843,,0,0.18849555921538758,104.62876254180603
0.3,35,0.4,0.2,0.3,false,NO_DILUTE_CONNECTED_ROOT;ACTUAL_LOADING_EXCEEDS_DESIGN_FLOOD_FRACTION,5.748897417072147,0.0013975077243013143,0.03367884218546258,1.4683696433573168,0.049452989488555046,0.010127831951180522,2.349345389776657,0.1728949073467657,,0,0.21991148575128552,122.06688963210702
0.3,40,0.4,0.2,0.3,false,NO_DILUTE_CONNECTED_ROOT;ACTUAL_LOADING_EXCEEDS_DESIGN_FLOOD_FRACTION,4.897723041555855,0.0020860756700940893,0.025967386668687573,1.460957172575811,0.037937239806668605,0.007595239138147621,3.132722337000922,0.16963391108207132,,0,0.2513274122871834,139.505016722408
0.3,45,0.4,0.2,0.3,false,NO_DILUTE_CONNECTED_ROOT;ACTUAL_LOADING_EXCEEDS_DESIGN_FLOOD_FRACTION,4.25217564716887,0.002970213209958187,0.020448405918790234,1.4524059116947132,0.0296993856411841,0.0058408402447416635,4.073690480468032,0.16718096063260796,,0,0.28274333882308134,156.94314381270902
0.3,50,0.4,0.2,0.3,false,NO_DILUTE_CONNECTED_ROOT;ACTUAL_LOADING_EXCEEDS_DESIGN_FLOOD_FRACTION,3.747159739256963,0.004074366543152519,0.016400681412393293,1.4432850476171404,0.023670858253239602,0.004590535220546946,5.183224648062659,0.16532393678143947,,0,0.3141592653589793,174.38127090301006
0.3,55,0.4,0.2,0.3,false,NO_DILUTE_CONNECTED_ROOT;ACTUAL_LOADING_EXCEEDS_DESIGN_FLOOD_FRACTION,3.3421888423871025,0.0054229818689360025,0.01336774963524163,1.433920213686656,0.019168286413475396,0.0036766534394723042,6.471585014646829,0.1639044037162239,,0,0.34557519189487723,191.81939799331101
0.3,60,0.4,0.2,0.3,false,NO_DILUTE_CONNECTED_ROOT;ACTUAL_LOADING_EXCEEDS_DESIGN_FLOOD_FRACTION,3.010819443243336,0.007040505386567554,0.011051559437714886,1.424503999123688,0.015742990615577993,0.00299348664229894,7.948515609431792,0.16280701193046615,,0,0.37699111843077515,209.25752508361205
0.3,65,0.4,0.2,0.3,false,NO_DILUTE_CONNECTED_ROOT;ACTUAL_LOADING_EXCEEDS_DESIGN_FLOOD_FRACTION,2.735080948741601,0.008951383295306082,0.009252367094436798,1.4151524904244215,0.013093510336013203,0.002472499221177485,9.623370191238042,0.16194857703536497,,0,0.40840704496667307,226.695652173913
0.3,70,0.4,0.2,0.3,false,NO_DILUTE_CONNECTED_ROOT;ACTUAL_LOADING_EXCEEDS_DESIGN_FLOOD_FRACTION,2.5023529423818958,0.011180061794410515,0.007833231456154114,1.4059360077974807,0.011013022161618962,0.002068090265542313,11.505191866806292,0.16126915260106434,,0,0.43982297150257105,244.13377926421404
0.3,30,0.4,0.2,0.4,false,NO_DILUTE_CONNECTED_ROOT;ACTUAL_LOADING_EXCEEDS_DESIGN_FLOOD_FRACTION,6.917046683293418,0.0008800631733209442,0.04476909586135587,1.6831353681521255,0.07535244864444102,0.01601430529174533,1.4857825468834625,0.17858149278137053,,0,0.18849555921538758,104.62876254180603
0.3,35,0.4,0.2,0.4,false,NO_DILUTE_CONNECTED_ROOT;ACTUAL_LOADING_EXCEEDS_DESIGN_FLOOD_FRACTION,5.748897417072147,0.0013975077243013143,0.03367884218546258,1.6779078073017155,0.05650999224387004,0.011662780020553534,2.0401461110478354,0.17404266079759667,,0,0.21991148575128552,122.06688963210702
0.3,40,0.4,0.2,0.4,false,NO_DILUTE_CONNECTED_ROOT;ACTUAL_LOADING_EXCEEDS_DESIGN_FLOOD_FRACTION,4.897723041555855,0.0020860756700940893,0.025967386668687573,1.6704953365202098,0.04337839833165966,0.008743955400788345,2.721168420048605,0.1705965592093781,,0,0.2513274122871834,139.505016722408
0.3,45,0.4,0.2,0.4,false,NO_DILUTE_CONNECTED_ROOT;ACTUAL_LOADING_EXCEEDS_DESIGN_FLOOD_FRACTION,4.25217564716887,0.002970213209958187,0.020448405918790234,1.661944075639112,0.033984107072997184,0.006723196473074884,3.539056964678662,0.16798448575730096,,0,0.28274333882308134,156.94314381270902
0.3,50,0.4,0.2,0.4,false,NO_DILUTE_CONNECTED_ROOT;ACTUAL_LOADING_EXCEEDS_DESIGN_FLOOD_FRACTION,3.747159739256963,0.004074366543152519,0.016400681412393293,1.652823211561539,0.027107426923829524,0.005283935926723467,4.503040088469249,0.16599535287859096,,0,0.3141592653589793,174.38127090301006
0.3,55,0.4,0.2,0.4,false,NO_DILUTE_CONNECTED_ROOT;ACTUAL_LOADING_EXCEEDS_DESIGN_FLOOD_FRACTION,3.3421888423871025,0.0054229818689360025,0.01336774963524163,1.6434583776310547,0.021969340128112334,0.004232512371573934,5.621667041717483,0.16446791140252337,,0,0.34557519189487723,191.81939799331101
0.3,60,0.4,0.2,0.4,false,NO_DILUTE_CONNECTED_ROOT;ACTUAL_LOADING_EXCEEDS_DESIGN_FLOOD_FRACTION,3.010819443243336,0.007040505386567554,0.011051559437714886,1.6340421630680868,0.01805871408887916,0.003446870751614535,6.903007689450943,0.16328286776786266,,0,0.37699111843077515,209.25752508361205
0.3,65,0.4,0.2,0.4,false,NO_DILUTE_CONNECTED_ROOT;ACTUAL_LOADING_EXCEEDS_DESIGN_FLOOD_FRACTION,2.735080948741601,0.008951383295306082,0.009252367094436798,1.6246906543688202,0.01503223434912106,0.0028479245618599357,8.35477723728726,0.1623532305101147,,0,0.40840704496667307,226.695652173913
0.3,70,0.4,0.2,0.4,false,NO_DILUTE_CONNECTED_ROOT;ACTUAL_LOADING_EXCEEDS_DESIGN_FLOOD_FRACTION,2.5023529423818958,0.011180061794410515,0.007833231456154114,1.6154741717418795,0.012654383098693003,0.0023830920323397045,9.984413098632245,0.16161572467554225,,0,0.43982297150257105,244.13377926421404
0.3,30,0.5,0.2,0.2,false,NO_DILUTE_CONNECTED_ROOT;ACTUAL_LOADING_EXCEEDS_DESIGN_FLOOD_FRACTION,4.426909877307787,0.002685739664675733,0.021907858067931805,1.23404084819121,0.027035191752203206,0.005304830336160127,4.485303731723432,0.16687581146410202,,0,0.23561944901923448,163.4824414715719
0.3,35,0.5,0.2,0.2,false,NO_DILUTE_CONNECTED_ROOT;ACTUAL_LOADING_EXCEEDS_DESIGN_FLOOD_FRACTION,3.679294346926174,0.004264855115665632,0.01587817355332237,1.2212082055444438,0.019390555832376054,0.0037321355802684138,6.375378062022989,0.1643453875225987,,0,0.2748893571891069,190.72951505016724
0.3,40,0.5,0.2,0.2,false,NO_DILUTE_CONNECTED_ROOT;ACTUAL_LOADING_EXCEEDS_DESIGN_FLOOD_FRACTION,3.134542746595747,0.006366197723675809,0.011897588529431758,1.2076761876727624,0.014368434357723333,0.0027284507129454617,8.720617598128587,0.16263954990443447,,0,0.3141592653589793,217.97658862876253
0.3,45,0.5,0.2,0.2,false,NO_DILUTE_CONNECTED_ROOT;ACTUAL_LOADING_EXCEEDS_DESIGN_FLOOD_FRACTION,2.721392414188077,0.009064371368280599,0.009166300102200261,1.1940640786084815,0.010945149685782585,0.0020585648169121184,11.558429012028752,0.16145937122016085,,0,0.3534291735288517,245.22366220735785
0.3,50,0.5,0.2,0.2,false,NO_DILUTE_CONNECTED_ROOT;ACTUAL_LOADING_EXCEEDS_DESIGN_FLOOD_FRACTION,2.3981822331244564,0.012433979929054319,0.007229427291784341,1.180672973199306,0.008535589415119223,0.001594272967741668,14.924530356080258,0.16062144543592394,,0,0.39269908169872414,272.47073578595325
0.3,55,0.5,0.2,0.2,false,NO_DILUTE_CONNECTED_ROOT;ACTUAL_LOADING_EXCEEDS_DESIGN_FLOOD_FRACTION,2.139000859127745,0.016549627285571297,0.005816433975336548,1.1676491711822423,0.006791554310537955,0.0012620449863095357,18.853349572360568,0.1600118885946839,,0,0.43196898986859655,299.7178093645485
0.3,60,0.5,0.2,0.2,false,NO_DILUTE_CONNECTED_ROOT;ACTUAL_LOADING_EXCEEDS_DESIGN_FLOOD_FRACTION,1.926924443675735,0.021485917317405866,0.00476005929923454,1.1550594504776464,0.005498151478414858,0.0010177733524533118,23.378265156564094,0.15955852699632733,,0,0.47123889803846897,326.9648829431438
0.3,65,0.5,0.2,0.2,false,NO_DILUTE_CONNECTED_ROOT;ACTUAL_LOADING_EXCEEDS_DESIGN_FLOOD_FRACTION,1.7504518071946245,0.027317453904132337,0.003953298316826224,1.1429282887335308,0.004518336480103344,0.0008339398092473365,28.531765769058925,0.1592145609142827,,0,0.5105088062083414,354.2119565217391
0.3,70,0.5,0.2,0.2,false,NO_DILUTE_CONNECTED_ROOT;ACTUAL_LOADING_EXCEEDS_DESIGN_FLOOD_FRACTION,1.601505883124413,0.03411884092532506,0.0033255888861990946,1.1312572799236416,0.0037620966375458806,0.0006927757708836246,34.34556504854392,0.15894888994576684,,0,0.5497787143782138,381.4590301003345
0.3,30,0.5,0.2,0.3,false,NO_DILUTE_CONNECTED_ROOT;ACTUAL_LOADING_EXCEEDS_DESIGN_FLOOD_FRACTION,4.426909877307787,0.002685739664675733,0.021907858067931805,1.4413136463058789,0.031576094794642455,0.006237508631949731,3.8146280361140255,0.16778130339394398,,0,0.23561944901923448,163.4824414715719
0.3,35,0.5,0.2,0.3,false,NO_DILUTE_CONNECTED_ROOT;ACTUAL_LOADING_EXCEEDS_DESIGN_FLOOD_FRACTION,3.679294346926174,0.004264855115665632,0.01587817355332237,1.4284810036591127,0.02268166929372352,0.004389050836210204,5.421166486985555,0.1650378612993793,,0,0.2748893571891069,190.72951505016724
0.3,40,0.5,0.2,0.3,false,NO_DILUTE_CONNECTED_ROOT;ACTUAL_LOADING_EXCEEDS_DESIGN_FLOOD_FRACTION,3.134542746595747,0.006366197723675809,0.011897588529431758,1.4149489857874311,0.01683448082303564,0.0032104671889889784,7.41131240479417,0.1631757736176882,,0,0.3141592653589793,217.97658862876253
0.3,45,0.5,0.2,0.3,false,NO_DILUTE_CONNECTED_ROOT;ACTUAL_LOADING_EXCEEDS_DESIGN_FLOOD_FRACTION,2.721392414188077,0.009064371368280599,0.009166300102200261,1.4013368767231502,0.012845074356324405,0.002424255057280184,9.814881165859402,0.16188117924825263,,0,0.3534291735288517,245.22366220735785
0.3,50,0.5,0.2,0.3,false,NO_DILUTE_CONNECTED_ROOT;ACTUAL_LOADING_EXCEEDS_DESIGN_FLOOD_FRACTION,2.3981822331244564,0.012433979929054319,0.007229427291784341,1.3879457713139747,0.010034053038653916,0.0018794217113979608,12.66015772758115,0.16095865832640782,,0,0.39269908169872414,272.47073578595325
0.3,55,0.5,0.2,0.3,false,NO_DILUTE_CONNECTED_ROOT;ACTUAL_LOADING_EXCEEDS_DESIGN_FLOOD_FRACTION,2.139000859127745,0.016549627285571297,0.005816433975336548,1.3749219692969112,0.007997142855655188,0.001489506447050241,15.97426808729759,0.1602856395717817,,0,0.43196898986859655,299.7178093645485
0.3,60,0.5,0.2,0.3,false,NO_DILUTE_CONNECTED_ROOT;ACTUAL_LOADING_EXCEEDS_DESIGN_FLOOD_FRACTION,1.926924443675735,0.021485917317405866,0.00476005929923454,1.362332248592315,0.00648478228855895,0.0012027145843359877,19.78339301179681,0.15978392499931476,,0,0.47123889803846897,326.9648829431438
0.3,65,0.5,0.2,0.3,false,NO_DILUTE_CONNECTED_ROOT;ACTUAL_LOADING_EXCEEDS_DESIGN_FLOOD_FRACTION,1.7504518071946245,0.027317453904132337,0.003953298316826224,1.3502010868481997,0.0053377476840139266,0.000986765158589992,24.112905786963612,0.1594025280353969,,0,0.5105088062083414,354.2119565217391
0.3,70,0.5,0.2,0.3,false,NO_DILUTE_CONNECTED_ROOT;ACTUAL_LOADING_EXCEEDS_DESIGN_FLOOD_FRACTION,1.601505883124413,0.03411884092532506,0.0033255888861990946,1.3385300780383105,0.004451400751367412,0.0008208296507104479,28.987470521252,0.1591074678552516,,0,0.5497787143782138,381.4590301003345
0.3,30,0.5,0.2,0.4,false,NO_DILUTE_CONNECTED_ROOT;ACTUAL_LOADING_EXCEEDS_DESIGN_FLOOD_FRACTION,4.426909877307787,0.002685739664675733,0.021907858067931805,1.6508518102502776,0.03616662715015137,0.0071888487170107445,3.309817223811683,0.1686330085531792,,0,0.23561944901923448,163.4824414715719
0.3,35,0.5,0.2,0.4,false,NO_DILUTE_CONNECTED_ROOT;ACTUAL_LOADING_EXCEEDS_DESIGN_FLOOD_FRACTION,3.679294346926174,0.004264855115665632,0.01587817355332237,1.6380191676035114,0.026008752626877196,0.005058187620609728,4.704012007381908,0.1656938116513016,,0,0.2748893571891069,190.72951505016724
0.3,40,0.5,0.2,0.4,false,NO_DILUTE_CONNECTED_ROOT;ACTUAL_LOADING_EXCEEDS_DESIGN_FLOOD_FRACTION,3.134542746595747,0.006366197723675809,0.011897588529431758,1.6244871497318298,0.01932747967885871,0.003700824678701974,6.429317076237209,0.16368602223758982,,0,0.3141592653589793,217.97658862876253
0.3,45,0.5,0.2,0.4,false,NO_DILUTE_CONNECTED_ROOT;ACTUAL_LOADING_EXCEEDS_DESIGN_FLOOD_FRACTION,2.721392414188077,0.009064371368280599,0.009166300102200261,1.610875040667549,0.014765764049902803,0.0027958697757100043,8.51033031282593,0.16228373615946273,,0,0.3534291735288517,245.22366220735785
0.3,50,0.5,0.2,0.4,false,NO_DILUTE_CONNECTED_ROOT;ACTUAL_LOADING_EXCEEDS_DESIGN_FLOOD_FRACTION,2.3981822331244564,0.012433979929054319,0.007229427291784341,1.5974839352583734,0.011548893959743933,0.002168932881263009,10.970268148216341,0.16128109253797518,,0,0.39269908169872414,272.47073578595325
0.3,55,0.5,0.2,0.4,false,NO_DILUTE_CONNECTED_ROOT;ACTUAL_LOADING_EXCEEDS_DESIGN_FLOOD_FRACTION,2.139000859127745,0.016549627285571297,0.005816433975336548,1.58446013324131,0.009215907751551029,0.001720282593563653,13.831317826479118,0.1605477249717645,,0,0.43196898986859655,299.7178093645485
0.3,60,0.5,0.2,0.4,false,NO_DILUTE_CONNECTED_ROOT;ACTUAL_LOADING_EXCEEDS_DESIGN_FLOOD_FRACTION,1.926924443675735,0.021485917317405866,0.00476005929923454,1.5718704125367138,0.007482196374387016,0.0013902431106210956,17.114830579745682,0.15999989841987755,,0,0.47123889803846897,326.9648829431438
0.3,65,0.5,0.2,0.4,false,NO_DILUTE_CONNECTED_ROOT;ACTUAL_LOADING_EXCEEDS_DESIGN_FLOOD_FRACTION,1.7504518071946245,0.027317453904132337,0.003953298316826224,1.5597392507925985,0.006166114554846175,0.0011416568773311465,20.84144174610627,0.15958273729831896,,0,0.5105088062083414,354.2119565217391
0.3,70,0.5,0.2,0.4,false,NO_DILUTE_CONNECTED_ROOT;ACTUAL_LOADING_EXCEEDS_DESIGN_FLOOD_FRACTION,1.601505883124413,0.03411884092532506,0.0033255888861990946,1.5480682419827092,0.0051482385406154685,0.0009505664107902924,25.03115514375976,0.1592595386545113,,0,0.5497787143782138,381.4590301003345
0.3,30,0.33,0.25,0.2,false,ACTUAL_LOADING_EXCEEDS_DESIGN_FLOOD_FRACTION,11.11160552023238,0.00026907514181829915,0.0858453550088732,1.2440307581054406,0.10679426207151922,0.023985128796642545,0.992021994322972,0.18794969930038652,0.16718490081094273,2,0.15550883635269477,71.21295150501673
0.3,35,0.33,0.25,0.2,false,NO_DILUTE_CONNECTED_ROOT;ACTUAL_LOADING_EXCEEDS_DESIGN_FLOOD_FRACTION,9.23508011433191,0.0004272813594614658,0.06746703422503714,1.2480799214175942,0.08420425077386248,0.01837679964014507,1.2947725267113404,0.18294473860130583,,0,0.1814269757448106,83.08177675585286
0.3,40,0.33,0.25,0.2,false,NO_DILUTE_CONNECTED_ROOT;ACTUAL_LOADING_EXCEEDS_DESIGN_FLOOD_FRACTION,7.867746001565162,0.0006378077435693015,0.054026582900088875,1.2479347661749935,0.06742165109865632,0.0143451462031893,1.6586638411289742,0.17876376227044577,,0,0.20734511513692636,94.95060200668895
0.3,45,0.33,0.25,0.2,false,NO_DILUTE_CONNECTED_ROOT;ACTUAL_LOADING_EXCEEDS_DESIGN_FLOOD_FRACTION,6.8307329063135445,0.0009081286036367596,0.04393625412639043,1.2452930368207664,0.05471351132758166,0.01138717571918327,2.089523854703918,0.1753123764887919,,0,0.23326325452904217,106.81942725752509
0.3,50,0.33,0.25,0.2,false,NO_DILUTE_CONNECTED_ROOT;ACTUAL_LOADING_EXCEEDS_DESIGN_FLOOD_FRACTION,6.019470845047928,0.0012457182491587922,0.03620631390358181,1.2411085487993267,0.044935965706247305,0.009176928507800402,2.5927820275284854,0.1724818382869343,,0,0.25918139392115797,118.68825250836123
0.3,55,0.33,0.25,0.2,false,NO_DILUTE_CONNECTED_ROOT;ACTUAL_LOADING_EXCEEDS_DESIGN_FLOOD_FRACTION,5.368921982328662,0.0016580509896303522,0.030186067171409803,1.2359512223261448,0.03730850661772306,0.00749765741578767,3.173494597504095,0.17016636910258576,,0,0.28509953331327376,130.5570777591973
0.3,60,0.33,0.25,0.2,false,NO_DILUTE_CONNECTED_ROOT;ACTUAL_LOADING_EXCEEDS_DESIGN_FLOOD_FRACTION,4.83660722238131,0.002152601134546393,0.02543086875133198,1.2301777946571664,0.03128449003672942,0.006202112182479796,3.836398730444311,0.16827151545158253,,0,0.31101767270538955,142.42590301003347
0.3,65,0.33,0.25,0.2,false,NO_DILUTE_CONNECTED_ROOT;ACTUAL_LOADING_EXCEEDS_DESIGN_FLOOD_FRACTION,4.393658444104852,0.0027368429934018657,0.021628007357936383,1.224019663051491,0.02647310627873646,0.0051883836746763334,4.585970659624167,0.16671704816113786,,0,0.33693581209750534,154.29472826086956
0.3,70,0.33,0.25,0.2,false,NO_DILUTE_CONNECTED_ROOT;ACTUAL_LOADING_EXCEEDS_DESIGN_FLOOD_FRACTION,4.019802097808239,0.0034182508756917264,0.01855261922969788,1.21763110185494,0.022590246194952177,0.004384755502091099,5.426477095836104,0.16543684383424517,,0,0.3628539514896212,166.16355351170571
0.3,30,0.33,0.25,0.3,false,ACTUAL_LOADING_EXCEEDS_DESIGN_FLOOD_FRACTION,11.11160552023238,0.00026907514181829915,0.0858453550088732,1.4513035562201093,0.12458766900935546,0.028273920761242532,0.8415449524621585,0.18984179747157237,0.10387519556210767,2,0.15550883635269477,71.21295150501673
0.3,35,0.33,0.25,0.3,false,NO_DILUTE_CONNECTED_ROOT;ACTUAL_LOADING_EXCEEDS_DESIGN_FLOOD_FRACTION,9.23508011433191,0.0004272813594614658,0.06746703422503714,1.455352719532263,0.09818833173818407,0.02165292933006495,1.098870962918684,0.1847254353671242,,0,0.1814269757448106,83.08177675585286
0.3,40,0.33,0.25,0.3,false,NO_DILUTE_CONNECTED_ROOT;ACTUAL_LOADING_EXCEEDS_DESIGN_FLOOD_FRACTION,7.867746001565162,0.0006378077435693015,0.054026582900088875,1.4552075642896622,0.07861989210893185,0.016897240212504643,1.4081456500411424,0.18039582473510962,,0,0.20734511513692636,94.95060200668895
0.3,45,0.33,0.25,0.3,false,NO_DILUTE_CONNECTED_ROOT;ACTUAL_LOADING_EXCEEDS_DESIGN_FLOOD_FRACTION,6.8307329063135445,0.0009081286036367596,0.04393625412639043,1.4525658349354353,0.06382030165903578,0.013409642420233943,1.7743780600022578,0.1767819309490095,,0,0.23326325452904217,106.81942725752509
0.3,50,0.33,0.25,0.3,false,NO_DILUTE_CONNECTED_ROOT;ACTUAL_LOADING_EXCEEDS_DESIGN_FLOOD_FRACTION,6.019470845047928,0.0012457182491587922,0.03620631390358181,1.4483813469139957,0.05244054969846075,0.01080467227642707,2.2021746420620634,0.17379026589201946,,0,0.25918139392115797,118.68825250836123
0.3,55,0.33,0.25,0.3,false,NO_DILUTE_CONNECTED_ROOT;ACTUAL_LOADING_EXCEEDS_DESIGN_FLOOD_FRACTION,5.368921982328662,0.0016580509896303522,0.030186067171409803,1.4432240204408138,0.04356525722441852,0.008826340905424604,2.695768898787402,0.171323781145094,,0,0.28509953331327376,130.5570777591973
0.3,60,0.33,0.25,0.3,false,NO_DILUTE_CONNECTED_ROOT;ACTUAL_LOADING_EXCEEDS_DESIGN_FLOOD_FRACTION,4.83660722238131,0.002152601134546393,0.02543086875133198,1.4374505927718353,0.0365556173613049,0.007300769036978242,3.2590779385601314,0.1692921441863799,,0,0.31101767270538955,142.42590301003347
0.3,65,0.33,0.25,0.3,false,NO_DILUTE_CONNECTED_ROOT;ACTUAL_LOADING_EXCEEDS_DESIGN_FLOOD_FRACTION,4.393658444104852,0.0027368429934018657,0.021628007357936383,1.43129246116616,0.03095600388146058,0.00610760366115287,3.895762826634919,0.16761641103028296,,0,0.33693581209750534,154.29472826086956
0.3,70,0.33,0.25,0.3,false,NO_DILUTE_CONNECTED_ROOT;ACTUAL_LOADING_EXCEEDS_DESIGN_FLOOD_FRACTION,4.019802097808239,0.0034182508756917264,0.01855261922969788,1.4249038999696086,0.02643569949504767,0.005162143650085639,4.609281902208194,0.16623007149429797,,0,0.3628539514896212,166.16355351170571
0.3,30,0.33,0.25,0.4,false,ACTUAL_LOADING_EXCEEDS_DESIGN_FLOOD_FRACTION,11.11160552023238,0.00026907514181829915,0.0858453550088732,1.660841720164508,0.14257554708106984,0.032648733045340966,0.7287809689244312,0.19151433988604794,0.08133810211784862,2,0.15550883635269477,71.21295150501673
0.3,35,0.33,0.25,0.4,false,ACTUAL_LOADING_EXCEEDS_DESIGN_FLOOD_FRACTION,9.23508011433191,0.0004272813594614658,0.06746703422503714,1.6648908834766618,0.11232525021647226,0.024998024437983667,0.951826227787218,0.18632290364972826,0.1375545870243533,2,0.1814269757448106,83.08177675585286
0.3,40,0.33,0.25,0.4,false,NO_DILUTE_CONNECTED_ROOT;ACTUAL_LOADING_EXCEEDS_DESIGN_FLOOD_FRACTION,7.867746001565162,0.0006378077435693015,0.054026582900088875,1.664745728234061,0.08994052309400632,0.019504454671975445,1.2199149221601286,0.1818780276096526,,0,0.20734511513692636,94.95060200668895
0.3,45,0.33,0.25,0.4,false,NO_DILUTE_CONNECTED_ROOT;ACTUAL_LOADING_EXCEEDS_DESIGN_FLOOD_FRACTION,6.8307329063135445,0.0009081286036367596,0.04393625412639043,1.662103998879834,0.07302662367927414,0.015476087194248868,1.5374542030094522,0.1781301083124075,,0,0.23326325452904217,106.81942725752509
0.3,50,0.33,0.25,0.4,false,NO_DILUTE_CONNECTED_ROOT;ACTUAL_LOADING_EXCEEDS_DESIGN_FLOOD_FRACTION,6.019470845047928,0.0012457182491587922,0.03620631390358181,1.6579195108583944,0.06002715423701184,0.012467530892095532,1.9084593019155092,0.17500060860611133,,0,0.25918139392115797,118.68825250836123
0.3,55,0.33,0.25,0.4,false,NO_DILUTE_CONNECTED_ROOT;ACTUAL_LOADING_EXCEEDS_DESIGN_FLOOD_FRACTION,5.368921982328662,0.0016580509896303522,0.030186067171409803,1.6527621843852125,0.04989039031621802,0.010183155762205773,2.33658169025048,0.17240166736016516,,0,0.28509953331327376,130.5570777591973
0.3,60,0.33,0.25,0.4,false,NO_DILUTE_CONNECTED_ROOT;ACTUAL_LOADING_EXCEEDS_DESIGN_FLOOD_FRACTION,4.83660722238131,0.002152601134546393,0.02543086875133198,1.646988756716234,0.041884354906969984,0.008422086527770272,2.8251639572311578,0.17024787575916894,,0,0.31101767270538955,142.42590301003347
0.3,65,0.33,0.25,0.4,false,NO_DILUTE_CONNECTED_ROOT;ACTUAL_LOADING_EXCEEDS_DESIGN_FLOOD_FRACTION,4.393658444104852,0.0027368429934018657,0.021628007357936383,1.6408306251105587,0.03548789683301852,0.007045207182640685,3.377299586244432,0.16846232265877115,,0,0.33693581209750534,154.29472826086956
0.3,70,0.33,0.25,0.4,false,NO_DILUTE_CONNECTED_ROOT;ACTUAL_LOADING_EXCEEDS_DESIGN_FLOOD_FRACTION,4.019802097808239,0.0034182508756917264,0.01855261922969788,1.6344420639140074,0.030323181264798108,0.005954567405575322,3.9958864653476476,0.16697883869344854,,0,0.3628539514896212,166.16355351170571
0.3,30,0.4,0.25,0.2,false,NO_DILUTE_CONNECTED_ROOT;ACTUAL_LOADING_EXCEEDS_DESIGN_FLOOD_FRACTION,7.562836507208163,0.0007040505386567555,0.05104393512623957,1.2369182561010257,0.06313717522088214,0.013342852765975282,1.7832599759785706,0.17768670716551238,,0,0.18849555921538758,104.62876254180603
0.3,35,0.4,0.25,0.2,false,NO_DILUTE_CONNECTED_ROOT;ACTUAL_LOADING_EXCEEDS_DESIGN_FLOOD_FRACTION,6.285626402817157,0.0011180061794410516,0.03871995607078147,1.2326914048870863,0.04772975704605788,0.009805074830264883,2.426679624055036,0.17335051983476324,,0,0.21991148575128552,122.06688963210702
0.3,40,0.4,0.25,0.2,false,NO_DILUTE_CONNECTED_ROOT;ACTUAL_LOADING_EXCEEDS_DESIGN_FLOOD_FRACTION,5.354984622315289,0.001668860536075272,0.030059372410579478,1.2259668248732987,0.036851793351882156,0.007400260065344772,3.215262043879285,0.17005920863911217,,0,0.2513274122871834,139.505016722408
0.3,45,0.4,0.25,0.2,false,NO_DILUTE_CONNECTED_ROOT;ACTUAL_LOADING_EXCEEDS_DESIGN_FLOOD_FRACTION,4.649167584359657,0.0023761705679665496,0.023802539230348124,1.2179114075627184,0.02898938405760011,0.005717298826777564,4.16171622716274,0.1675620293287084,,0,0.28274333882308134,156.94314381270902
0.3,50,0.4,0.25,0.2,false,NO_DILUTE_CONNECTED_ROOT;ACTUAL_LOADING_EXCEEDS_DESIGN_FLOOD_FRACTION,4.097002343910746,0.0032594932345220155,0.019176458004267462,1.2091613333940634,0.023187431530215304,0.004508254955668623,5.2778238003200535,0.1656576337892624,,0,0.3141592653589793,174.38127090301006
0.3,55,0.4,0.25,0.2,false,NO_DILUTE_CONNECTED_ROOT;ACTUAL_LOADING_EXCEEDS_DESIGN_FLOOD_FRACTION,3.654222524222446,0.004338385495148802,0.015686533248057657,1.2000820190889439,0.01882512649283488,0.0036190037483612293,6.574675506681381,0.16419306085792001,,0,0.34557519189487723,191.81939799331101
0.3,60,0.4,0.25,0.2,false,NO_DILUTE_CONNECTED_ROOT;ACTUAL_LOADING_EXCEEDS_DESIGN_FLOOD_FRACTION,3.2919157907332792,0.005632404309254044,0.013006223041916096,1.1908909849765366,0.015488993769211985,0.002951039185285386,8.062846275163121,0.1630552898959508,,0,0.37699111843077515,209.25752508361205
0.3,65,0.4,0.25,0.2,false,NO_DILUTE_CONNECTED_ROOT;ACTUAL_LOADING_EXCEEDS_DESIGN_FLOOD_FRACTION,2.9904337785188653,0.007161106636244867,0.010914396836013172,1.1817206376781921,0.012897767988926327,0.002439757714920923,9.752515652444563,0.16216177258483755,,0,0.40840704496667307,226.695652173913
0.3,70,0.4,0.25,0.2,false,NO_DILUTE_CONNECTED_ROOT;ACTUAL_LOADING_EXCEEDS_DESIGN_FLOOD_FRACTION,2.735977802820733,0.008944049435528413,0.009258017140422048,1.1726523733224183,0.010856435771975544,0.0020417621447761346,11.65354905017475,0.16145236979804262,,0,0.43982297150257105,244.13377926421404
0.3,30,0.4,0.25,0.3,false,NO_DILUTE_CONNECTED_ROOT;ACTUAL_LOADING_EXCEEDS_DESIGN_FLOOD_FRACTION,7.562836507208163,0.0007040505386567555,0.05104393512623957,1.4441910542156946,0.07371719448128146,0.015735553743176506,1.512102827220587,0.1792846777334614,,0,0.18849555921538758,104.62876254180603
0.3,35,0.4,0.25,0.3,false,NO_DILUTE_CONNECTED_ROOT;ACTUAL_LOADING_EXCEEDS_DESIGN_FLOOD_FRACTION,6.285626402817157,0.0011180061794410516,0.03871995607078147,1.4399642030017552,0.055755350683725814,0.011559003418225335,2.0584625198243747,0.17472156347067164,,0,0.21991148575128552,122.06688963210702
0.3,40,0.4,0.25,0.3,false,NO_DILUTE_CONNECTED_ROOT;ACTUAL_LOADING_EXCEEDS_DESIGN_FLOOD_FRACTION,5.354984622315289,0.001668860536075272,0.030059372410579478,1.4332396229879674,0.043082283580993835,0.008722069362844741,2.7279965697473245,0.171217921855019,,0,0.2513274122871834,139.505016722408
0.3,45,0.4,0.25,0.3,false,NO_DILUTE_CONNECTED_ROOT;ACTUAL_LOADING_EXCEEDS_DESIGN_FLOOD_FRACTION,4.649167584359657,0.0023761705679665496,0.023802539230348124,1.4251842056773874,0.03392300296610854,0.006738126951227169,3.5312150505869124,0.16853569601645912,,0,0.28274333882308134,156.94314381270902
0.3,50,0.4,0.25,0.3,false,NO_DILUTE_CONNECTED_ROOT;ACTUAL_LOADING_EXCEEDS_DESIGN_FLOOD_FRACTION,4.097002343910746,0.0032594932345220155,0.019176458004267462,1.416434131508732,0.027162189638688255,0.005313822926123606,4.477713245950419,0.16647584111340202,,0,0.3141592653589793,174.38127090301006
0.3,55,0.4,0.25,0.3,false,NO_DILUTE_CONNECTED_ROOT;ACTUAL_LOADING_EXCEEDS_DESIGN_FLOOD_FRACTION,3.654222524222446,0.004338385495148802,0.015686533248057657,1.4073548172036126,0.022076518131878574,0.0042668555986945834,5.576419157521579,0.16488300900602587,,0,0.34557519189487723,191.81939799331101
0.3,60,0.4,0.25,0.3,false,NO_DILUTE_CONNECTED_ROOT;ACTUAL_LOADING_EXCEEDS_DESIGN_FLOOD_FRACTION,3.2919157907332792,0.005632404309254044,0.013006223041916096,1.3981637830912055,0.018184830012013417,0.0034807725185273097,6.83577429328983,0.16364020696731107,,0,0.37699111843077515,209.25752508361205
0.3,65,0.4,0.25,0.3,false,NO_DILUTE_CONNECTED_ROOT;ACTUAL_LOADING_EXCEEDS_DESIGN_FLOOD_FRACTION,2.9904337785188653,0.007161106636244867,0.010914396836013172,1.388993435792861,0.015160025560860668,0.002879258473383121,8.263855267908985,0.16266077003342577,,0,0.40840704496667307,226.695652173913
0.3,70,0.4,0.25,0.3,false,NO_DILUTE_CONNECTED_ROOT;ACTUAL_LOADING_EXCEEDS_DESIGN_FLOOD_FRACTION,2.735977802820733,0.008944049435528413,0.009258017140422048,1.3799251714370873,0.012775370889664387,0.0024110946777068866,9.86845333073696,0.1618809125679213,,0,0.43982297150257105,244.13377926421404
0.3,30,0.4,0.25,0.4,false,NO_DILUTE_CONNECTED_ROOT;ACTUAL_LOADING_EXCEEDS_DESIGN_FLOOD_FRACTION,7.562836507208163,0.0007040505386567555,0.05104393512623957,1.6537292181600933,0.0844128469281307,0.01818031269897646,1.3087660095240419,0.1807393518534644,,0,0.18849555921538758,104.62876254180603
0.3,35,0.4,0.25,0.4,false,NO_DILUTE_CONNECTED_ROOT;ACTUAL_LOADING_EXCEEDS_DESIGN_FLOOD_FRACTION,6.285626402817157,0.0011180061794410516,0.03871995607078147,1.649502366946154,0.06386865918680514,0.013351052624123382,1.7821647455682141,0.1759857696311256,,0,0.21991148575128552,122.06688963210702
0.3,40,0.4,0.25,0.4,false,NO_DILUTE_CONNECTED_ROOT;ACTUAL_LOADING_EXCEEDS_DESIGN_FLOOD_FRACTION,5.354984622315289,0.001668860536075272,0.030059372410579478,1.642777786932366,0.04938086928522758,0.010071926144174868,2.3623858001282003,0.17229672681328828,,0,0.2513274122871834,139.505016722408
0.3,45,0.4,0.25,0.4,false,NO_DILUTE_CONNECTED_ROOT;ACTUAL_LOADING_EXCEEDS_DESIGN_FLOOD_FRACTION,4.649167584359657,0.0023761705679665496,0.023802539230348124,1.634722369621786,0.03891054333365021,0.007779809245531806,3.058400862026818,0.1694488087368215,,0,0.28274333882308134,156.94314381270902
0.3,50,0.4,0.25,0.4,false,NO_DILUTE_CONNECTED_ROOT;ACTUAL_LOADING_EXCEEDS_DESIGN_FLOOD_FRACTION,4.097002343910746,0.0032594932345220155,0.019176458004267462,1.6259722954531308,0.03118038943985933,0.006135121005928872,3.8782894876799987,0.16724733407770465,,0,0.3141592653589793,174.38127090301006
0.3,55,0.4,0.25,0.4,false,NO_DILUTE_CONNECTED_ROOT;ACTUAL_LOADING_EXCEEDS_DESIGN_FLOOD_FRACTION,3.654222524222446,0.004338385495148802,0.015686533248057657,1.6168929811480113,0.02536344550732934,0.004926768764965567,4.829488948646644,0.16553620952568732,,0,0.34557519189487723,191.81939799331101
0.3,60,0.4,0.25,0.4,false,NO_DILUTE_CONNECTED_ROOT;ACTUAL_LOADING_EXCEEDS_DESIGN_FLOOD_FRACTION,3.2919157907332792,0.005632404309254044,0.013006223041916096,1.6077019470356042,0.020910130108067845,0.004019913199562146,5.9189773812853295,0.1641956579436208,,0,0.37699111843077515,209.25752508361205
0.3,65,0.4,0.25,0.4,false,NO_DILUTE_CONNECTED_ROOT;ACTUAL_LOADING_EXCEEDS_DESIGN_FLOOD_FRACTION,2.9904337785188653,0.007161106636244867,0.010914396836013172,1.5985315997372598,0.017447008234439423,0.0033262208865271407,7.1533960355174795,0.16313573162791534,,0,0.40840704496667307,226.695652173913
0.3,70,0.4,0.25,0.4,false,NO_DILUTE_CONNECTED_ROOT;ACTUAL_LOADING_EXCEEDS_DESIGN_FLOOD_FRACTION,2.735977802820733,0.008944049435528413,0.009258017140422048,1.589463335381486,0.014715278803034195,0.0027864409511821216,8.539127769007413,0.1622895209081211,,0,0.43982297150257105,244.13377926421404
0.3,30,0.5,0.25,0.2,false,NO_DILUTE_CONNECTED_ROOT;ACTUAL_LOADING_EXCEEDS_DESIGN_FLOOD_FRACTION,4.8402153646132255,0.0021485917317405866,0.025462469533217232,1.2059928803626667,0.030707556973511296,0.006082753658569152,3.9116782691699044,0.16815927980163964,,0,0.23561944901923448,163.4824414715719
0.3,35,0.5,0.25,0.2,false,NO_DILUTE_CONNECTED_ROOT;ACTUAL_LOADING_EXCEEDS_DESIGN_FLOOD_FRACTION,4.0228008978029814,0.0034118840925325064,0.018576736967408528,1.1938635539983495,0.022178089217602868,0.004301958855377371,5.530916520318852,0.16535185647188283,,0,0.2748893571891069,190.72951505016724
0.3,40,0.5,0.25,0.2,false,NO_DILUTE_CONNECTED_ROOT;ACTUAL_LOADING_EXCEEDS_DESIGN_FLOOD_FRACTION,3.427190158281785,0.005092958178940649,0.01398684914751177,1.1808149978220996,0.016515881245657147,0.003156064999837702,7.539063772185383,0.16342980054336004,,0,0.3141592653589793,217.97658862876253
0.3,45,0.5,0.25,0.2,false,NO_DILUTE_CONNECTED_ROOT;ACTUAL_LOADING_EXCEEDS_DESIGN_FLOOD_FRACTION,2.9754672539901805,0.007251497094624479,0.010814106434329361,1.1675513763150316,0.012626024851018484,0.0023868686180019134,9.96861541665282,0.16208506182332139,,0,0.3534291735288517,245.22366220735785
0.3,50,0.5,0.25,0.2,false,NO_DILUTE_CONNECTED_ROOT;ACTUAL_LOADING_EXCEEDS_DESIGN_FLOOD_FRACTION,2.6220815001028774,0.009947183943243457,0.008551478385134977,1.1544208685565687,0.009872005104810243,0.0018515792633814609,12.850530233032055,0.1611224523374124,,0,0.39269908169872414,272.47073578595325
0.3,55,0.5,0.25,0.2,false,NO_DILUTE_CONNECTED_ROOT;ACTUAL_LOADING_EXCEEDS_DESIGN_FLOOD_FRACTION,2.3387024155023655,0.013239701828457039,0.006893722191788031,1.1415977347395099,0.007869857638068706,0.0014674275751475503,16.214616452567487,0.16041794267204773,,0,0.43196898986859655,299.7178093645485
0.3,60,0.5,0.25,0.2,false,NO_DILUTE_CONNECTED_ROOT;ACTUAL_LOADING_EXCEEDS_DESIGN_FLOOD_FRACTION,2.1068261060692985,0.017188733853924693,0.005650241214908295,1.129166274804668,0.0063800618243858,0.0011843730562061743,20.08976409777148,0.15989158299159661,,0,0.47123889803846897,326.9648829431438
0.3,65,0.5,0.25,0.2,false,NO_DILUTE_CONNECTED_ROOT;ACTUAL_LOADING_EXCEEDS_DESIGN_FLOOD_FRACTION,1.9138776182520738,0.021853963123305866,0.00469812733661009,1.1171624364702375,0.005248571382214756,0.0009710121776628042,24.504095674896224,0.1594908517212955,,0,0.5105088062083414,354.2119565217391
0.3,70,0.5,0.25,0.2,false,NO_DILUTE_CONNECTED_ROOT;ACTUAL_LOADING_EXCEEDS_DESIGN_FLOOD_FRACTION,1.7510257938052693,0.02729507274026005,0.003955812709907696,1.105595598060701,0.0043735291188265225,0.0008069770205036064,29.485071691496017,0.15918051819653634,,0,0.5497787143782138,381.4590301003345
0.3,30,0.5,0.25,0.3,false,NO_DILUTE_CONNECTED_ROOT;ACTUAL_LOADING_EXCEEDS_DESIGN_FLOOD_FRACTION,4.8402153646132255,0.0021485917317405866,0.025462469533217232,1.4132656784773356,0.03598523428057074,0.0071816195880143145,3.313148936856673,0.16919060720703105,,0,0.23561944901923448,163.4824414715719
0.3,35,0.5,0.25,0.3,false,NO_DILUTE_CONNECTED_ROOT;ACTUAL_LOADING_EXCEEDS_DESIGN_FLOOD_FRACTION,4.0228008978029814,0.0034118840925325064,0.018576736967408528,1.4011363521130185,0.026028541468677842,0.005079668324841605,4.684119864003252,0.16615262003535702,,0,0.2748893571891069,190.72951505016724
0.3,40,0.5,0.25,0.3,false,NO_DILUTE_CONNECTED_ROOT;ACTUAL_LOADING_EXCEEDS_DESIGN_FLOOD_FRACTION,3.427190158281785,0.005092958178940649,0.01398684914751177,1.3880877959367686,0.019414974605269683,0.003728417415895169,6.381735907975302,0.1640566117243294,,0,0.3141592653589793,217.97658862876253
0.3,45,0.5,0.25,0.3,false,NO_DILUTE_CONNECTED_ROOT;ACTUAL_LOADING_EXCEEDS_DESIGN_FLOOD_FRACTION,2.9754672539901805,0.007251497094624479,0.010814106434329361,1.3748241744297003,0.014867494950771774,0.002821911562350235,8.431793405716085,0.16258195553551308,,0,0.3534291735288517,245.22366220735785
0.3,50,0.5,0.25,0.3,false,NO_DILUTE_CONNECTED_ROOT;ACTUAL_LOADING_EXCEEDS_DESIGN_FLOOD_FRACTION,2.6220815001028774,0.009947183943243457,0.008551478385134977,1.3616936666712376,0.01164449395771428,0.002191222597139991,10.858675578644814,0.16152192804796295,,0,0.39269908169872414,272.47073578595325
0.3,55,0.5,0.25,0.3,false,NO_DILUTE_CONNECTED_ROOT;ACTUAL_LOADING_EXCEEDS_DESIGN_FLOOD_FRACTION,2.3387024155023655,0.013239701828457039,0.006893722191788031,1.3488705328541788,0.0092987387261858,0.001738583594108891,13.685724047760935,0.16074359062909688,,0,0.43196898986859655,299.7178093645485
0.3,60,0.5,0.25,0.3,false,NO_DILUTE_CONNECTED_ROOT;ACTUAL_LOADING_EXCEEDS_DESIGN_FLOOD_FRACTION,2.1068261060692985,0.017188733853924693,0.005650241214908295,1.3364390729193367,0.007551203131022668,0.0014049685007860666,16.9354510721246,0.16016055779551142,,0,0.47123889803846897,326.9648829431438
0.3,65,0.5,0.25,0.3,false,NO_DILUTE_CONNECTED_ROOT;ACTUAL_LOADING_EXCEEDS_DESIGN_FLOOD_FRACTION,1.9138776182520738,0.021853963123305866,0.00469812733661009,1.3244352345849064,0.006222365381172947,0.0011533763336384225,20.6296718677062,0.15971570767944948,,0,0.5105088062083414,354.2119565217391
0.3,70,0.5,0.25,0.3,false,NO_DILUTE_CONNECTED_ROOT;ACTUAL_LOADING_EXCEEDS_DESIGN_FLOOD_FRACTION,1.7510257938052693,0.02729507274026005,0.003955812709907696,1.3128683961753698,0.005193461488026661,0.0009598291099391482,24.789595415007966,0.1593705720439943,,0,0.5497787143782138,381.4590301003345
0.3,30,0.5,0.25,0.4,false,NO_DILUTE_CONNECTED_ROOT;ACTUAL_LOADING_EXCEEDS_DESIGN_FLOOD_FRACTION,4.8402153646132255,0.0021485917317405866,0.025462469533217232,1.6228038424217344,0.04132059339605127,0.008303294712251129,2.8655824136691264,0.17015535446426766,,0,0.23561944901923448,163.4824414715719
0.3,35,0.5,0.25,0.4,false,NO_DILUTE_CONNECTED_ROOT;ACTUAL_LOADING_EXCEEDS_DESIGN_FLOOD_FRACTION,4.0228008978029814,0.0034118840925325064,0.018576736967408528,1.6106745160574172,0.02992107682490666,0.0058724971936770665,4.051730382869745,0.16690778696109582,,0,0.2748893571891069,190.72951505016724
0.3,40,0.5,0.25,0.4,false,NO_DILUTE_CONNECTED_ROOT;ACTUAL_LOADING_EXCEEDS_DESIGN_FLOOD_FRACTION,3.427190158281785,0.005092958178940649,0.01398684914751177,1.5976259598811673,0.022345753295006578,0.004311147407904379,5.519128216148073,0.16465087895426084,,0,0.3141592653589793,217.97658862876253
0.3,45,0.5,0.25,0.4,false,NO_DILUTE_CONNECTED_ROOT;ACTUAL_LOADING_EXCEEDS_DESIGN_FLOOD_FRACTION,2.9754672539901805,0.007251497094624479,0.010814106434329361,1.584362338374099,0.017133462957720457,0.003264336620702083,7.2890078651941215,0.16305471281825,,0,0.3534291735288517,245.22366220735785
0.3,50,0.5,0.25,0.4,false,NO_DILUTE_CONNECTED_ROOT;ACTUAL_LOADING_EXCEEDS_DESIGN_FLOOD_FRACTION,2.6220815001028774,0.009947183943243457,0.008551478385134977,1.5712318306156363,0.013436355037545675,0.0025362963865470573,9.381307101624586,0.16190289675174369,,0,0.39269908169872414,272.47073578595325
0.3,55,0.5,0.25,0.4,false,NO_DILUTE_CONNECTED_ROOT;ACTUAL_LOADING_EXCEEDS_DESIGN_FLOOD_FRACTION,2.3387024155023655,0.013239701828457039,0.006893722191788031,1.5584086967985775,0.010743236616995819,0.0020138563352063064,11.815031135525945,0.16105465598161128,,0,0.43196898986859655,299.7178093645485
0.3,60,0.5,0.25,0.4,false,NO_DILUTE_CONNECTED_ROOT;ACTUAL_LOADING_EXCEEDS_DESIGN_FLOOD_FRACTION,2.1068261060692985,0.017188733853924693,0.005650241214908295,1.5459772368637354,0.008735144301037522,0.0016287679524989917,14.608450065850258,0.16041775663963542,,0,0.47123889803846897,326.9648829431438
0.3,65,0.5,0.25,0.4,false,NO_DILUTE_CONNECTED_ROOT;ACTUAL_LOADING_EXCEEDS_DESIGN_FLOOD_FRACTION,1.9138776182520738,0.021853963123305866,0.00469812733661009,1.5339733985293051,0.007206802357263213,0.0013382915314966875,17.77921681707778,0.15993087822424346,,0,0.5105088062083414,354.2119565217391
0.3,70,0.5,0.25,0.4,false,NO_DILUTE_CONNECTED_ROOT;ACTUAL_LOADING_EXCEEDS_DESIGN_FLOOD_FRACTION,1.7510257938052693,0.02729507274026005,0.003955812709907696,1.5224065601197685,0.006022355220168636,0.001114752543830683,21.34444584551014,0.1595525160113771,,0,0.5497787143782138,381.4590301003345
0.3,30,0.33,0.3,0.2,false,ACTUAL_LOADING_EXCEEDS_DESIGN_FLOOD_FRACTION,11.952240223390644,0.00022422928484858263,0.09399038187553939,1.2073738909942064,0.11348153308110133,0.025718140383052875,0.9251747967989838,0.18958944834858082,0.12869219328033615,2,0.15550883635269477,71.21295150501673
0.3,35,0.33,0.3,0.2,false,NO_DILUTE_CONNECTED_ROOT;ACTUAL_LOADING_EXCEEDS_DESIGN_FLOOD_FRACTION,9.933748620554388,0.00035606779955122146,0.07433297726606315,1.2127374829356699,0.0901463877487598,0.019862580788048867,1.1979196236802814,0.18457842545184744,,0,0.1814269757448106,83.08177675585286
0.3,40,0.33,0.3,0.2,false,NO_DILUTE_CONNECTED_ROOT;ACTUAL_LOADING_EXCEEDS_DESIGN_FLOOD_FRACTION,8.462970545174773,0.0005315064529744179,0.05987041731779979,1.2134958698255462,0.0726525041398819,0.015608500700777711,1.5244113293824006,0.18033075457105624,,0,0.20734511513692636,94.95060200668895
0.3,45,0.33,0.3,0.2,false,NO_DILUTE_CONNECTED_ROOT;ACTUAL_LOADING_EXCEEDS_DESIGN_FLOOD_FRACTION,7.347503513279098,0.0007567738363639662,0.04894423041255527,1.2115054292777767,0.05929620087663319,0.012458590502395102,1.9098288284187888,0.1767760794272748,,0,0.23326325452904217,106.81942725752509
0.3,50,0.33,0.3,0.2,false,NO_DILUTE_CONNECTED_ROOT;ACTUAL_LOADING_EXCEEDS_DESIGN_FLOOD_FRACTION,6.474866429221876,0.0010380985409656602,0.040521471367492484,1.2078079725129358,0.04894215617561208,0.010086168226806923,2.3590500146229774,0.17382424384135148,,0,0.25918139392115797,118.68825250836123
0.3,55,0.33,0.3,0.2,false,NO_DILUTE_CONNECTED_ROOT;ACTUAL_LOADING_EXCEEDS_DESIGN_FLOOD_FRACTION,5.775101100969687,0.0013817091580252937,0.03392225829367552,1.2030256750752824,0.04080934768382709,0.008271359051774748,2.8766464076823457,0.17138241383682978,,0,0.28509953331327376,130.5570777591973
0.3,60,0.33,0.3,0.2,false,NO_DILUTE_CONNECTED_ROOT;ACTUAL_LOADING_EXCEEDS_DESIGN_FLOOD_FRACTION,5.202514729561658,0.001793834278788661,0.028680592638089652,1.197548021145449,0.03434638695902299,0.006863099451218801,3.4669139609674757,0.1693643737521498,,0,0.31101767270538955,142.42590301003347
0.3,65,0.33,0.3,0.2,false,NO_DILUTE_CONNECTED_ROOT;ACTUAL_LOADING_EXCEEDS_DESIGN_FLOOD_FRACTION,4.7260552120798955,0.0022807024945015546,0.024467263816929773,1.1916278444102173,0.029155872840784133,0.005755748420471623,4.133915099261589,0.16769454498867692,,0,0.33693581209750534,154.29472826086956
0.3,70,0.33,0.3,0.2,false,NO_DILUTE_CONNECTED_ROOT;ACTUAL_LOADING_EXCEEDS_DESIGN_FLOOD_FRACTION,4.32391522863286,0.0028485423964097717,0.021044238289817767,1.1854339673976777,0.024946554886760796,0.004874255410437718,4.881520006519715,0.1663090521092963,,0,0.3628539514896212,166.16355351170571
0.3,30,0.33,0.3,0.3,false,ACTUAL_LOADING_EXCEEDS_DESIGN_FLOOD_FRACTION,11.952240223390644,0.00022422928484858263,0.09399038187553939,1.4146466891088754,0.13296318252831063,0.030453891887038714,0.7813049114115165,0.1915532675711154,0.0913644390813715,2,0.15550883635269477,71.21295150501673
0.3,35,0.33,0.3,0.3,false,NO_DILUTE_CONNECTED_ROOT;ACTUAL_LOADING_EXCEEDS_DESIGN_FLOOD_FRACTION,9.933748620554388,0.00035606779955122146,0.07433297726606315,1.4200102810503386,0.10555359193889076,0.02350816236179268,1.0121495222276584,0.18645192307355224,,0,0.1814269757448106,83.08177675585286
0.3,40,0.33,0.3,0.3,false,NO_DILUTE_CONNECTED_ROOT;ACTUAL_LOADING_EXCEEDS_DESIGN_FLOOD_FRACTION,8.462970545174773,0.0005315064529744179,0.05987041731779979,1.420768667940215,0.08506201306163519,0.01846776313156155,1.2883950878855999,0.18207045478232314,,0,0.20734511513692636,94.95060200668895
0.3,45,0.33,0.3,0.3,false,NO_DILUTE_CONNECTED_ROOT;ACTUAL_LOADING_EXCEEDS_DESIGN_FLOOD_FRACTION,7.347503513279098,0.0007567738363639662,0.04894423041255527,1.4187782273924454,0.06944100846581258,0.014737638707505218,1.6144903383214015,0.1783615244545927,,0,0.23326325452904217,106.81942725752509
0.3,50,0.33,0.3,0.3,false,NO_DILUTE_CONNECTED_ROOT;ACTUAL_LOADING_EXCEEDS_DESIGN_FLOOD_FRACTION,6.474866429221876,0.0010380985409656602,0.040521471367492484,1.4150807706276047,0.05734115492967568,0.01192926337766678,1.994572049392748,0.17525114177692236,,0,0.25918139392115797,118.68825250836123
0.3,55,0.33,0.3,0.3,false,NO_DILUTE_CONNECTED_ROOT;ACTUAL_LOADING_EXCEEDS_DESIGN_FLOOD_FRACTION,5.775101100969687,0.0013817091580252937,0.03392225829367552,1.4102984731899513,0.047840509078725744,0.009781747506286676,2.4324667231132837,0.17265660818876416,,0,0.28509953331327376,130.5570777591973
0.3,60,0.33,0.3,0.3,false,NO_DILUTE_CONNECTED_ROOT;ACTUAL_LOADING_EXCEEDS_DESIGN_FLOOD_FRACTION,5.202514729561658,0.001793834278788661,0.028680592638089652,1.404820819260118,0.04029109364670681,0.0081159656729904,2.931724487465908,0.170497219405138,,0,0.31101767270538955,142.42590301003347
0.3,65,0.33,0.3,0.3,false,NO_DILUTE_CONNECTED_ROOT;ACTUAL_LOADING_EXCEEDS_DESIGN_FLOOD_FRACTION,4.7260552120798955,0.0022807024945015546,0.024467263816929773,1.398900642524886,0.034227271074328956,0.0068066549730918255,3.4956634935956954,0.1686998222651857,,0,0.33693581209750534,154.29472826086956
0.3,70,0.33,0.3,0.3,false,NO_DILUTE_CONNECTED_ROOT;ACTUAL_LOADING_EXCEEDS_DESIGN_FLOOD_FRACTION,4.32391522863286,0.0028485423964097717,0.021044238289817767,1.3927067655123466,0.02930845304128318,0.00576481532897429,4.127413272607331,0.1672010259910307,,0,0.3628539514896212,166.16355351170571
0.3,30,0.33,0.3,0.4,true,,11.952240223390644,0.00022422928484858263,0.09399038187553939,1.624184853053274,0.15265775457494407,0.035283802730599216,0.674354050911411,0.19327465390555387,0.07282611628924014,2,0.15550883635269477,71.21295150501673
0.3,35,0.33,0.3,0.4,false,ACTUAL_LOADING_EXCEEDS_DESIGN_FLOOD_FRACTION,9.933748620554388,0.00035606779955122146,0.07433297726606315,1.6295484449947373,0.12112918751574236,0.027230268317347192,0.8737987825033927,0.18811928417384954,0.11125658619289056,2,0.1814269757448106,83.08177675585286
0.3,40,0.33,0.3,0.4,false,NO_DILUTE_CONNECTED_ROOT;ACTUAL_LOADING_EXCEEDS_DESIGN_FLOOD_FRACTION,8.462970545174773,0.0005315064529744179,0.05987041731779979,1.6303068318846137,0.09760715038099188,0.021389036784555053,1.1124285559282447,0.18363863680048986,,0,0.20734511513692636,94.95060200668895
0.3,45,0.33,0.3,0.4,false,NO_DILUTE_CONNECTED_ROOT;ACTUAL_LOADING_EXCEEDS_DESIGN_FLOOD_FRACTION,7.347503513279098,0.0007567738363639662,0.04894423041255527,1.6283163913368441,0.07969669264213101,0.017066810859405375,1.3941547427313368,0.17980596368461776,,0,0.23326325452904217,106.81942725752509
0.3,50,0.33,0.3,0.4,false,NO_DILUTE_CONNECTED_ROOT;ACTUAL_LOADING_EXCEEDS_DESIGN_FLOOD_FRACTION,6.474866429221876,0.0010380985409656602,0.040521471367492484,1.6246189345720035,0.06583194964034558,0.01381284877861197,1.722582769441546,0.1765626817423402,,0,0.25918139392115797,118.68825250836123
0.3,55,0.33,0.3,0.4,false,NO_DILUTE_CONNECTED_ROOT;ACTUAL_LOADING_EXCEEDS_DESIGN_FLOOD_FRACTION,5.775101100969687,0.0013817091580252937,0.03392225829367552,1.61983663713435,0.054948516798430165,0.0113248979004974,2.101014553243225,0.17383635834880445,,0,0.28509953331327376,130.5570777591973
0.3,60,0.33,0.3,0.4,false,NO_DILUTE_CONNECTED_ROOT;ACTUAL_LOADING_EXCEEDS_DESIGN_FLOOD_FRACTION,5.202514729561658,0.001793834278788661,0.028680592638089652,1.6143589832045167,0.046300772368929356,0.00939543949893917,2.5324813496617393,0.17155240055247267,,0,0.31101767270538955,142.42590301003347
0.3,65,0.33,0.3,0.4,false,NO_DILUTE_CONNECTED_ROOT;ACTUAL_LOADING_EXCEEDS_DESIGN_FLOOD_FRACTION,4.7260552120798955,0.0022807024945015546,0.024467263816929773,1.6084388064692847,0.03935409661127164,0.007879287792932656,3.0197875656072064,0.16964079152446987,,0,0.33693581209750534,154.29472826086956
0.3,70,0.33,0.3,0.4,false,NO_DILUTE_CONNECTED_ROOT;ACTUAL_LOADING_EXCEEDS_DESIGN_FLOOD_FRACTION,4.32391522863286,0.0028485423964097717,0.021044238289817767,1.6022449294567453,0.03371802409414001,0.006673233369927319,3.565554204977224,0.16803931013132378,,0,0.3628539514896212,166.16355351170571
0.3,30,0.4,0.3,0.2,false,NO_DILUTE_CONNECTED_ROOT;ACTUAL_LOADING_EXCEEDS_DESIGN_FLOOD_FRACTION,8.13499350204526,0.0005867087822139628,0.056647722839164506,1.2021037389950875,0.06809643943051706,0.01452969455986127,1.6375963861394391,0.17921743575682425,,0,0.18849555921538758,104.62876254180603
0.3,35,0.4,0.3,0.2,false,NO_DILUTE_CONNECTED_ROOT;ACTUAL_LOADING_EXCEEDS_DESIGN_FLOOD_FRACTION,6.761157654864832,0.0009316718162008762,0.04326614245172199,1.198787907602652,0.051866928379738074,0.010753280002784632,2.212699315629941,0.17472734152692865,,0,0.21991148575128552,122.06688963210702
0.3,40,0.4,0.3,0.2,false,NO_DILUTE_CONNECTED_ROOT;ACTUAL_LOADING_EXCEEDS_DESIGN_FLOOD_FRACTION,5.760109327309581,0.0013907171133960598,0.03378295653776325,1.1926895653121576,0.04029257974798437,0.008159900058632258,2.9159395497457767,0.17126392163431997,,0,0.2513274122871834,139.505016722408
0.3,45,0.4,0.3,0.2,false,NO_DILUTE_CONNECTED_ROOT;ACTUAL_LOADING_EXCEEDS_DESIGN_FLOOD_FRACTION,5.000894578725587,0.0019801421399721244,0.02687899243199593,1.1850855509906606,0.031853905556345694,0.006330103496357798,3.758828795868677,0.16860021146836984,,0,0.28274333882308134,156.94314381270902
0.3,50,0.4,0.3,0.2,false,NO_DILUTE_CONNECTED_ROOT;ACTUAL_LOADING_EXCEEDS_DESIGN_FLOOD_FRACTION,4.406955963389141,0.00271624436210168,0.021739805067679818,1.1766730342355916,0.0255806423926771,0.005007049615776252,4.752055028168497,0.1665458535389474,,0,0.3141592653589793,174.38127090301006
0.3,55,0.4,0.3,0.2,false,NO_DILUTE_CONNECTED_ROOT;ACTUAL_LOADING_EXCEEDS_DESIGN_FLOOD_FRACTION,3.930678186847494,0.003615321245957335,0.017840184884533004,1.1678536495130964,0.020834725025390247,0.004028970470418718,5.905671306760874,0.16495136612774391,,0,0.34557519189487723,191.81939799331101
0.3,60,0.4,0.3,0.2,false,NO_DILUTE_CONNECTED_ROOT;ACTUAL_LOADING_EXCEEDS_DESIGN_FLOOD_FRACTION,3.540961587807905,0.004693670257711702,0.014830425847945819,1.1588676137802385,0.01718650021375374,0.0032913206443292713,7.229248643377786,0.1637033856947046,,0,0.37699111843077515,209.25752508361205
0.3,65,0.4,0.3,0.2,false,NO_DILUTE_CONNECTED_ROOT;ACTUAL_LOADING_EXCEEDS_DESIGN_FLOOD_FRACTION,3.2166713287218784,0.0059675888635373885,0.01247172328685751,1.149862191072521,0.014340763065076161,0.002724898092779692,8.731987213021405,0.16271736069581572,,0,0.40840704496667307,226.695652173913
0.3,70,0.4,0.3,0.2,false,NO_DILUTE_CONNECTED_ROOT;ACTUAL_LOADING_EXCEEDS_DESIGN_FLOOD_FRACTION,2.9429648024882407,0.00745337452960701,0.010597513339288175,1.1409288607455816,0.012091008820930163,0.002282859578705011,10.422794080236898,0.16193064288161002,,0,0.43982297150257105,244.13377926421404
0.3,30,0.4,0.3,0.3,false,NO_DILUTE_CONNECTED_ROOT;ACTUAL_LOADING_EXCEEDS_DESIGN_FLOOD_FRACTION,8.13499350204526,0.0005867087822139628,0.056647722839164506,1.4093765371097562,0.07983797145021491,0.017214693850319575,1.3821782431813026,0.18092773523271838,,0,0.18849555921538758,104.62876254180603
0.3,35,0.4,0.3,0.3,false,NO_DILUTE_CONNECTED_ROOT;ACTUAL_LOADING_EXCEEDS_DESIGN_FLOOD_FRACTION,6.761157654864832,0.0009316718162008762,0.04326614245172199,1.406060705717321,0.06083482278933435,0.012735995112341948,1.8682305617313781,0.17621789422618167,,0,0.21991148575128552,122.06688963210702
0.3,40,0.4,0.3,0.3,false,NO_DILUTE_CONNECTED_ROOT;ACTUAL_LOADING_EXCEEDS_DESIGN_FLOOD_FRACTION,5.760109327309581,0.0013907171133960598,0.03378295653776325,1.3999623634268266,0.04729486767815281,0.009662528420377512,2.4624792050038873,0.17254039541746669,,0,0.2513274122871834,139.505016722408
0.3,45,0.4,0.3,0.3,false,NO_DILUTE_CONNECTED_ROOT;ACTUAL_LOADING_EXCEEDS_DESIGN_FLOOD_FRACTION,5.000894578725587,0.0019801421399721244,0.02687899243199593,1.3923583491053293,0.03742518952822849,0.007495427749886564,3.1744386173689394,0.1696845316204676,,0,0.28274333882308134,156.94314381270902
0.3,50,0.4,0.3,0.3,false,NO_DILUTE_CONNECTED_ROOT;ACTUAL_LOADING_EXCEEDS_DESIGN_FLOOD_FRACTION,4.406955963389141,0.00271624436210168,0.021739805067679818,1.3839458323502605,0.030086712619522556,0.005929470803942904,4.01279913329139,0.16746507589404575,,0,0.3141592653589793,174.38127090301006
0.3,55,0.4,0.3,0.3,false,NO_DILUTE_CONNECTED_ROOT;ACTUAL_LOADING_EXCEEDS_DESIGN_FLOOD_FRACTION,3.930678186847494,0.003615321245957335,0.017840184884533004,1.3751264476277654,0.024532510065290426,0.004772472839601585,4.985628227257766,0.1657319790595171,,0,0.34557519189487723,191.81939799331101
0.3,60,0.4,0.3,0.3,false,NO_DILUTE_CONNECTED_ROOT;ACTUAL_LOADING_EXCEEDS_DESIGN_FLOOD_FRACTION,3.540961587807905,0.004693670257711702,0.014830425847945819,1.3661404118949072,0.02026044407648958,0.0039002793366561357,6.100531077176137,0.1643689191889245,,0,0.37699111843077515,209.25752508361205
0.3,65,0.4,0.3,0.3,false,NO_DILUTE_CONNECTED_ROOT;ACTUAL_LOADING_EXCEEDS_DESIGN_FLOOD_FRACTION,3.2166713287218784,0.0059675888635373885,0.01247172328685751,1.35713498918719,0.016925812048054992,0.003230758203930439,7.364765111171713,0.16328773452097317,,0,0.40840704496667307,226.695652173913
0.3,70,0.4,0.3,0.3,false,NO_DILUTE_CONNECTED_ROOT;ACTUAL_LOADING_EXCEEDS_DESIGN_FLOOD_FRACTION,2.9429648024882407,0.00745337452960701,0.010597513339288175,1.3482016588602503,0.014287585063821948,0.0027083567844533355,8.785317887038028,0.16242228653155744,,0,0.43982297150257105,244.13377926421404
0.3,30,0.4,0.3,0.4,false,NO_DILUTE_CONNECTED_ROOT;ACTUAL_LOADING_EXCEEDS_DESIGN_FLOOD_FRACTION,8.13499350204526,0.0005867087822139628,0.056647722839164506,1.618914701054155,0.09170783128556463,0.01995849715516165,1.1921626722673935,0.1824731389852539,,0,0.18849555921538758,104.62876254180603
0.3,35,0.4,0.3,0.4,false,NO_DILUTE_CONNECTED_ROOT;ACTUAL_LOADING_EXCEEDS_DESIGN_FLOOD_FRACTION,6.761157654864832,0.0009316718162008762,0.04326614245172199,1.6155988696617196,0.06990073083962499,0.014762511181046075,1.611770179960172,0.17758319812896128,,0,0.21991148575128552,122.06688963210702
0.3,40,0.4,0.3,0.4,false,NO_DILUTE_CONNECTED_ROOT;ACTUAL_LOADING_EXCEEDS_DESIGN_FLOOD_FRACTION,5.760109327309581,0.0013907171133960598,0.03378295653776325,1.6095005273712253,0.05437368636368914,0.011197839397599128,2.1248541310603355,0.1737218879968057,,0,0.2513274122871834,139.505016722408
0.3,45,0.4,0.3,0.4,false,NO_DILUTE_CONNECTED_ROOT;ACTUAL_LOADING_EXCEEDS_DESIGN_FLOOD_FRACTION,5.000894578725587,0.0019801421399721244,0.02687899243199593,1.601896513049728,0.043057364251104305,0.008685314759882282,2.739540933259301,0.17069619160589555,,0,0.28274333882308134,156.94314381270902
0.3,50,0.4,0.3,0.4,false,NO_DILUTE_CONNECTED_ROOT;ACTUAL_LOADING_EXCEEDS_DESIGN_FLOOD_FRACTION,4.406955963389141,0.00271624436210168,0.021739805067679818,1.5934839962946592,0.03464203145791332,0.006870561797895404,3.463148429903827,0.1683278943282535,,0,0.3141592653589793,174.38127090301006
0.3,55,0.4,0.3,0.4,false,NO_DILUTE_CONNECTED_ROOT;ACTUAL_LOADING_EXCEEDS_DESIGN_FLOOD_FRACTION,3.930678186847494,0.003615321245957335,0.017840184884533004,1.584664611572164,0.028270709650424088,0.005530363053616273,4.3023893860603,0.166468062674426,,0,0.34557519189487723,191.81939799331101
0.3,60,0.4,0.3,0.4,false,NO_DILUTE_CONNECTED_ROOT;ACTUAL_LOADING_EXCEEDS_DESIGN_FLOOD_FRACTION,3.540961587807905,0.004693670257711702,0.014830425847945819,1.575678575839306,0.0233679842791817,0.004520493495844991,5.263534904940958,0.1649986781378764,,0,0.37699111843077515,209.25752508361205
0.3,65,0.4,0.3,0.4,false,NO_DILUTE_CONNECTED_ROOT;ACTUAL_LOADING_EXCEEDS_DESIGN_FLOOD_FRACTION,3.2166713287218784,0.0059675888635373885,0.01247172328685751,1.5666731531315887,0.01953911404680572,0.0037455585088969853,6.352530669703947,0.1638288827652169,,0,0.40840704496667307,226.695652173913
0.3,70,0.4,0.3,0.4,false,NO_DILUTE_CONNECTED_ROOT;ACTUAL_LOADING_EXCEEDS_DESIGN_FLOOD_FRACTION,2.9429648024882407,0.00745337452960701,0.010597513339288175,1.557739822804649,0.016508168551312666,0.003141061369348115,7.575074952412267,0.16288970265565317,,0,0.43982297150257105,244.13377926421404
0.3,30,0.5,0.3,0.2,false,NO_DILUTE_CONNECTED_ROOT;ACTUAL_LOADING_EXCEEDS_DESIGN_FLOOD_FRACTION,5.206395841308965,0.0017904931097838222,0.02871552067357846,1.1724148166964252,0.033666501906855904,0.006720930544254582,3.5402501404033853,0.16923337873447364,,0,0.23561944901923448,163.4824414715719
0.3,35,0.5,0.3,0.2,false,NO_DILUTE_CONNECTED_ROOT;ACTUAL_LOADING_EXCEEDS_DESIGN_FLOOD_FRACTION,4.327140899113492,0.002843236743777088,0.021071140864220888,1.1609257710396643,0.024462030454481015,0.004776000005005313,4.981946247487957,0.1662094730399118,,0,0.2748893571891069,190.72951505016724
0.3,40,0.5,0.3,0.2,false,NO_DILUTE_CONNECTED_ROOT;ACTUAL_LOADING_EXCEEDS_DESIGN_FLOOD_FRACTION,3.6864699694781318,0.0042441318157838736,0.015933160888790515,1.148317345717984,0.01829632502071352,0.0035151166330862193,6.7689860071721455,0.16411197432482816,,0,0.3141592653589793,217.97658862876253
0.3,45,0.5,0.3,0.2,false,NO_DILUTE_CONNECTED_ROOT;ACTUAL_LOADING_EXCEEDS_DESIGN_FLOOD_FRACTION,3.2005725303843753,0.006042914245520398,0.012358411221175748,1.1353709781481203,0.014031381436543014,0.002664247457654399,8.930767761297481,0.1626302237397777,,0,0.3534291735288517,245.22366220735785
0.3,50,0.5,0.3,0.2,false,NO_DILUTE_CONNECTED_ROOT;ACTUAL_LOADING_EXCEEDS_DESIGN_FLOOD_FRACTION,2.8204518165690495,0.00828931995270288,0.009796221007066683,1.1224777116598363,0.010996039738926228,0.0020698772999362906,11.495258827018896,0.1615619061574654,,0,0.39269908169872414,272.47073578595325
0.3,55,0.5,0.3,0.2,false,NO_DILUTE_CONNECTED_ROOT;ACTUAL_LOADING_EXCEEDS_DESIGN_FLOOD_FRACTION,2.515634039582396,0.01103308485704753,0.007911639448341168,1.109837260911959,0.008780632254669964,0.0016421542239549206,14.489367049602922,0.16077584153295427,,0,0.43196898986859655,299.7178093645485
0.3,60,0.5,0.3,0.2,false,NO_DILUTE_CONNECTED_ROOT;ACTUAL_LOADING_EXCEEDS_DESIGN_FLOOD_FRACTION,2.266215416197059,0.014323944878270578,0.0064937064401527226,1.0975498774334218,0.0071271667074782425,0.0013263589488360214,17.93916746580516,0.1601861754547721,,0,0.47123889803846897,326.9648829431438
0.3,65,0.5,0.3,0.2,false,NO_DILUTE_CONNECTED_ROOT;ACTUAL_LOADING_EXCEEDS_DESIGN_FLOOD_FRACTION,2.0586696503820026,0.01821163593608822,0.005405415485933564,1.0856619509936478,0.005868453922389909,0.0010879617154758785,21.870048333944542,0.15973585658491674,,0,0.5105088062083414,354.2119565217391
0.3,70,0.5,0.3,0.2,false,NO_DILUTE_CONNECTED_ROOT;ACTUAL_LOADING_EXCEEDS_DESIGN_FLOOD_FRACTION,1.8834974735924739,0.022745893950216704,0.004555316690619661,1.0741899465859808,0.00489327539257896,0.0009044720269585292,26.30681170201591,0.1593863088184846,,0,0.5497787143782138,381.4590301003345
0.3,30,0.5,0.3,0.3,false,NO_DILUTE_CONNECTED_ROOT;ACTUAL_LOADING_EXCEEDS_DESIGN_FLOOD_FRACTION,5.206395841308965,0.0017904931097838222,0.02871552067357846,1.3796876148110941,0.03961844822618813,0.007973846179911022,2.983977213265505,0.1703792493871003,,0,0.23561944901923448,163.4824414715719
0.3,35,0.5,0.3,0.3,false,NO_DILUTE_CONNECTED_ROOT;ACTUAL_LOADING_EXCEEDS_DESIGN_FLOOD_FRACTION,4.327140899113492,0.002843236743777088,0.021071140864220888,1.368198569154333,0.028829504780876414,0.005666804668407563,4.198799269646435,0.1671106190556067,,0,0.2748893571891069,190.72951505016724
0.3,40,0.5,0.3,0.3,false,NO_DILUTE_CONNECTED_ROOT;ACTUAL_LOADING_EXCEEDS_DESIGN_FLOOD_FRACTION,3.6864699694781318,0.0042441318157838736,0.015933160888790515,1.355590143832653,0.021598835860944337,0.004172628674555207,5.702346688080278,0.1648239618257668,,0,0.3141592653589793,217.97658862876253
0.3,45,0.5,0.3,0.3,false,NO_DILUTE_CONNECTED_ROOT;ACTUAL_LOADING_EXCEEDS_DESIGN_FLOOD_FRACTION,3.2005725303843753,0.006042914245520398,0.012358411221175748,1.342643776262789,0.01659294391060783,0.003164976239540979,7.517836944769459,0.1631984977306261,,0,0.3534291735288517,245.22366220735785
0.3,50,0.5,0.3,0.3,false,NO_DILUTE_CONNECTED_ROOT;ACTUAL_LOADING_EXCEEDS_DESIGN_FLOOD_FRACTION,2.8204518165690495,0.00828931995270288,0.009796221007066683,1.329750509774505,0.013026529878010637,0.0024613018022411194,9.667150644132079,0.16202107170884977,,0,0.39269908169872414,272.47073578595325
0.3,55,0.5,0.3,0.3,false,NO_DILUTE_CONNECTED_ROOT;ACTUAL_LOADING_EXCEEDS_DESIGN_FLOOD_FRACTION,2.515634039582396,0.01103308485704753,0.007911639448341168,1.3171100590266276,0.010420499900802032,0.0019549245839439186,12.171198571218778,0.1611515670312561,,0,0.43196898986859655,299.7178093645485
0.3,60,0.5,0.3,0.3,false,NO_DILUTE_CONNECTED_ROOT;ACTUAL_LOADING_EXCEEDS_DESIGN_FLOOD_FRACTION,2.266215416197059,0.014323944878270578,0.0064937064401527226,1.3048226755480905,0.008473135411463942,0.0015809676596696667,15.050134110845914,0.160497400545755,,0,0.47123889803846897,326.9648829431438
0.3,65,0.5,0.3,0.3,false,NO_DILUTE_CONNECTED_ROOT;ACTUAL_LOADING_EXCEEDS_DESIGN_FLOOD_FRACTION,2.0586696503820026,0.01821163593608822,0.005405415485933564,1.2929347491083165,0.006988849515131721,0.0012985399127915605,18.323483990405478,0.15999661737099374,,0,0.5105088062083414,354.2119565217391
0.3,70,0.5,0.3,0.3,false,NO_DILUTE_CONNECTED_ROOT;ACTUAL_LOADING_EXCEEDS_DESIGN_FLOOD_FRACTION,1.8834974735924739,0.022745893950216704,0.004555316690619661,1.2814627447006495,0.00583746862934215,0.0010810322801325053,22.010235716571028,0.15960708492473252,,0,0.5497787143782138,381.4590301003345
0.3,30,0.5,0.3,0.4,false,NO_DILUTE_CONNECTED_ROOT;ACTUAL_LOADING_EXCEEDS_DESIGN_FLOOD_FRACTION,5.206395841308965,0.0017904931097838222,0.02871552067357846,1.5892257787554929,0.045635445704837185,0.009253564457681053,2.5713091870439526,0.17144533388060235,,0,0.23561944901923448,163.4824414715719
0.3,35,0.5,0.3,0.4,false,NO_DILUTE_CONNECTED_ROOT;ACTUAL_LOADING_EXCEEDS_DESIGN_FLOOD_FRACTION,4.327140899113492,0.002843236743777088,0.021071140864220888,1.5777367330987317,0.03324471294977905,0.006575578194028643,3.6185069359445956,0.16795663524631532,,0,0.2748893571891069,190.72951505016724
0.3,40,0.5,0.3,0.4,false,NO_DILUTE_CONNECTED_ROOT;ACTUAL_LOADING_EXCEEDS_DESIGN_FLOOD_FRACTION,3.6864699694781318,0.0042441318157838736,0.015933160888790515,1.5651283077770517,0.024937441139412205,0.00484254900605441,4.9134815720378775,0.16549644632171556,,0,0.3141592653589793,217.97658862876253
0.3,45,0.5,0.3,0.4,false,NO_DILUTE_CONNECTED_ROOT;ACTUAL_LOADING_EXCEEDS_DESIGN_FLOOD_FRACTION,3.2005725303843753,0.006042914245520398,0.012358411221175748,1.5521819402071877,0.019182502707162853,0.003674552616190567,6.475284963426608,0.16373742863728763,,0,0.3534291735288517,245.22366220735785
0.3,50,0.5,0.3,0.4,false,NO_DILUTE_CONNECTED_ROOT;ACTUAL_LOADING_EXCEEDS_DESIGN_FLOOD_FRACTION,2.8204518165690495,0.00828931995270288,0.009796221007066683,1.5392886737189038,0.015079212041424938,0.0028592348894384174,8.321728092654892,0.16245773076500047,,0,0.39269908169872414,272.47073578595325
0.3,55,0.5,0.3,0.4,false,NO_DILUTE_CONNECTED_ROOT;ACTUAL_LOADING_EXCEEDS_DESIGN_FLOOD_FRACTION,2.515634039582396,0.01103308485704753,0.007911639448341168,1.5266482229710263,0.012078290304597514,0.00227262222603898,10.46974505059275,0.1615095576432521,,0,0.43196898986859655,299.7178093645485
0.3,60,0.5,0.3,0.4,false,NO_DILUTE_CONNECTED_ROOT;ACTUAL_LOADING_EXCEEDS_DESIGN_FLOOD_FRACTION,2.266215416197059,0.014323944878270578,0.0064937064401527226,1.5143608394924892,0.00983381473612746,0.0018394031946749661,12.935595290810175,0.16079431216135298,,0,0.47123889803846897,326.9648829431438
0.3,65,0.5,0.3,0.4,false,NO_DILUTE_CONNECTED_ROOT;ACTUAL_LOADING_EXCEEDS_DESIGN_FLOOD_FRACTION,2.0586696503820026,0.01821163593608822,0.005405415485933564,1.5024729130527152,0.008121490351410859,0.0015121577024300417,15.734982710270245,0.16024560353316425,,0,0.5105088062083414,354.2119565217391
0.3,70,0.5,0.3,0.4,false,NO_DILUTE_CONNECTED_ROOT;ACTUAL_LOADING_EXCEEDS_DESIGN_FLOOD_FRACTION,1.8834974735924739,0.022745893950216704,0.004555316690619661,1.4910009086450482,0.006791981324879868,0.001260054457800885,18.883132515133408,0.15981801749235008,,0,0.5497787143782138,381.4590301003345
0.4,30,0.33,0.2,0.2,false,ACTUAL_LOADING_EXCEEDS_DESIGN_FLOOD_FRACTION,8.073499456299725,0.00059794475959622,0.0560441341709887,1.2598421908929165,0.07060676478067497,0.015093560777449815,0.8867356619982649,0.17951981104408948,0.10949859277200284,2,0.20734511513692636,126.6008026755853
0.4,35,0.33,0.2,0.2,false,NO_DILUTE_CONNECTED_ROOT;ACTUAL_LOADING_EXCEEDS_DESIGN_FLOOD_FRACTION,6.710048709539125,0.0009495141321365902,0.04277461738418403,1.2501682456015368,0.05347546837146235,0.011102087764252845,1.2055388943147787,0.17493671396062593,,0,0.2419026343264141,147.70093645484954
0.4,40,0.33,0.2,0.2,false,NO_DILUTE_CONNECTED_ROOT;ACTUAL_LOADING_EXCEEDS_DESIGN_FLOOD_FRACTION,5.716567506854064,0.0014173505412651138,0.03337894171389416,1.2392953547124863,0.04136636741124787,0.008385777674068635,1.5960354695892294,0.17140854624833068,,0,0.2764601535159018,168.8010702341137
0.4,45,0.33,0.2,0.2,false,NO_DILUTE_CONNECTED_ROOT;ACTUAL_LOADING_EXCEEDS_DESIGN_FLOOD_FRACTION,4.963091814664936,0.0020180635636372424,0.026544132303813046,1.2279524021890356,0.03259493102649081,0.006482059395369994,2.064775681855512,0.16870029309353307,,0,0.31101767270538955,189.90120401337796
0.4,50,0.33,0.2,0.2,false,NO_DILUTE_CONNECTED_ROOT;ACTUAL_LOADING_EXCEEDS_DESIGN_FLOOD_FRACTION,4.373642900318706,0.0027682627759084257,0.021460024511017008,1.2165194355881594,0.026106536905850478,0.005112649339201768,2.6178205701063466,0.16661538029637268,,0,0.3455751918948773,211.0013377926422
0.4,55,0.33,0.2,0.2,false,NO_DILUTE_CONNECTED_ROOT;ACTUAL_LOADING_EXCEEDS_DESIGN_FLOOD_FRACTION,3.900965402913224,0.0036845577547341144,0.017604567520160343,1.2052012072263436,0.021217046027994926,0.0041044367394070394,3.2608612235150614,0.16499989194764098,,0,0.38013271108436497,232.10147157190636
0.4,60,0.33,0.2,0.2,false,NO_DILUTE_CONNECTED_ROOT;ACTUAL_LOADING_EXCEEDS_DESIGN_FLOOD_FRACTION,3.514194749726339,0.00478355807676976,0.014630454358277006,1.1941087947198787,0.017470354219966355,0.0033465764294987044,3.9993106058862207,0.1637373827163549,,0,0.4146902302738527,253.2016053511706
0.4,65,0.33,0.2,0.2,false,NO_DILUTE_CONNECTED_ROOT;ACTUAL_LOADING_EXCEEDS_DESIGN_FLOOD_FRACTION,3.1923558656810003,0.006081873318670809,0.012300721698070255,1.1833009342428484,0.01455545547718781,0.0027662213844350954,4.8383685713702285,0.16274122894437415,,0,0.4492477494633404,274.3017391304348
0.4,70,0.33,0.2,0.2,false,NO_DILUTE_CONNECTED_ROOT;ACTUAL_LOADING_EXCEEDS_DESIGN_FLOOD_FRACTION,2.920718341916858,0.007596113057092722,0.010450224103743456,1.1728061821228257,0.01225608743343929,0.002314342845971057,5.783066511170829,0.16194738262519875,,0,0.4838052686528282,295.4018729096991
0.4,30,0.33,0.2,0.3,false,ACTUAL_LOADING_EXCEEDS_DESIGN_FLOOD_FRACTION,8.073499456299725,0.00059794475959622,0.0560441341709887,1.4671149890075854,0.08222318928820972,0.017754826481769452,0.7538231151763504,0.18116807901355547,0.08111590284960414,2,0.20734511513692636,126.6008026755853
0.4,35,0.33,0.2,0.3,false,NO_DILUTE_CONNECTED_ROOT;ACTUAL_LOADING_EXCEEDS_DESIGN_FLOOD_FRACTION,6.710048709539125,0.0009495141321365902,0.04277461738418403,1.4574410437162055,0.06234148300496652,0.013065132958295922,1.024405848040346,0.1763804868680851,,0,0.2419026343264141,147.70093645484954
0.4,40,0.33,0.2,0.3,false,NO_DILUTE_CONNECTED_ROOT;ACTUAL_LOADING_EXCEEDS_DESIGN_FLOOD_FRACTION,5.716567506854064,0.0014173505412651138,0.03337894171389416,1.446568152827155,0.04828491405839315,0.009872089452500612,1.355741220974535,0.17264881683435923,,0,0.2764601535159018,168.8010702341137
0.4,45,0.33,0.2,0.3,false,NO_DILUTE_CONNECTED_ROOT;ACTUAL_LOADING_EXCEEDS_DESIGN_FLOOD_FRACTION,4.963091814664936,0.0020180635636372424,0.026544132303813046,1.4352252003037043,0.038096807602628104,0.007633819409316337,1.7532506194172126,0.16975595982892755,,0,0.31101767270538955,189.90120401337796
0.4,50,0.33,0.2,0.3,false,NO_DILUTE_CONNECTED_ROOT;ACTUAL_LOADING_EXCEEDS_DESIGN_FLOOD_FRACTION,4.373642900318706,0.0027682627759084257,0.021460024511017008,1.4237922337028284,0.030554616233858353,0.006023748592213303,2.221872045789569,0.1675114880667355,,0,0.3455751918948773,211.0013377926422
0.4,55,0.33,0.2,0.3,false,NO_DILUTE_CONNECTED_ROOT;ACTUAL_LOADING_EXCEEDS_DESIGN_FLOOD_FRACTION,3.900965402913224,0.0036845577547341144,0.017604567520160343,1.4124740053410125,0.024865993997497178,0.004838435750304533,2.766182977021161,0.16576156735817654,,0,0.38013271108436497,232.10147157190636
0.4,60,0.33,0.2,0.3,false,NO_DILUTE_CONNECTED_ROOT;ACTUAL_LOADING_EXCEEDS_DESIGN_FLOOD_FRACTION,3.514194749726339,0.00478355807676976,0.014630454358277006,1.4013815928345474,0.020502849432495376,0.00394750551352291,3.390495228455957,0.16438718975712607,,0,0.4146902302738527,253.2016053511706
0.4,65,0.33,0.2,0.3,false,NO_DILUTE_CONNECTED_ROOT;ACTUAL_LOADING_EXCEEDS_DESIGN_FLOOD_FRACTION,3.1923558656810003,0.006081873318670809,0.012300721698070255,1.3905737323575171,0.01710506048237665,0.0032652489050418003,4.098921398377032,0.16329838604484676,,0,0.4492477494633404,274.3017391304348
0.4,70,0.33,0.2,0.3,false,NO_DILUTE_CONNECTED_ROOT;ACTUAL_LOADING_EXCEEDS_DESIGN_FLOOD_FRACTION,2.920718341916858,0.007596113057092722,0.010450224103743456,1.3800789802374944,0.014422134624347552,0.0027339840167859195,4.895419477849502,0.16242782411270618,,0,0.4838052686528282,295.4018729096991
0.4,30,0.33,0.2,0.4,true,,8.073499456299725,0.00059794475959622,0.0560441341709887,1.6766531529519841,0.09396657426225223,0.020473153057421374,0.6537341156178873,0.1826630505730421,0.06560266386297214,2,0.20734511513692636,126.6008026755853
0.4,35,0.33,0.2,0.4,false,ACTUAL_LOADING_EXCEEDS_DESIGN_FLOOD_FRACTION,6.710048709539125,0.0009495141321365902,0.04277461738418403,1.6669792076606043,0.07130439779507261,0.015070774343857056,0.888076372356966,0.17770695361615646,0.10870680548714161,2,0.2419026343264141,147.70093645484954
0.4,40,0.33,0.2,0.4,false,NO_DILUTE_CONNECTED_ROOT;ACTUAL_LOADING_EXCEEDS_DESIGN_FLOOD_FRACTION,5.716567506854064,0.0014173505412651138,0.03337894171389416,1.6561063167715537,0.055279076219529634,0.011390234135396702,1.175041570595148,0.1737997289500089,,0,0.2764601535159018,168.8010702341137
0.4,45,0.33,0.2,0.4,false,NO_DILUTE_CONNECTED_ROOT;ACTUAL_LOADING_EXCEEDS_DESIGN_FLOOD_FRACTION,4.963091814664936,0.0020180635636372424,0.026544132303813046,1.644763364248103,0.04365881634906629,0.008809530693729428,1.5192635196140085,0.17074305969122922,,0,0.31101767270538955,189.90120401337796
0.4,50,0.33,0.2,0.4,false,NO_DILUTE_CONNECTED_ROOT;ACTUAL_LOADING_EXCEEDS_DESIGN_FLOOD_FRACTION,4.373642900318706,0.0027682627759084257,0.021460024511017008,1.633330397647227,0.03505131036809865,0.006953068938270519,1.9249052075747282,0.16835426750235488,,0,0.3455751918948773,211.0013377926422
0.4,55,0.33,0.2,0.4,false,NO_DILUTE_CONNECTED_ROOT;ACTUAL_LOADING_EXCEEDS_DESIGN_FLOOD_FRACTION,3.900965402913224,0.0036845577547341144,0.017604567520160343,1.6220121692854113,0.028554822752706772,0.005586487116361963,2.3957808062786596,0.1664810647483022,,0,0.38013271108436497,232.10147157190636
0.4,60,0.33,0.2,0.4,false,NO_DILUTE_CONNECTED_ROOT;ACTUAL_LOADING_EXCEEDS_DESIGN_FLOOD_FRACTION,3.514194749726339,0.00478355807676976,0.014630454358277006,1.6109197567789462,0.023568487976401067,0.004559434695218493,2.9354513229323995,0.16500306781003427,,0,0.4146902302738527,253.2016053511706
0.4,65,0.33,0.2,0.4,false,NO_DILUTE_CONNECTED_ROOT;ACTUAL_LOADING_EXCEEDS_DESIGN_FLOOD_FRACTION,3.1923558656810003,0.006081873318670809,0.012300721698070255,1.6001118963019159,0.019682531122181317,0.0037730188913546892,3.5472917028246127,0.16382779949736037,,0,0.4492477494633404,274.3017391304348
0.4,70,0.33,0.2,0.4,false,NO_DILUTE_CONNECTED_ROOT;ACTUAL_LOADING_EXCEEDS_DESIGN_FLOOD_FRACTION,2.920718341916858,0.007596113057092722,0.010450224103743456,1.5896171441818931,0.016611855395853456,0.00316067697549568,4.23453542126178,0.1628852267733561,,0,0.4838052686528282,295.4018729096991
0.4,30,0.4,0.2,0.2,false,NO_DILUTE_CONNECTED_ROOT;ACTUAL_LOADING_EXCEEDS_DESIGN_FLOOD_FRACTION,5.495025567443999,0.001564556752570569,0.031337158251228424,1.2260614730596244,0.03842128240700369,0.007742204995877829,1.7287063071862643,0.17055015476374868,,0,0.25132741228718347,186.00668896321076
0.4,35,0.4,0.2,0.2,false,NO_DILUTE_CONNECTED_ROOT;ACTUAL_LOADING_EXCEEDS_DESIGN_FLOOD_FRACTION,4.567026902930065,0.002484458176535672,0.023097555364971503,1.2101559115069587,0.027951643166279534,0.005499659053394856,2.4336051522396227,0.16724324172163768,,0,0.2932153143350474,217.0078037904126
0.4,40,0.4,0.2,0.2,false,NO_DILUTE_CONNECTED_ROOT;ACTUAL_LOADING_EXCEEDS_DESIGN_FLOOD_FRACTION,3.8908387593525466,0.0037085789690561627,0.017524485865451692,1.1942920390677605,0.02092935395786445,0.004046465309606008,3.307577745972612,0.16492558854435801,,0,0.3351032163829113,248.00891861761434
0.4,45,0.4,0.2,0.2,false,NO_DILUTE_CONNECTED_ROOT;ACTUAL_LOADING_EXCEEDS_DESIGN_FLOOD_FRACTION,3.378004366356321,0.00528037903992567,0.01362742159172923,1.178843525593419,0.016064597713941968,0.003066083110831406,4.365178021633527,0.1632758788939655,,0,0.3769911184307752,279.01003344481614
0.4,50,0.4,0.2,0.2,false,NO_DILUTE_CONNECTED_ROOT;ACTUAL_LOADING_EXCEEDS_DESIGN_FLOOD_FRACTION,2.9768106990294187,0.007243318298937818,0.01082309459254164,1.1639660735998185,0.01259771491708012,0.0023814165850139205,5.620183672242617,0.1620798758554971,,0,0.4188790204786391,310.01114827201803
0.4,55,0.4,0.2,0.2,false,NO_DILUTE_CONNECTED_ROOT;ACTUAL_LOADING_EXCEEDS_DESIGN_FLOOD_FRACTION,2.6550945773578114,0.009640856655886236,0.008753970639369543,1.149713885630049,0.010064561598480922,0.0018888466916364927,7.085804616735274,0.16119628059590801,,0,0.46076692252650303,341.01226309921975
0.4,60,0.4,0.2,0.2,false,NO_DILUTE_CONNECTED_ROOT;ACTUAL_LOADING_EXCEEDS_DESIGN_FLOOD_FRACTION,2.391848801532489,0.012516454020564552,0.007193364771632476,1.1360922425490223,0.008172325914877075,0.0015252751791776267,8.774809156154483,0.16053144404053055,,0,0.5026548245743669,372.0133779264215
0.4,65,0.4,0.2,0.2,false,NO_DILUTE_CONNECTED_ROOT;ACTUAL_LOADING_EXCEEDS_DESIGN_FLOOD_FRACTION,2.1727972110791303,0.015913570302766387,0.005993238702079842,1.1230827912773373,0.006730903250323195,0.0012508872867039438,10.699603993233879,0.16002256180012475,,0,0.5445427266222308,403.01449275362336
0.4,70,0.4,0.2,0.2,false,NO_DILUTE_CONNECTED_ROOT;ACTUAL_LOADING_EXCEEDS_DESIGN_FLOOD_FRACTION,1.9879139214671604,0.019875665412285377,0.005054325367678667,1.1106562535065698,0.0056136180768692045,0.001039752855570227,12.872288386804076,0.15962686372098572,,0,0.5864306286700948,434.0156075808252
0.4,30,0.4,0.2,0.3,false,NO_DILUTE_CONNECTED_ROOT;ACTUAL_LOADING_EXCEEDS_DESIGN_FLOOD_FRACTION,5.495025567443999,0.001564556752570569,0.031337158251228424,1.4333342711742931,0.04491662288269798,0.009126634771738643,1.4664768496431602,0.17174385876279408,,0,0.25132741228718347,186.00668896321076
0.4,35,0.4,0.2,0.3,false,NO_DILUTE_CONNECTED_ROOT;ACTUAL_LOADING_EXCEEDS_DESIGN_FLOOD_FRACTION,4.567026902930065,0.002484458176535672,0.023097555364971503,1.4174287096216274,0.03273913809638566,0.006486951412625362,2.0632185685642916,0.1681966402829827,,0,0.2932153143350474,217.0078037904126
0.4,40,0.4,0.2,0.3,false,NO_DILUTE_CONNECTED_ROOT;ACTUAL_LOADING_EXCEEDS_DESIGN_FLOOD_FRACTION,3.8908387593525466,0.0037085789690561627,0.017524485865451692,1.4015648371824292,0.024561703178717583,0.004776522822908174,2.802038031455316,0.16568714395252238,,0,0.3351032163829113,248.00891861761434
0.4,45,0.4,0.2,0.3,false,NO_DILUTE_CONNECTED_ROOT;ACTUAL_LOADING_EXCEEDS_DESIGN_FLOOD_FRACTION,3.378004366356321,0.00528037903992567,0.01362742159172923,1.386116323708088,0.01888919151834794,0.0036226680692773936,3.6945141956029905,0.1638885070617852,,0,0.3769911184307752,279.01003344481614
0.4,50,0.4,0.2,0.3,false,NO_DILUTE_CONNECTED_ROOT;ACTUAL_LOADING_EXCEEDS_DESIGN_FLOOD_FRACTION,2.9768106990294187,0.007243318298937818,0.01082309459254164,1.3712388717144872,0.014841048017535965,0.0028167957111119714,4.75149779414407,0.1625777138047822,,0,0.4188790204786391,310.01114827201803
0.4,55,0.4,0.2,0.3,false,NO_DILUTE_CONNECTED_ROOT;ACTUAL_LOADING_EXCEEDS_DESIGN_FLOOD_FRACTION,2.6550945773578114,0.009640856655886236,0.008753970639369543,1.3569866837447178,0.011879021587516704,0.0022368851144034894,5.983319626798144,0.16160537740227304,,0,0.46076692252650303,341.01226309921975
0.4,60,0.4,0.2,0.3,false,NO_DILUTE_CONNECTED_ROOT;ACTUAL_LOADING_EXCEEDS_DESIGN_FLOOD_FRACTION,2.391848801532489,0.012516454020564552,0.007193364771632476,1.343365040663691,0.009663314758952823,0.0018086701680225868,7.399911185871822,0.16087139601142808,,0,0.5026548245743669,372.0133779264215
0.4,65,0.4,0.2,0.3,false,NO_DILUTE_CONNECTED_ROOT;ACTUAL_LOADING_EXCEEDS_DESIGN_FLOOD_FRACTION,2.1727972110791303,0.015913570302766387,0.005993238702079842,1.3303555893920063,0.00797313860587241,0.0014853157478737396,9.010877739000938,0.16030809010219693,,0,0.5445427266222308,403.01449275362336
0.4,70,0.4,0.2,0.3,false,NO_DILUTE_CONNECTED_ROOT;ACTUAL_LOADING_EXCEEDS_DESIGN_FLOOD_FRACTION,1.9879139214671604,0.019875665412285377,0.005054325367678667,1.3179290516212387,0.006661242238409915,0.0012363347347468191,10.825546052982027,0.15986908187843835,,0,0.5864306286700948,434.0156075808252
0.4,30,0.4,0.2,0.4,false,NO_DILUTE_CONNECTED_ROOT;ACTUAL_LOADING_EXCEEDS_DESIGN_FLOOD_FRACTION,5.495025567443999,0.001564556752570569,0.031337158251228424,1.6428724351186919,0.05148295348589545,0.010540606583676993,1.2697560146708486,0.17285357653486216,,0,0.25132741228718347,186.00668896321076
0.4,35,0.4,0.2,0.4,false,NO_DILUTE_CONNECTED_ROOT;ACTUAL_LOADING_EXCEEDS_DESIGN_FLOOD_FRACTION,4.567026902930065,0.002484458176535672,0.023097555364971503,1.626966873566026,0.03757895743916588,0.007494327963069597,1.7858837608730784,0.16909125187895424,,0,0.2932153143350474,217.0078037904126
0.4,40,0.4,0.2,0.4,false,NO_DILUTE_CONNECTED_ROOT;ACTUAL_LOADING_EXCEEDS_DESIGN_FLOOD_FRACTION,3.8908387593525466,0.0037085789690561627,0.017524485865451692,1.611103001126828,0.028233751771033898,0.005520571411091834,2.4243864649612386,0.16640630725431127,,0,0.3351032163829113,248.00891861761434
0.4,45,0.4,0.2,0.4,false,NO_DILUTE_CONNECTED_ROOT;ACTUAL_LOADING_EXCEEDS_DESIGN_FLOOD_FRACTION,3.378004366356321,0.00528037903992567,0.01362742159172923,1.5956544876524867,0.02174465641797514,0.004189278890321141,3.1948215810661917,0.16446954542384046,,0,0.3769911184307752,279.01003344481614
0.4,50,0.4,0.2,0.4,false,NO_DILUTE_CONNECTED_ROOT;ACTUAL_LOADING_EXCEEDS_DESIGN_FLOOD_FRACTION,2.9768106990294187,0.007243318298937818,0.01082309459254164,1.580777035658886,0.017108899386653692,0.003259567877815038,4.106065315895371,0.16305129815756897,,0,0.4188790204786391,310.01114827201803
0.4,55,0.4,0.2,0.4,false,NO_DILUTE_CONNECTED_ROOT;ACTUAL_LOADING_EXCEEDS_DESIGN_FLOOD_FRACTION,2.6550945773578114,0.009640856655886236,0.008753970639369543,1.5665248476891165,0.013713312522513371,0.002590524543559858,5.166520672879218,0.16199535907191592,,0,0.46076692252650303,341.01226309921975
0.4,60,0.4,0.2,0.4,false,NO_DILUTE_CONNECTED_ROOT;ACTUAL_LOADING_EXCEEDS_DESIGN_FLOOD_FRACTION,2.391848801532489,0.012516454020564552,0.007193364771632476,1.5529032046080897,0.01117059920578301,0.002096414074589611,6.384234283736636,0.16119592485149808,,0,0.5026548245743669,372.0133779264215
0.4,65,0.4,0.2,0.4,false,NO_DILUTE_CONNECTED_ROOT;ACTUAL_LOADING_EXCEEDS_DESIGN_FLOOD_FRACTION,2.1727972110791303,0.015913570302766387,0.005993238702079842,1.539893753336405,0.009228950839586731,0.0017231955746461148,7.766964356702008,0.16058093897304754,,0,0.5445427266222308,403.01449275362336
0.4,70,0.4,0.2,0.4,false,NO_DILUTE_CONNECTED_ROOT;ACTUAL_LOADING_EXCEEDS_DESIGN_FLOOD_FRACTION,1.9879139214671604,0.019875665412285377,0.005054325367678667,1.5274672155656375,0.007720316295930901,0.0014357088545640087,9.322223350058962,0.16010069840855284,,0,0.5864306286700948,434.0156075808252
0.4,30,0.5,0.2,0.2,false,NO_DILUTE_CONNECTED_ROOT;ACTUAL_LOADING_EXCEEDS_DESIGN_FLOOD_FRACTION,3.5168163631641605,0.004774648292756859,0.01464999966064566,1.1693293336130486,0.017130674340614178,0.0032796260844665543,4.080952603497778,0.16366457733731465,,0,0.3141592653589793,290.63545150501676
0.4,35,0.5,0.2,0.2,false,NO_DILUTE_CONNECTED_ROOT;ACTUAL_LOADING_EXCEEDS_DESIGN_FLOOD_FRACTION,2.9228972178752426,0.0075819646500722366,0.010464615362584511,1.14756829177424,0.012008860775715577,0.002266646834955572,5.904756930589651,0.16189258982019605,,0,0.3665191429188092,339.0746934225196
0.4,40,0.5,0.2,0.2,false,NO_DILUTE_CONNECTED_ROOT;ACTUAL_LOADING_EXCEEDS_DESIGN_FLOOD_FRACTION,2.490136805985631,0.011317684842090331,0.007761393049504461,1.1270764507637163,0.008747683331217665,0.0016355991707811344,8.182933109162093,0.1607469898626952,,0,0.41887902047863906,387.51393534002233
0.4,45,0.5,0.2,0.2,false,NO_DILUTE_CONNECTED_ROOT;ACTUAL_LOADING_EXCEEDS_DESIGN_FLOOD_FRACTION,2.1619227944680466,0.016114437988054398,0.005936100700549017,1.1078811835905864,0.006576494270037154,0.0012217307109244678,10.95494980049696,0.15997794154986406,,0,0.47123889803846897,435.95317725752517
0.4,50,0.5,0.2,0.2,false,NO_DILUTE_CONNECTED_ROOT;ACTUAL_LOADING_EXCEEDS_DESIGN_FLOOD_FRACTION,1.9051588473788286,0.022104853207207682,0.0046569413655724486,1.0899157138882622,0.005075673572993674,0.0009386486724904904,14.25879458433752,0.1594438968282228,,0,0.5235987755982989,484.392419175028
0.4,55,0.5,0.2,0.2,false,NO_DILUTE_CONNECTED_ROOT;ACTUAL_LOADING_EXCEEDS_DESIGN_FLOOD_FRACTION,1.699260529509,0.029421559618793426,0.0037319768755930314,1.073083273650611,0.00400472196284975,0.0007381730357664678,18.131248310913975,0.15906186128337524,,0,0.5759586531581287,532.8316610925307
0.4,60,0.5,0.2,0.2,false,NO_DILUTE_CONNECTED_ROOT;ACTUAL_LOADING_EXCEEDS_DESIGN_FLOOD_FRACTION,1.5307832329807933,0.03819718634205487,0.0030450742727478842,1.0572823058765226,0.003219503148656158,0.0005920009692341278,22.608068742214897,0.1587813798965782,,0,0.6283185307179586,581.2709030100335
0.4,65,0.5,0.2,0.2,false,NO_DILUTE_CONNECTED_ROOT;ACTUAL_LOADING_EXCEEDS_DESIGN_FLOOD_FRACTION,1.3905902150906435,0.04856436249623527,0.002523175704924117,1.0424162975899667,0.0026301994764959522,0.0004827564065195267,27.724124272935253,0.15857074438136337,,0,0.6806784082777885,629.7101449275364
0.4,70,0.5,0.2,0.2,false,NO_DILUTE_CONNECTED_ROOT;ACTUAL_LOADING_EXCEEDS_DESIGN_FLOOD_FRACTION,1.272264909738983,0.06065571720057789,0.002118734658427167,1.0283972292333359,0.002178900852207137,0.0003993614477505905,33.51349681670223,0.15840940953239185,,0,0.7330382858376184,678.1493868450392
0.4,30,0.5,0.2,0.3,false,NO_DILUTE_CONNECTED_ROOT;ACTUAL_LOADING_EXCEEDS_DESIGN_FLOOD_FRACTION,3.5168163631641605,0.004774648292756859,0.01464999966064566,1.3766021317277173,0.02016722076265515,0.0038808701501018036,3.448710750487727,0.16432052730854857,,0,0.3141592653589793,290.63545150501676
0.4,35,0.5,0.2,0.3,false,NO_DILUTE_CONNECTED_ROOT;ACTUAL_LOADING_EXCEEDS_DESIGN_FLOOD_FRACTION,2.9228972178752426,0.0075819646500722366,0.010464615362584511,1.354841089888909,0.014177890883112219,0.0026865902787112745,4.9817788421102875,0.1623774257043188,,0,0.3665191429188092,339.0746934225196
0.4,40,0.5,0.2,0.3,false,NO_DILUTE_CONNECTED_ROOT;ACTUAL_LOADING_EXCEEDS_DESIGN_FLOOD_FRACTION,2.490136805985631,0.011317684842090331,0.007761393049504461,1.334349248878385,0.010356408985856196,0.0019422960211680478,6.890812966735219,0.1611138987548525,,0,0.41887902047863906,387.51393534002233
0.4,45,0.5,0.2,0.3,false,NO_DILUTE_CONNECTED_ROOT;ACTUAL_LOADING_EXCEEDS_DESIGN_FLOOD_FRACTION,2.1619227944680466,0.016114437988054398,0.005936100700549017,1.3151539817052553,0.007806886472130395,0.0014537820534978644,9.206330877245673,0.16026205972301022,,0,0.47123889803846897,435.95317725752517
0.4,50,0.5,0.2,0.3,false,NO_DILUTE_CONNECTED_ROOT;ACTUAL_LOADING_EXCEEDS_DESIGN_FLOOD_FRACTION,1.9051588473788286,0.022104853207207682,0.0046569413655724486,1.297188512002931,0.006040930840491822,0.0011192966926393399,11.957507509776592,0.15966854794876045,,0,0.5235987755982989,484.392419175028
0.4,55,0.5,0.2,0.3,false,NO_DILUTE_CONNECTED_ROOT;ACTUAL_LOADING_EXCEEDS_DESIGN_FLOOD_FRACTION,1.699260529509,0.029421559618793426,0.0037319768755930314,1.2803560717652798,0.004778259252353156,0.0008821271333984302,15.172414611418443,0.15924282054636946,,0,0.5759586531581287,532.8316610925307
0.4,60,0.5,0.2,0.3,false,NO_DILUTE_CONNECTED_ROOT;ACTUAL_LOADING_EXCEEDS_DESIGN_FLOOD_FRACTION,1.5307832329807933,0.03819718634205487,0.0030450742727478842,1.2645551039911915,0.003850664213635603,0.0007089665972136472,18.87817939590423,0.15892952926146597,,0,0.6283185307179586,581.2709030100335
0.4,65,0.5,0.2,0.3,false,NO_DILUTE_CONNECTED_ROOT;ACTUAL_LOADING_EXCEEDS_DESIGN_FLOOD_FRACTION,1.3905902150906435,0.04856436249623527,0.002523175704924117,1.2496890957046356,0.003153185164990526,0.0005793662635168366,23.10110106629304,0.1586937899222033,,0,0.6806784082777885,629.7101449275364
0.4,70,0.5,0.2,0.3,false,NO_DILUTE_CONNECTED_ROOT;ACTUAL_LOADING_EXCEEDS_DESIGN_FLOOD_FRACTION,1.272264909738983,0.06065571720057789,0.002118734658427167,1.2356700273480046,0.0026180569133218627,0.00048028573566284976,27.8667418457297,0.1585128937360495,,0,0.7330382858376184,678.1493868450392
0.4,30,0.5,0.2,0.4,false,NO_DILUTE_CONNECTED_ROOT;ACTUAL_LOADING_EXCEEDS_DESIGN_FLOOD_FRACTION,3.5168163631641605,0.004774648292756859,0.01464999966064566,1.586140295672116,0.023236954793332907,0.004493170969213584,2.978742340233169,0.16494163778825754,,0,0.3141592653589793,290.63545150501676
0.4,35,0.5,0.2,0.4,false,NO_DILUTE_CONNECTED_ROOT;ACTUAL_LOADING_EXCEEDS_DESIGN_FLOOD_FRACTION,2.9228972178752426,0.0075819646500722366,0.010464615362584511,1.5643792538333077,0.016370627172572524,0.0031136167886848328,4.29853752605063,0.1628385669771618,,0,0.3665191429188092,339.0746934225196
0.4,40,0.5,0.2,0.4,false,NO_DILUTE_CONNECTED_ROOT;ACTUAL_LOADING_EXCEEDS_DESIGN_FLOOD_FRACTION,2.490136805985631,0.011317684842090331,0.007761393049504461,1.5438874128227837,0.011982717035100178,0.0022537924481321257,5.9384344015329615,0.16146379646305659,,0,0.41887902047863906,387.51393534002233
0.4,45,0.5,0.2,0.4,false,NO_DILUTE_CONNECTED_ROOT;ACTUAL_LOADING_EXCEEDS_DESIGN_FLOOD_FRACTION,2.1619227944680466,0.016114437988054398,0.005936100700549017,1.524692145649654,0.009050726113912496,0.0016892467492447645,7.9230571933240554,0.1605334047521419,,0,0.47123889803846897,435.95317725752517
0.4,50,0.5,0.2,0.4,false,NO_DILUTE_CONNECTED_ROOT;ACTUAL_LOADING_EXCEEDS_DESIGN_FLOOD_FRACTION,1.9051588473788286,0.022104853207207682,0.0046569413655724486,1.5067266759473297,0.007016737783830594,0.0013024719803854667,10.275843787397264,0.15988329024935571,,0,0.5235987755982989,484.392419175028
0.4,55,0.5,0.2,0.4,false,NO_DILUTE_CONNECTED_ROOT;ACTUAL_LOADING_EXCEEDS_DESIGN_FLOOD_FRACTION,1.699260529509,0.029421559618793426,0.0037319768755930314,1.4898942357096785,0.005560250834747873,0.0010280155703186425,13.019256706155257,0.15941586664843593,,0,0.5759586531581287,532.8316610925307
0.4,60,0.5,0.2,0.4,false,NO_DILUTE_CONNECTED_ROOT;ACTUAL_LOADING_EXCEEDS_DESIGN_FLOOD_FRACTION,1.5307832329807933,0.03819718634205487,0.0030450742727478842,1.4740932679355903,0.004488723485821519,0.0008274537848299169,16.174919800087796,0.15907123825918418,,0,0.6283185307179586,581.2709030100335
0.4,65,0.5,0.2,0.4,false,NO_DILUTE_CONNECTED_ROOT;ACTUAL_LOADING_EXCEEDS_DESIGN_FLOOD_FRACTION,1.3905902150906435,0.04856436249623527,0.002523175704924117,1.4592272596490343,0.0036818867695094393,0.00067720041958164,19.763718717379646,0.15881148317239185,,0,0.6806784082777885,629.7101449275364
0.4,70,0.5,0.2,0.4,false,NO_DILUTE_CONNECTED_ROOT;ACTUAL_LOADING_EXCEEDS_DESIGN_FLOOD_FRACTION,1.272264909738983,0.06065571720057789,0.002118734658427167,1.4452081912924033,0.0030620126835340543,0.0005622139784024081,23.805880184507487,0.1586118559641188,,0,0.7330382858376184,678.1493868450392
0.4,30,0.33,0.25,0.2,false,ACTUAL_LOADING_EXCEEDS_DESIGN_FLOOD_FRACTION,8.827258109519795,0.00047835580767697605,0.06345409344720751,1.2317048887362927,0.07815671710925505,0.016920248331508257,0.7910048567655963,0.1815949984939692,0.08833121743989858,2,0.20734511513692636,126.6008026755853
0.4,35,0.33,0.25,0.2,false,NO_DILUTE_CONNECTED_ROOT;ACTUAL_LOADING_EXCEEDS_DESIGN_FLOOD_FRACTION,7.336512773322114,0.0007596113057092722,0.048837235611765714,1.2227538207525113,0.059715916439277136,0.012551158601621818,1.0663556276130217,0.17683053222461537,,0,0.2419026343264141,147.70093645484954
0.4,40,0.33,0.25,0.2,false,NO_DILUTE_CONNECTED_ROOT;ACTUAL_LOADING_EXCEEDS_DESIGN_FLOOD_FRACTION,6.250278105130714,0.0011338804330120913,0.0383847021587092,1.21237783786551,0.04653676221028743,0.009543016655038495,1.4024913810494675,0.17308716196980867,,0,0.2764601535159018,168.8010702341137
0.4,45,0.33,0.25,0.2,false,NO_DILUTE_CONNECTED_ROOT;ACTUAL_LOADING_EXCEEDS_DESIGN_FLOOD_FRACTION,5.4264563596529625,0.0016144508509097941,0.030710196410054853,1.2013930652297935,0.036895016998884804,0.0074143774431818755,1.8051412556843442,0.1701628666722914,,0,0.31101767270538955,189.90120401337796
0.4,50,0.33,0.25,0.2,false,NO_DILUTE_CONNECTED_ROOT;ACTUAL_LOADING_EXCEEDS_DESIGN_FLOOD_FRACTION,4.781975272179754,0.002214610220726741,0.024953548769480603,1.1902279441669983,0.029700411051569828,0.0058711627802524235,2.279616339870512,0.16787820085037342,,0,0.3455751918948773,211.0013377926422
0.4,55,0.33,0.25,0.2,false,NO_DILUTE_CONNECTED_ROOT;ACTUAL_LOADING_EXCEEDS_DESIGN_FLOOD_FRACTION,4.265167623310177,0.002947646203787292,0.02055595451553334,1.1791159651012102,0.024237854147159673,0.004727827695302532,2.8308981355646825,0.16608615186775455,,0,0.38013271108436497,232.10147157190636
0.4,60,0.33,0.25,0.2,false,NO_DILUTE_CONNECTED_ROOT;ACTUAL_LOADING_EXCEEDS_DESIGN_FLOOD_FRACTION,3.8422872598013686,0.0038268464614158084,0.017142119063877987,1.1681862150013942,0.020025187186334868,0.0038640595353233976,3.4637143878226637,0.16467149374505952,,0,0.4146902302738527,253.2016053511706
0.4,65,0.33,0.25,0.2,false,NO_DILUTE_CONNECTED_ROOT;ACTUAL_LOADING_EXCEEDS_DESIGN_FLOOD_FRACTION,3.4904008300659672,0.0048654986549366485,0.014453464026289317,1.1575092191238106,0.016730017858704236,0.003199925674056706,4.182596713546613,0.16354603127546447,,0,0.4492477494633404,274.3017391304348
0.4,70,0.33,0.25,0.2,false,NO_DILUTE_CONNECTED_ROOT;ACTUAL_LOADING_EXCEEDS_DESIGN_FLOOD_FRACTION,3.1934026637223876,0.006076890445674178,0.012308065890249291,1.14712153464948,0.014118847432589687,0.002681131307954029,4.991922092065061,0.16264303821168807,,0,0.4838052686528282,295.4018729096991
0.4,30,0.33,0.25,0.3,true,,8.827258109519795,0.00047835580767697605,0.06345409344720751,1.4389776868509614,0.09130902460988741,0.019975674443749782,0.6700148545968493,0.18335550602109452,0.06829685690359553,2,0.20734511513692636,126.6008026755853
0.4,35,0.33,0.25,0.3,false,ACTUAL_LOADING_EXCEEDS_DESIGN_FLOOD_FRACTION,7.336512773322114,0.0007596113057092722,0.048837235611765714,1.43002661886718,0.06983854691671315,0.01482604054146417,0.9027358700707593,0.1784048583536707,0.11346407353398824,2,0.2419026343264141,147.70093645484954
0.4,40,0.33,0.25,0.3,false,NO_DILUTE_CONNECTED_ROOT;ACTUAL_LOADING_EXCEEDS_DESIGN_FLOOD_FRACTION,6.250278105130714,0.0011338804330120913,0.0383847021587092,1.4196506359801786,0.05449286683152125,0.011278009905457227,1.1867340710019,0.17446371037009417,,0,0.2764601535159018,168.8010702341137
0.4,45,0.33,0.25,0.3,false,NO_DILUTE_CONNECTED_ROOT;ACTUAL_LOADING_EXCEEDS_DESIGN_FLOOD_FRACTION,5.4264563596529625,0.0016144508509097941,0.030710196410054853,1.4086658633444622,0.04326040533944792,0.008766288971162075,1.5267576339237197,0.17135189166761783,,0,0.31101767270538955,189.90120401337796
0.4,50,0.33,0.25,0.3,false,NO_DILUTE_CONNECTED_ROOT;ACTUAL_LOADING_EXCEEDS_DESIGN_FLOOD_FRACTION,4.781975272179754,0.002214610220726741,0.024953548769480603,1.3975007422816672,0.034872602927910924,0.006945015031158518,1.9271374572778117,0.1688997395236233,,0,0.3455751918948773,211.0013377926422
0.4,55,0.33,0.25,0.3,false,NO_DILUTE_CONNECTED_ROOT;ACTUAL_LOADING_EXCEEDS_DESIGN_FLOOD_FRACTION,4.265167623310177,0.002947646203787292,0.02055595451553334,1.3863887632158791,0.02849854435751213,0.005595601350409807,2.391878507735867,0.16696295476114775,,0,0.38013271108436497,232.10147157190636
0.4,60,0.33,0.25,0.3,false,NO_DILUTE_CONNECTED_ROOT;ACTUAL_LOADING_EXCEEDS_DESIGN_FLOOD_FRACTION,3.8422872598013686,0.0038268464614158084,0.017142119063877987,1.3754590131160631,0.023578282170319667,0.004576134535795623,2.9247388823930236,0.16542545872893882,,0,0.4146902302738527,253.2016053511706
0.4,65,0.33,0.25,0.3,false,NO_DILUTE_CONNECTED_ROOT;ACTUAL_LOADING_EXCEEDS_DESIGN_FLOOD_FRACTION,3.4904008300659672,0.0048654986549366485,0.014453464026289317,1.3647820172384795,0.01972582778988293,0.0037922641076780094,3.529289687605114,0.16419665838206737,,0,0.4492477494633404,274.3017391304348
0.4,70,0.33,0.25,0.3,false,NO_DILUTE_CONNECTED_ROOT;ACTUAL_LOADING_EXCEEDS_DESIGN_FLOOD_FRACTION,3.1934026637223876,0.006076890445674178,0.012308065890249291,1.3543943327641488,0.016669974689041366,0.0031798844802986867,4.20895749226898,0.16320700355126644,,0,0.4838052686528282,295.4018729096991
0.4,30,0.33,0.25,0.4,true,,8.827258109519795,0.00047835580767697605,0.06345409344720751,1.6485158507953601,0.10460507884557158,0.023096427890567324,0.5794834885860894,0.18493891508751276,0.05611267723594654,2,0.20734511513692636,126.6008026755853
0.4,35,0.33,0.25,0.4,false,ACTUAL_LOADING_EXCEEDS_DESIGN_FLOOD_FRACTION,7.336512773322114,0.0007596113057092722,0.048837235611765714,1.6395647828115787,0.08007181159892254,0.01715075154271001,0.7803738847579496,0.17984015610217807,0.08536830904450386,2,0.2419026343264141,147.70093645484954
0.4,40,0.33,0.25,0.4,false,NO_DILUTE_CONNECTED_ROOT;ACTUAL_LOADING_EXCEEDS_DESIGN_FLOOD_FRACTION,6.250278105130714,0.0011338804330120913,0.0383847021587092,1.6291887999245773,0.06253592684540978,0.01305094093282315,1.0255198208921639,0.17573227365646993,,0,0.2764601535159018,168.8010702341137
0.4,45,0.33,0.25,0.4,false,NO_DILUTE_CONNECTED_ROOT;ACTUAL_LOADING_EXCEEDS_DESIGN_FLOOD_FRACTION,5.4264563596529625,0.0016144508509097941,0.030710196410054853,1.618204027288861,0.04969536350958268,0.010147175610316046,1.3189875805732851,0.17245688818220356,,0,0.31101767270538955,189.90120401337796
0.4,50,0.33,0.25,0.4,false,NO_DILUTE_CONNECTED_ROOT;ACTUAL_LOADING_EXCEEDS_DESIGN_FLOOD_FRACTION,4.781975272179754,0.002214610220726741,0.024953548769480603,1.607038906226066,0.0401013237209649,0.008041161422588363,1.6644360067571984,0.16985529016729645,,0,0.3455751918948773,211.0013377926422
0.4,55,0.33,0.25,0.4,false,NO_DILUTE_CONNECTED_ROOT;ACTUAL_LOADING_EXCEEDS_DESIGN_FLOOD_FRACTION,4.265167623310177,0.002947646203787292,0.02055595451553334,1.5959269271602778,0.03280580132482156,0.006480707977932701,2.0652062480637197,0.16778727048542597,,0,0.38013271108436497,232.10147157190636
0.4,60,0.33,0.25,0.4,false,NO_DILUTE_CONNECTED_ROOT;ACTUAL_LOADING_EXCEEDS_DESIGN_FLOOD_FRACTION,3.8422872598013686,0.0038268464614158084,0.017142119063877987,1.5849971770604618,0.027170210325080935,0.005301850717605491,2.524401255482295,0.1661370601942873,,0,0.4146902302738527,253.2016053511706
0.4,65,0.33,0.25,0.4,false,NO_DILUTE_CONNECTED_ROOT;ACTUAL_LOADING_EXCEEDS_DESIGN_FLOOD_FRACTION,3.4904008300659672,0.0048654986549366485,0.014453464026289317,1.5743201811828782,0.02275438010458801,0.0043954790197223955,3.0449465343479902,0.16481258247756142,,0,0.4492477494633404,274.3017391304348
0.4,70,0.33,0.25,0.4,false,NO_DILUTE_CONNECTED_ROOT;ACTUAL_LOADING_EXCEEDS_DESIGN_FLOOD_FRACTION,3.1934026637223876,0.006076890445674178,0.012308065890249291,1.5639324967085475,0.019248984217390883,0.003687424657647341,3.6296331045424797,0.16374214894872857,,0,0.4838052686528282,295.4018729096991
0.4,30,0.4,0.25,0.2,false,NO_DILUTE_CONNECTED_ROOT;ACTUAL_LOADING_EXCEEDS_DESIGN_FLOOD_FRACTION,6.008052550791909,0.0012516454020564552,0.0360990541541936,1.1989373814963984,0.04328050546212556,0.008819442772147992,1.5175560354186992,0.17216062340781413,,0,0.25132741228718347,186.00668896321076
0.4,35,0.4,0.25,0.2,false,NO_DILUTE_CONNECTED_ROOT;ACTUAL_LOADING_EXCEEDS_DESIGN_FLOOD_FRACTION,4.993414006342363,0.0019875665412285378,0.026812652850225712,1.183532840342294,0.03173365518493954,0.006304647187338538,2.122878284891461,0.16856609983832882,,0,0.2932153143350474,217.0078037904126
0.4,40,0.4,0.25,0.2,false,NO_DILUTE_CONNECTED_ROOT;ACTUAL_LOADING_EXCEEDS_DESIGN_FLOOD_FRACTION,4.254095535304591,0.0029668631752449303,0.02046428888225751,1.1680133708088425,0.023902563038571516,0.004659417819713724,2.8724615661802413,0.16600082164239177,,0,0.3351032163829113,248.00891861761434
0.4,45,0.4,0.25,0.2,false,NO_DILUTE_CONNECTED_ROOT;ACTUAL_LOADING_EXCEEDS_DESIGN_FLOOD_FRACTION,3.6933818597887957,0.004224303231940537,0.015986185566550706,1.1528131089094547,0.01842908428257877,0.0035416565563734523,3.7790221595082647,0.1641493205700691,,0,0.3769911184307752,279.01003344481614
0.4,50,0.4,0.25,0.2,false,NO_DILUTE_CONNECTED_ROOT;ACTUAL_LOADING_EXCEEDS_DESIGN_FLOOD_FRACTION,3.2547319196273445,0.005794654639150255,0.012741087060550566,1.1381212984857743,0.014500902549474106,0.0027569922947173445,4.854565111969302,0.16279276127522935,,0,0.4188790204786391,310.01114827201803
0.4,55,0.4,0.25,0.2,false,NO_DILUTE_CONNECTED_ROOT;ACTUAL_LOADING_EXCEEDS_DESIGN_FLOOD_FRACTION,2.9029797136154882,0.007712685324708989,0.010333343307659264,1.1240120602301715,0.011614802500307745,0.0021903001781615706,6.110577326956561,0.1617824150181454,,0,0.46076692252650303,341.01226309921975
0.4,60,0.4,0.25,0.2,false,NO_DILUTE_CONNECTED_ROOT;ACTUAL_LOADING_EXCEEDS_DESIGN_FLOOD_FRACTION,2.615156766202306,0.010013163216451642,0.008509245316106267,1.1105031571438209,0.00944954378844728,0.0017708038682495957,7.558148504121365,0.161017480394625,,0,0.5026548245743669,372.0133779264215
0.4,65,0.4,0.25,0.2,false,NO_DILUTE_CONNECTED_ROOT;ACTUAL_LOADING_EXCEEDS_DESIGN_FLOOD_FRACTION,2.3756540649636477,0.01273085624221311,0.007101493921874077,1.097584407064556,0.007794488995512707,0.001453510881931761,9.208048439317675,0.1604291600515101,,0,0.5445427266222308,403.01449275362336
0.4,70,0.4,0.25,0.2,false,NO_DILUTE_CONNECTED_ROOT;ACTUAL_LOADING_EXCEEDS_DESIGN_FLOOD_FRACTION,2.1735096879960496,0.015900532329828302,0.0059969905203913435,1.0852320770105806,0.00650812647825706,0.00120894824394737,11.070778815313506,0.15996995975341455,,0,0.5864306286700948,434.0156075808252
0.4,30,0.4,0.25,0.3,false,NO_DILUTE_CONNECTED_ROOT;ACTUAL_LOADING_EXCEEDS_DESIGN_FLOOD_FRACTION,6.008052550791909,0.0012516454020564552,0.0360990541541936,1.406210179611067,0.05076285742595822,0.010438080073931124,1.2822280067892229,0.1734917635201385,,0,0.25132741228718347,186.00668896321076
0.4,35,0.4,0.25,0.3,false,NO_DILUTE_CONNECTED_ROOT;ACTUAL_LOADING_EXCEEDS_DESIGN_FLOOD_FRACTION,4.993414006342363,0.0019875665412285378,0.026812652850225712,1.3908056384569627,0.037291188766083075,0.007466702229677328,1.7924912760959795,0.16964906073748964,,0,0.2932153143350474,217.0078037904126
0.4,40,0.4,0.25,0.3,false,NO_DILUTE_CONNECTED_ROOT;ACTUAL_LOADING_EXCEEDS_DESIGN_FLOOD_FRACTION,4.254095535304591,0.0029668631752449303,0.02046428888225751,1.3752861689235112,0.028144253456623934,0.0055225384500896925,2.4235229376602416,0.16687795663663563,,0,0.3351032163829113,248.00891861761434
0.4,45,0.4,0.25,0.3,false,NO_DILUTE_CONNECTED_ROOT;ACTUAL_LOADING_EXCEEDS_DESIGN_FLOOD_FRACTION,3.6933818597887957,0.004224303231940537,0.015986185566550706,1.3600859070241236,0.02174258569613807,0.004201642577016713,3.1854205498379233,0.16486229266970104,,0,0.3769911184307752,279.01003344481614
0.4,50,0.4,0.25,0.3,false,NO_DILUTE_CONNECTED_ROOT;ACTUAL_LOADING_EXCEEDS_DESIGN_FLOOD_FRACTION,3.2547319196273445,0.005794654639150255,0.012741087060550566,1.345394096600443,0.01714178331553702,0.0032742918089710194,4.087601041310081,0.16337667630711478,,0,0.4188790204786391,310.01114827201803
0.4,55,0.4,0.25,0.3,false,NO_DILUTE_CONNECTED_ROOT;ACTUAL_LOADING_EXCEEDS_DESIGN_FLOOD_FRACTION,2.9029797136154882,0.007712685324708989,0.010333343307659264,1.3312848583448402,0.013756623481565767,0.002604398237272073,5.138998489694042,0.16226510169840452,,0,0.46076692252650303,341.01226309921975
0.4,60,0.4,0.25,0.3,false,NO_DILUTE_CONNECTED_ROOT;ACTUAL_LOADING_EXCEEDS_DESIGN_FLOOD_FRACTION,2.615156766202306,0.010013163216451642,0.008509245316106267,1.3177759552584898,0.011213278874960765,0.002108319442047304,6.348183458815115,0.16142041195643053,,0,0.5026548245743669,372.0133779264215
0.4,65,0.4,0.25,0.3,false,NO_DILUTE_CONNECTED_ROOT;ACTUAL_LOADING_EXCEEDS_DESIGN_FLOOD_FRACTION,2.3756540649636477,0.01273085624221311,0.007101493921874077,1.3048572051792249,0.009266435511493861,0.001732907317351147,7.723435912522578,0.16076878644333104,,0,0.5445427266222308,403.01449275362336
0.4,70,0.4,0.25,0.3,false,NO_DILUTE_CONNECTED_ROOT;ACTUAL_LOADING_EXCEEDS_DESIGN_FLOOD_FRACTION,2.1735096879960496,0.015900532329828302,0.0059969905203913435,1.2925048751252493,0.007751139483685717,0.0014433623131843358,9.272792067277498,0.1602588736958661,,0,0.5864306286700948,434.0156075808252
0.4,30,0.4,0.25,0.4,false,NO_DILUTE_CONNECTED_ROOT;ACTUAL_LOADING_EXCEEDS_DESIGN_FLOOD_FRACTION,6.008052550791909,0.0012516454020564552,0.0360990541541936,1.6157483435554658,0.05832698695355737,0.012092092821332126,1.106838890972767,0.17472089686117886,,0,0.25132741228718347,186.00668896321076
0.4,35,0.4,0.25,0.4,false,NO_DILUTE_CONNECTED_ROOT;ACTUAL_LOADING_EXCEEDS_DESIGN_FLOOD_FRACTION,4.993414006342363,0.0019875665412285378,0.026812652850225712,1.6003438024013614,0.04290946281479792,0.008653250574867728,1.5467018425162842,0.17065945612657862,,0,0.2932153143350474,217.0078037904126
0.4,40,0.4,0.25,0.4,false,NO_DILUTE_CONNECTED_ROOT;ACTUAL_LOADING_EXCEEDS_DESIGN_FLOOD_FRACTION,4.254095535304591,0.0029668631752449303,0.02046428888225751,1.58482433286791,0.03243230297543995,0.006402924300544695,2.0902946809420246,0.1677023127753458,,0,0.3351032163829113,248.00891861761434
0.4,45,0.4,0.25,0.4,false,NO_DILUTE_CONNECTED_ROOT;ACTUAL_LOADING_EXCEEDS_DESIGN_FLOOD_FRACTION,3.6933818597887957,0.004224303231940537,0.015986185566550706,1.5696240709685223,0.02509230166822755,0.004874083809767613,2.7459516763092204,0.16553577468182845,,0,0.3769911184307752,279.01003344481614
0.4,50,0.4,0.25,0.4,false,NO_DILUTE_CONNECTED_ROOT;ACTUAL_LOADING_EXCEEDS_DESIGN_FLOOD_FRACTION,3.2547319196273445,0.005794654639150255,0.012741087060550566,1.5549322605448417,0.019811527304860525,0.0038008035228392616,3.521360293284759,0.16393023196969675,,0,0.4188790204786391,310.01114827201803
0.4,55,0.4,0.25,0.4,false,NO_DILUTE_CONNECTED_ROOT;ACTUAL_LOADING_EXCEEDS_DESIGN_FLOOD_FRACTION,2.9029797136154882,0.007712685324708989,0.010333343307659264,1.540823022289239,0.01592185326565983,0.0030254793395276935,4.423761363378664,0.16272384624480746,,0,0.46076692252650303,341.01226309921975
0.4,60,0.4,0.25,0.4,false,NO_DILUTE_CONNECTED_ROOT;ACTUAL_LOADING_EXCEEDS_DESIGN_FLOOD_FRACTION,2.615156766202306,0.010013163216451642,0.008509245316106267,1.5273141192028885,0.012996290515050147,0.0024512515611728914,5.460067346779758,0.16180403759289635,,0,0.5026548245743669,372.0133779264215
0.4,65,0.4,0.25,0.4,false,NO_DILUTE_CONNECTED_ROOT;ACTUAL_LOADING_EXCEEDS_DESIGN_FLOOD_FRACTION,2.3756540649636477,0.01273085624221311,0.007101493921874077,1.5143953691236236,0.010754469509145662,0.002016594166245895,6.63693212641726,0.16109254338501489,,0,0.5445427266222308,403.01449275362336
0.4,70,0.4,0.25,0.4,false,NO_DILUTE_CONNECTED_ROOT;ACTUAL_LOADING_EXCEEDS_DESIGN_FLOOD_FRACTION,2.1735096879960496,0.015900532329828302,0.0059969905203913435,1.502043039069648,0.009007737866520484,0.0016812391354506955,7.960794110538662,0.1605345343081681,,0,0.5864306286700948,434.0156075808252
0.4,30,0.5,0.25,0.2,false,NO_DILUTE_CONNECTED_ROOT;ACTUAL_LOADING_EXCEEDS_DESIGN_FLOOD_FRACTION,3.8451536325068227,0.0038197186342054878,0.017164620002844123,1.1428852364698527,0.01961719079086567,0.0037827813152964754,3.5381370193888775,0.16458450698347082,,0,0.3141592653589793,290.63545150501676
0.4,35,0.5,0.25,0.2,false,NO_DILUTE_CONNECTED_ROOT;ACTUAL_LOADING_EXCEEDS_DESIGN_FLOOD_FRACTION,3.1957849640591123,0.006065571720057791,0.012324785684406234,1.1214763205537948,0.013821955300961987,0.0026233636721984094,5.101846438502772,0.1625772051098971,,0,0.3665191429188092,339.0746934225196
0.4,40,0.5,0.25,0.2,false,NO_DILUTE_CONNECTED_ROOT;ACTUAL_LOADING_EXCEEDS_DESIGN_FLOOD_FRACTION,2.722621142594939,0.009054147873672267,0.00917401280575255,1.1012265319453929,0.010102666306101505,0.0018970667607172515,7.0551015309776055,0.16126458073435218,,0,0.41887902047863906,387.51393534002233
0.4,45,0.5,0.25,0.2,false,NO_DILUTE_CONNECTED_ROOT;ACTUAL_LOADING_EXCEEDS_DESIGN_FLOOD_FRACTION,2.3637643902648304,0.012891550390443521,0.00703435911103115,1.0822057403328504,0.007612623809520597,0.0014189699277624911,9.432193273473825,0.16037648388507864,,0,0.47123889803846897,435.95317725752517
0.4,50,0.5,0.25,0.2,false,NO_DILUTE_CONNECTED_ROOT;ACTUAL_LOADING_EXCEEDS_DESIGN_FLOOD_FRACTION,2.083028428561501,0.017683882565766147,0.00552866482391919,1.0643707427815536,0.005884549085225115,0.0010911359236583198,12.266114897060339,0.15975639047263074,,0,0.5235987755982989,484.392419175028
0.4,55,0.5,0.25,0.2,false,NO_DILUTE_CONNECTED_ROOT;ACTUAL_LOADING_EXCEEDS_DESIGN_FLOOD_FRACTION,1.8579070167139131,0.023537247695034742,0.004436550330013591,1.0476387701099987,0.004647902131266548,0.00085856393505861,15.588819960145832,0.15931106782582638,,0,0.5759586531581287,532.8316610925307
0.4,60,0.5,0.25,0.2,false,NO_DILUTE_CONNECTED_ROOT;ACTUAL_LOADING_EXCEEDS_DESIGN_FLOOD_FRACTION,1.6737003303694764,0.030557749073643902,0.0036236473974213435,1.0319170379813456,0.0037393034890358446,0.0006887823466835537,19.431390296726057,0.15898319028747232,,0,0.6283185307179586,581.2709030100335
0.4,65,0.5,0.25,0.2,false,NO_DILUTE_CONNECTED_ROOT;ACTUAL_LOADING_EXCEEDS_DESIGN_FLOOD_FRACTION,1.5204186015767351,0.03885148999698822,0.003004927093512606,1.0171147760834938,0.003056355747865298,0.0005617827129390328,23.82415531777942,0.1587364529566445,,0,0.6806784082777885,629.7101449275364
0.4,70,0.5,0.25,0.2,false,NO_DILUTE_CONNECTED_ROOT;ACTUAL_LOADING_EXCEEDS_DESIGN_FLOOD_FRACTION,1.391046200317472,0.048524573760462326,0.0025247986323548993,1.0031478622116416,0.002532746350561694,0.00046477410359412595,28.796782145140504,0.15854716300725624,,0,0.7330382858376184,678.1493868450392
0.4,30,0.5,0.25,0.3,false,NO_DILUTE_CONNECTED_ROOT;ACTUAL_LOADING_EXCEEDS_DESIGN_FLOOD_FRACTION,3.8451536325068227,0.0038197186342054878,0.017164620002844123,1.3501580345845214,0.023174949607430183,0.004495126017676917,2.9774468068906033,0.16534612106170493,,0,0.3141592653589793,290.63545150501676
0.4,35,0.5,0.25,0.3,false,NO_DILUTE_CONNECTED_ROOT;ACTUAL_LOADING_EXCEEDS_DESIGN_FLOOD_FRACTION,3.1957849640591123,0.006065571720057791,0.012324785684406234,1.3287491186684637,0.016376548115932484,0.0031224122231969555,4.286429097500613,0.16314665278880708,,0,0.3665191429188092,339.0746934225196
0.4,40,0.5,0.25,0.3,false,NO_DILUTE_CONNECTED_ROOT;ACTUAL_LOADING_EXCEEDS_DESIGN_FLOOD_FRACTION,2.722621142594939,0.009054147873672267,0.00917401280575255,1.3084993300600618,0.01200418961028964,0.00226218516479453,5.916402784437255,0.1616988604933408,,0,0.41887902047863906,387.51393534002233
0.4,45,0.5,0.25,0.3,false,NO_DILUTE_CONNECTED_ROOT;ACTUAL_LOADING_EXCEEDS_DESIGN_FLOOD_FRACTION,2.3637643902648304,0.012891550390443521,0.00703435911103115,1.2894785384475194,0.009070655105407438,0.0016955286737251399,7.8937023096742225,0.16071456715254456,,0,0.47123889803846897,435.95317725752517
0.4,50,0.5,0.25,0.3,false,NO_DILUTE_CONNECTED_ROOT;ACTUAL_LOADING_EXCEEDS_DESIGN_FLOOD_FRACTION,2.083028428561501,0.017683882565766147,0.00552866482391919,1.2716435408962226,0.0070304909131169895,0.0013065872451701731,10.243478694114945,0.16002472708993387,,0,0.5235987755982989,484.392419175028
0.4,55,0.5,0.25,0.3,false,NO_DILUTE_CONNECTED_ROOT;ACTUAL_LOADING_EXCEEDS_DESIGN_FLOOD_FRACTION,1.8579070167139131,0.023537247695034742,0.004436550330013591,1.2549115682246677,0.005567478332145022,0.0010303365151641986,12.989929417157539,0.15952780395003668,,0,0.5759586531581287,532.8316610925307
0.4,60,0.5,0.25,0.3,false,NO_DILUTE_CONNECTED_ROOT;ACTUAL_LOADING_EXCEEDS_DESIGN_FLOOD_FRACTION,1.6737003303694764,0.030557749073643902,0.0036236473974213435,1.2391898360960143,0.004490387024480303,0.0008284000117504499,16.156444251638725,0.15916100484520468,,0,0.6283185307179586,581.2709030100335
0.4,65,0.5,0.25,0.3,false,NO_DILUTE_CONNECTED_ROOT;ACTUAL_LOADING_EXCEEDS_DESIGN_FLOOD_FRACTION,1.5204186015767351,0.03885148999698822,0.003004927093512606,1.2243875741981625,0.003679195394668235,0.00067713223736858,19.765708777822912,0.15888436683599533,,0,0.6806784082777885,629.7101449275364
0.4,70,0.5,0.25,0.3,false,NO_DILUTE_CONNECTED_ROOT;ACTUAL_LOADING_EXCEEDS_DESIGN_FLOOD_FRACTION,1.391046200317472,0.048524573760462326,0.0025247986323548993,1.2104206603263106,0.003056068427765983,0.0005614144354785761,23.839783521942852,0.15867171247897427,,0,0.7330382858376184,678.1493868450392
0.4,30,0.5,0.25,0.4,false,NO_DILUTE_CONNECTED_ROOT;ACTUAL_LOADING_EXCEEDS_DESIGN_FLOOD_FRACTION,3.8451536325068227,0.0038197186342054878,0.017164620002844123,1.5596961985289202,0.02677159256762944,0.005221190579833895,2.563399746333106,0.1660641785948752,,0,0.3141592653589793,290.63545150501676
0.4,35,0.5,0.25,0.4,false,NO_DILUTE_CONNECTED_ROOT;ACTUAL_LOADING_EXCEEDS_DESIGN_FLOOD_FRACTION,3.1957849640591123,0.006065571720057791,0.012324785684406234,1.5382872826128624,0.018959061079251174,0.0036302912977074064,3.68675610586821,0.16368641212305074,,0,0.3665191429188092,339.0746934225196
0.4,40,0.5,0.25,0.4,false,NO_DILUTE_CONNECTED_ROOT;ACTUAL_LOADING_EXCEEDS_DESIGN_FLOOD_FRACTION,2.722621142594939,0.009054147873672267,0.00917401280575255,1.5180374940044605,0.01392649540960943,0.002633286080876122,5.082622319353168,0.16211182563139748,,0,0.41887902047863906,387.51393534002233
0.4,45,0.5,0.25,0.4,false,NO_DILUTE_CONNECTED_ROOT;ACTUAL_LOADING_EXCEEDS_DESIGN_FLOOD_FRACTION,2.3637643902648304,0.012891550390443521,0.00703435911103115,1.499016702391918,0.010544621798058458,0.00197633091743986,6.772144527921795,0.16103666928464133,,0,0.47123889803846897,435.95317725752517
0.4,50,0.5,0.25,0.4,false,NO_DILUTE_CONNECTED_ROOT;ACTUAL_LOADING_EXCEEDS_DESIGN_FLOOD_FRACTION,2.083028428561501,0.017683882565766147,0.00552866482391919,1.4811817048406213,0.008188957189385,0.0015251691878018162,8.775418960038783,0.16028067822631636,,0,0.5235987755982989,484.392419175028
0.4,55,0.5,0.25,0.4,false,NO_DILUTE_CONNECTED_ROOT;ACTUAL_LOADING_EXCEEDS_DESIGN_FLOOD_FRACTION,1.8579070167139131,0.023537247695034742,0.004436550330013591,1.4644497321690664,0.0064971049425429864,0.0012044961292353529,11.111699143773535,0.15973467526869478,,0,0.5759586531581287,532.8316610925307
0.4,60,0.5,0.25,0.4,false,NO_DILUTE_CONNECTED_ROOT;ACTUAL_LOADING_EXCEEDS_DESIGN_FLOOD_FRACTION,1.6737003303694764,0.030557749073643902,0.0036236473974213435,1.448728000040413,0.005249679446917871,0.0009698885131793407,13.799522755486219,0.159330784166049,,0,0.6283185307179586,581.2709030100335
0.4,65,0.5,0.25,0.4,false,NO_DILUTE_CONNECTED_ROOT;ACTUAL_LOADING_EXCEEDS_DESIGN_FLOOD_FRACTION,1.5204186015767351,0.03885148999698822,0.003004927093512606,1.4339257381425612,0.004308842300629645,0.000793982134633845,16.8568007063222,0.15902560042291203,,0,0.6806784082777885,629.7101449275364
0.4,70,0.5,0.25,0.4,false,NO_DILUTE_CONNECTED_ROOT;ACTUAL_LOADING_EXCEEDS_DESIGN_FLOOD_FRACTION,1.391046200317472,0.048524573760462326,0.0025247986323548993,1.4199588242707093,0.0035851100975189576,0.0006592815154092616,20.300885577831856,0.1587906362549496,,0,0.7330382858376184,678.1493868450392
0.4,30,0.33,0.3,0.2,false,ACTUAL_LOADING_EXCEEDS_DESIGN_FLOOD_FRACTION,9.495073348918465,0.0003986298397308134,0.07002402136206214,1.198045497439482,0.08389196350542465,0.018338415750984553,0.7298339611034529,0.18322004032020112,0.07786358284330916,2,0.20734511513692636,126.6008026755853
0.4,35,0.33,0.3,0.2,false,ACTUAL_LOADING_EXCEEDS_DESIGN_FLOOD_FRACTION,7.89154752740772,0.0006330094214243937,0.05425979785382058,1.1897525180078006,0.06455573112317729,0.01369948267870433,0.9769710960479013,0.17834593592252107,0.14530861221235145,2,0.2419026343264141,147.70093645484954
0.4,40,0.33,0.3,0.2,false,NO_DILUTE_CONNECTED_ROOT;ACTUAL_LOADING_EXCEEDS_DESIGN_FLOOD_FRACTION,6.723135125657237,0.0009449003608434094,0.04290041178047823,1.1798289071404464,0.05061514594683676,0.010474909409472637,1.277719747704895,0.1744557084681731,,0,0.2764601535159018,168.8010702341137
0.4,45,0.33,0.3,0.2,false,NO_DILUTE_CONNECTED_ROOT;ACTUAL_LOADING_EXCEEDS_DESIGN_FLOOD_FRACTION,5.836988170091346,0.0013453757090914954,0.03449834666275942,1.1691702120855767,0.04033443928430018,0.008174643338121226,1.637257804935505,0.1713743120827685,,0,0.31101767270538955,189.90120401337796
0.4,50,0.33,0.3,0.2,false,NO_DILUTE_CONNECTED_ROOT;ACTUAL_LOADING_EXCEEDS_DESIGN_FLOOD_FRACTION,5.143749667078803,0.001845508517272284,0.02815285357345847,1.158248930579632,0.03260801254422324,0.006495808211769992,2.060405444799317,0.16893805834423598,,0,0.3455751918948773,211.0013377926422
0.4,55,0.33,0.3,0.2,false,NO_DILUTE_CONNECTED_ROOT;ACTUAL_LOADING_EXCEEDS_DESIGN_FLOOD_FRACTION,4.5878435779607525,0.00245637183648941,0.02327570260463125,1.147324715466548,0.02670478886814254,0.005245152339432953,2.5516892059134997,0.1670077598712617,,0,0.38013271108436497,232.10147157190636
0.4,60,0.33,0.3,0.2,false,NO_DILUTE_CONNECTED_ROOT;ACTUAL_LOADING_EXCEEDS_DESIGN_FLOOD_FRACTION,4.132970726219493,0.003189038717846507,0.019469180540957195,1.1365430489578854,0.022127561812731022,0.004296072352267206,3.115403445391172,0.16547108346103073,,0,0.4146902302738527,253.2016053511706
0.4,65,0.33,0.3,0.2,false,NO_DILUTE_CONNECTED_ROOT;ACTUAL_LOADING_EXCEEDS_DESIGN_FLOOD_FRACTION,3.7544627660610184,0.0040545822124472075,0.016457232352049347,1.1259851887812928,0.018530599876739884,0.003563687118304613,3.7556604055269327,0.16423993572422857,,0,0.4492477494633404,274.3017391304348
0.4,70,0.33,0.3,0.2,false,NO_DILUTE_CONNECTED_ROOT;ACTUAL_LOADING_EXCEEDS_DESIGN_FLOOD_FRACTION,3.4349955726314634,0.005064075371395149,0.014044183917217826,1.1156949758850425,0.015669025436845445,0.0029898835611875817,4.476428039420667,0.16324637391190455,,0,0.4838052686528282,295.4018729096991
0.4,30,0.33,0.3,0.3,true,,9.495073348918465,0.0003986298397308134,0.07002402136206214,1.4053182955541508,0.0984060383483806,0.021745190888073314,0.6154923484826151,0.18507857802449434,0.06102620615079801,2,0.20734511513692636,126.6008026755853
0.4,35,0.33,0.3,0.3,false,ACTUAL_LOADING_EXCEEDS_DESIGN_FLOOD_FRACTION,7.89154752740772,0.0006330094214243937,0.05425979785382058,1.3970253161224693,0.07580231124947498,0.0162556705558083,0.8233433718992776,0.18003455368745452,0.09420749155551353,2,0.2419026343264141,147.70093645484954
0.4,40,0.33,0.3,0.3,false,NO_DILUTE_CONNECTED_ROOT;ACTUAL_LOADING_EXCEEDS_DESIGN_FLOOD_FRACTION,6.723135125657237,0.0009449003608434094,0.04290041178047823,1.3871017052551151,0.05950723433684798,0.01243669875532567,1.0761697192489834,0.17595299515934526,,0,0.2764601535159018,168.8010702341137
0.4,45,0.33,0.3,0.3,false,NO_DILUTE_CONNECTED_ROOT;ACTUAL_LOADING_EXCEEDS_DESIGN_FLOOD_FRACTION,5.836988170091346,0.0013453757090914954,0.03449834666275942,1.3764430102002456,0.04748500812742018,0.009710812890478713,1.3782572848279049,0.1726831359794252,,0,0.31101767270538955,189.90120401337796
0.4,50,0.33,0.3,0.3,false,NO_DILUTE_CONNECTED_ROOT;ACTUAL_LOADING_EXCEEDS_DESIGN_FLOOD_FRACTION,5.143749667078803,0.001845508517272284,0.02815285357345847,1.3655217286943007,0.03844333327930653,0.0077206566358869215,1.7335311281286507,0.17007378446991545,,0,0.3455751918948773,211.0013377926422
0.4,55,0.33,0.3,0.3,false,NO_DILUTE_CONNECTED_ROOT;ACTUAL_LOADING_EXCEEDS_DESIGN_FLOOD_FRACTION,4.5878435779607525,0.00245637183648941,0.02327570260463125,1.3545975135812167,0.031529208875089344,0.006237817184011863,2.145622132403545,0.1679906591041092,,0,0.38013271108436497,232.10147157190636
0.4,60,0.33,0.3,0.3,false,NO_DILUTE_CONNECTED_ROOT;ACTUAL_LOADING_EXCEEDS_DESIGN_FLOOD_FRACTION,4.132970726219493,0.003189038717846507,0.019469180540957195,1.343815847072554,0.02616299334045488,0.005112432311163355,2.6179316992966553,0.16632203243636906,,0,0.4146902302738527,253.2016053511706
0.4,65,0.33,0.3,0.3,false,NO_DILUTE_CONNECTED_ROOT;ACTUAL_LOADING_EXCEEDS_DESIGN_FLOOD_FRACTION,3.7544627660610184,0.0040545822124472075,0.016457232352049347,1.3332579868959615,0.0219417364755724,0.004243924401006324,3.153684501243561,0.16497836556231232,,0,0.4492477494633404,274.3017391304348
0.4,70,0.33,0.3,0.3,false,NO_DILUTE_CONNECTED_ROOT;ACTUAL_LOADING_EXCEEDS_DESIGN_FLOOD_FRACTION,3.4349955726314634,0.005064075371395149,0.014044183917217826,1.3229677739997114,0.018580002734604216,0.0035633953495926986,3.7559679167883573,0.16388939843512296,,0,0.4838052686528282,295.4018729096991
0.4,30,0.33,0.3,0.4,true,,9.495073348918465,0.0003986298397308134,0.07002402136206214,1.6148564594985495,0.11307874321659046,0.02522471575875245,0.5305906609972023,0.18673705121136924,0.05042053113951332,2,0.20734511513692636,126.6008026755853
0.4,35,0.33,0.3,0.4,false,ACTUAL_LOADING_EXCEEDS_DESIGN_FLOOD_FRACTION,7.89154752740772,0.0006330094214243937,0.05425979785382058,1.606563480066868,0.08717180966775877,0.01886829104110562,0.7093381471986638,0.18156288270667414,0.07371763159070663,2,0.2419026343264141,147.70093645484954
0.4,40,0.33,0.3,0.4,false,ACTUAL_LOADING_EXCEEDS_DESIGN_FLOOD_FRACTION,6.723135125657237,0.0009449003608434094,0.04290041178047823,1.5966398691995138,0.06849650785378804,0.014442107961160102,0.926734424358084,0.17732369221409888,0.12064144199836768,2,0.2764601535159018,168.8010702341137
0.4,45,0.33,0.3,0.4,false,NO_DILUTE_CONNECTED_ROOT;ACTUAL_LOADING_EXCEEDS_DESIGN_FLOOD_FRACTION,5.836988170091346,0.0013453757090914954,0.03449834666275942,1.5859811741446443,0.05471372834625216,0.01128072162201153,1.1864487979020293,0.17389222324928327,,0,0.31101767270538955,189.90120401337796
0.4,50,0.33,0.3,0.4,false,NO_DILUTE_CONNECTED_ROOT;ACTUAL_LOADING_EXCEEDS_DESIGN_FLOOD_FRACTION,5.143749667078803,0.001845508517272284,0.02815285357345847,1.5750598926386994,0.044342430526884524,0.008971725865579237,1.4917975435754027,0.17113049803185953,,0,0.3455751918948773,211.0013377926422
0.4,55,0.33,0.3,0.4,false,NO_DILUTE_CONNECTED_ROOT;ACTUAL_LOADING_EXCEEDS_DESIGN_FLOOD_FRACTION,4.5878435779607525,0.00245637183648941,0.02327570260463125,1.5641356775256154,0.03640635686337963,0.007251021369609292,1.8458087386141824,0.16891030981403304,,0,0.38013271108436497,232.10147157190636
0.4,60,0.33,0.3,0.4,false,NO_DILUTE_CONNECTED_ROOT;ACTUAL_LOADING_EXCEEDS_DESIGN_FLOOD_FRACTION,4.132970726219493,0.003189038717846507,0.019469180540957195,1.5533540110169528,0.030242529684509065,0.005945043015219966,2.2512870930687123,0.1671217282973001,,0,0.4146902302738527,253.2016053511706
0.4,65,0.33,0.3,0.4,false,NO_DILUTE_CONNECTED_ROOT;ACTUAL_LOADING_EXCEEDS_DESIGN_FLOOD_FRACTION,3.7544627660610184,0.0040545822124472075,0.016457232352049347,1.5427961508403603,0.02539015472622718,0.004937164283806166,2.710867582794915,0.1656746999515611,,0,0.4492477494633404,274.3017391304348
0.4,70,0.33,0.3,0.4,false,NO_DILUTE_CONNECTED_ROOT;ACTUAL_LOADING_EXCEEDS_DESIGN_FLOOD_FRACTION,3.4349955726314634,0.005064075371395149,0.014044183917217826,1.5325059379441102,0.021522795246715493,0.004147433461716057,3.227055655370345,0.16449740327067597,,0,0.4838052686528282,295.4018729096991
0.4,30,0.4,0.3,0.2,false,NO_DILUTE_CONNECTED_ROOT;ACTUAL_LOADING_EXCEEDS_DESIGN_FLOOD_FRACTION,6.462584298107627,0.0010430378350470462,0.04040422100368646,1.1662003905645912,0.04711941831495721,0.009688029764922503,1.3814985020341823,0.1734783969157434,,0,0.25132741228718347,186.00668896321076
0.4,35,0.4,0.3,0.2,false,NO_DILUTE_CONNECTED_ROOT;ACTUAL_LOADING_EXCEEDS_DESIGN_FLOOD_FRACTION,5.371184535841878,0.0016563054510237818,0.03020664457959663,1.1512519652481212,0.034775458935812124,0.006964052756696699,1.9218692154554442,0.16967056372258071,,0,0.2932153143350474,217.0078037904126
0.4,40,0.4,0.3,0.2,false,NO_DILUTE_CONNECTED_ROOT;ACTUAL_LOADING_EXCEEDS_DESIGN_FLOOD_FRACTION,4.575933844900455,0.002472385979370776,0.023173736911260793,1.1360460310922496,0.02632643184361379,0.005167172138236138,2.5901979360942597,0.16691252341216578,,0,0.3351032163829113,248.00891861761434
0.4,45,0.4,0.3,0.2,false,NO_DILUTE_CONNECTED_ROOT;ACTUAL_LOADING_EXCEEDS_DESIGN_FLOOD_FRACTION,3.972800073268421,0.0035202526932837804,0.018175842515595418,1.1210717709192966,0.020376423956908796,0.003938743972142819,3.3980372175908733,0.1648986536179851,,0,0.3769911184307752,279.01003344481614
0.4,50,0.4,0.3,0.2,false,NO_DILUTE_CONNECTED_ROOT;ACTUAL_LOADING_EXCEEDS_DESIGN_FLOOD_FRACTION,3.500964617155509,0.004828878865958547,0.014531952412642718,1.1065489637146606,0.01608031688296056,0.003072344258257432,4.356282201101425,0.16340977126332562,,0,0.4188790204786391,310.01114827201803
0.4,55,0.4,0.3,0.2,false,NO_DILUTE_CONNECTED_ROOT;ACTUAL_LOADING_EXCEEDS_DESIGN_FLOOD_FRACTION,3.1226010352495366,0.006427237770590826,0.01181492967399809,1.0925698631317036,0.012908636096830796,0.0024444113652891826,5.475346252253917,0.16229311127120782,,0,0.46076692252650303,341.01226309921975
0.4,60,0.4,0.3,0.2,false,NO_DILUTE_CONNECTED_ROOT;ACTUAL_LOADING_EXCEEDS_DESIGN_FLOOD_FRACTION,2.813003200533141,0.00834430268037637,0.0097482883722432,1.0791635955812597,0.010519997930552957,0.001978337514721589,6.765275645994378,0.16144308845573963,,0,0.5026548245743669,372.0133779264215
0.4,65,0.4,0.3,0.2,false,NO_DILUTE_CONNECTED_ROOT;ACTUAL_LOADING_EXCEEDS_DESIGN_FLOOD_FRACTION,2.5553812201502804,0.010609046868510925,0.00814819428079937,1.0663274174900292,0.008688642964651818,0.001625095201571048,8.235824335069191,0.1607865511993276,,0,0.5445427266222308,403.01449275362336
0.4,70,0.4,0.3,0.2,false,NO_DILUTE_CONNECTED_ROOT;ACTUAL_LOADING_EXCEEDS_DESIGN_FLOOD_FRACTION,2.337943861622289,0.013250443608190254,0.006889484088789167,1.054042644196219,0.007261810026095112,0.0013523965953475612,9.896504216252753,0.16027239717400404,,0,0.5864306286700948,434.0156075808252
0.4,30,0.4,0.3,0.3,false,NO_DILUTE_CONNECTED_ROOT;ACTUAL_LOADING_EXCEEDS_DESIGN_FLOOD_FRACTION,6.462584298107627,0.0010430378350470462,0.04040422100368646,1.37347318867926,0.05549411425803477,0.0115208171944576,1.161723025545596,0.1749319249882147,,0,0.25132741228718347,186.00668896321076
0.4,35,0.4,0.3,0.3,false,NO_DILUTE_CONNECTED_ROOT;ACTUAL_LOADING_EXCEEDS_DESIGN_FLOOD_FRACTION,5.371184535841878,0.0016563054510237818,0.03020664457959663,1.3585247633627902,0.04103647467948042,0.008287815924881396,1.614900563575746,0.17087107353605302,,0,0.2932153143350474,217.0078037904126
0.4,40,0.4,0.3,0.3,false,NO_DILUTE_CONNECTED_ROOT;ACTUAL_LOADING_EXCEEDS_DESIGN_FLOOD_FRACTION,4.575933844900455,0.002472385979370776,0.023173736911260793,1.3433188292069185,0.031129717135984,0.006154524446218704,2.17466007729095,0.16789630622013463,,0,0.3351032163829113,248.00891861761434
0.4,45,0.4,0.3,0.3,false,NO_DILUTE_CONNECTED_ROOT;ACTUAL_LOADING_EXCEEDS_DESIGN_FLOOD_FRACTION,3.972800073268421,0.0035202526932837804,0.018175842515595418,1.3283445690339655,0.024143781693207824,0.00469590443773009,2.8501428820328756,0.1657054794691556,,0,0.3769911184307752,279.01003344481614
0.4,50,0.4,0.3,0.3,false,NO_DILUTE_CONNECTED_ROOT;ACTUAL_LOADING_EXCEEDS_DESIGN_FLOOD_FRACTION,3.500964617155509,0.004828878865958547,0.014531952412642718,1.3138217618293293,0.01909239532159823,0.0036670000117649945,3.6498496222968497,0.164075079129759,,0,0.4188790204786391,310.01114827201803
0.4,55,0.4,0.3,0.3,false,NO_DILUTE_CONNECTED_ROOT;ACTUAL_LOADING_EXCEEDS_DESIGN_FLOOD_FRACTION,3.1226010352495366,0.006427237770590826,0.01181492967399809,1.2998426612463723,0.01535754962988841,0.0029211071901135933,4.581823855420569,0.16284596603779283,,0,0.46076692252650303,341.01226309921975
0.4,60,0.4,0.3,0.3,false,NO_DILUTE_CONNECTED_ROOT;ACTUAL_LOADING_EXCEEDS_DESIGN_FLOOD_FRACTION,2.813003200533141,0.00834430268037637,0.0097482883722432,1.2864363936959284,0.012540552938296496,0.0023672705242538178,5.653768114280791,0.16190647599101787,,0,0.5026548245743669,372.0133779264215
0.4,65,0.4,0.3,0.3,false,NO_DILUTE_CONNECTED_ROOT;ACTUAL_LOADING_EXCEEDS_DESIGN_FLOOD_FRACTION,2.5553812201502804,0.010609046868510925,0.00814819428079937,1.2736002156046982,0.010377541992815048,0.0019472969518206406,6.873116396238147,0.16117838920096228,,0,0.5445427266222308,403.01449275362336
0.4,70,0.4,0.3,0.3,false,NO_DILUTE_CONNECTED_ROOT;ACTUAL_LOADING_EXCEEDS_DESIGN_FLOOD_FRACTION,2.337943861622289,0.013250443608190254,0.006889484088789167,1.2613154423108877,0.008689812670744932,0.0016228771051429193,8.247080795883395,0.16060657329035033,,0,0.5864306286700948,434.0156075808252
0.4,30,0.4,0.3,0.4,false,ACTUAL_LOADING_EXCEEDS_DESIGN_FLOOD_FRACTION,6.462584298107627,0.0010430378350470462,0.04040422100368646,1.5830113526236587,0.06396034054275095,0.013394442188329202,0.9992203049384697,0.17626535612306887,0.17001209215618507,2,0.25132741228718347,186.00668896321076
0.4,35,0.4,0.3,0.4,false,NO_DILUTE_CONNECTED_ROOT;ACTUAL_LOADING_EXCEEDS_DESIGN_FLOOD_FRACTION,5.371184535841878,0.0016563054510237818,0.03020664457959663,1.5680629273071889,0.04736591952361012,0.009640302606140258,1.3883380174579016,0.17198488550222812,,0,0.2932153143350474,217.0078037904126
0.4,40,0.4,0.3,0.4,false,NO_DILUTE_CONNECTED_ROOT;ACTUAL_LOADING_EXCEEDS_DESIGN_FLOOD_FRACTION,4.575933844900455,0.002472385979370776,0.023173736911260793,1.5528569931513172,0.035985499420100125,0.007162344909039827,1.868661559569776,0.16881644170148907,,0,0.3351032163829113,248.00891861761434
0.4,45,0.4,0.3,0.4,false,NO_DILUTE_CONNECTED_ROOT;ACTUAL_LOADING_EXCEEDS_DESIGN_FLOOD_FRACTION,3.972800073268421,0.0035202526932837804,0.018175842515595418,1.5378827329783642,0.02795231436206823,0.005467930469864165,2.4477265542543547,0.1664644642184296,,0,0.3769911184307752,279.01003344481614
0.4,50,0.4,0.3,0.4,false,NO_DILUTE_CONNECTED_ROOT;ACTUAL_LOADING_EXCEEDS_DESIGN_FLOOD_FRACTION,3.500964617155509,0.004828878865958547,0.014531952412642718,1.523359925773728,0.02213739394867076,0.004272690146775888,3.1324524241483753,0.16470351908760505,,0,0.4188790204786391,310.01114827201803
0.4,55,0.4,0.3,0.4,false,NO_DILUTE_CONNECTED_ROOT;ACTUAL_LOADING_EXCEEDS_DESIGN_FLOOD_FRACTION,3.1226010352495366,0.006427237770590826,0.01181492967399809,1.509380825190771,0.017833228300910164,0.003406178479482746,3.9293298012779028,0.1633697220708305,,0,0.46076692252650303,341.01226309921975
0.4,60,0.4,0.3,0.4,false,NO_DILUTE_CONNECTED_ROOT;ACTUAL_LOADING_EXCEEDS_DESIGN_FLOOD_FRACTION,2.813003200533141,0.00834430268037637,0.0097482883722432,1.4959745576403272,0.014583191385416867,0.0027626990154276973,4.844537364788184,0.1623463973007333,,0,0.5026548245743669,372.0133779264215
0.4,65,0.4,0.3,0.4,false,NO_DILUTE_CONNECTED_ROOT;ACTUAL_LOADING_EXCEEDS_DESIGN_FLOOD_FRACTION,2.5553812201502804,0.010609046868510925,0.00814819428079937,1.4831383795490969,0.012084899661875998,0.002274637935019059,5.8840127485128155,0.16155093475107468,,0,0.5445427266222308,403.01449275362336
0.4,70,0.4,0.3,0.4,false,NO_DILUTE_CONNECTED_ROOT;ACTUAL_LOADING_EXCEEDS_DESIGN_FLOOD_FRACTION,2.337943861622289,0.013250443608190254,0.006889484088789167,1.4708536062552864,0.010133422517233962,0.0018974984438934889,7.05349648690109,0.16092464364837727,,0,0.5864306286700948,434.0156075808252
0.4,30,0.5,0.3,0.2,false,NO_DILUTE_CONNECTED_ROOT;ACTUAL_LOADING_EXCEEDS_DESIGN_FLOOD_FRACTION,4.136053950788884,0.0031830988618379067,0.0194943330457369,1.1107672946333902,0.021653667577895473,0.004200825583882132,3.1860400629950414,0.16537022614528168,,0,0.3141592653589793,290.63545150501676
0.4,35,0.5,0.3,0.2,false,NO_DILUTE_CONNECTED_ROOT;ACTUAL_LOADING_EXCEEDS_DESIGN_FLOOD_FRACTION,3.437558102938803,0.005054643100048159,0.014063024581700955,1.0896789449271496,0.015324181788672465,0.002922299648894121,4.579954219605058,0.16316968130697196,,0,0.3665191429188092,339.0746934225196
0.4,40,0.5,0.3,0.2,false,NO_DILUTE_CONNECTED_ROOT;ACTUAL_LOADING_EXCEEDS_DESIGN_FLOOD_FRACTION,2.9285976607362927,0.0075451232280602226,0.010502301851077343,1.0696495144807354,0.011233782075935008,0.002117306035134704,6.321239530709368,0.1617164155078169,,0,0.41887902047863906,387.51393534002233
0.4,45,0.5,0.3,0.2,false,NO_DILUTE_CONNECTED_ROOT;ACTUAL_LOADING_EXCEEDS_DESIGN_FLOOD_FRACTION,2.5425920468917904,0.010742958658702935,0.00807177041603548,1.050787560845035,0.008481715947167035,0.0015855978952460429,8.440979045211312,0.16072640903982133,,0,0.47123889803846897,435.95317725752517
0.4,50,0.5,0.3,0.2,false,NO_DILUTE_CONNECTED_ROOT;ACTUAL_LOADING_EXCEEDS_DESIGN_FLOOD_FRACTION,2.2406173549795265,0.014736568804805126,0.006354868937263503,1.0330713417199753,0.006565032979473401,0.0012201568452469029,10.969080458827989,0.16003181030058633,,0,0.5235987755982989,484.392419175028
0.4,55,0.5,0.3,0.2,false,NO_DILUTE_CONNECTED_ROOT;ACTUAL_LOADING_EXCEEDS_DESIGN_FLOOD_FRACTION,1.9984646625597038,0.01961437307919562,0.005106020809407078,1.0164308320870439,0.005189916979959398,0.0009604919623036483,13.934524320019051,0.15953124819696268,,0,0.5759586531581287,532.8316610925307
0.4,60,0.5,0.3,0.2,false,NO_DILUTE_CONNECTED_ROOT;ACTUAL_LOADING_EXCEEDS_DESIGN_FLOOD_FRACTION,1.800322048341211,0.025464790894703253,0.004174453575843148,1.000781234012996,0.0041777148009622695,0.0007707224611510798,17.36552297686239,0.159161784617659,,0,0.6283185307179586,581.2709030100335
0.4,65,0.5,0.3,0.2,false,NO_DILUTE_CONNECTED_ROOT;ACTUAL_LOADING_EXCEEDS_DESIGN_FLOOD_FRACTION,1.6354439808961794,0.032376241664156855,0.0034642412844987543,0.9860370051564405,0.0034158701013064525,0.0006286627709293678,21.289631304422738,0.15888323438716861,,0,0.6806784082777885,629.7101449275364
0.4,70,0.5,0.3,0.2,false,NO_DILUTE_CONNECTED_ROOT;ACTUAL_LOADING_EXCEEDS_DESIGN_FLOOD_FRACTION,1.496284071438265,0.04043714480038527,0.0029124030985620583,0.9721175713604087,0.002831198226996677,0.0005200935561272172,25.733828943324234,0.15866924937176274,,0,0.7330382858376184,678.1493868450392
0.4,30,0.5,0.3,0.3,false,NO_DILUTE_CONNECTED_ROOT;ACTUAL_LOADING_EXCEEDS_DESIGN_FLOOD_FRACTION,4.136053950788884,0.0031830988618379067,0.0194943330457369,1.318040092748059,0.025694312535664614,0.005017384472303851,2.667525018619398,0.1662304116931011,,0,0.3141592653589793,290.63545150501676
0.4,35,0.5,0.3,0.3,false,NO_DILUTE_CONNECTED_ROOT;ACTUAL_LOADING_EXCEEDS_DESIGN_FLOOD_FRACTION,3.437558102938803,0.005054643100048159,0.014063024581700955,1.2969517430418185,0.018239064243676995,0.00349608178498684,3.8282853294158246,0.16381930690739305,,0,0.3665191429188092,339.0746934225196
0.4,40,0.5,0.3,0.3,false,NO_DILUTE_CONNECTED_ROOT;ACTUAL_LOADING_EXCEEDS_DESIGN_FLOOD_FRACTION,2.9285976607362927,0.0075451232280602226,0.010502301851077343,1.2769223125954041,0.013410623567252674,0.0025378696468225117,5.2737139689818875,0.16221525645254908,,0,0.41887902047863906,387.51393534002233
0.4,45,0.5,0.3,0.3,false,NO_DILUTE_CONNECTED_ROOT;ACTUAL_LOADING_EXCEEDS_DESIGN_FLOOD_FRACTION,2.5425920468917904,0.010742958658702935,0.00807177041603548,1.2580603589597037,0.010154774387037912,0.001904523161783144,7.027480093952756,0.16111661729638116,,0,0.47123889803846897,435.95317725752517
0.4,50,0.5,0.3,0.3,false,NO_DILUTE_CONNECTED_ROOT;ACTUAL_LOADING_EXCEEDS_DESIGN_FLOOD_FRACTION,2.2406173549795265,0.014736568804805126,0.006354868937263503,1.2403441398346442,0.007882224445752,0.0014688048121705563,9.112169634115327,0.16034258728708972,,0,0.5235987755982989,484.392419175028
0.4,55,0.5,0.3,0.3,false,NO_DILUTE_CONNECTED_ROOT;ACTUAL_LOADING_EXCEEDS_DESIGN_FLOOD_FRACTION,1.9984646625597038,0.01961437307919562,0.005106020809407078,1.2237036302017128,0.00624825620035693,0.0011588368046832735,11.54951115965034,0.15978291268744083,,0,0.5759586531581287,532.8316610925307
0.4,60,0.5,0.3,0.3,false,NO_DILUTE_CONNECTED_ROOT;ACTUAL_LOADING_EXCEEDS_DESIGN_FLOOD_FRACTION,1.800322048341211,0.025464790894703253,0.004174453575843148,1.208054032127665,0.005042965474227065,0.0009319998832214177,14.360515327149816,0.15936865136421585,,0,0.6283185307179586,581.2709030100335
0.4,65,0.5,0.3,0.3,false,NO_DILUTE_CONNECTED_ROOT;ACTUAL_LOADING_EXCEEDS_DESIGN_FLOOD_FRACTION,1.6354439808961794,0.032376241664156855,0.0034642412844987543,1.1933098032711094,0.0041339130856888635,0.0007619449759866685,17.56557104477474,0.15905556484303413,,0,0.6806784082777885,629.7101449275364
0.4,70,0.5,0.3,0.3,false,NO_DILUTE_CONNECTED_ROOT;ACTUAL_LOADING_EXCEEDS_DESIGN_FLOOD_FRACTION,1.496284071438265,0.04043714480038527,0.0029124030985620583,1.1793903694750774,0.003434860166473466,0.0006317820865466516,21.18451740387343,0.1588145261534411,,0,0.7330382858376184,678.1493868450392
0.4,30,0.5,0.3,0.4,false,NO_DILUTE_CONNECTED_ROOT;ACTUAL_LOADING_EXCEEDS_DESIGN_FLOOD_FRACTION,4.136053950788884,0.0031830988618379067,0.0194943330457369,1.5275782566924576,0.02977911928938894,0.005850297882088174,2.287746517810781,0.167037843874562,,0,0.3141592653589793,290.63545150501676
0.4,35,0.5,0.3,0.4,false,NO_DILUTE_CONNECTED_ROOT;ACTUAL_LOADING_EXCEEDS_DESIGN_FLOOD_FRACTION,3.437558102938803,0.005054643100048159,0.014063024581700955,1.5064899069862172,0.02118580459403156,0.0040804478400971915,3.2800317838603266,0.16443286056808132,,0,0.3665191429188092,339.0746934225196
0.4,40,0.5,0.3,0.4,false,NO_DILUTE_CONNECTED_ROOT;ACTUAL_LOADING_EXCEEDS_DESIGN_FLOOD_FRACTION,2.9285976607362927,0.0075451232280602226,0.010502301851077343,1.4864604765398028,0.01561125661431728,0.002965610734004524,4.5130665513306685,0.16268818042547178,,0,0.41887902047863906,387.51393534002233
0.4,45,0.5,0.3,0.4,false,NO_DILUTE_CONNECTED_ROOT;ACTUAL_LOADING_EXCEEDS_DESIGN_FLOOD_FRACTION,2.5425920468917904,0.010742958658702935,0.00807177041603548,1.4675985229041024,0.011846118339794702,0.002228532107024965,6.005746368074685,0.16148740259310773,,0,0.47123889803846897,435.95317725752517
0.4,50,0.5,0.3,0.4,false,NO_DILUTE_CONNECTED_ROOT;ACTUAL_LOADING_EXCEEDS_DESIGN_FLOOD_FRACTION,2.2406173549795265,0.014736568804805126,0.006354868937263503,1.449882303779043,0.009213812014973486,0.0017211934377451515,7.775999091326254,0.16063831780820448,,0,0.5235987755982989,484.392419175028
0.4,55,0.5,0.3,0.4,false,NO_DILUTE_CONNECTED_ROOT;ACTUAL_LOADING_EXCEEDS_DESIGN_FLOOD_FRACTION,1.9984646625597038,0.01961437307919562,0.005106020809407078,1.4332417941461115,0.007318162425821981,0.0013600251997951678,9.840993100656341,0.16002258372007605,,0,0.5759586531581287,532.8316610925307
0.4,60,0.5,0.3,0.4,false,NO_DILUTE_CONNECTED_ROOT;ACTUAL_LOADING_EXCEEDS_DESIGN_FLOOD_FRACTION,1.800322048341211,0.025464790894703253,0.004174453575843148,1.4175921960720637,0.005917672811980367,0.001095499178772717,12.217260283934714,0.15956574581517136,,0,0.6283185307179586,581.2709030100335
0.4,65,0.5,0.3,0.4,false,NO_DILUTE_CONNECTED_ROOT;ACTUAL_LOADING_EXCEEDS_DESIGN_FLOOD_FRACTION,1.6354439808961794,0.032376241664156855,0.0034642412844987543,1.402847967215508,0.004859803843903118,0.0008970040053617377,14.920779091176522,0.15921979021780497,,0,0.6806784082777885,629.7101449275364
0.4,70,0.5,0.3,0.4,false,NO_DILUTE_CONNECTED_ROOT;ACTUAL_LOADING_EXCEEDS_DESIGN_FLOOD_FRACTION,1.496284071438265,0.04043714480038527,0.0029124030985620583,1.388928533419476,0.0040451197644121376,0.0007449196517345299,17.967036547819145,0.1589529764475821,,0,0.7330382858376184,678.1493868450392
0.5,30,0.33,0.2,0.2,false,ACTUAL_LOADING_EXCEEDS_DESIGN_FLOOD_FRACTION,6.753576287464906,0.0009342886868690942,0.04319319119085997,1.221165441862294,0.05274603240602906,0.010945853490710266,0.7825574420786534,0.17487022982113992,0.08323280795949017,2,0.25918139392115797,197.81375418060202
0.5,35,0.33,0.2,0.2,false,NO_DILUTE_CONNECTED_ROOT;ACTUAL_LOADING_EXCEEDS_DESIGN_FLOOD_FRACTION,5.613033864406511,0.0014836158314634226,0.03242178996254202,1.203953010355142,0.039034311626504586,0.007880977296207835,1.0868904689244052,0.1708261509249263,,0,0.30237829290801765,230.78271321070238
0.5,40,0.33,0.2,0.2,false,NO_DILUTE_CONNECTED_ROOT;ACTUAL_LOADING_EXCEEDS_DESIGN_FLOOD_FRACTION,4.781975272179754,0.0022146102207267412,0.024953548769480603,1.1870929367395653,0.029622181490836695,0.005855006226054497,1.4629803587467949,0.16786208608005992,,0,0.3455751918948773,263.7516722408027
0.5,45,0.33,0.2,0.2,false,NO_DILUTE_CONNECTED_ROOT;ACTUAL_LOADING_EXCEEDS_DESIGN_FLOOD_FRACTION,4.151684083644523,0.003153224318183193,0.01962198654510425,1.1708577750134093,0.022974555507543817,0.004467546762942845,1.9173294793708038,0.16567764676972802,,0,0.3887720908817369,296.720631270903
0.5,50,0.33,0.2,0.2,false,NO_DILUTE_CONNECTED_ROOT;ACTUAL_LOADING_EXCEEDS_DESIGN_FLOOD_FRACTION,3.6586032043866004,0.004325410587356917,0.015719962851011616,1.1553428123265772,0.018161946089957078,0.003487635599166075,2.4560361498506538,0.16405102811843286,,0,0.4319689898685966,329.6895903010034
0.5,55,0.33,0.2,0.2,false,NO_DILUTE_CONNECTED_ROOT;ACTUAL_LOADING_EXCEEDS_DESIGN_FLOOD_FRACTION,3.2632029748609748,0.005757121491772056,0.012801318205128837,1.1405636651124498,0.014600718410312474,0.0027766700567984316,3.084903475688593,0.16282424653892702,,0,0.47516588885545624,362.65854933110364
0.5,60,0.33,0.2,0.2,false,NO_DILUTE_CONNECTED_ROOT;ACTUAL_LOADING_EXCEEDS_DESIGN_FLOOD_FRACTION,2.93966482065796,0.007474309494952753,0.010575615413382491,1.1264996609955498,0.011913427177994687,0.0022485192273287457,3.8095111684831346,0.16188632169884243,,0,0.5183627878423159,395.62750836120404
0.5,65,0.33,0.2,0.2,false,NO_DILUTE_CONNECTED_ROOT;ACTUAL_LOADING_EXCEEDS_DESIGN_FLOOD_FRACTION,2.670442847282246,0.009502927060423145,0.00884875586454023,1.1131142558919633,0.009849676299727344,0.0018479556419600121,4.6352622944849236,0.16115940577004612,,0,0.5615596868291756,428.59646739130443
0.5,70,0.33,0.2,0.2,false,NO_DILUTE_CONNECTED_ROOT;ACTUAL_LOADING_EXCEEDS_DESIGN_FLOOD_FRACTION,2.4432148962296547,0.011868926651707381,0.007487996656586822,1.1003649864195884,0.008239529339335082,0.0015385524553103475,5.567414409234486,0.16058856686132228,,0,0.6047565858160353,461.56542642140477
0.5,30,0.33,0.2,0.3,true,,6.753576287464906,0.0009342886868690942,0.04319319119085997,1.4284382399769626,0.06169880600366046,0.012927306052784028,0.6626097559756621,0.17634286526044646,0.06441686110055382,2,0.25918139392115797,197.81375418060202
0.5,35,0.33,0.2,0.3,false,ACTUAL_LOADING_EXCEEDS_DESIGN_FLOOD_FRACTION,5.613033864406511,0.0014836158314634226,0.03242178996254202,1.4112258084698106,0.04575446675192675,0.009317168411811507,0.9193521819568046,0.17206052347859108,0.11435669503050455,2,0.30237829290801765,230.78271321070238
0.5,40,0.33,0.2,0.3,false,NO_DILUTE_CONNECTED_ROOT;ACTUAL_LOADING_EXCEEDS_DESIGN_FLOOD_FRACTION,4.781975272179754,0.0022146102207267412,0.024953548769480603,1.394365734854234,0.034794373367177785,0.006928692941145005,1.2362734475057262,0.16888488909984622,,0,0.3455751918948773,263.7516722408027
0.5,45,0.33,0.2,0.3,false,NO_DILUTE_CONNECTED_ROOT;ACTUAL_LOADING_EXCEEDS_DESIGN_FLOOD_FRACTION,4.151684083644523,0.003153224318183193,0.01962198654510425,1.378130573128078,0.027041659563315956,0.005292134467221651,1.6185830428369508,0.1665234656675032,,0,0.3887720908817369,296.720631270903
0.5,50,0.33,0.2,0.3,false,NO_DILUTE_CONNECTED_ROOT;ACTUAL_LOADING_EXCEEDS_DESIGN_FLOOD_FRACTION,3.6586032043866004,0.004325410587356917,0.015719962851011616,1.362615610441246,0.021420266776344902,0.004135857849431366,2.0710961113510273,0.16475285976321236,,0,0.4319689898685966,329.6895903010034
0.5,55,0.33,0.2,0.3,false,NO_DILUTE_CONNECTED_ROOT;ACTUAL_LOADING_EXCEEDS_DESIGN_FLOOD_FRACTION,3.2632029748609748,0.005757121491772056,0.012801318205128837,1.3478364632271187,0.01725408345424578,0.0032966188289960193,2.598346837588929,0.163410222435742,,0,0.47516588885545624,362.65854933110364
0.5,60,0.33,0.2,0.3,false,NO_DILUTE_CONNECTED_ROOT;ACTUAL_LOADING_EXCEEDS_DESIGN_FLOOD_FRACTION,2.93966482065796,0.007474309494952753,0.010575615413382491,1.3337724591102185,0.014105464576511096,0.0026729057799666296,3.2046618228214787,0.16237926398638547,,0,0.5183627878423159,395.62750836120404
0.5,65,0.33,0.2,0.3,false,NO_DILUTE_CONNECTED_ROOT;ACTUAL_LOADING_EXCEEDS_DESIGN_FLOOD_FRACTION,2.670442847282246,0.009502927060423145,0.00884875586454023,1.3203870540066323,0.011683782687604184,0.002199616196780446,3.8942062354312235,0.16157739216492084,,0,0.5615596868291756,428.59646739130443
0.5,70,0.33,0.2,0.3,false,NO_DILUTE_CONNECTED_ROOT;ACTUAL_LOADING_EXCEEDS_DESIGN_FLOOD_FRACTION,2.4432148962296547,0.011868926651707381,0.007487996656586822,1.3076377845342573,0.009791587358619118,0.0018338117530407867,4.67101331140144,0.16094583122543976,,0,0.6047565858160353,461.56542642140477
0.5,30,0.33,0.2,0.4,true,,6.753576287464906,0.0009342886868690942,0.04319319119085997,1.6379764039213613,0.07074942798069264,0.014952189784810698,0.5728765640574948,0.17769336556274234,0.05292396586063278,2,0.25918139392115797,197.81375418060202
0.5,35,0.33,0.2,0.4,false,ACTUAL_LOADING_EXCEEDS_DESIGN_FLOOD_FRACTION,5.613033864406511,0.0014836158314634226,0.03242178996254202,1.6207639724142093,0.05254806909246874,0.01078433885770855,0.7942776300037342,0.17320546323544506,0.0845658776037476,2,0.30237829290801765,230.78271321070238
0.5,40,0.33,0.2,0.4,false,NO_DILUTE_CONNECTED_ROOT;ACTUAL_LOADING_EXCEEDS_DESIGN_FLOOD_FRACTION,4.781975272179754,0.0022146102207267412,0.024953548769480603,1.6039038987986327,0.04002309416023176,0.008024688211563163,1.0674257844329835,0.16984149687074607,,0,0.3455751918948773,263.7516722408027
0.5,45,0.33,0.2,0.4,false,NO_DILUTE_CONNECTED_ROOT;ACTUAL_LOADING_EXCEEDS_DESIGN_FLOOD_FRACTION,4.151684083644523,0.003153224318183193,0.01962198654510425,1.5876687370724767,0.031153214596918798,0.006133043874555684,1.396657073430521,0.16731932681584533,,0,0.3887720908817369,296.720631270903
0.5,50,0.33,0.2,0.4,false,NO_DILUTE_CONNECTED_ROOT;ACTUAL_LOADING_EXCEEDS_DESIGN_FLOOD_FRACTION,3.6586032043866004,0.004325410587356917,0.015719962851011616,1.5721537743856446,0.02471419892942003,0.004796253983142889,1.785926921127091,0.16541612458081983,,0,0.4319689898685966,329.6895903010034
0.5,55,0.33,0.2,0.4,false,NO_DILUTE_CONNECTED_ROOT;ACTUAL_LOADING_EXCEEDS_DESIGN_FLOOD_FRACTION,3.2632029748609748,0.005757121491772056,0.012801318205128837,1.5573746271715174,0.01993644816701648,0.003825835190755674,2.2389252756509954,0.1639657492903296,,0,0.47516588885545624,362.65854933110364
0.5,60,0.33,0.2,0.4,false,NO_DILUTE_CONNECTED_ROOT;ACTUAL_LOADING_EXCEEDS_DESIGN_FLOOD_FRACTION,2.93966482065796,0.007474309494952753,0.010575615413382491,1.5433106230546172,0.016321459612813345,0.003104491103013075,2.759150799544697,0.16284765022067343,,0,0.5183627878423159,395.62750836120404
0.5,65,0.33,0.2,0.4,false,NO_DILUTE_CONNECTED_ROOT;ACTUAL_LOADING_EXCEEDS_DESIGN_FLOOD_FRACTION,2.670442847282246,0.009502927060423145,0.00884875586454023,1.529925217951031,0.013537934744652173,0.0025569761451991455,3.3499565982031467,0.16197523445251355,,0,0.5615596868291756,428.59646739130443
0.5,70,0.33,0.2,0.4,false,NO_DILUTE_CONNECTED_ROOT;ACTUAL_LOADING_EXCEEDS_DESIGN_FLOOD_FRACTION,2.4432148962296547,0.011868926651707381,0.007487996656586822,1.517175948478656,0.011360608429662116,0.0021336633545735303,4.014578537282898,0.1612862873744383,,0,0.6047565858160353,461.56542642140477
0.5,30,0.4,0.2,0.2,false,NO_DILUTE_CONNECTED_ROOT;ACTUAL_LOADING_EXCEEDS_DESIGN_FLOOD_FRACTION,4.5966528606558015,0.002444619925891513,0.02335119775900621,1.1714629014609053,0.027355061879352802,0.00537879907099242,1.592504013628732,0.1671560655782524,,0,0.3141592653589793,290.63545150501676
0.5,35,0.4,0.2,0.2,false,NO_DILUTE_CONNECTED_ROOT;ACTUAL_LOADING_EXCEEDS_DESIGN_FLOOD_FRACTION,3.8203711739616817,0.0038819659008369864,0.01697038478504138,1.1492346845145427,0.019502954804527427,0.0037591929615634545,2.2786165000413843,0.16453104262519835,,0,0.3665191429188092,339.0746934225196
0.5,40,0.4,0.2,0.2,false,NO_DILUTE_CONNECTED_ROOT;ACTUAL_LOADING_EXCEEDS_DESIGN_FLOOD_FRACTION,3.2547319196273454,0.005794654639150252,0.01274108706055057,1.1284217059515438,0.014377319196543614,0.00273287520858203,3.1343396442541276,0.16276441942507902,,0,0.41887902047863906,387.51393534002233
0.5,45,0.4,0.2,0.2,false,NO_DILUTE_CONNECTED_ROOT;ACTUAL_LOADING_EXCEEDS_DESIGN_FLOOD_FRACTION,2.8257399794305536,0.008250592249883856,0.009830306206299393,1.108994957272746,0.010901760011233006,0.0020518394156072996,4.174673243872083,0.16154462081901422,,0,0.47123889803846897,435.95317725752517
0.5,50,0.4,0.2,0.2,false,NO_DILUTE_CONNECTED_ROOT;ACTUAL_LOADING_EXCEEDS_DESIGN_FLOOD_FRACTION,2.49013680598563,0.011317684842090338,0.007761393049504459,1.0908563865936092,0.008466565176915188,0.0015821589422708238,5.4139687740624565,0.16068041506115466,,0,0.5235987755982989,484.392419175028
0.5,55,0.4,0.2,0.2,false,NO_DILUTE_CONNECTED_ROOT;ACTUAL_LOADING_EXCEEDS_DESIGN_FLOOD_FRACTION,2.221017524764751,0.015063838524822239,0.006249428806465864,1.0738906532838945,0.006711203183626817,0.0012475478094509565,6.86607683021599,0.16005309669107348,,0,0.5759586531581287,532.8316610925307
0.5,60,0.4,0.2,0.2,false,NO_DILUTE_CONNECTED_ROOT;ACTUAL_LOADING_EXCEEDS_DESIGN_FLOOD_FRACTION,2.000809368560324,0.019556959407132105,0.005117540598973892,1.0579845614084928,0.005414278946095548,0.0010024952790158028,8.54443835133801,0.159587522988846,,0,0.6283185307179586,581.2709030100335
0.5,65,0.4,0.2,0.2,false,NO_DILUTE_CONNECTED_ROOT;ACTUAL_LOADING_EXCEEDS_DESIGN_FLOOD_FRACTION,1.8175701629314784,0.024864953598072465,0.0042522051080000674,1.043033979041828,0.004435194413499296,0.0008187382436351445,10.46214608349857,0.1592350162803467,,0,0.6806784082777885,629.7101449275364
0.5,70,0.4,0.2,0.2,false,NO_DILUTE_CONNECTED_ROOT;ACTUAL_LOADING_EXCEEDS_DESIGN_FLOOD_FRACTION,1.6629131387463085,0.03105572720669589,0.00357836699736153,1.0289457159015651,0.0036819453918586938,0.0006781005772855392,12.631989111920483,0.15896330671330888,,0,0.7330382858376184,678.1493868450392
0.5,30,0.4,0.2,0.3,false,NO_DILUTE_CONNECTED_ROOT;ACTUAL_LOADING_EXCEEDS_DESIGN_FLOOD_FRACTION,4.5966528606558015,0.002444619925891513,0.02335119775900621,1.3787356995755742,0.032195129978191,0.006376163769508542,1.3434032466387154,0.1681322573585599,,0,0.3141592653589793,290.63545150501676
0.5,35,0.4,0.2,0.3,false,NO_DILUTE_CONNECTED_ROOT;ACTUAL_LOADING_EXCEEDS_DESIGN_FLOOD_FRACTION,3.8203711739616817,0.0038819659008369864,0.01697038478504138,1.3565074826292114,0.023020453944005554,0.004463015475779596,1.9192761386429351,0.16528342102893373,,0,0.3665191429188092,339.0746934225196
0.5,40,0.4,0.2,0.3,false,NO_DILUTE_CONNECTED_ROOT;ACTUAL_LOADING_EXCEEDS_DESIGN_FLOOD_FRACTION,3.2547319196273454,0.005794654639150252,0.01274108706055057,1.3356945040662125,0.01701819996260653,0.0032500038878314525,2.635615034532584,0.16335021406756622,,0,0.41887902047863906,387.51393534002233
0.5,45,0.4,0.2,0.3,false,NO_DILUTE_CONNECTED_ROOT;ACTUAL_LOADING_EXCEEDS_DESIGN_FLOOD_FRACTION,2.8257399794305536,0.008250592249883856,0.009830306206299393,1.3162677553874147,0.012939315084936674,0.0024445487032968456,3.5040247295976132,0.16200726990717962,,0,0.47123889803846897,435.95317725752517
0.5,50,0.4,0.2,0.3,false,NO_DILUTE_CONNECTED_ROOT;ACTUAL_LOADING_EXCEEDS_DESIGN_FLOOD_FRACTION,2.49013680598563,0.011317684842090338,0.007761393049504459,1.2981291847082779,0.010075290831553717,0.001888596577806523,4.535515530270882,0.1610513962489391,,0,0.5235987755982989,484.392419175028
0.5,55,0.4,0.2,0.3,false,NO_DILUTE_CONNECTED_ROOT;ACTUAL_LOADING_EXCEEDS_DESIGN_FLOOD_FRACTION,2.221017524764751,0.015063838524822239,0.006249428806465864,1.2811634513985632,0.008006539778961411,0.0014921253983100902,5.740642923683957,0.1603549812684299,,0,0.5759586531581287,532.8316610925307
0.5,60,0.4,0.2,0.3,false,NO_DILUTE_CONNECTED_ROOT;ACTUAL_LOADING_EXCEEDS_DESIGN_FLOOD_FRACTION,2.000809368560324,0.019556959407132105,0.005117540598973892,1.2652573595231615,0.006475005905510285,0.001201437866168848,7.129589760952405,0.15983656675201924,,0,0.6283185307179586,581.2709030100335
0.5,65,0.4,0.2,0.3,false,NO_DILUTE_CONNECTED_ROOT;ACTUAL_LOADING_EXCEEDS_DESIGN_FLOOD_FRACTION,1.8175701629314784,0.024864953598072465,0.0042522051080000674,1.2503067771564966,0.005316560864391957,0.0009831890286378124,8.71221998980766,0.15944304658128805,,0,0.6806784082777885,629.7101449275364
0.5,70,0.4,0.2,0.3,false,NO_DILUTE_CONNECTED_ROOT;ACTUAL_LOADING_EXCEEDS_DESIGN_FLOOD_FRACTION,1.6629131387463085,0.03105572720669589,0.00357836699736153,1.236218514016234,0.004423643532083004,0.0008159328869817732,10.498117241901628,0.1591390437156442,,0,0.7330382858376184,678.1493868450392
0.5,30,0.4,0.2,0.4,false,NO_DILUTE_CONNECTED_ROOT;ACTUAL_LOADING_EXCEEDS_DESIGN_FLOOD_FRACTION,4.5966528606558015,0.002444619925891513,0.02335119775900621,1.588273863519973,0.037088097082515724,0.007394055369159895,1.1584656431956308,0.16904650709877822,,0,0.3141592653589793,290.63545150501676
0.5,35,0.4,0.2,0.4,false,NO_DILUTE_CONNECTED_ROOT;ACTUAL_LOADING_EXCEEDS_DESIGN_FLOOD_FRACTION,3.8203711739616817,0.0038819659008369864,0.01697038478504138,1.5660456465736101,0.026576397213293086,0.00518033698077603,1.6535138815959323,0.16599312352342127,,0,0.3665191429188092,339.0746934225196
0.5,40,0.4,0.2,0.4,false,NO_DILUTE_CONNECTED_ROOT;ACTUAL_LOADING_EXCEEDS_DESIGN_FLOOD_FRACTION,3.2547319196273454,0.005794654639150252,0.01274108706055057,1.5452326680106112,0.019687943951930034,0.0037763560052674317,2.268260486328624,0.16390532770442096,,0,0.41887902047863906,387.51393534002233
0.5,45,0.4,0.2,0.4,false,NO_DILUTE_CONNECTED_ROOT;ACTUAL_LOADING_EXCEEDS_DESIGN_FLOOD_FRACTION,2.8257399794305536,0.008250592249883856,0.009830306206299393,1.5258059193318134,0.014999139398415877,0.0028438054635865845,3.0120763247479165,0.1624469837586242,,0,0.47123889803846897,435.95317725752517
0.5,50,0.4,0.2,0.4,false,NO_DILUTE_CONNECTED_ROOT;ACTUAL_LOADING_EXCEEDS_DESIGN_FLOOD_FRACTION,2.49013680598563,0.011317684842090338,0.007761393049504459,1.5076673486526766,0.0117015988807977,0.002199848287292526,3.8937953851355243,0.16140465151753502,,0,0.5235987755982989,484.392419175028
0.5,55,0.4,0.2,0.4,false,NO_DILUTE_CONNECTED_ROOT;ACTUAL_LOADING_EXCEEDS_DESIGN_FLOOD_FRACTION,2.221017524764751,0.015063838524822239,0.006249428806465864,1.490701615342962,0.009316033616769503,0.0017403540415748687,4.921848603463845,0.16064279440558416,,0,0.5759586531581287,532.8316610925307
0.5,60,0.4,0.2,0.4,false,NO_DILUTE_CONNECTED_ROOT;ACTUAL_LOADING_EXCEEDS_DESIGN_FLOOD_FRACTION,2.000809368560324,0.019556959407132105,0.005117540598973892,1.4747955234675603,0.007547325966530192,0.0014032247121800944,6.1043388380396255,0.16007417896525955,,0,0.6283185307179586,581.2709030100335
0.5,65,0.4,0.2,0.4,false,NO_DILUTE_CONNECTED_ROOT;ACTUAL_LOADING_EXCEEDS_DESIGN_FLOOD_FRACTION,1.8175701629314784,0.024864953598072465,0.0042522051080000674,1.4598449411008954,0.006207560115437285,0.0011499070804075805,7.449088065465101,0.15964161984623687,,0,0.6806784082777885,629.7101449275364
0.5,70,0.4,0.2,0.4,false,NO_DILUTE_CONNECTED_ROOT;ACTUAL_LOADING_EXCEEDS_DESIGN_FLOOD_FRACTION,1.6629131387463085,0.03105572720669589,0.00357836699736153,1.4457566779606328,0.0051734479826293705,0.0009556084149537928,8.963670657370793,0.15930682754113962,,0,0.7330382858376184,678.1493868450392
0.5,30,0.5,0.2,0.2,false,NO_DILUTE_CONNECTED_ROOT;ACTUAL_LOADING_EXCEEDS_DESIGN_FLOOD_FRACTION,2.9418578308197127,0.007460387957432594,0.010590165813555905,1.0997888698110194,0.011646946491201944,0.002197145383022174,3.8985854897210857,0.16182611953561443,,0,0.39269908169872414,454.1178929765886
0.5,35,0.5,0.2,0.2,false,NO_DILUTE_CONNECTED_ROOT;ACTUAL_LOADING_EXCEEDS_DESIGN_FLOOD_FRACTION,2.4450375513354765,0.01184681976573787,0.007498541118171002,1.073154261533246,0.00804709135624748,0.0015020600307411609,5.70267428315187,0.16054405991626913,,0,0.45814892864851153,529.8042084726868
0.5,40,0.5,0.2,0.2,false,NO_DILUTE_CONNECTED_ROOT;ACTUAL_LOADING_EXCEEDS_DESIGN_FLOOD_FRACTION,2.0830284285615015,0.017683882565766144,0.0055286648239191915,1.0489714043003966,0.005799411304252719,0.0010751608717313001,7.9669557684560575,0.15973575592310302,,0,0.5235987755982988,605.4905239687847
0.5,45,0.5,0.2,0.2,false,NO_DILUTE_CONNECTED_ROOT;ACTUAL_LOADING_EXCEEDS_DESIGN_FLOOD_FRACTION,1.8084735868355541,0.025178809356335007,0.004211118768637531,1.0269125024974084,0.004324450513015372,0.0007980727219513549,10.733055865026842,0.15920260370019296,,0,0.5890486225480862,681.176839464883
0.5,50,0.5,0.2,0.2,false,NO_DILUTE_CONNECTED_ROOT;ACTUAL_LOADING_EXCEEDS_DESIGN_FLOOD_FRACTION,1.5936875558308035,0.03453883313626201,0.003294017300157141,1.0066870151085165,0.0033160444436110066,0.0006100469973455609,14.041146249927126,0.1588370604193058,,0,0.6544984694978736,756.8631549609811
0.5,55,0.5,0.2,0.2,false,NO_DILUTE_CONNECTED_ROOT;ACTUAL_LOADING_EXCEEDS_DESIGN_FLOOD_FRACTION,1.4214512158494408,0.045971186904364726,0.0026341205271502148,0.9880491305128916,0.0026026404965169294,0.0004777285230553395,17.930181464307665,0.1585780579137871,,0,0.7199483164476609,832.5494704570791
0.5,60,0.5,0.2,0.2,false,NO_DILUTE_CONNECTED_ROOT;ACTUAL_LOADING_EXCEEDS_DESIGN_FLOOD_FRACTION,1.2805179958786073,0.05968310365946075,0.002145858117651642,0.9707936770267326,0.0020831854924127004,0.00038175118132691366,22.438068375543843,0.15838930928321693,,0,0.7853981633974483,908.2357859531772
0.5,65,0.5,0.2,0.2,false,NO_DILUTE_CONNECTED_ROOT;ACTUAL_LOADING_EXCEEDS_DESIGN_FLOOD_FRACTION,1.1632449042761466,0.0758818164003676,0.0017759137857569476,0.9547496239607752,0.0016955530191382026,0.00031033341281629085,27.601794570952716,0.15824839180382028,,0,0.8508480103472356,983.9221014492754
0.5,70,0.5,0.2,0.2,false,NO_DILUTE_CONNECTED_ROOT;ACTUAL_LOADING_EXCEEDS_DESIGN_FLOOD_FRACTION,1.0642644087976376,0.09477455812590296,0.0014898432676381424,0.9397738638390603,0.0014001157641429082,0.0002560188767858752,33.45752944702594,0.1581409748213244,,0,0.9162978572970231,1059.6084169453736
0.5,30,0.5,0.2,0.3,false,NO_DILUTE_CONNECTED_ROOT;ACTUAL_LOADING_EXCEEDS_DESIGN_FLOOD_FRACTION,2.9418578308197127,0.007460387957432594,0.010590165813555905,1.3070616679256883,0.013841999791875986,0.002621809093817307,3.267117781099132,0.1623239562896972,,0,0.39269908169872414,454.1178929765886
0.5,35,0.5,0.2,0.3,false,NO_DILUTE_CONNECTED_ROOT;ACTUAL_LOADING_EXCEEDS_DESIGN_FLOOD_FRACTION,2.4450375513354765,0.01184681976573787,0.007498541118171002,1.2804270596479146,0.00960133495558868,0.0017975685901292714,4.765191801911671,0.16090482561935576,,0,0.45814892864851153,529.8042084726868
0.5,40,0.5,0.2,0.3,false,NO_DILUTE_CONNECTED_ROOT;ACTUAL_LOADING_EXCEEDS_DESIGN_FLOOD_FRACTION,2.0830284285615015,0.017683882565766144,0.0055286648239191915,1.2562442024150653,0.006945353132144592,0.0012905534195324496,6.63727589994778,0.16000534462883437,,0,0.5235987755982988,605.4905239687847
0.5,45,0.5,0.2,0.3,false,NO_DILUTE_CONNECTED_ROOT;ACTUAL_LOADING_EXCEEDS_DESIGN_FLOOD_FRACTION,1.8084735868355541,0.025178809356335007,0.004211118768637531,1.234185300612077,0.005197300883384071,0.0009608596948767856,8.91468250227349,0.15940962599142622,,0,0.5890486225480862,681.176839464883
0.5,50,0.5,0.2,0.3,false,NO_DILUTE_CONNECTED_ROOT;ACTUAL_LOADING_EXCEEDS_DESIGN_FLOOD_FRACTION,1.5936875558308035,0.03453883313626201,0.003294017300157141,1.2139598132231852,0.003998804626452704,0.0007366884085591081,11.627384128130547,0.15899983957251174,,0,0.6544984694978736,756.8631549609811
0.5,55,0.5,0.2,0.3,false,NO_DILUTE_CONNECTED_ROOT;ACTUAL_LOADING_EXCEEDS_DESIGN_FLOOD_FRACTION,1.4214512158494408,0.045971186904364726,0.0026341205271502148,1.1953219286275605,0.003148622028750641,0.0005786025108226968,14.80422042565723,0.15870866129003253,,0,0.7199483164476609,832.5494704570791
0.5,60,0.5,0.2,0.3,false,NO_DILUTE_CONNECTED_ROOT;ACTUAL_LOADING_EXCEEDS_DESIGN_FLOOD_FRACTION,1.2805179958786073,0.05968310365946075,0.002145858117651642,1.1780664751414014,0.0025279635088154323,0.00046368953001517355,18.47304835366376,0.15849594976182035,,0,0.7853981633974483,908.2357859531772
0.5,65,0.5,0.2,0.3,false,NO_DILUTE_CONNECTED_ROOT;ACTUAL_LOADING_EXCEEDS_DESIGN_FLOOD_FRACTION,1.1632449042761466,0.0758818164003676,0.0017759137857569476,1.162022422075444,0.0020636516387224596,0.0003779980033708182,22.66085808039273,0.15833678966681602,,0,0.8508480103472356,983.9221014492754
0.5,70,0.5,0.2,0.3,false,NO_DILUTE_CONNECTED_ROOT;ACTUAL_LOADING_EXCEEDS_DESIGN_FLOOD_FRACTION,1.0642644087976376,0.09477455812590296,0.0014898432676381424,1.1470466619537292,0.0017089197469785675,0.00031268895007499116,27.393865715445422,0.15821521113998294,,0,0.9162978572970231,1059.6084169453736
0.5,30,0.5,0.2,0.4,false,NO_DILUTE_CONNECTED_ROOT;ACTUAL_LOADING_EXCEEDS_DESIGN_FLOOD_FRACTION,2.9418578308197127,0.007460387957432594,0.010590165813555905,1.516599831870087,0.01606104369231523,0.003053705769464763,2.8050374710983648,0.16279646725166091,,0,0.39269908169872414,454.1178929765886
0.5,35,0.5,0.2,0.4,false,NO_DILUTE_CONNECTED_ROOT;ACTUAL_LOADING_EXCEEDS_DESIGN_FLOOD_FRACTION,2.4450375513354765,0.01184681976573787,0.007498541118171002,1.4899652235923133,0.011172565493751811,0.0020976881473725823,4.083428282600918,0.1612482272301578,,0,0.45814892864851153,529.8042084726868
0.5,40,0.5,0.2,0.4,false,NO_DILUTE_CONNECTED_ROOT;ACTUAL_LOADING_EXCEEDS_DESIGN_FLOOD_FRACTION,2.0830284285615015,0.017683882565766144,0.0055286648239191915,1.465782366359464,0.008103819408412602,0.0015090797039089066,5.6761475797934295,0.16026232447228833,,0,0.5235987755982988,605.4905239687847
0.5,45,0.5,0.2,0.4,false,NO_DILUTE_CONNECTED_ROOT;ACTUAL_LOADING_EXCEEDS_DESIGN_FLOOD_FRACTION,1.8084735868355541,0.025178809356335007,0.004211118768637531,1.4437234645564758,0.006079690978316177,0.0011258892019839369,7.607994724493444,0.15960709730046768,,0,0.5890486225480862,681.176839464883
0.5,50,0.5,0.2,0.4,false,NO_DILUTE_CONNECTED_ROOT;ACTUAL_LOADING_EXCEEDS_DESIGN_FLOOD_FRACTION,1.5936875558308035,0.03453883313626201,0.003294017300157141,1.423497977167584,0.004689026963528717,0.0008650020570685073,9.902588137289857,0.15915513548888566,,0,0.6544984694978736,756.8631549609811
0.5,55,0.5,0.2,0.4,false,NO_DILUTE_CONNECTED_ROOT;ACTUAL_LOADING_EXCEEDS_DESIGN_FLOOD_FRACTION,1.4214512158494408,0.045971186904364726,0.0026341205271502148,1.4048600925719592,0.003700570807617949,0.0006807652868841553,12.582543901824339,0.15883326253110913,,0,0.7199483164476609,832.5494704570791
0.5,60,0.5,0.2,0.4,false,NO_DILUTE_CONNECTED_ROOT;ACTUAL_LOADING_EXCEEDS_DESIGN_FLOOD_FRACTION,1.2805179958786073,0.05968310365946075,0.002145858117651642,1.3876046390858001,0.002977602678873341,0.0005466480173997412,15.669606101935495,0.15859765797797493,,0,0.7853981633974483,908.2357859531772
0.5,65,0.5,0.2,0.4,false,NO_DILUTE_CONNECTED_ROOT;ACTUAL_LOADING_EXCEEDS_DESIGN_FLOOD_FRACTION,1.1632449042761466,0.0758818164003676,0.0017759137857569476,1.3715605860198428,0.0024357733527135164,0.0004464879509077744,19.184748640232062,0.15842106320544663,,0,0.8508480103472356,983.9221014492754
0.5,70,0.5,0.2,0.4,false,NO_DILUTE_CONNECTED_ROOT;ACTUAL_LOADING_EXCEEDS_DESIGN_FLOOD_FRACTION,1.0642644087976376,0.09477455812590296,0.0014898432676381424,1.356584825898128,0.0020210987698443873,0.0003700390436195031,23.148257614312087,0.15828595466817658,,0,0.9162978572970231,1059.6084169453736
0.5,30,0.33,0.25,0.2,true,,7.384104176196774,0.0007474309494952753,0.049300667253716735,1.1943991109822019,0.05888467313866862,0.012370574854720437,0.6924301586348149,0.17675654808398367,0.06899601522025328,2,0.25918139392115797,197.81375418060202
0.5,35,0.33,0.25,0.2,false,ACTUAL_LOADING_EXCEEDS_DESIGN_FLOOD_FRACTION,6.137078347101356,0.001186892665170738,0.037313928276203466,1.177609363069938,0.04394123131097731,0.008972255299220605,0.9546940901026311,0.1724569218285682,0.12823561606905368,2,0.30237829290801765,230.78271321070238
0.5,40,0.33,0.25,0.2,false,NO_DILUTE_CONNECTED_ROOT;ACTUAL_LOADING_EXCEEDS_DESIGN_FLOOD_FRACTION,5.2284304011359275,0.0017716881765813932,0.028913991246526865,1.1610398434092675,0.03357029586920448,0.006702168421160804,1.2780578718393876,0.1692426081858745,,0,0.3455751918948773,263.7516722408027
0.5,45,0.33,0.25,0.2,false,NO_DILUTE_CONNECTED_ROOT;ACTUAL_LOADING_EXCEEDS_DESIGN_FLOOD_FRACTION,4.5392939200508735,0.002522579454546554,0.022860771254828285,1.1450141180023496,0.02617590583520068,0.005134672821172684,1.6682190681628728,0.16683537596777887,,0,0.3887720908817369,296.720631270903
0.5,50,0.33,0.25,0.2,false,NO_DILUTE_CONNECTED_ROOT;ACTUAL_LOADING_EXCEEDS_DESIGN_FLOOD_FRACTION,4.000177987283656,0.0034603284698855336,0.01839502550799141,1.1296557709869748,0.020780046722555106,0.004020511680885536,2.1305146680164047,0.16501967490500885,,0,0.4319689898685966,329.6895903010034
0.5,55,0.33,0.25,0.2,false,NO_DILUTE_CONNECTED_ROOT;ACTUAL_LOADING_EXCEEDS_DESIGN_FLOOD_FRACTION,3.5678623722918696,0.0046056971934176445,0.015032313939618425,1.1149972226531442,0.01676098829272469,0.00320813368142442,2.67001314772354,0.16363624605105126,,0,0.47516588885545624,362.65854933110364
0.5,60,0.33,0.25,0.2,false,NO_DILUTE_CONNECTED_ROOT;ACTUAL_LOADING_EXCEEDS_DESIGN_FLOOD_FRACTION,3.2141180250126817,0.005979447595962202,0.012453726921189574,1.1010283311232247,0.013711906168301733,0.0026023249498268773,3.291579366223181,0.16256995871874008,,0,0.5183627878423159,395.62750836120404
0.5,65,0.33,0.25,0.2,false,NO_DILUTE_CONNECTED_ROOT;ACTUAL_LOADING_EXCEEDS_DESIGN_FLOOD_FRACTION,2.9197609298515093,0.007602341648338515,0.010443902876705635,1.0877194456707,0.011360036247688882,0.002141483415640459,3.9999184894439823,0.16173820993481447,,0,0.5615596868291756,428.59646739130443
0.5,70,0.33,0.25,0.2,false,NO_DILUTE_CONNECTED_ROOT;ACTUAL_LOADING_EXCEEDS_DESIGN_FLOOD_FRACTION,2.6713185060307656,0.009495141321365905,0.008854175863203336,1.0750327812032154,0.009518529303481862,0.0017846797260568337,4.799605769032614,0.16108166750553105,,0,0.6047565858160353,461.56542642140477
0.5,30,0.33,0.25,0.3,true,,7.384104176196774,0.0007474309494952753,0.049300667253716735,1.4016719090968706,0.0691033603892667,0.014666068535444153,0.5840528488160727,0.17836249767770318,0.05455384233243585,2,0.25918139392115797,197.81375418060202
0.5,35,0.33,0.25,0.3,false,ACTUAL_LOADING_EXCEEDS_DESIGN_FLOOD_FRACTION,6.137078347101356,0.001186892665170738,0.037313928276203466,1.3848821611846067,0.05167539363343606,0.010649919008789048,0.8043027465268862,0.17383091483835378,0.08684983709367652,2,0.30237829290801765,230.78271321070238
0.5,40,0.33,0.25,0.3,false,NO_DILUTE_CONNECTED_ROOT;ACTUAL_LOADING_EXCEEDS_DESIGN_FLOOD_FRACTION,5.2284304011359275,0.0017716881765813932,0.028913991246526865,1.3683126415239362,0.039563379739535144,0.007963924600933555,1.0755700911650796,0.17039995511206502,,0,0.3455751918948773,263.7516722408027
0.5,45,0.33,0.25,0.3,false,NO_DILUTE_CONNECTED_ROOT;ACTUAL_LOADING_EXCEEDS_DESIGN_FLOOD_FRACTION,4.5392939200508735,0.002522579454546554,0.022860771254828285,1.3522869161170186,0.030914321860248326,0.00610784183407867,1.402419928634255,0.16780491241655526,,0,0.3887720908817369,296.720631270903
0.5,50,0.33,0.25,0.3,false,NO_DILUTE_CONNECTED_ROOT;ACTUAL_LOADING_EXCEEDS_DESIGN_FLOOD_FRACTION,4.000177987283656,0.0034603284698855336,0.01839502550799141,1.3369285691016435,0.02459283513098719,0.004787856940572536,1.7890591167148835,0.16583232667485365,,0,0.4319689898685966,329.6895903010034
0.5,55,0.33,0.25,0.3,false,NO_DILUTE_CONNECTED_ROOT;ACTUAL_LOADING_EXCEEDS_DESIGN_FLOOD_FRACTION,3.5678623722918696,0.0046056971934176445,0.015032313939618425,1.3222700207678129,0.019876778065127537,0.0038249668988485307,2.2394335259833396,0.16432013130824963,,0,0.47516588885545624,362.65854933110364
0.5,60,0.33,0.25,0.3,false,NO_DILUTE_CONNECTED_ROOT;ACTUAL_LOADING_EXCEEDS_DESIGN_FLOOD_FRACTION,3.2141180250126817,0.005979447595962202,0.012453726921189574,1.3083011292378934,0.016293224994212673,0.003106579597954297,2.7572958744397,0.1631488401359643,,0,0.5183627878423159,395.62750836120404
0.5,65,0.33,0.25,0.3,false,NO_DILUTE_CONNECTED_ROOT;ACTUAL_LOADING_EXCEEDS_DESIGN_FLOOD_FRACTION,2.9197609298515093,0.007602341648338515,0.010443902876705635,1.294992243785369,0.0135247732201815,0.002559808138193004,3.346250440122667,0.16223149513941765,,0,0.5615596868291756,428.59646739130443
0.5,70,0.33,0.25,0.3,false,NO_DILUTE_CONNECTED_ROOT;ACTUAL_LOADING_EXCEEDS_DESIGN_FLOOD_FRACTION,2.6713185060307656,0.009495141321365905,0.008854175863203336,1.2823055793178844,0.011353759109647383,0.0021362155170232358,4.009782271872129,0.16150495167496753,,0,0.6047565858160353,461.56542642140477
0.5,30,0.33,0.25,0.4,true,,7.384104176196774,0.0007474309494952753,0.049300667253716735,1.6112100730412693,0.07943373168684426,0.017012361275585357,0.5035020694834849,0.17982374853954863,0.04526624088354696,2,0.25918139392115797,197.81375418060202
0.5,35,0.33,0.25,0.4,true,,6.137078347101356,0.001186892665170738,0.037313928276203466,1.5944203251290054,0.05949408565398472,0.012364610325639255,0.6927641780425516,0.17509656092821946,0.06833624793625703,2,0.30237829290801765,230.78271321070238
0.5,40,0.33,0.25,0.4,false,ACTUAL_LOADING_EXCEEDS_DESIGN_FLOOD_FRACTION,5.2284304011359275,0.0017716881765813932,0.028913991246526865,1.577850805468335,0.0456219643776368,0.00925279110983867,0.9257486748998137,0.17147590526184198,0.11609160557045417,2,0.3455751918948773,263.7516722408027
0.5,45,0.33,0.25,0.4,false,NO_DILUTE_CONNECTED_ROOT;ACTUAL_LOADING_EXCEEDS_DESIGN_FLOOD_FRACTION,4.5392939200508735,0.002522579454546554,0.022860771254828285,1.5618250800614173,0.03570452589533794,0.007101079970387596,1.2062614623097088,0.16871243873722852,,0,0.3887720908817369,296.720631270903
0.5,50,0.33,0.25,0.4,false,NO_DILUTE_CONNECTED_ROOT;ACTUAL_LOADING_EXCEEDS_DESIGN_FLOOD_FRACTION,4.000177987283656,0.0034603284698855336,0.01839502550799141,1.5464667330460422,0.02844729500164209,0.00557028585725119,1.5377593410053347,0.1665968628749544,,0,0.4319689898685966,329.6895903010034
0.5,55,0.33,0.25,0.4,false,NO_DILUTE_CONNECTED_ROOT;ACTUAL_LOADING_EXCEEDS_DESIGN_FLOOD_FRACTION,3.5678623722918696,0.0046056971934176445,0.015032313939618425,1.5318081847122116,0.023026621527870973,0.004453333689122313,1.923448748064983,0.164965917726985,,0,0.47516588885545624,362.65854933110364
0.5,60,0.33,0.25,0.4,false,NO_DILUTE_CONNECTED_ROOT;ACTUAL_LOADING_EXCEEDS_DESIGN_FLOOD_FRACTION,3.2141180250126817,0.005979447595962202,0.012453726921189574,1.5178392931822922,0.01890275606754367,0.0036198115148088697,2.3663550088215595,0.1636969807632917,,0,0.5183627878423159,395.62750836120404
0.5,65,0.33,0.25,0.4,false,NO_DILUTE_CONNECTED_ROOT;ACTUAL_LOADING_EXCEEDS_DESIGN_FLOOD_FRACTION,2.9197609298515093,0.007602341648338515,0.010443902876705635,1.5045304077297676,0.015713169453380024,0.0029852429672280172,2.869367486363015,0.16269954380761298,,0,0.5615596868291756,428.59646739130443
0.5,70,0.33,0.25,0.4,false,NO_DILUTE_CONNECTED_ROOT;ACTUAL_LOADING_EXCEEDS_DESIGN_FLOOD_FRACTION,2.6713185060307656,0.009495141321365905,0.008854175863203336,1.491843743262283,0.01320904686326382,0.0024934759566031355,3.4352683796185732,0.16190718506453378,,0,0.6047565858160353,461.56542642140477
0.5,30,0.4,0.25,0.2,false,NO_DILUTE_CONNECTED_ROOT;ACTUAL_LOADING_EXCEEDS_DESIGN_FLOOD_FRACTION,5.025805904923929,0.0019556959407132104,0.027100179964910674,1.1452890189693494,0.031037538525905364,0.006161826314814664,1.3901331636796657,0.16846506553347013,,0,0.3141592653589793,290.63545150501676
0.5,35,0.4,0.25,0.2,false,NO_DILUTE_CONNECTED_ROOT;ACTUAL_LOADING_EXCEEDS_DESIGN_FLOOD_FRACTION,4.177048949995861,0.003105572720669589,0.019829657600322948,1.123353760594172,0.022275720436617588,0.004327619525867661,1.9793235190518612,0.16555534337016514,,0,0.3665191429188092,339.0746934225196
0.5,40,0.4,0.25,0.2,false,NO_DILUTE_CONNECTED_ROOT;ACTUAL_LOADING_EXCEEDS_DESIGN_FLOOD_FRACTION,3.558600441773141,0.004635723711320202,0.014962700891114124,1.1027421626206046,0.016500001139312437,0.00315644844011841,2.713733257983011,0.16356679517736944,,0,0.41887902047863906,387.51393534002233
0.5,45,0.4,0.25,0.2,false,NO_DILUTE_CONNECTED_ROOT;ACTUAL_LOADING_EXCEEDS_DESIGN_FLOOD_FRACTION,3.089556924334626,0.006600473799907084,0.011587306937028119,1.0834605725559103,0.012554390208373557,0.002375122743865134,3.6064490271852296,0.16217833661865644,,0,0.47123889803846897,435.95317725752517
0.5,50,0.4,0.25,0.2,false,NO_DILUTE_CONNECTED_ROOT;ACTUAL_LOADING_EXCEEDS_DESIGN_FLOOD_FRACTION,2.7226211425949387,0.00905414787367227,0.009174012805752549,1.0654305509283342,0.00977427351785653,0.0018342203214778577,4.669972853728046,0.16118656764519212,,0,0.5235987755982989,484.392419175028
0.5,55,0.4,0.25,0.2,false,NO_DILUTE_CONNECTED_ROOT;ACTUAL_LOADING_EXCEEDS_DESIGN_FLOOD_FRACTION,2.428376327141154,0.012051070819857792,0.007402380605569663,1.0485484037243626,0.007761754367730251,0.0014478083885503326,5.916362397675208,0.16046229689159658,,0,0.5759586531581287,532.8316610925307
0.5,60,0.4,0.25,0.2,false,NO_DILUTE_CONNECTED_ROOT;ACTUAL_LOADING_EXCEEDS_DESIGN_FLOOD_FRACTION,2.1876090807742563,0.015645567525705683,0.0060714435752390866,1.0327082336115292,0.0062700297700572245,0.0011642502713774027,7.357317683013237,0.15992233861749328,,0,0.6283185307179586,581.2709030100335
0.5,65,0.4,0.25,0.2,false,NO_DILUTE_CONNECTED_ROOT;ACTUAL_LOADING_EXCEEDS_DESIGN_FLOOD_FRACTION,1.9872622828801834,0.019891962878457972,0.005051140134289402,1.0178106863943561,0.005141104407155176,0.000951302990958857,9.004238597446381,0.15951212544606652,,0,0.6806784082777885,629.7101449275364
0.5,70,0.4,0.25,0.2,false,NO_DILUTE_CONNECTED_ROOT;ACTUAL_LOADING_EXCEEDS_DESIGN_FLOOD_FRACTION,1.81816615816719,0.024844581765356713,0.004254903294929828,1.0037658142751869,0.004270926470497414,0.0007881440650830705,10.86826569981859,0.15919508708473568,,0,0.7330382858376184,678.1493868450392
0.5,30,0.4,0.25,0.3,false,NO_DILUTE_CONNECTED_ROOT;ACTUAL_LOADING_EXCEEDS_DESIGN_FLOOD_FRACTION,5.025805904923929,0.0019556959407132104,0.027100179964910674,1.3525618170840183,0.03665466865664349,0.007335341794151329,1.167738238985352,0.16957431527644912,,0,0.3141592653589793,290.63545150501676
0.5,35,0.4,0.25,0.3,false,NO_DILUTE_CONNECTED_ROOT;ACTUAL_LOADING_EXCEEDS_DESIGN_FLOOD_FRACTION,4.177048949995861,0.003105572720669589,0.019829657600322948,1.3306265587088406,0.026385869053092332,0.005159937239883099,1.6600510259795302,0.16642394791164478,,0,0.3665191429188092,339.0746934225196
0.5,40,0.4,0.25,0.3,false,NO_DILUTE_CONNECTED_ROOT;ACTUAL_LOADING_EXCEEDS_DESIGN_FLOOD_FRACTION,3.558600441773141,0.004635723711320202,0.014962700891114124,1.3100149607352733,0.019601362020366508,0.003769927786422015,2.2721281664621924,0.16425076870758587,,0,0.41887902047863906,387.51393534002233
0.5,45,0.4,0.25,0.3,false,NO_DILUTE_CONNECTED_ROOT;ACTUAL_LOADING_EXCEEDS_DESIGN_FLOOD_FRACTION,3.089556924334626,0.006600473799907084,0.011587306937028119,1.290733370670579,0.014956123739824887,0.0028419498251144883,3.014043046559716,0.16272291892967666,,0,0.47123889803846897,435.95317725752517
0.5,50,0.4,0.25,0.3,false,NO_DILUTE_CONNECTED_ROOT;ACTUAL_LOADING_EXCEEDS_DESIGN_FLOOD_FRACTION,2.7226211425949387,0.00905414787367227,0.009174012805752549,1.2727033490430029,0.011675796822044664,0.0021989852823484234,3.8953235284549317,0.16162583814201975,,0,0.5235987755982989,484.392419175028
0.5,55,0.4,0.25,0.3,false,NO_DILUTE_CONNECTED_ROOT;ACTUAL_LOADING_EXCEEDS_DESIGN_FLOOD_FRACTION,2.428376327141154,0.012051070819857792,0.007402380605569663,1.2558212018390313,0.009296066508556432,0.0017392088349480082,4.925089464206861,0.1608213279262175,,0,0.5759586531581287,532.8316610925307
0.5,60,0.4,0.25,0.3,false,NO_DILUTE_CONNECTED_ROOT;ACTUAL_LOADING_EXCEEDS_DESIGN_FLOOD_FRACTION,2.1876090807742563,0.015645567525705683,0.0060714435752390866,1.239981031726198,0.007528474868492358,0.0014014352657100956,6.112133266974501,0.16021951328594636,,0,0.6283185307179586,581.2709030100335
0.5,65,0.4,0.25,0.3,false,NO_DILUTE_CONNECTED_ROOT;ACTUAL_LOADING_EXCEEDS_DESIGN_FLOOD_FRACTION,1.9872622828801834,0.019891962878457972,0.005051140134289402,1.225083484509025,0.006188068356458644,0.0011474604408809733,7.464971169273151,0.159760987182185,,0,0.6806784082777885,629.7101449275364
0.5,70,0.4,0.25,0.3,false,NO_DILUTE_CONNECTED_ROOT;ACTUAL_LOADING_EXCEEDS_DESIGN_FLOOD_FRACTION,1.81816615816719,0.024844581765356713,0.004254903294929828,1.2110386123898556,0.005152852182144843,0.0009526106011609537,8.991878841804585,0.15940575132879037,,0,0.7330382858376184,678.1493868450392
0.5,30,0.4,0.25,0.4,false,NO_DILUTE_CONNECTED_ROOT;ACTUAL_LOADING_EXCEEDS_DESIGN_FLOOD_FRACTION,5.025805904923929,0.0019556959407132104,0.027100179964910674,1.562099981028417,0.042333190609053654,0.008533901341619084,1.003733083634735,0.17060711665500344,,0,0.3141592653589793,290.63545150501676
0.5,35,0.4,0.25,0.4,false,NO_DILUTE_CONNECTED_ROOT;ACTUAL_LOADING_EXCEEDS_DESIGN_FLOOD_FRACTION,4.177048949995861,0.003105572720669589,0.019829657600322948,1.5401647226532393,0.030540939098310092,0.00600894745756514,1.42550075026431,0.1672393816232559,,0,0.3665191429188092,339.0746934225196
0.5,40,0.4,0.25,0.4,false,NO_DILUTE_CONNECTED_ROOT;ACTUAL_LOADING_EXCEEDS_DESIGN_FLOOD_FRACTION,3.558600441773141,0.004635723711320202,0.014962700891114124,1.519553124679672,0.02273661889273978,0.00439488973262588,1.949027081491761,0.16489635783404089,,0,0.41887902047863906,387.51393534002233
0.5,45,0.4,0.25,0.4,false,NO_DILUTE_CONNECTED_ROOT;ACTUAL_LOADING_EXCEEDS_DESIGN_FLOOD_FRACTION,3.089556924334626,0.006600473799907084,0.011587306937028119,1.5002715346149778,0.017384106760469954,0.0033169464839066273,2.582423066099445,0.16323877673903864,,0,0.47123889803846897,435.95317725752517
0.5,50,0.4,0.25,0.4,false,NO_DILUTE_CONNECTED_ROOT;ACTUAL_LOADING_EXCEEDS_DESIGN_FLOOD_FRACTION,2.7226211425949387,0.00905414787367227,0.009174012805752549,1.4822415129874016,0.013598102621364454,0.0025697540211476887,3.333299233532218,0.16204291612206084,,0,0.5235987755982989,484.392419175028
0.5,55,0.4,0.25,0.4,false,NO_DILUTE_CONNECTED_ROOT;ACTUAL_LOADING_EXCEEDS_DESIGN_FLOOD_FRACTION,2.428376327141154,0.012051070819857792,0.007402380605569663,1.46535936578343,0.010847147749465125,0.0020351533915147044,4.208900982486968,0.16116275034983418,,0,0.5759586531581287,532.8316610925307
0.5,60,0.4,0.25,0.4,false,NO_DILUTE_CONNECTED_ROOT;ACTUAL_LOADING_EXCEEDS_DESIGN_FLOOD_FRACTION,2.1876090807742563,0.015645567525705683,0.0060714435752390866,1.4495191956705966,0.008800674007739972,0.001642150385255071,5.216184331209974,0.16050239492116708,,0,0.6283185307179586,581.2709030100335
0.5,65,0.4,0.25,0.4,false,NO_DILUTE_CONNECTED_ROOT;ACTUAL_LOADING_EXCEEDS_DESIGN_FLOOD_FRACTION,1.9872622828801834,0.019891962878457972,0.005051140134289402,1.4346216484534238,0.0072464749860235095,0.0013464232779818364,6.361862015559627,0.15999803238480054,,0,0.6806784082777885,629.7101449275364
0.5,70,0.4,0.25,0.4,false,NO_DILUTE_CONNECTED_ROOT;ACTUAL_LOADING_EXCEEDS_DESIGN_FLOOD_FRACTION,1.81816615816719,0.024844581765356713,0.004254903294929828,1.4205767763342543,0.006044416806325411,0.0011193508452132016,7.65243457463635,0.15960646570505183,,0,0.7330382858376184,678.1493868450392
0.5,30,0.5,0.25,0.2,false,NO_DILUTE_CONNECTED_ROOT;ACTUAL_LOADING_EXCEEDS_DESIGN_FLOOD_FRACTION,3.2165157791513144,0.005968310365946076,0.012470626664730814,1.0740125962676779,0.013393610121272473,0.0025404447948107743,3.37175565733793,0.1624979974098933,,0,0.39269908169872414,454.1178929765886
0.5,35,0.5,0.25,0.2,false,NO_DILUTE_CONNECTED_ROOT;ACTUAL_LOADING_EXCEEDS_DESIGN_FLOOD_FRACTION,2.673311327997351,0.009477455812590296,0.008866515604143544,1.047583884411492,0.0092884188577838,0.0017407642247785368,4.9206888486852245,0.16102819195150514,,0,0.45814892864851153,529.8042084726868
0.5,40,0.5,0.25,0.2,false,NO_DILUTE_CONNECTED_ROOT;ACTUAL_LOADING_EXCEEDS_DESIGN_FLOOD_FRACTION,2.2775042827348106,0.014147106052612915,0.006555338717091507,1.0235425609886057,0.0067096681786396025,0.0012476890616114791,6.865299514603934,0.16009360976799836,,0,0.5235987755982988,605.4905239687847
0.5,45,0.5,0.25,0.2,false,NO_DILUTE_CONNECTED_ROOT;ACTUAL_LOADING_EXCEEDS_DESIGN_FLOOD_FRACTION,1.9773164315741607,0.020143047485068004,0.005002634350324182,1.0015856792053275,0.005010566923585348,0.0009268443580936738,9.241852781707504,0.15947369558051494,,0,0.5890486225480862,681.176839464883
0.5,50,0.5,0.25,0.2,false,NO_DILUTE_CONNECTED_ROOT;ACTUAL_LOADING_EXCEEDS_DESIGN_FLOOD_FRACTION,1.7424775312607608,0.027631066509009605,0.003918441413363478,0.9814364819935506,0.003845701355629288,0.0007087710712181234,12.085367838639995,0.1590470535748258,,0,0.6544984694978736,756.8631549609811
0.5,55,0.5,0.25,0.2,false,NO_DILUTE_CONNECTED_ROOT;ACTUAL_LOADING_EXCEEDS_DESIGN_FLOOD_FRACTION,1.5541608493703385,0.03677694952349178,0.0031365336990244715,0.9628573431789327,0.0030200345042338925,0.0005551427360643927,15.42983191995573,0.1587439670320832,,0,0.7199483164476609,832.5494704570791
0.5,60,0.5,0.25,0.2,false,NO_DILUTE_CONNECTED_ROOT;ACTUAL_LOADING_EXCEEDS_DESIGN_FLOOD_FRACTION,1.4000698116955241,0.047746482927568605,0.00255701606352617,0.945648220663609,0.0024180376906817883,0.00044362978694913115,19.30834980212931,0.15852267630197742,,0,0.7853981633974483,908.2357859531772
0.5,65,0.5,0.25,0.2,false,NO_DILUTE_CONNECTED_ROOT;ACTUAL_LOADING_EXCEEDS_DESIGN_FLOOD_FRACTION,1.2718478610433175,0.06070545312029409,0.002117368393820604,0.9296414416308181,0.001968393406094916,0.000360614114221463,23.75325526997387,0.15835725960347485,,0,0.8508480103472356,983.9221014492754
0.5,70,0.5,0.25,0.2,false,NO_DILUTE_CONNECTED_ROOT;ACTUAL_LOADING_EXCEEDS_DESIGN_FLOOD_FRACTION,1.1636263412270016,0.07581964650072237,0.0017770628028500165,0.9146961774796973,0.0016254725529082671,0.00029746146113108194,28.796197922537814,0.15823102457430777,,0,0.9162978572970231,1059.6084169453736
0.5,30,0.5,0.25,0.3,false,NO_DILUTE_CONNECTED_ROOT;ACTUAL_LOADING_EXCEEDS_DESIGN_FLOOD_FRACTION,3.2165157791513144,0.005968310365946076,0.012470626664730814,1.2812853943823468,0.01597843180431463,0.0030449605950167856,2.8130935825823733,0.16308295263760214,,0,0.39269908169872414,454.1178929765886
0.5,35,0.5,0.25,0.3,false,NO_DILUTE_CONNECTED_ROOT;ACTUAL_LOADING_EXCEEDS_DESIGN_FLOOD_FRACTION,2.673311327997351,0.009477455812590296,0.008866515604143544,1.2548566825261607,0.011126206356582005,0.0020925568524957357,4.093441522910967,0.16145581267609543,,0,0.45814892864851153,529.8042084726868
0.5,40,0.5,0.25,0.3,false,NO_DILUTE_CONNECTED_ROOT;ACTUAL_LOADING_EXCEEDS_DESIGN_FLOOD_FRACTION,2.2775042827348106,0.014147106052612915,0.006555338717091507,1.2308153591032744,0.008068411577120582,0.0015044130026018376,5.6937550355146485,0.1604149862067633,,0,0.5235987755982988,605.4905239687847
0.5,45,0.5,0.25,0.3,false,NO_DILUTE_CONNECTED_ROOT;ACTUAL_LOADING_EXCEEDS_DESIGN_FLOOD_FRACTION,1.9773164315741607,0.020143047485068004,0.005002634350324182,1.2088584773199962,0.006047476943321598,0.0011210136619264203,7.641083601370198,0.15972143928180788,,0,0.5890486225480862,681.176839464883
0.5,50,0.5,0.25,0.3,false,NO_DILUTE_CONNECTED_ROOT;ACTUAL_LOADING_EXCEEDS_DESIGN_FLOOD_FRACTION,1.7424775312607608,0.027631066509009605,0.003918441413363478,1.1887092801082195,0.004657887671625534,0.0008599018162770774,9.961322266003759,0.15924238058626022,,0,0.6544984694978736,756.8631549609811
0.5,55,0.5,0.25,0.3,false,NO_DILUTE_CONNECTED_ROOT;ACTUAL_LOADING_EXCEEDS_DESIGN_FLOOD_FRACTION,1.5541608493703385,0.03677694952349178,0.0031365336990244715,1.1701301412936016,0.0036701526204116477,0.0006755650824634174,12.679398819464252,0.1589009964438866,,0,0.7199483164476609,832.5494704570791
0.5,60,0.5,0.25,0.3,false,NO_DILUTE_CONNECTED_ROOT;ACTUAL_LOADING_EXCEEDS_DESIGN_FLOOD_FRACTION,1.4000698116955241,0.047746482927568605,0.00255701606352617,1.1529210187782777,0.002948037564993013,0.0005414716165582417,15.819405573840593,0.15865108181472587,,0,0.7853981633974483,908.2357859531772
0.5,65,0.5,0.25,0.3,false,NO_DILUTE_CONNECTED_ROOT;ACTUAL_LOADING_EXCEEDS_DESIGN_FLOOD_FRACTION,1.2718478610433175,0.06070545312029409,0.002117368393820604,1.136914239745487,0.0024072662777216746,0.00044142704557131434,19.404699360846234,0.15846380452519626,,0,0.8508480103472356,983.9221014492754
0.5,70,0.5,0.25,0.3,false,NO_DILUTE_CONNECTED_ROOT;ACTUAL_LOADING_EXCEEDS_DESIGN_FLOOD_FRACTION,1.1636263412270016,0.07581964650072237,0.0017770628028500165,1.121968975594366,0.001993809332480486,0.0003651532999884766,23.45798082429555,0.15832058921421638,,0,0.9162978572970231,1059.6084169453736
0.5,30,0.5,0.25,0.4,false,NO_DILUTE_CONNECTED_ROOT;ACTUAL_LOADING_EXCEEDS_DESIGN_FLOOD_FRACTION,3.2165157791513144,0.005968310365946076,0.012470626664730814,1.4908235583267455,0.018591504018878387,0.003558501333718836,2.4071254457297675,0.163636183189397,,0,0.39269908169872414,454.1178929765886
0.5,35,0.5,0.25,0.4,false,NO_DILUTE_CONNECTED_ROOT;ACTUAL_LOADING_EXCEEDS_DESIGN_FLOOD_FRACTION,2.673311327997351,0.009477455812590296,0.008866515604143544,1.4643948464705594,0.012984079756858604,0.0024501001046765,3.496085361046466,0.16186167705427362,,0,0.45814892864851153,529.8042084726868
0.5,40,0.5,0.25,0.4,false,NO_DILUTE_CONNECTED_ROOT;ACTUAL_LOADING_EXCEEDS_DESIGN_FLOOD_FRACTION,2.2775042827348106,0.014147106052612915,0.006555338717091507,1.4403535230476732,0.009442005215933566,0.001765031658781386,4.853034259437534,0.1607205789000462,,0,0.5235987755982988,605.4905239687847
0.5,45,0.5,0.25,0.4,false,NO_DILUTE_CONNECTED_ROOT;ACTUAL_LOADING_EXCEEDS_DESIGN_FLOOD_FRACTION,1.9773164315741607,0.020143047485068004,0.005002634350324182,1.418396641264395,0.0070957197599737076,0.0013179577530983558,6.499266830762127,0.15995725037437925,,0,0.5890486225480862,681.176839464883
0.5,50,0.5,0.25,0.4,false,NO_DILUTE_CONNECTED_ROOT;ACTUAL_LOADING_EXCEEDS_DESIGN_FLOOD_FRACTION,1.7424775312607608,0.027631066509009605,0.003918441413363478,1.3982474440526182,0.005478950690905412,0.0010130925563538674,8.455060749716884,0.15942837241958974,,0,0.6544984694978736,756.8631549609811
0.5,55,0.5,0.25,0.4,false,NO_DILUTE_CONNECTED_ROOT;ACTUAL_LOADING_EXCEEDS_DESIGN_FLOOD_FRACTION,1.5541608493703385,0.03677694952349178,0.0031365336990244715,1.3796683052380003,0.004327376132854969,0.0007975686710169694,10.739838988579926,0.1590505304925447,,0,0.7199483164476609,832.5494704570791
0.5,60,0.5,0.25,0.4,false,NO_DILUTE_CONNECTED_ROOT;ACTUAL_LOADING_EXCEEDS_DESIGN_FLOOD_FRACTION,1.4000698116955241,0.047746482927568605,0.00255701606352617,1.3624591827226764,0.0034838300161206207,0.0006405606790035167,13.372283672458918,0.15877333914400704,,0,0.7853981633974483,908.2357859531772
0.5,65,0.5,0.25,0.4,false,NO_DILUTE_CONNECTED_ROOT;ACTUAL_LOADING_EXCEEDS_DESIGN_FLOOD_FRACTION,1.2718478610433175,0.06070545312029409,0.002117368393820604,1.3464524036898857,0.0028509357633567448,0.0005232460365666787,16.370423300791437,0.15856522780205667,,0,0.8508480103472356,983.9221014492754
0.5,70,0.5,0.25,0.4,false,NO_DILUTE_CONNECTED_ROOT;ACTUAL_LOADING_EXCEEDS_DESIGN_FLOOD_FRACTION,1.1636263412270016,0.07581964650072237,0.0017770628028500165,1.3315071395387648,0.0023661718094035653,0.0004336719334173491,19.75170272505177,0.1584058165153971,,0,0.9162978572970231,1059.6084169453736
0.5,30,0.33,0.3,0.2,true,,7.94273939870754,0.0006228591245793961,0.05476155581178107,1.161987815998362,0.0636322606384039,0.013496596198349706,0.6346606939389134,0.17826440178405145,0.061227470621350505,2,0.25918139392115797,197.81375418060202
0.5,35,0.33,0.3,0.2,false,ACTUAL_LOADING_EXCEEDS_DESIGN_FLOOD_FRACTION,6.601371380649101,0.0009890772209756153,0.0417316113887194,1.1455828681511055,0.04780701906725651,0.009849863197314923,0.8696322920904074,0.17378826471803227,0.10130656452978462,2,0.30237829290801765,230.78271321070238
0.5,40,0.33,0.3,0.2,false,NO_DILUTE_CONNECTED_ROOT;ACTUAL_LOADING_EXCEEDS_DESIGN_FLOOD_FRACTION,5.623980803842326,0.0014764068138178273,0.032522752803351256,1.1292778611947092,0.03672722472593274,0.007392464792892251,1.1587149007857,0.17038929518238033,,0,0.3455751918948773,263.7516722408027
0.5,45,0.33,0.3,0.2,false,NO_DILUTE_CONNECTED_ROOT;ACTUAL_LOADING_EXCEEDS_DESIGN_FLOOD_FRACTION,4.882708558923896,0.002102149545455462,0.02583533360347437,1.1134428011228847,0.028766166215396693,0.005683654426007782,1.5070865445059338,0.16781043488601516,,0,0.3887720908817369,296.720631270903
0.5,50,0.33,0.3,0.2,false,NO_DILUTE_CONNECTED_ROOT;ACTUAL_LOADING_EXCEEDS_DESIGN_FLOOD_FRACTION,4.302806480420632,0.0028836070582379447,0.020868423882097774,1.098227032909448,0.0229182672415329,0.004462255596860449,1.9196029727845747,0.16584449069038526,,0,0.4319689898685966,329.6895903010034
0.5,55,0.33,0.3,0.2,false,NO_DILUTE_CONNECTED_ROOT;ACTUAL_LOADING_EXCEEDS_DESIGN_FLOOD_FRACTION,3.8377845649741014,0.0038380809945147043,0.01710679171536834,1.0836782746349882,0.018538258530650473,0.003567766727304246,2.4008742061256036,0.1643336721800165,,0,0.47516588885545624,362.65854933110364
0.5,60,0.33,0.3,0.2,false,NO_DILUTE_CONNECTED_ROOT;ACTUAL_LOADING_EXCEEDS_DESIGN_FLOOD_FRACTION,3.4572781288295835,0.004982872996635169,0.014208302876560972,1.069795971111076,0.01519998517367084,0.002898418111784035,2.9553221028506225,0.1631611157863916,,0,0.5183627878423159,395.62750836120404
0.5,65,0.33,0.3,0.2,false,NO_DILUTE_CONNECTED_ROOT;ACTUAL_LOADING_EXCEEDS_DESIGN_FLOOD_FRACTION,3.14065181353971,0.006335284706948763,0.011939956040347349,1.0565567471430728,0.012615241115020678,0.0023878537354967803,3.5872210184916806,0.16224137328833732,,0,0.5615596868291756,428.59646739130443
0.5,70,0.33,0.3,0.2,false,NO_DILUTE_CONNECTED_ROOT;ACTUAL_LOADING_EXCEEDS_DESIGN_FLOOD_FRACTION,2.8734137869754934,0.007912617767804922,0.010139650620380813,1.0439270766309794,0.010585055830193639,0.001991700686962816,4.300726090585439,0.16151211402744614,,0,0.6047565858160353,461.56542642140477
0.5,30,0.33,0.3,0.3,true,,7.94273939870754,0.0006228591245793961,0.05476155581178107,1.3692606141130308,0.07498284154062436,0.016075267687790343,0.5328532796728406,0.1799872603469056,0.04875041469129139,2,0.25918139392115797,197.81375418060202
0.5,35,0.33,0.3,0.3,false,ACTUAL_LOADING_EXCEEDS_DESIGN_FLOOD_FRACTION,6.601371380649101,0.0009890772209756153,0.0417316113887194,1.3528556662657745,0.056456846929630364,0.011748011339236772,0.7291241778469728,0.17528647239413575,0.07412821176672285,2,0.30237829290801765,230.78271321070238
0.5,40,0.33,0.3,0.3,false,ACTUAL_LOADING_EXCEEDS_DESIGN_FLOOD_FRACTION,5.623980803842326,0.0014764068138178273,0.032522752803351256,1.336550659309378,0.04346830670187504,0.00882774330486476,0.9703226309647608,0.17166830562633384,0.13558570898015487,2,0.3455751918948773,263.7516722408027
0.5,45,0.33,0.3,0.3,false,NO_DILUTE_CONNECTED_ROOT;ACTUAL_LOADING_EXCEEDS_DESIGN_FLOOD_FRACTION,4.882708558923896,0.002102149545455462,0.02583533360347437,1.3207155992375537,0.03412112810161476,0.006795051635925789,1.2605877877027916,0.1688935258150966,,0,0.3887720908817369,296.720631270903
0.5,50,0.33,0.3,0.3,false,NO_DILUTE_CONNECTED_ROOT;ACTUAL_LOADING_EXCEEDS_DESIGN_FLOOD_FRACTION,4.302806480420632,0.0028836070582379447,0.020868423882097774,1.3054998310241168,0.027243723851818287,0.005341136455213382,1.6037334340516707,0.1667601839165726,,0,0.4319689898685966,329.6895903010034
0.5,55,0.33,0.3,0.3,false,NO_DILUTE_CONNECTED_ROOT;ACTUAL_LOADING_EXCEEDS_DESIGN_FLOOD_FRACTION,3.8377845649741014,0.0038380809945147043,0.01710679171536834,1.2909510727496571,0.022084031116259707,0.0042757607649687125,2.003329835297884,0.16510955288955032,,0,0.47516588885545624,362.65854933110364
0.5,60,0.33,0.3,0.3,false,NO_DILUTE_CONNECTED_ROOT;ACTUAL_LOADING_EXCEEDS_DESIGN_FLOOD_FRACTION,3.4572781288295835,0.004982872996635169,0.014208302876560972,1.2770687692257447,0.018144979867356328,0.0034781064568149608,2.4627650750235888,0.16382146272722897,,0,0.5183627878423159,395.62750836120404
0.5,65,0.33,0.3,0.3,false,NO_DILUTE_CONNECTED_ROOT;ACTUAL_LOADING_EXCEEDS_DESIGN_FLOOD_FRACTION,3.14065181353971,0.006335284706948763,0.011939956040347349,1.2638295452577415,0.015090069212869614,0.0028693246922600916,2.9852874901762694,0.1628065397576987,,0,0.5615596868291756,428.59646739130443
0.5,70,0.33,0.3,0.3,false,NO_DILUTE_CONNECTED_ROOT;ACTUAL_LOADING_EXCEEDS_DESIGN_FLOOD_FRACTION,2.8734137869754934,0.007912617767804922,0.010139650620380813,1.251199874745648,0.012686729586185106,0.0023966639838219005,3.5740342271086,0.1619987878604418,,0,0.6047565858160353,461.56542642140477
0.5,30,0.33,0.3,0.4,true,,7.94273939870754,0.0006228591245793961,0.05476155581178107,1.5787987780574295,0.08645747740016368,0.01871146757779581,0.45778125491463784,0.18154328396725844,0.04057993509243352,2,0.25918139392115797,197.81375418060202
0.5,35,0.33,0.3,0.4,true,,6.601371380649101,0.0009890772209756153,0.0417316113887194,1.5623938302101732,0.06520121215846379,0.013688838465426227,0.6257476944221662,0.17665734488190937,0.059414154018024024,2,0.30237829290801765,230.78271321070238
0.5,40,0.33,0.3,0.4,false,ACTUAL_LOADING_EXCEEDS_DESIGN_FLOOD_FRACTION,5.623980803842326,0.0014764068138178273,0.032522752803351256,1.5460888232537768,0.050283064610706814,0.01029471612920925,0.8320539392780587,0.17285035371461888,0.0920144406403443,2,0.3455751918948773,263.7516722408027
0.5,45,0.33,0.3,0.4,false,NO_DILUTE_CONNECTED_ROOT;ACTUAL_LOADING_EXCEEDS_DESIGN_FLOOD_FRACTION,4.882708558923896,0.002102149545455462,0.02583533360347437,1.5302537631819524,0.0395346164697778,0.007930160626151758,1.0801495093062954,0.16990209254577315,,0,0.3887720908817369,296.720631270903
0.5,50,0.33,0.3,0.4,false,NO_DILUTE_CONNECTED_ROOT;ACTUAL_LOADING_EXCEEDS_DESIGN_FLOOD_FRACTION,4.302806480420632,0.0028836070582379447,0.020868423882097774,1.5150379949685155,0.0316164550764865,0.006237969718258793,1.373164586545779,0.1676177040652132,,0,0.4319689898685966,329.6895903010034
0.5,55,0.33,0.3,0.4,false,NO_DILUTE_CONNECTED_ROOT;ACTUAL_LOADING_EXCEEDS_DESIGN_FLOOD_FRACTION,3.8377845649741014,0.0038380809945147043,0.01710679171536834,1.5004892366940559,0.025668556843277242,0.004997545947897776,1.7139930674696693,0.16583923524886496,,0,0.47516588885545624,362.65854933110364
0.5,60,0.33,0.3,0.4,false,NO_DILUTE_CONNECTED_ROOT;ACTUAL_LOADING_EXCEEDS_DESIGN_FLOOD_FRACTION,3.4572781288295835,0.004982872996635169,0.014208302876560972,1.4866069331701435,0.021122161564876833,0.004068557010423383,2.1053555565555544,0.16444446727318746,,0,0.5183627878423159,395.62750836120404
0.5,65,0.33,0.3,0.4,false,NO_DILUTE_CONNECTED_ROOT;ACTUAL_LOADING_EXCEEDS_DESIGN_FLOOD_FRACTION,3.14065181353971,0.006335284706948763,0.011939956040347349,1.4733677092021402,0.01759194567914083,0.0033593283589528878,2.549842764322061,0.16334101550333707,,0,0.5615596868291756,428.59646739130443
0.5,70,0.33,0.3,0.4,false,NO_DILUTE_CONNECTED_ROOT;ACTUAL_LOADING_EXCEEDS_DESIGN_FLOOD_FRACTION,2.8734137869754934,0.007912617767804922,0.010139650620380813,1.4607380386900468,0.014811373360217385,0.0028084969909455016,3.049944200287072,0.16245986060221546,,0,0.6047565858160353,461.56542642140477
0.5,30,0.4,0.3,0.2,false,NO_DILUTE_CONNECTED_ROOT;ACTUAL_LOADING_EXCEEDS_DESIGN_FLOOD_FRACTION,5.406027003245319,0.0016297466172610086,0.03052388269868034,1.1134170734686206,0.033985812145264124,0.006800351473302563,1.2596053516772123,0.16955581226985955,,0,0.3141592653589793,290.63545150501676
0.5,35,0.4,0.3,0.2,false,NO_DILUTE_CONNECTED_ROOT;ACTUAL_LOADING_EXCEEDS_DESIGN_FLOOD_FRACTION,4.493058395954294,0.0025879772672246578,0.022467435969458997,1.0917485168973453,0.02452878989814293,0.004796762559772536,1.7857375682702368,0.16642366144331,,0,0.3665191429188092,339.0746934225196
0.5,40,0.4,0.3,0.2,false,NO_DILUTE_CONNECTED_ROOT;ACTUAL_LOADING_EXCEEDS_DESIGN_FLOOD_FRACTION,3.8278219346151827,0.0038631030927668343,0.01702870795636575,1.0713202505336197,0.018243199674077597,0.0035088407261886743,2.441193481689352,0.16425544835905215,,0,0.41887902047863906,387.51393534002233
0.5,45,0.4,0.3,0.2,false,NO_DILUTE_CONNECTED_ROOT;ACTUAL_LOADING_EXCEEDS_DESIGN_FLOOD_FRACTION,3.323293512917576,0.005500394833255903,0.013231459302818006,1.0521708090661717,0.013921755239772146,0.002645487722894965,3.2378752072545587,0.16272704980331915,,0,0.47123889803846897,435.95317725752517
0.5,50,0.4,0.3,0.2,false,NO_DILUTE_CONNECTED_ROOT;ACTUAL_LOADING_EXCEEDS_DESIGN_FLOOD_FRACTION,2.9285976607362922,0.007545123228060224,0.010502301851077341,1.0342396076497469,0.01086189654587744,0.002045727061038262,4.187146600441689,0.1616275922371409,,0,0.5235987755982989,484.392419175028
0.5,55,0.4,0.3,0.2,false,NO_DILUTE_CONNECTED_ROOT;ACTUAL_LOADING_EXCEEDS_DESIGN_FLOOD_FRACTION,2.612092119535498,0.010042559016548158,0.008490581240426625,1.0174335550454066,0.0086386022558491,0.0016161913539897786,5.299965927866298,0.16082043963236914,,0,0.5759586531581287,532.8316610925307
0.5,60,0.4,0.3,0.2,false,NO_DILUTE_CONNECTED_ROOT;ACTUAL_LOADING_EXCEEDS_DESIGN_FLOOD_FRACTION,2.353109926434635,0.01303797293808807,0.006974425538452924,1.001653398377212,0.006985957042320188,0.001300409800043368,6.58696905296489,0.16021630644119023,,0,0.6283185307179586,581.2709030100335
0.5,65,0.4,0.3,0.2,false,NO_DILUTE_CONNECTED_ROOT;ACTUAL_LOADING_EXCEEDS_DESIGN_FLOOD_FRACTION,2.137606140590465,0.01657663573204831,0.005809186631635261,0.9868041329699293,0.005732529377291337,0.0010629438653084631,8.058524432588138,0.15975595425947536,,0,0.6806784082777885,629.7101449275364
0.5,70,0.4,0.3,0.2,false,NO_DILUTE_CONNECTED_ROOT;ACTUAL_LOADING_EXCEEDS_DESIGN_FLOOD_FRACTION,1.9557172587601952,0.020703818137797262,0.004898007768842006,0.9727987628989575,0.004764775898198986,0.0008808185287782305,9.724771708582646,0.1593993537157613,,0,0.7330382858376184,678.1493868450392
0.5,30,0.4,0.3,0.3,false,NO_DILUTE_CONNECTED_ROOT;ACTUAL_LOADING_EXCEEDS_DESIGN_FLOOD_FRACTION,5.406027003245319,0.0016297466172610086,0.03052388269868034,1.3206898715832893,0.040312582721543526,0.008136771651707833,1.0527220715675427,0.1707860114580418,,0,0.3141592653589793,290.63545150501676
0.5,35,0.4,0.3,0.3,false,NO_DILUTE_CONNECTED_ROOT;ACTUAL_LOADING_EXCEEDS_DESIGN_FLOOD_FRACTION,4.493058395954294,0.0025879772672246578,0.022467435969458997,1.299021315012014,0.02918567821799485,0.0057491291358391355,1.4899228920881906,0.16739996583250083,,0,0.3665191429188092,339.0746934225196
0.5,40,0.4,0.3,0.3,false,NO_DILUTE_CONNECTED_ROOT;ACTUAL_LOADING_EXCEEDS_DESIGN_FLOOD_FRACTION,3.8278219346151827,0.0038631030927668343,0.01702870795636575,1.2785930486482884,0.02177278762047105,0.004212978739902223,2.0331835591595517,0.16503176758742782,,0,0.41887902047863906,387.51393534002233
0.5,45,0.4,0.3,0.3,false,NO_DILUTE_CONNECTED_ROOT;ACTUAL_LOADING_EXCEEDS_DESIGN_FLOOD_FRACTION,3.323293512917576,0.005500394833255903,0.013231459302818006,1.2594436071808406,0.0166642768326076,0.0031823987675899798,2.691604583401956,0.1633495914307972,,0,0.47123889803846897,435.95317725752517
0.5,50,0.4,0.3,0.3,false,NO_DILUTE_CONNECTED_ROOT;ACTUAL_LOADING_EXCEEDS_DESIGN_FLOOD_FRACTION,2.9285976607362922,0.007545123228060224,0.010502301851077341,1.2415124057644156,0.013038738037195104,0.0024658364470529367,3.4737742315778313,0.16213239740283336,,0,0.5235987755982989,484.392419175028
0.5,55,0.4,0.3,0.3,false,NO_DILUTE_CONNECTED_ROOT;ACTUAL_LOADING_EXCEEDS_DESIGN_FLOOD_FRACTION,2.612092119535498,0.010042559016548158,0.008490581240426625,1.2247063531600755,0.010398468787172242,0.0019521307008080933,4.387902462428407,0.16123468370877075,,0,0.5759586531581287,532.8316610925307
0.5,60,0.4,0.3,0.3,false,NO_DILUTE_CONNECTED_ROOT;ACTUAL_LOADING_EXCEEDS_DESIGN_FLOOD_FRACTION,2.353109926434635,0.01303797293808807,0.006974425538452924,1.208926196491881,0.008431565738917733,0.0015740381847624994,5.441900451957828,0.16056021761010375,,0,0.6283185307179586,581.2709030100335
0.5,65,0.4,0.3,0.3,false,NO_DILUTE_CONNECTED_ROOT;ACTUAL_LOADING_EXCEEDS_DESIGN_FLOOD_FRACTION,2.137606140590465,0.01657663573204831,0.005809186631635261,1.1940769310845982,0.006936615745200706,0.0012893577847908645,6.6434307141886935,0.16004464040255473,,0,0.6806784082777885,629.7101449275364
0.5,70,0.4,0.3,0.3,false,NO_DILUTE_CONNECTED_ROOT;ACTUAL_LOADING_EXCEEDS_DESIGN_FLOOD_FRACTION,1.9557172587601952,0.020703818137797262,0.004898007768842006,1.1800715610136263,0.005779999673634255,0.0010707277565540991,7.999941214398821,0.15964417046361956,,0,0.7330382858376184,678.1493868450392
0.5,30,0.4,0.3,0.4,false,ACTUAL_LOADING_EXCEEDS_DESIGN_FLOOD_FRACTION,5.406027003245319,0.0016297466172610086,0.03052388269868034,1.530228035527688,0.04670850105867921,0.009502573960156538,0.9014146214460844,0.17192485361675153,0.10869531832338214,2,0.3141592653589793,290.63545150501676
0.5,35,0.4,0.3,0.4,false,NO_DILUTE_CONNECTED_ROOT;ACTUAL_LOADING_EXCEEDS_DESIGN_FLOOD_FRACTION,4.493058395954294,0.0025879772672246578,0.022467435969458997,1.5085594789564127,0.03389346349957363,0.006721324338474437,1.274415379722938,0.1683120871773806,,0,0.3665191429188092,339.0746934225196
0.5,40,0.4,0.3,0.4,false,NO_DILUTE_CONNECTED_ROOT;ACTUAL_LOADING_EXCEEDS_DESIGN_FLOOD_FRACTION,3.8278219346151827,0.0038631030927668343,0.01702870795636575,1.488131212592687,0.025340951819993303,0.004930851831463598,1.7371763341985067,0.16576152878709477,,0,0.41887902047863906,387.51393534002233
0.5,45,0.4,0.3,0.4,false,NO_DILUTE_CONNECTED_ROOT;ACTUAL_LOADING_EXCEEDS_DESIGN_FLOOD_FRACTION,3.323293512917576,0.005500394833255903,0.013231459302818006,1.4689817711252393,0.01943677252122512,0.003729111720876996,2.2969971806163714,0.16393720965745257,,0,0.47123889803846897,435.95317725752517
0.5,50,0.4,0.3,0.4,false,NO_DILUTE_CONNECTED_ROOT;ACTUAL_LOADING_EXCEEDS_DESIGN_FLOOD_FRACTION,2.9285976607362922,0.007545123228060224,0.010502301851077341,1.4510505697088143,0.01523937108425971,0.002893152618036848,2.9607007441142983,0.16261021671787917,,0,0.5235987755982989,484.392419175028
0.5,55,0.4,0.3,0.4,false,NO_DILUTE_CONNECTED_ROOT;ACTUAL_LOADING_EXCEEDS_DESIGN_FLOOD_FRACTION,2.612092119535498,0.010042559016548158,0.008490581240426625,1.4342445171044742,0.012177569591111994,0.002293518778929232,3.734767374809547,0.16162749244656277,,0,0.5759586531581287,532.8316610925307
0.5,60,0.4,0.3,0.4,false,NO_DILUTE_CONNECTED_ROOT;ACTUAL_LOADING_EXCEEDS_DESIGN_FLOOD_FRACTION,2.353109926434635,0.01303797293808807,0.006974425538452924,1.4184643604362797,0.009892974060812082,0.0018518912267590068,4.6254115713096455,0.16088673528257963,,0,0.6283185307179586,581.2709030100335
0.5,65,0.4,0.3,0.4,false,NO_DILUTE_CONNECTED_ROOT;ACTUAL_LOADING_EXCEEDS_DESIGN_FLOOD_FRACTION,2.137606140590465,0.01657663573204831,0.005809186631635261,1.403615095028997,0.008153862046003905,0.0015191211300877607,5.638628111612848,0.1603189378570659,,0,0.6806784082777885,629.7101449275364
0.5,70,0.4,0.3,0.4,false,NO_DILUTE_CONNECTED_ROOT;ACTUAL_LOADING_EXCEEDS_DESIGN_FLOOD_FRACTION,1.9557172587601952,0.020703818137797262,0.004898007768842006,1.389609724958025,0.0068063192285028095,0.0012633448764421762,6.780222304127089,0.15987689832007984,,0,0.7330382858376184,678.1493868450392
0.5,30,0.5,0.3,0.2,false,NO_DILUTE_CONNECTED_ROOT;ACTUAL_LOADING_EXCEEDS_DESIGN_FLOOD_FRACTION,3.459857282077005,0.0049735919716217296,0.014227341373218374,1.042502623530905,0.014832040707449942,0.0028263767466364612,3.030650149259696,0.1630776328782355,,0,0.39269908169872414,454.1178929765886
0.5,35,0.5,0.3,0.2,false,NO_DILUTE_CONNECTED_ROOT;ACTUAL_LOADING_EXCEEDS_DESIGN_FLOOD_FRACTION,2.8755573734107487,0.007897879843825246,0.01015364645230361,1.0162613543797823,0.010318758495511539,0.0019406001996173784,4.413974146115623,0.1614497806628457,,0,0.45814892864851153,529.8042084726868
0.5,40,0.5,0.3,0.2,false,NO_DILUTE_CONNECTED_ROOT;ACTUAL_LOADING_EXCEEDS_DESIGN_FLOOD_FRACTION,2.4498060381537172,0.011789255043844095,0.007526156834193436,0.9923488796274694,0.007468573302312478,0.0013924757155280736,6.151460318867752,0.16040700334928426,,0,0.5235987755982988,605.4905239687847
0.5,45,0.5,0.3,0.2,false,NO_DILUTE_CONNECTED_ROOT;ACTUAL_LOADING_EXCEEDS_DESIGN_FLOOD_FRACTION,2.1269078482672494,0.016785872904223335,0.005753725253229997,0.9704848741958911,0.005583903328538636,0.0010349977121443606,8.27611405179916,0.15971190691029813,,0,0.5890486225480862,681.176839464883
0.5,50,0.5,0.3,0.2,false,NO_DILUTE_CONNECTED_ROOT;ACTUAL_LOADING_EXCEEDS_DESIGN_FLOOD_FRACTION,1.874302502871227,0.023025888757508006,0.004512481033057887,0.9504051295615701,0.004288685120867508,0.0007916716392614014,10.81983828175207,0.15923193835703203,,0,0.6544984694978736,756.8631549609811
0.5,55,0.5,0.3,0.2,false,NO_DILUTE_CONNECTED_ROOT;ACTUAL_LOADING_EXCEEDS_DESIGN_FLOOD_FRACTION,1.671738956502719,0.030647457936243152,0.0036153949454079655,0.9318794713660815,0.003369112330506378,0.0006200945735001113,13.813633395803919,0.15889017350515156,,0,0.7199483164476609,832.5494704570791
0.5,60,0.5,0.3,0.2,false,NO_DILUTE_CONNECTED_ROOT;ACTUAL_LOADING_EXCEEDS_DESIGN_FLOOD_FRACTION,1.5059903529181664,0.039788735772973836,0.0029494520263554772,0.9147125273521354,0.0026979007173314955,0.000495481881924752,17.287734267463676,0.1586402484498196,,0,0.7853981633974483,908.2357859531772
0.5,65,0.5,0.3,0.2,false,NO_DILUTE_CONNECTED_ROOT;ACTUAL_LOADING_EXCEEDS_DESIGN_FLOOD_FRACTION,1.3680679299778977,0.05058787760024508,0.0024436266821380136,0.8987396816220772,0.002196184266307931,0.0004026831305972042,21.27171082720642,0.15845320677956054,,0,0.8508480103472356,983.9221014492754
0.5,70,0.5,0.3,0.2,false,NO_DILUTE_CONNECTED_ROOT;ACTUAL_LOADING_EXCEEDS_DESIGN_FLOOD_FRACTION,1.251659045606525,0.06318303875060197,0.0020517304762257384,0.8838221802031965,0.0018133649026871746,0.000332076373632666,25.794545439517293,0.1583103670095497,,0,0.9162978572970231,1059.6084169453736
0.5,30,0.5,0.3,0.3,false,NO_DILUTE_CONNECTED_ROOT;ACTUAL_LOADING_EXCEEDS_DESIGN_FLOOD_FRACTION,3.459857282077005,0.0049735919716217296,0.014227341373218374,1.2497754216455736,0.017780981563609508,0.0034062916934242205,2.5146874900919247,0.16374529448832958,,0,0.39269908169872414,454.1178929765886
0.5,35,0.5,0.3,0.3,false,NO_DILUTE_CONNECTED_ROOT;ACTUAL_LOADING_EXCEEDS_DESIGN_FLOOD_FRACTION,2.8755573734107487,0.007897879843825246,0.01015364645230361,1.2235341524944512,0.012423333206747588,0.0023458154744697853,3.651505927163349,0.16194168961570804,,0,0.45814892864851153,529.8042084726868
0.5,40,0.5,0.3,0.3,false,NO_DILUTE_CONNECTED_ROOT;ACTUAL_LOADING_EXCEEDS_DESIGN_FLOOD_FRACTION,2.4498060381537172,0.011789255043844095,0.007526156834193436,1.1996216777421382,0.009028540888385589,0.0016885568562570138,5.07282836068988,0.16077859978449754,,0,0.5235987755982988,605.4905239687847
0.5,45,0.5,0.3,0.3,false,NO_DILUTE_CONNECTED_ROOT;ACTUAL_LOADING_EXCEEDS_DESIGN_FLOOD_FRACTION,2.1269078482672494,0.016785872904223335,0.005753725253229997,1.1777576723105598,0.006776494061358648,0.0012591133841216905,6.803008543216362,0.15999938969791455,,0,0.5890486225480862,681.176839464883
0.5,50,0.5,0.3,0.3,false,NO_DILUTE_CONNECTED_ROOT;ACTUAL_LOADING_EXCEEDS_DESIGN_FLOOD_FRACTION,1.874302502871227,0.023025888757508006,0.004512481033057887,1.157677927676239,0.005223999691028789,0.0009662047262772966,8.865366599955536,0.15945915566756336,,0,0.6544984694978736,756.8631549609811
0.5,55,0.5,0.3,0.3,false,NO_DILUTE_CONNECTED_ROOT;ACTUAL_LOADING_EXCEEDS_DESIGN_FLOOD_FRACTION,1.671738956502719,0.030647457936243152,0.0036153949454079655,1.1391522694807503,0.004118485357130717,0.0007592166143982857,11.282365199353134,0.15907319001776432,,0,0.7199483164476609,832.5494704570791
0.5,60,0.5,0.3,0.3,false,NO_DILUTE_CONNECTED_ROOT;ACTUAL_LOADING_EXCEEDS_DESIGN_FLOOD_FRACTION,1.5059903529181664,0.039788735772973836,0.0029494520263554772,1.1219853254668042,0.003309241891739175,0.0006085481137445935,14.07573027603362,0.1587901084999913,,0,0.7853981633974483,908.2357859531772
0.5,65,0.5,0.3,0.3,false,NO_DILUTE_CONNECTED_ROOT;ACTUAL_LOADING_EXCEEDS_DESIGN_FLOOD_FRACTION,1.3680679299778977,0.05058787760024508,0.0024436266821380136,1.1060124797367459,0.0027026816062623413,0.0004960900453829847,17.266541001533508,0.15857769858768894,,0,0.8508480103472356,983.9221014492754
0.5,70,0.5,0.3,0.3,false,NO_DILUTE_CONNECTED_ROOT;ACTUAL_LOADING_EXCEEDS_DESIGN_FLOOD_FRACTION,1.251659045606525,0.06318303875060197,0.0020517304762257384,1.0910949783178652,0.002238632819471625,0.00041032986186386074,20.87530035018478,0.15841509969219675,,0,0.9162978572970231,1059.6084169453736
0.5,30,0.5,0.3,0.4,false,NO_DILUTE_CONNECTED_ROOT;ACTUAL_LOADING_EXCEEDS_DESIGN_FLOOD_FRACTION,3.459857282077005,0.0049735919716217296,0.014227341373218374,1.4593135855899724,0.020762152552763865,0.003997032028264995,2.1430298902999017,0.16437438834898127,,0,0.39269908169872414,454.1178929765886
0.5,35,0.5,0.3,0.4,false,NO_DILUTE_CONNECTED_ROOT;ACTUAL_LOADING_EXCEEDS_DESIGN_FLOOD_FRACTION,2.8755573734107487,0.007897879843825246,0.01015364645230361,1.43307231643885,0.014550909641703845,0.0027579348580415125,3.105859837146666,0.16240710506412714,,0,0.45814892864851153,529.8042084726868
0.5,40,0.5,0.3,0.4,false,NO_DILUTE_CONNECTED_ROOT;ACTUAL_LOADING_EXCEEDS_DESIGN_FLOOD_FRACTION,2.4498060381537172,0.011789255043844095,0.007526156834193436,1.409159841686537,0.01060555797298007,0.001989303886233514,4.30590779434713,0.16113099511805157,,0,0.5235987755982988,605.4905239687847
0.5,45,0.5,0.3,0.4,false,NO_DILUTE_CONNECTED_ROOT;ACTUAL_LOADING_EXCEEDS_DESIGN_FLOOD_FRACTION,2.1269078482672494,0.016785872904223335,0.005753725253229997,1.3872958362549586,0.007982119086760981,0.0014865420882991284,5.762204229857154,0.1602723499006064,,0,0.5890486225480862,681.176839464883
0.5,50,0.5,0.3,0.4,false,NO_DILUTE_CONNECTED_ROOT;ACTUAL_LOADING_EXCEEDS_DESIGN_FLOOD_FRACTION,1.874302502871227,0.023025888757508006,0.004512481033057887,1.3672160916206377,0.0061695366815296615,0.0011431884782981527,7.4928668996119,0.15967502328351024,,0,0.6544984694978736,756.8631549609811
0.5,55,0.5,0.3,0.4,false,NO_DILUTE_CONNECTED_ROOT;ACTUAL_LOADING_EXCEEDS_DESIGN_FLOOD_FRACTION,1.671738956502719,0.030647457936243152,0.0036153949454079655,1.348690433425149,0.004876048575925362,0.0009002132828736836,9.515255186764287,0.15924708779592067,,0,0.7199483164476609,832.5494704570791
0.5,60,0.5,0.3,0.4,false,NO_DILUTE_CONNECTED_ROOT;ACTUAL_LOADING_EXCEEDS_DESIGN_FLOOD_FRACTION,1.5059903529181664,0.039788735772973836,0.0029494520263554772,1.331523489411203,0.003927264653983788,0.0007230884085588313,11.846074432488992,0.15893249427936196,,0,0.7853981633974483,908.2357859531772
0.5,65,0.5,0.3,0.4,false,NO_DILUTE_CONNECTED_ROOT;ACTUAL_LOADING_EXCEEDS_DESIGN_FLOOD_FRACTION,1.3680679299778977,0.05058787760024508,0.0024436266821380136,1.3155506436811446,0.0032147146546030836,0.000590682772583009,14.501454091170695,0.15869595309167117,,0,0.8508480103472356,983.9221014492754
0.5,70,0.5,0.3,0.4,false,NO_DILUTE_CONNECTED_ROOT;ACTUAL_LOADING_EXCEEDS_DESIGN_FLOOD_FRACTION,1.251659045606525,0.06318303875060197,0.0020517304762257384,1.300633142262264,0.0026685486563687334,0.0004895556010121968,17.497009719319944,0.15851455314362461,,0,0.9162978572970231,1059.6084169453736
0.6,30,0.33,0.2,0.2,false,ACTUAL_LOADING_EXCEEDS_DESIGN_FLOOD_FRACTION,5.836988170091345,0.0013453757090914956,0.03449834666275941,1.1752852802800482,0.04054539902673946,0.008219705462059034,0.7236808974715485,0.17141476214536994,0.07145511186732206,2,0.31101767270538955,284.85180602006693
0.6,35,0.33,0.2,0.2,false,NO_DILUTE_CONNECTED_ROOT;ACTUAL_LOADING_EXCEEDS_DESIGN_FLOOD_FRACTION,4.851238939237817,0.002136406797307329,0.025559074044238166,1.1530894196340034,0.029471897856053107,0.0058277321483507704,1.0207133194029965,0.16791896502183623,,0,0.3628539514896212,332.32710702341143
0.6,40,0.33,0.2,0.2,false,NO_DILUTE_CONNECTED_ROOT;ACTUAL_LOADING_EXCEEDS_DESIGN_FLOOD_FRACTION,4.132970726219493,0.003189038717846507,0.019469180540957195,1.132320336469348,0.022045349060919133,0.004279520787632214,1.3899789534673213,0.16545303679501233,,0,0.4146902302738527,379.8024080267558
0.6,45,0.33,0.2,0.2,false,NO_DILUTE_CONNECTED_ROOT;ACTUAL_LOADING_EXCEEDS_DESIGN_FLOOD_FRACTION,3.588221980577655,0.004540643018183798,0.015185715675349104,1.1129393189350285,0.01690078006126402,0.003236259031393739,1.8380617150948182,0.16368988440810406,,0,0.46652650905808435,427.27770903010037
0.6,50,0.33,0.2,0.2,false,NO_DILUTE_CONNECTED_ROOT;ACTUAL_LOADING_EXCEEDS_DESIGN_FLOOD_FRACTION,3.1620615084632444,0.006228591245793961,0.012088869142154445,1.0948442391141002,0.013235428737692009,0.002508616474270798,2.371204959683508,0.1624077913516927,,0,0.5183627878423159,474.7530100334449
0.6,55,0.33,0.2,0.2,false,NO_DILUTE_CONNECTED_ROOT;ACTUAL_LOADING_EXCEEDS_DESIGN_FLOOD_FRACTION,2.8203245732521642,0.00829025494815176,0.00979540141735734,1.0779181374984739,0.010558640851847736,0.001985860239054178,2.9953990259494727,0.1614587619569255,,0,0.5701990666265475,522.2283110367893
0.6,60,0.33,0.2,0.2,false,NO_DILUTE_CONNECTED_ROOT;ACTUAL_LOADING_EXCEEDS_DESIGN_FLOOD_FRACTION,2.5406966697129167,0.010763005672731965,0.008060469173488318,1.0620473179335317,0.00856059966698918,0.001600577522900254,3.7164359367961524,0.16074386967575022,,0,0.6220353454107791,569.7036120401339
0.6,65,0.33,0.2,0.2,false,NO_DILUTE_CONNECTED_ROOT;ACTUAL_LOADING_EXCEEDS_DESIGN_FLOOD_FRACTION,2.308013213298958,0.013684214967009329,0.006723134615172703,1.0471276631192312,0.007039980238421804,0.001310245824242084,4.539944883377567,0.16019634939949312,,0,0.6738716241950107,617.1789130434782
0.6,70,0.33,0.2,0.2,false,NO_DILUTE_CONNECTED_ROOT;ACTUAL_LOADING_EXCEEDS_DESIGN_FLOOD_FRACTION,2.111624395618786,0.017091254378458633,0.005674893467716644,1.0330662271185735,0.005862540783993873,0.001087185331107766,5.471416561216496,0.15977050254250275,,0,0.7257079029792424,664.6542140468229
0.6,30,0.33,0.2,0.3,true,,5.836988170091345,0.0013453757090914956,0.03449834666275941,1.382558078394717,0.04769596786985944,0.009756396907661393,0.6096967847898382,0.17271993728272522,0.05586039831155547,2,0.31101767270538955,284.85180602006693
0.6,35,0.33,0.2,0.3,false,ACTUAL_LOADING_EXCEEDS_DESIGN_FLOOD_FRACTION,4.851238939237817,0.002136406797307329,0.025559074044238166,1.3603622177486723,0.03476959865042236,0.006928285258122771,0.8585737457563072,0.1689755041265285,0.09561779249442476,2,0.3628539514896212,332.32710702341143
0.6,40,0.33,0.2,0.3,false,NO_DILUTE_CONNECTED_ROOT;ACTUAL_LOADING_EXCEEDS_DESIGN_FLOOD_FRACTION,4.132970726219493,0.003189038717846507,0.019469180540957195,1.3395931345840166,0.02608078058864299,0.005095726586114826,1.1673396767290039,0.16630532398128023,,0,0.4146902302738527,379.8024080267558
0.6,45,0.33,0.2,0.3,false,NO_DILUTE_CONNECTED_ROOT;ACTUAL_LOADING_EXCEEDS_DESIGN_FLOOD_FRACTION,3.588221980577655,0.004540643018183798,0.015185715675349104,1.3202121170496972,0.020048365840667413,0.0038598014448589365,1.5411268975137833,0.1643805191854893,,0,0.46652650905808435,427.27770903010037
0.6,50,0.33,0.2,0.3,false,NO_DILUTE_CONNECTED_ROOT;ACTUAL_LOADING_EXCEEDS_DESIGN_FLOOD_FRACTION,3.1620615084632444,0.006228591245793961,0.012088869142154445,1.3021170372287691,0.01574112247082844,0.0029970864671354704,1.9847421457346286,0.16297212608818618,,0,0.5183627878423159,474.7530100334449
0.6,55,0.33,0.2,0.3,false,NO_DILUTE_CONNECTED_ROOT;ACTUAL_LOADING_EXCEEDS_DESIGN_FLOOD_FRACTION,2.8203245732521642,0.00829025494815176,0.00979540141735734,1.2851909356131426,0.012588961112279784,0.0023767567162370643,2.5027567125811614,0.16192446907522473,,0,0.5701990666265475,522.2283110367893
0.6,60,0.33,0.2,0.3,false,NO_DILUTE_CONNECTED_ROOT;ACTUAL_LOADING_EXCEEDS_DESIGN_FLOOD_FRACTION,2.5406966697129167,0.010763005672731965,0.008060469173488318,1.2693201160482004,0.010231315666695134,0.0019191249968134093,3.09956039112184,0.16113215479700638,,0,0.6220353454107791,569.7036120401339
0.6,65,0.33,0.2,0.3,false,NO_DILUTE_CONNECTED_ROOT;ACTUAL_LOADING_EXCEEDS_DESIGN_FLOOD_FRACTION,2.308013213298958,0.013684214967009329,0.006723134615172703,1.2544004612339,0.008433503162210237,0.0015739143742577169,3.7793948152611874,0.1605233311492073,,0,0.6738716241950107,617.1789130434782
0.6,70,0.33,0.2,0.3,false,NO_DILUTE_CONNECTED_ROOT;ACTUAL_LOADING_EXCEEDS_DESIGN_FLOOD_FRACTION,2.111624395618786,0.017091254378458633,0.005674893467716644,1.2403390252332425,0.007038791832050158,0.001308392573436251,4.546375412474395,0.16004849908020824,,0,0.7257079029792424,664.6542140468229
0.6,30,0.33,0.2,0.4,true,,5.836988170091345,0.0013453757090914956,0.03449834666275941,1.5920962423391156,0.05492468808869142,0.011326773333081774,0.5251666693427356,0.17392599875047665,0.04605841456293468,2,0.31101767270538955,284.85180602006693
0.6,35,0.33,0.2,0.4,false,ACTUAL_LOADING_EXCEEDS_DESIGN_FLOOD_FRACTION,4.851238939237817,0.002136406797307329,0.025559074044238166,1.569900381693071,0.04012520009777096,0.008052017154252031,0.7387520060850187,0.169961469348471,0.0731711556525827,2,0.3628539514896212,332.32710702341143
0.6,40,0.33,0.2,0.4,false,NO_DILUTE_CONNECTED_ROOT;ACTUAL_LOADING_EXCEEDS_DESIGN_FLOOD_FRACTION,4.132970726219493,0.003189038717846507,0.019469180540957195,1.5491312985284154,0.030160316932697176,0.005928195372212391,1.0034156184556926,0.16710613638644595,,0,0.4146902302738527,379.8024080267558
0.6,45,0.33,0.2,0.4,false,NO_DILUTE_CONNECTED_ROOT;ACTUAL_LOADING_EXCEEDS_DESIGN_FLOOD_FRACTION,3.588221980577655,0.004540643018183798,0.015185715675349104,1.529750280994096,0.023230352821461738,0.004495039348083045,1.32333520690346,0.16503250549119486,,0,0.46652650905808435,427.27770903010037
0.6,50,0.33,0.2,0.4,false,NO_DILUTE_CONNECTED_ROOT;ACTUAL_LOADING_EXCEEDS_DESIGN_FLOOD_FRACTION,3.1620615084632444,0.006228591245793961,0.012088869142154445,1.5116552011731679,0.01827420191503958,0.0034941901973012664,1.7023812356662624,0.16350660763816488,,0,0.5183627878423159,474.7530100334449
0.6,55,0.33,0.2,0.4,false,NO_DILUTE_CONNECTED_ROOT;ACTUAL_LOADING_EXCEEDS_DESIGN_FLOOD_FRACTION,2.8203245732521642,0.00829025494815176,0.00979540141735734,1.4947290995575413,0.0146414715403712,0.002774191080882712,2.144208402487529,0.16236653941028045,,0,0.5701990666265475,522.2283110367893
0.6,60,0.33,0.2,0.4,false,NO_DILUTE_CONNECTED_ROOT;ACTUAL_LOADING_EXCEEDS_DESIGN_FLOOD_FRACTION,2.5406966697129167,0.010763005672731965,0.008060469173488318,1.4788582799925991,0.011920291577838301,0.0022427416856717532,2.6523089412113787,0.1615012995616305,,0,0.6220353454107791,569.7036120401339
0.6,65,0.33,0.2,0.4,false,NO_DILUTE_CONNECTED_ROOT;ACTUAL_LOADING_EXCEEDS_DESIGN_FLOOD_FRACTION,2.308013213298958,0.013684214967009329,0.006723134615172703,1.4639386251782986,0.009842256445424557,0.0018415982317950778,3.230044275149249,0.16083454039305273,,0,0.6738716241950107,617.1789130434782
0.6,70,0.33,0.2,0.4,false,NO_DILUTE_CONNECTED_ROOT;ACTUAL_LOADING_EXCEEDS_DESIGN_FLOOD_FRACTION,2.111624395618786,0.017091254378458633,0.005674893467716644,1.4498771891776412,0.008227898589855565,0.0015328413568970556,3.8806650140078154,0.1603132466122955,,0,0.7257079029792424,664.6542140468229
0.6,30,0.4,0.2,0.2,false,NO_DILUTE_CONNECTED_ROOT;ACTUAL_LOADING_EXCEEDS_DESIGN_FLOOD_FRACTION,3.9728000732684228,0.003520252693283777,0.018175842515595432,1.114907849997416,0.02026438950095413,0.003916333139256896,1.5188809568083264,0.16487367991474977,,0,0.37699111843077515,418.5150501672241
0.6,35,0.4,0.2,0.2,false,NO_DILUTE_CONNECTED_ROOT;ACTUAL_LOADING_EXCEEDS_DESIGN_FLOOD_FRACTION,3.3018745030187397,0.005590030897205257,0.013077560976195793,1.0887338521293493,0.014237983338070099,0.00270672292647136,2.1976552411625687,0.16277977230698842,,0,0.43982297150257105,488.2675585284281
0.6,40,0.4,0.2,0.2,false,NO_DILUTE_CONNECTED_ROOT;ACTUAL_LOADING_EXCEEDS_DESIGN_FLOOD_FRACTION,2.8130032005331427,0.008344302680376357,0.009748288372243208,1.0649098774831351,0.010381048576155785,0.0019516769618834625,3.047862910670491,0.16141002750682565,,0,0.5026548245743668,558.020066889632
0.6,45,0.4,0.2,0.2,false,NO_DILUTE_CONNECTED_ROOT;ACTUAL_LOADING_EXCEEDS_DESIGN_FLOOD_FRACTION,2.4422335855306674,0.011880852839832748,0.007482322095822954,1.0431311881405505,0.007805043537866092,0.0014561417426440862,4.085071975845833,0.16048350350859253,,0,0.5654866776461627,627.7725752508361
0.6,50,0.4,0.2,0.2,false,NO_DILUTE_CONNECTED_ROOT;ACTUAL_LOADING_EXCEEDS_DESIGN_FLOOD_FRACTION,2.1521781141977963,0.016297466172610076,0.00588509903509806,1.023124556992436,0.006021189343141316,0.0011172358539722693,5.324250743104344,0.159836955311973,,0,0.6283185307179586,697.5250836120402
0.6,55,0.4,0.2,0.2,false,NO_DILUTE_CONNECTED_ROOT;ACTUAL_LOADING_EXCEEDS_DESIGN_FLOOD_FRACTION,1.9195834126697549,0.02169192747574401,0.004725167817379848,1.0046571479965465,0.0047471736232139045,0.0008773665284853875,6.779884612196876,0.15937298142465306,,0,0.6911503837897545,767.2775919732441
0.6,60,0.4,0.2,0.2,false,NO_DILUTE_CONNECTED_ROOT;ACTUAL_LOADING_EXCEEDS_DESIGN_FLOOD_FRACTION,1.7292616708233546,0.028162021546270215,0.0038609814028515983,0.9875335980920659,0.003812848856924591,0.0007026230445592736,8.466052845542356,0.1590316584944209,,0,0.7539822368615503,837.0301003344482
0.6,65,0.4,0.2,0.2,false,NO_DILUTE_CONNECTED_ROOT;ACTUAL_LOADING_EXCEEDS_DESIGN_FLOOD_FRACTION,1.5708914933016034,0.03580553318122433,0.003202757265660694,0.9715903796327995,0.0031117681476149806,0.0005721592220336697,10.396483350546475,0.1587750345693527,,0,0.8168140899333461,906.782608695652
0.6,70,0.4,0.2,0.2,false,NO_DILUTE_CONNECTED_ROOT;ACTUAL_LOADING_EXCEEDS_DESIGN_FLOOD_FRACTION,1.4372243542680367,0.04472024717764206,0.00269168889077559,0.9566901963181744,0.002575112373343548,0.0004726766525844756,12.584594126259663,0.15857831439214026,,0,0.8796459430051421,976.5351170568562
0.6,30,0.4,0.2,0.3,false,NO_DILUTE_CONNECTED_ROOT;ACTUAL_LOADING_EXCEEDS_DESIGN_FLOOD_FRACTION,3.9728000732684228,0.003520252693283777,0.018175842515595432,1.322180648112085,0.024031747237253157,0.0046732913521587574,1.272859613810912,0.16568234438110635,,0,0.37699111843077515,418.5150501672241
0.6,35,0.4,0.2,0.3,false,NO_DILUTE_CONNECTED_ROOT;ACTUAL_LOADING_EXCEEDS_DESIGN_FLOOD_FRACTION,3.3018745030187397,0.005590030897205257,0.013077560976195793,1.296006650244018,0.0169486059941214,0.0032376793899715865,1.837255363875567,0.16338785596190514,,0,0.43982297150257105,488.2675585284281
0.6,40,0.4,0.2,0.3,false,NO_DILUTE_CONNECTED_ROOT;ACTUAL_LOADING_EXCEEDS_DESIGN_FLOOD_FRACTION,2.8130032005331427,0.008344302680376357,0.009748288372243208,1.2721826755978038,0.012401603583899324,0.0023404518134478173,2.5415792760850606,0.16187557888475057,,0,0.5026548245743668,558.020066889632
0.6,45,0.4,0.2,0.3,false,NO_DILUTE_CONNECTED_ROOT;ACTUAL_LOADING_EXCEEDS_DESIGN_FLOOD_FRACTION,2.4422335855306674,0.011880852839832748,0.007482322095822954,1.2504039862552192,0.009355925375062529,0.001750780581570741,3.3975952717032816,0.16084693550192658,,0,0.5654866776461627,627.7725752508361
0.6,50,0.4,0.2,0.3,false,NO_DILUTE_CONNECTED_ROOT;ACTUAL_LOADING_EXCEEDS_DESIGN_FLOOD_FRACTION,2.1521781141977963,0.016297466172610076,0.00588509903509806,1.230397355107105,0.007241010287328029,0.0013468621018623993,4.41652030858196,0.16012600384328007,,0,0.6283185307179586,697.5250836120402
0.6,55,0.4,0.2,0.3,false,NO_DILUTE_CONNECTED_ROOT;ACTUAL_LOADING_EXCEEDS_DESIGN_FLOOD_FRACTION,1.9195834126697549,0.02169192747574401,0.004725167817379848,1.2119299461112152,0.005726572378283607,0.0010604931439705508,5.609129921824233,0.15960681473142563,,0,0.6911503837897545,767.2775919732441
0.6,60,0.4,0.2,0.3,false,NO_DILUTE_CONNECTED_ROOT;ACTUAL_LOADING_EXCEEDS_DESIGN_FLOOD_FRACTION,1.7292616708233546,0.028162021546270215,0.0038609814028515983,1.1948063962067348,0.004613125275762342,0.0008515019115858493,6.98582556867806,0.1592237426777286,,0,0.7539822368615503,837.0301003344482
0.6,65,0.4,0.2,0.3,false,NO_DILUTE_CONNECTED_ROOT;ACTUAL_LOADING_EXCEEDS_DESIGN_FLOOD_FRACTION,1.5708914933016034,0.03580553318122433,0.003202757265660694,1.1788631777474683,0.0037756126077505585,0.0006951810857326688,8.556682492972973,0.1589349650836464,,0,0.8168140899333461,906.782608695652
0.6,70,0.4,0.2,0.3,false,NO_DILUTE_CONNECTED_ROOT;ACTUAL_LOADING_EXCEEDS_DESIGN_FLOOD_FRACTION,1.4372243542680367,0.04472024717764206,0.00269168889077559,1.1639629944328433,0.003133026261388774,0.000575758768337776,10.331486297478223,0.158713108722717,,0,0.8796459430051421,976.5351170568562
0.6,30,0.4,0.2,0.4,false,NO_DILUTE_CONNECTED_ROOT;ACTUAL_LOADING_EXCEEDS_DESIGN_FLOOD_FRACTION,3.9728000732684228,0.003520252693283777,0.018175842515595432,1.5317188120564837,0.027840279906113565,0.005445130833473215,1.0924335902394495,0.16644285910129014,,0,0.37699111843077515,418.5150501672241
0.6,35,0.4,0.2,0.4,false,NO_DILUTE_CONNECTED_ROOT;ACTUAL_LOADING_EXCEEDS_DESIGN_FLOOD_FRACTION,3.3018745030187397,0.005590030897205257,0.013077560976195793,1.5055448141884167,0.019688854109944386,0.0037782365211510363,1.5743968892456959,0.16396288036166673,,0,0.43982297150257105,488.2675585284281
0.6,40,0.4,0.2,0.4,false,NO_DILUTE_CONNECTED_ROOT;ACTUAL_LOADING_EXCEEDS_DESIGN_FLOOD_FRACTION,2.8130032005331427,0.008344302680376357,0.009748288372243208,1.4817208395422026,0.014444242031019697,0.0027357319425403885,2.174351855617467,0.16231727357378578,,0,0.5026548245743668,558.020066889632
0.6,45,0.4,0.2,0.4,false,NO_DILUTE_CONNECTED_ROOT;ACTUAL_LOADING_EXCEEDS_DESIGN_FLOOD_FRACTION,2.4422335855306674,0.011880852839832748,0.007482322095822954,1.459942150199618,0.010923757409061876,0.0020500292596444766,2.901638499914031,0.16119242012473772,,0,0.5654866776461627,627.7725752508361
0.6,50,0.4,0.2,0.4,false,NO_DILUTE_CONNECTED_ROOT;ACTUAL_LOADING_EXCEEDS_DESIGN_FLOOD_FRACTION,2.1521781141977963,0.016297466172610076,0.00588509903509806,1.4399355190515037,0.00847416313377343,0.001579884288635151,3.7651136026382552,0.1604010963130963,,0,0.6283185307179586,697.5250836120402
0.6,55,0.4,0.2,0.4,false,NO_DILUTE_CONNECTED_ROOT;ACTUAL_LOADING_EXCEEDS_DESIGN_FLOOD_FRACTION,1.9195834126697549,0.02169192747574401,0.004725167817379848,1.421468110055614,0.006716675367066542,0.0012462049627308233,4.773246780128188,0.1598295004579156,,0,0.6911503837897545,767.2775919732441
0.6,60,0.4,0.2,0.4,false,NO_DILUTE_CONNECTED_ROOT;ACTUAL_LOADING_EXCEEDS_DESIGN_FLOOD_FRACTION,1.7292616708233546,0.028162021546270215,0.0038609814028515983,1.4043445601511335,0.005422148229939334,0.0010024037744189413,5.934179397102508,0.15940671334389972,,0,0.7539822368615503,837.0301003344482
0.6,65,0.4,0.2,0.4,false,NO_DILUTE_CONNECTED_ROOT;ACTUAL_LOADING_EXCEEDS_DESIGN_FLOOD_FRACTION,1.5708914933016034,0.03580553318122433,0.003202757265660694,1.388401341691867,0.004446712484756683,0.0008198230173378742,7.255765817664442,0.15908733097812672,,0,0.8168140899333461,906.782608695652
0.6,70,0.4,0.2,0.4,false,NO_DILUTE_CONNECTED_ROOT;ACTUAL_LOADING_EXCEEDS_DESIGN_FLOOD_FRACTION,1.4372243542680367,0.04472024717764206,0.00269168889077559,1.373501158377242,0.0036970378094714263,0.0006801637899923943,8.745604975238667,0.15884149917722867,,0,0.8796459430051421,976.5351170568562
0.6,30,0.5,0.2,0.2,false,NO_DILUTE_CONNECTED_ROOT;ACTUAL_LOADING_EXCEEDS_DESIGN_FLOOD_FRACTION,2.5425920468917904,0.010742958658702933,0.00807177041603548,1.033977105997654,0.008346025815049844,0.0015598046447627453,3.813582582733918,0.16069356496273657,,0,0.47123889803846897,653.9297658862876
0.6,35,0.5,0.2,0.2,false,NO_DILUTE_CONNECTED_ROOT;ACTUAL_LOADING_EXCEEDS_DESIGN_FLOOD_FRACTION,2.1131996819319934,0.01705942046266253,0.005682996986870954,1.0046319218017323,0.005709320184513621,0.0010584425904214452,5.619996662611763,0.15973396350546754,,0,0.5497787143782138,762.918060200669
0.6,40,0.5,0.2,0.2,false,NO_DILUTE_CONNECTED_ROOT;ACTUAL_LOADING_EXCEEDS_DESIGN_FLOOD_FRACTION,1.8003220483412112,0.025464790894703236,0.004174453575843149,0.978504718702583,0.004084722521967393,0.0007534174545986099,7.895282740567458,0.15913872577639132,,0,0.6283185307179586,871.9063545150501
0.6,45,0.5,0.2,0.2,false,NO_DILUTE_CONNECTED_ROOT;ACTUAL_LOADING_EXCEEDS_DESIGN_FLOOD_FRACTION,1.5630294947396268,0.036257485473122394,0.003171558023509631,0.9550300683393645,0.003028933275934663,0.0005568100229026165,10.683076060171832,0.15875049717103035,,0,0.7068583470577035,980.8946488294314
0.6,50,0.5,0.2,0.2,false,NO_DILUTE_CONNECTED_ROOT;ACTUAL_LOADING_EXCEEDS_DESIGN_FLOOD_FRACTION,1.3773939930865895,0.049735919716217276,0.0024764209246324487,0.93376794137206,0.002312402468764735,0.000424115430102569,14.025530323893395,0.15848647765347273,,0,0.7853981633974483,1089.882943143813
0.6,55,0.5,0.2,0.2,false,NO_DILUTE_CONNECTED_ROOT;ACTUAL_LOADING_EXCEEDS_DESIGN_FLOOD_FRACTION,1.228533384108643,0.06619850914228519,0.0019777540297367304,0.9143734662951422,0.0018084058076495598,0.00033113976983874634,17.96354400026115,0.15830054787050452,,0,0.8639379797371931,1198.871237458194
0.6,60,0.5,0.2,0.2,false,NO_DILUTE_CONNECTED_ROOT;ACTUAL_LOADING_EXCEEDS_DESIGN_FLOOD_FRACTION,1.1067274693269467,0.08594366926962346,0.0016096101498438836,0.896573135243115,0.0014431332185646708,0.0002639421005140724,22.536926902336,0.1581656895342723,,0,0.9424777960769379,1307.859531772575
0.6,65,0.5,0.2,0.2,false,NO_DILUTE_CONNECTED_ROOT;ACTUAL_LOADING_EXCEEDS_DESIGN_FLOOD_FRACTION,1.0053705557130261,0.10926981561652935,0.001331145083285952,0.8801472419236802,0.0011716036736543983,0.00021409194783320463,27.784528497862993,0.1580653874814696,,0,1.0210176124166828,1416.8478260869565
0.6,70,0.5,0.2,0.2,false,NO_DILUTE_CONNECTED_ROOT;ACTUAL_LOADING_EXCEEDS_DESIGN_FLOOD_FRACTION,0.9198235867315435,0.13647536370130023,0.0011160911732978728,0.8649170902368782,0.0009653263300478596,0.00017627975042547631,33.7443399561053,0.15798916155887666,,0,1.0995574287564276,1525.836120401338
0.6,30,0.5,0.2,0.3,false,NO_DILUTE_CONNECTED_ROOT;ACTUAL_LOADING_EXCEEDS_DESIGN_FLOOD_FRACTION,2.5425920468917904,0.010742958658702933,0.00807177041603548,1.2412499041123228,0.010019084254920723,0.0018785972425382357,3.166428487724984,0.16108590372534737,,0,0.47123889803846897,653.9297658862876
0.6,35,0.5,0.2,0.3,false,NO_DILUTE_CONNECTED_ROOT;ACTUAL_LOADING_EXCEEDS_DESIGN_FLOOD_FRACTION,2.1131996819319934,0.01705942046266253,0.005682996986870954,1.2119047199164013,0.006887250871659595,0.0012798597738436655,4.647730905605657,0.16001484312368042,,0,0.5497787143782138,762.918060200669
0.6,40,0.5,0.2,0.3,false,NO_DILUTE_CONNECTED_ROOT;ACTUAL_LOADING_EXCEEDS_DESIGN_FLOOD_FRACTION,1.8003220483412112,0.025464790894703236,0.004174453575843149,1.185777516817252,0.004949973195232187,0.0009146445033835819,6.503558271797784,0.15934703375784603,,0,0.6283185307179586,871.9063545150501
0.6,45,0.5,0.2,0.3,false,NO_DILUTE_CONNECTED_ROOT;ACTUAL_LOADING_EXCEEDS_DESIGN_FLOOD_FRACTION,1.5630294947396268,0.036257485473122394,0.003171558023509631,1.1623028664540334,0.0036863109818505327,0.0006785903068122089,8.765883871342751,0.15890969029023022,,0,0.7068583470577035,980.8946488294314
0.6,50,0.5,0.2,0.3,false,NO_DILUTE_CONNECTED_ROOT;ACTUAL_LOADING_EXCEEDS_DESIGN_FLOOD_FRACTION,1.3773939930865895,0.049735919716217276,0.0024764209246324487,1.1410407394867288,0.002825697163123018,0.0005188214837382068,11.465299746022486,0.15861124474393412,,0,0.7853981633974483,1089.882943143813
0.6,55,0.5,0.2,0.3,false,NO_DILUTE_CONNECTED_ROOT;ACTUAL_LOADING_EXCEEDS_DESIGN_FLOOD_FRACTION,1.228533384108643,0.06619850914228519,0.0019777540297367304,1.121646264409811,0.002218340419375654,0.00040655831706112855,14.631219129235735,0.15840043514737218,,0,0.8639379797371931,1198.871237458194
0.6,60,0.5,0.2,0.3,false,NO_DILUTE_CONNECTED_ROOT;ACTUAL_LOADING_EXCEEDS_DESIGN_FLOOD_FRACTION,1.1067274693269467,0.08594366926962346,0.0016096101498438836,1.1038459333577837,0.0017767616181965837,0.00032519322926654503,18.292028524551544,0.15824712754355114,,0,0.9424777960769379,1307.859531772575
0.6,65,0.5,0.2,0.3,false,NO_DILUTE_CONNECTED_ROOT;ACTUAL_LOADING_EXCEEDS_DESIGN_FLOOD_FRACTION,1.0053705557130261,0.10926981561652935,0.001331145083285952,1.087420040038349,0.0014475138397636613,0.0002646669223515032,22.475206848230787,0.15813281981172234,,0,1.0210176124166828,1416.8478260869565
0.6,70,0.5,0.2,0.3,false,NO_DILUTE_CONNECTED_ROOT;ACTUAL_LOADING_EXCEEDS_DESIGN_FLOOD_FRACTION,0.9198235867315435,0.13647536370130023,0.0011160911732978728,1.072189888351547,0.0011966616704883934,0.00021863313466589953,27.207421394861687,0.15804575162215495,,0,1.0995574287564276,1525.836120401338
0.6,30,0.5,0.2,0.4,false,NO_DILUTE_CONNECTED_ROOT;ACTUAL_LOADING_EXCEEDS_DESIGN_FLOOD_FRACTION,2.5425920468917904,0.010742958658702933,0.00807177041603548,1.4507880680567216,0.011710428207677512,0.002202481410938081,2.700791841508033,0.1614584307380767,,0,0.47123889803846897,653.9297658862876
0.6,35,0.5,0.2,0.4,false,NO_DILUTE_CONNECTED_ROOT;ACTUAL_LOADING_EXCEEDS_DESIGN_FLOOD_FRACTION,2.1131996819319934,0.01705942046266253,0.005682996986870954,1.4214428838608,0.008078055625990085,0.0015045307009478868,3.953687234156819,0.16028199121850462,,0,0.5497787143782138,762.918060200669
0.6,40,0.5,0.2,0.4,false,NO_DILUTE_CONNECTED_ROOT;ACTUAL_LOADING_EXCEEDS_DESIGN_FLOOD_FRACTION,1.8003220483412112,0.025464790894703236,0.004174453575843149,1.3953156807616507,0.00582468053298549,0.001078096086295177,5.517545144029045,0.159545293548928,,0,0.6283185307179586,871.9063545150501
0.6,45,0.5,0.2,0.4,false,NO_DILUTE_CONNECTED_ROOT;ACTUAL_LOADING_EXCEEDS_DESIGN_FLOOD_FRACTION,1.5630294947396268,0.036257485473122394,0.003171558023509631,1.371841030398432,0.004350873426939867,0.0008019731996763581,7.417260113100047,0.1590612190669235,,0,0.7068583470577035,980.8946488294314
0.6,50,0.5,0.2,0.4,false,NO_DILUTE_CONNECTED_ROOT;ACTUAL_LOADING_EXCEEDS_DESIGN_FLOOD_FRACTION,1.3773939930865895,0.049735919716217276,0.0024764209246324487,1.3505789034311275,0.0033446018568239915,0.0006147301456322435,9.676512316826042,0.158729981789405,,0,0.7853981633974483,1089.882943143813
0.6,55,0.5,0.2,0.4,false,NO_DILUTE_CONNECTED_ROOT;ACTUAL_LOADING_EXCEEDS_DESIGN_FLOOD_FRACTION,1.228533384108643,0.06619850914228519,0.0019777540297367304,1.3311844283542098,0.0026327553675003245,0.00048290884230112836,12.317943480573895,0.1584954639871739,,0,0.8639379797371931,1198.871237458194
0.6,60,0.5,0.2,0.4,false,NO_DILUTE_CONNECTED_ROOT;ACTUAL_LOADING_EXCEEDS_DESIGN_FLOOD_FRACTION,1.1067274693269467,0.08594366926962346,0.0016096101498438836,1.3133840973021824,0.00211403637366114,0.00038718552789984446,15.363290714918946,0.15832454952240693,,0,0.9424777960769379,1307.859531772575
0.6,65,0.5,0.2,0.4,false,NO_DILUTE_CONNECTED_ROOT;ACTUAL_LOADING_EXCEEDS_DESIGN_FLOOD_FRACTION,1.0053705557130261,0.10926981561652935,0.001331145083285952,1.2969582039827476,0.0017264395364590135,0.00031584390559102855,18.833492495615957,0.1581968932734289,,0,1.0210176124166828,1416.8478260869565
0.6,70,0.5,0.2,0.4,false,NO_DILUTE_CONNECTED_ROOT;ACTUAL_LOADING_EXCEEDS_DESIGN_FLOOD_FRACTION,0.9198235867315435,0.13647536370130023,0.0011160911732978728,1.2817280522959458,0.0014305253657357795,0.00026148414213000924,22.748774657153472,0.15809948988776268,,0,1.0995574287564276,1525.836120401338
0.6,30,0.33,0.25,0.2,true,,6.3819414912334524,0.0010763005672731966,0.03963547742438515,1.149204160949246,0.04554925557731332,0.009340192984694285,0.6368651949143179,0.17308207326962455,0.05956016168098003,2,0.31101767270538955,284.85180602006693
0.6,35,0.33,0.25,0.2,false,ACTUAL_LOADING_EXCEEDS_DESIGN_FLOOD_FRACTION,5.304160667799447,0.0017091254378458632,0.029598287177915492,1.127280947057424,0.033365585201198186,0.006663980893401468,0.8926261825907534,0.16929873792096906,0.10442674997091522,2,0.3628539514896212,332.32710702341143
0.6,40,0.33,0.25,0.2,false,NO_DILUTE_CONNECTED_ROOT;ACTUAL_LOADING_EXCEEDS_DESIGN_FLOOD_FRACTION,4.5188334447662,0.002551230974277206,0.022686488577255075,1.1066992820790669,0.025107120621343144,0.004915644008305214,1.2101046812349496,0.16658058459192682,,0,0.4146902302738527,379.8024080267558
0.6,45,0.33,0.25,0.2,false,NO_DILUTE_CONNECTED_ROOT;ACTUAL_LOADING_EXCEEDS_DESIGN_FLOOD_FRACTION,3.9232258264532414,0.0036325144145470385,0.01778099848923128,1.0874533588170288,0.01933600653023507,0.003729275798024324,1.5950667496584743,0.1646092450648216,,0,0.46652650905808435,427.27770903010037
0.6,50,0.33,0.25,0.2,false,NO_DILUTE_CONNECTED_ROOT;ACTUAL_LOADING_EXCEEDS_DESIGN_FLOOD_FRACTION,3.4572781288295835,0.004982872996635169,0.014208302876560972,1.0694593019716778,0.015195201676569079,0.002897480290588681,2.0529712816531793,0.1631600018763285,,0,0.5183627878423159,474.7530100334449
0.6,55,0.33,0.25,0.2,false,NO_DILUTE_CONNECTED_ROOT;ACTUAL_LOADING_EXCEEDS_DESIGN_FLOOD_FRACTION,3.0836359246041773,0.006632203958521409,0.01154669278793195,1.052610991151988,0.012154175740032563,0.0022975403297205506,2.5890487095206636,0.1620781869607767,,0,0.5701990666265475,522.2283110367893
0.6,60,0.33,0.25,0.2,false,NO_DILUTE_CONNECTED_ROOT;ACTUAL_LOADING_EXCEEDS_DESIGN_FLOOD_FRACTION,2.7779013800580947,0.008610404538185573,0.00952363733406947,1.0368015227689695,0.009874121690262635,0.0018540495726451479,3.2083520923597018,0.1612579570222505,,0,0.6220353454107791,569.7036120401339
0.6,65,0.33,0.25,0.2,false,NO_DILUTE_CONNECTED_ROOT;ACTUAL_LOADING_EXCEEDS_DESIGN_FLOOD_FRACTION,2.523494113581038,0.010947371973607463,0.007958193324253201,1.0219312259963544,0.008132726260570078,0.001519091356724374,3.9157907122592923,0.16062656656591723,,0,0.6738716241950107,617.1789130434782
0.6,70,0.33,0.25,0.2,false,NO_DILUTE_CONNECTED_ROOT;ACTUAL_LOADING_EXCEEDS_DESIGN_FLOOD_FRACTION,2.3087700285829773,0.013673003502766906,0.006727319762738396,1.0079101725693003,0.0067805340229905205,0.0012612915150882857,4.716153049930176,0.16013354855678102,,0,0.7257079029792424,664.6542140468229
0.6,30,0.33,0.25,0.3,true,,6.3819414912334524,0.0010763005672731966,0.03963547742438515,1.3564769590639147,0.05376461188767641,0.01113219373458369,0.5343460568113375,0.17453022748014452,0.0472951502926805,2,0.31101767270538955,284.85180602006693
0.6,35,0.33,0.25,0.3,false,ACTUAL_LOADING_EXCEEDS_DESIGN_FLOOD_FRACTION,5.304160667799447,0.0017091254378458632,0.029598287177915492,1.334553745172093,0.03950050500396626,0.007956522275216676,0.7476185725342772,0.170493776222988,0.07488309259212486,2,0.3628539514896212,332.32710702341143
0.6,40,0.33,0.25,0.3,false,NO_DILUTE_CONNECTED_ROOT;ACTUAL_LOADING_EXCEEDS_DESIGN_FLOOD_FRACTION,4.5188334447662,0.002551230974277206,0.022686488577255075,1.3139720801937358,0.029809412588147278,0.005878885893515038,1.01183182213085,0.16755881421337904,,0,0.4146902302738527,379.8024080267558
0.6,45,0.33,0.25,0.3,false,NO_DILUTE_CONNECTED_ROOT;ACTUAL_LOADING_EXCEEDS_DESIGN_FLOOD_FRACTION,3.9232258264532414,0.0036325144145470385,0.01778099848923128,1.2947261569316977,0.023021523840370737,0.004467574926199178,1.3314704115763656,0.16541074950654477,,0,0.46652650905808435,427.27770903010037
0.6,50,0.33,0.25,0.3,false,NO_DILUTE_CONNECTED_ROOT;ACTUAL_LOADING_EXCEEDS_DESIGN_FLOOD_FRACTION,3.4572781288295835,0.004982872996635169,0.014208302876560972,1.2767321000863467,0.01814019637025457,0.0034771612483656335,1.7107184282956713,0.16382042915313688,,0,0.5183627878423159,474.7530100334449
0.6,55,0.33,0.25,0.3,false,NO_DILUTE_CONNECTED_ROOT;ACTUAL_LOADING_EXCEEDS_DESIGN_FLOOD_FRACTION,3.0836359246041773,0.006632203958521409,0.01154669278793195,1.2598837892666568,0.014547491063157681,0.0027621666864381736,2.153542671751362,0.16262668985448347,,0,0.5701990666265475,522.2283110367893
0.6,60,0.33,0.25,0.3,false,NO_DILUTE_CONNECTED_ROOT;ACTUAL_LOADING_EXCEEDS_DESIGN_FLOOD_FRACTION,2.7779013800580947,0.008610404538185573,0.00952363733406947,1.2440743208836382,0.011848112648724539,0.0022331132330374584,2.6637448283997927,0.16171751920217198,,0,0.6220353454107791,569.7036120401339
0.6,65,0.33,0.25,0.3,false,NO_DILUTE_CONNECTED_ROOT;ACTUAL_LOADING_EXCEEDS_DESIGN_FLOOD_FRACTION,2.523494113581038,0.010947371973607463,0.007958193324253201,1.2292040241110231,0.009782243258825516,0.0018331138411254574,3.24499422364438,0.16101507926872438,,0,0.6738716241950107,617.1789130434782
0.6,70,0.33,0.25,0.3,false,NO_DILUTE_CONNECTED_ROOT;ACTUAL_LOADING_EXCEEDS_DESIGN_FLOOD_FRACTION,2.3087700285829773,0.013673003502766906,0.006727319762738396,1.2151829706839692,0.008174924414025418,0.0015249099604036488,3.900849217458123,0.16046484277776696,,0,0.7257079029792424,664.6542140468229
0.6,30,0.33,0.25,0.4,true,,6.3819414912334524,0.0010763005672731966,0.03963547742438515,1.5660151230083135,0.06206975705424174,0.012964313623483239,0.4588321448009254,0.1758587344578293,0.03929790359758428,2,0.31101767270538955,284.85180602006693
0.6,35,0.33,0.25,0.4,true,,5.304160667799447,0.0017091254378458632,0.029598287177915492,1.5440919091164917,0.04570247575512571,0.009277220700483573,0.6411881335780456,0.17160208688836742,0.05956492074791597,2,0.3628539514896212,332.32710702341143
0.6,40,0.33,0.25,0.4,false,ACTUAL_LOADING_EXCEEDS_DESIGN_FLOOD_FRACTION,4.5188334447662,0.002551230974277206,0.022686488577255075,1.5235102441381345,0.03456309775097088,0.006862150710475954,0.8668483215697388,0.16847312175317386,0.09726279812926719,2,0.4146902302738527,379.8024080267558
0.6,45,0.33,0.25,0.4,false,NO_DILUTE_CONNECTED_ROOT;ACTUAL_LOADING_EXCEEDS_DESIGN_FLOOD_FRACTION,3.9232258264532414,0.0036325144145470385,0.01778099848923128,1.5042643208760964,0.026747321616902388,0.005220391774334947,1.139463106002705,0.1661639894637863,,0,0.46652650905808435,427.27770903010037
0.6,50,0.33,0.25,0.4,false,NO_DILUTE_CONNECTED_ROOT;ACTUAL_LOADING_EXCEEDS_DESIGN_FLOOD_FRACTION,3.4572781288295835,0.004982872996635169,0.014208302876560972,1.4862702640307455,0.021117378067775076,0.0040676049447372145,1.4623946785763795,0.16444349162622446,,0,0.5183627878423159,474.7530100334449
0.6,55,0.33,0.25,0.4,false,NO_DILUTE_CONNECTED_ROOT;ACTUAL_LOADING_EXCEEDS_DESIGN_FLOOD_FRACTION,3.0836359246041773,0.006632203958521409,0.01154669278793195,1.4694219532110555,0.016966963869570972,0.0032349552714825724,1.838802495407769,0.16314557373760574,,0,0.5701990666265475,522.2283110367893
0.6,60,0.33,0.25,0.4,false,NO_DILUTE_CONNECTED_ROOT;ACTUAL_LOADING_EXCEEDS_DESIGN_FLOOD_FRACTION,2.7779013800580947,0.008610404538185573,0.00952363733406947,1.453612484828037,0.013843678129777784,0.002618503459640504,2.2716959963655485,0.16215311674492372,,0,0.6220353454107791,569.7036120401339
0.6,65,0.33,0.25,0.4,false,NO_DILUTE_CONNECTED_ROOT;ACTUAL_LOADING_EXCEEDS_DESIGN_FLOOD_FRACTION,2.523494113581038,0.010947371973607463,0.007958193324253201,1.4387421880554219,0.011449788476304103,0.002152140234133465,2.763966646499569,0.16138382167017157,,0,0.6738716241950107,617.1789130434782
0.6,70,0.33,0.25,0.4,false,NO_DILUTE_CONNECTED_ROOT;ACTUAL_LOADING_EXCEEDS_DESIGN_FLOOD_FRACTION,2.3087700285829773,0.013673003502766906,0.006727319762738396,1.424721134628368,0.00958455464537649,0.0017925594887949394,3.3184080433132817,0.16077957657424174,,0,0.7257079029792424,664.6542140468229
0.6,30,0.4,0.25,0.2,false,NO_DILUTE_CONNECTED_ROOT;ACTUAL_LOADING_EXCEEDS_DESIGN_FLOOD_FRACTION,4.343708927470769,0.002816202154627022,0.021209470271769382,1.0892088820728494,0.02310154340407126,0.004500960129362856,1.3215944275819915,0.16593300797259197,,0,0.37699111843077515,418.5150501672241
0.6,35,0.4,0.25,0.2,false,NO_DILUTE_CONNECTED_ROOT;ACTUAL_LOADING_EXCEEDS_DESIGN_FLOOD_FRACTION,3.6101443545209992,0.004472024717764206,0.015351469467376236,1.0632238534586673,0.016322048523356836,0.0031227358757433365,1.9048821489965757,0.16358016424495914,,0,0.43982297150257105,488.2675585284281
0.6,40,0.4,0.25,0.2,false,NO_DILUTE_CONNECTED_ROOT;ACTUAL_LOADING_EXCEEDS_DESIGN_FLOOD_FRACTION,3.0756310133439952,0.006675442144301088,0.011491868124135123,1.0395297768372076,0.011946139106524804,0.002257168759158016,2.6353562628403555,0.16202116316827087,,0,0.5026548245743668,558.020066889632
0.6,45,0.4,0.25,0.2,false,NO_DILUTE_CONNECTED_ROOT;ACTUAL_LOADING_EXCEEDS_DESIGN_FLOOD_FRACTION,2.6702455781297383,0.009504682271866198,0.008847535024890907,1.017844720238977,0.009005416812214636,0.001686732235308064,3.5266082554284317,0.1609571247445834,,0,0.5654866776461627,627.7725752508361
0.6,50,0.4,0.25,0.2,false,NO_DILUTE_CONNECTED_ROOT;ACTUAL_LOADING_EXCEEDS_DESIGN_FLOOD_FRACTION,2.3531099264346356,0.013037972938088062,0.006974425538452927,0.9979081072958271,0.00695983578855324,0.0012954772400249654,4.5917007585714416,0.16020987669414866,,0,0.6283185307179586,697.5250836120402
0.6,55,0.4,0.25,0.2,false,NO_DILUTE_CONNECTED_ROOT;ACTUAL_LOADING_EXCEEDS_DESIGN_FLOOD_FRACTION,2.0987997011837183,0.01735354198059521,0.005609107950000552,0.9794946144696319,0.0054940910290043376,0.0010179978838342732,5.84327720145149,0.1596711657337917,,0,0.6911503837897545,767.2775919732441
0.6,60,0.4,0.25,0.2,false,NO_DILUTE_CONNECTED_ROOT;ACTUAL_LOADING_EXCEEDS_DESIGN_FLOOD_FRACTION,1.8907091268020408,0.022529617237016176,0.004589039242538124,0.9624135865717165,0.004416553716329469,0.0008155666803340716,7.293632720868483,0.15927353891986606,,0,0.7539822368615503,837.0301003344482
0.6,65,0.4,0.25,0.2,false,NO_DILUTE_CONNECTED_ROOT;ACTUAL_LOADING_EXCEEDS_DESIGN_FLOOD_FRACTION,1.7175531810560938,0.02864442654497947,0.0038103976361397703,0.9465045777707941,0.0036065588057333053,0.0006642770242948166,8.954763762978889,0.15897383126147008,,0,0.8168140899333461,906.782608695652
0.6,70,0.4,0.25,0.2,false,NO_DILUTE_CONNECTED_ROOT;ACTUAL_LOADING_EXCEEDS_DESIGN_FLOOD_FRACTION,1.5714066007042893,0.03577619774211365,0.0032048063257322547,0.9316323832903861,0.002985701355226046,0.0005488301880203025,10.838404948516834,0.15874366735821038,,0,0.8796459430051421,976.5351170568562
0.6,30,0.4,0.25,0.3,false,NO_DILUTE_CONNECTED_ROOT;ACTUAL_LOADING_EXCEEDS_DESIGN_FLOOD_FRACTION,4.343708927470769,0.002816202154627022,0.021209470271769382,1.2964816801875183,0.02749768965383079,0.0053951283882883085,1.10255834479259,0.16686454896614578,,0,0.37699111843077515,418.5150501672241
0.6,35,0.4,0.25,0.3,false,NO_DILUTE_CONNECTED_ROOT;ACTUAL_LOADING_EXCEEDS_DESIGN_FLOOD_FRACTION,3.6101443545209992,0.004472024717764206,0.015351469467376236,1.2704966515733362,0.019503990555031814,0.0037523508127613047,1.5852579149861765,0.1642900787844902,,0,0.43982297150257105,488.2675585284281
0.6,40,0.4,0.25,0.3,false,NO_DILUTE_CONNECTED_ROOT;ACTUAL_LOADING_EXCEEDS_DESIGN_FLOOD_FRACTION,3.0756310133439952,0.006675442144301088,0.011491868124135123,1.2468025749518765,0.014328090768179062,0.0027192620777030294,2.1875213406275806,0.16256968638917685,,0,0.5026548245743668,558.020066889632
0.6,45,0.4,0.25,0.3,false,NO_DILUTE_CONNECTED_ROOT;ACTUAL_LOADING_EXCEEDS_DESIGN_FLOOD_FRACTION,2.6702455781297383,0.009504682271866198,0.008847535024890907,1.2251175183536458,0.01083927015324131,0.002037456562330215,2.9195438743152917,0.1613880771068068,,0,0.5654866776461627,627.7725752508361
0.6,50,0.4,0.25,0.3,false,NO_DILUTE_CONNECTED_ROOT;ACTUAL_LOADING_EXCEEDS_DESIGN_FLOOD_FRACTION,2.3531099264346356,0.013037972938088062,0.006974425538452927,1.2051809054104958,0.008405444485150782,0.0015690828560483636,3.7910323236310495,0.16055420582271562,,0,0.6283185307179586,697.5250836120402
0.6,55,0.4,0.25,0.3,false,NO_DILUTE_CONNECTED_ROOT;ACTUAL_LOADING_EXCEEDS_DESIGN_FLOOD_FRACTION,2.0987997011837183,0.01735354198059521,0.005609107950000552,1.1867674125843006,0.0066567065287281854,0.00123634669972252,4.811307238551866,0.15995066580842815,,0,0.6911503837897545,767.2775919732441
0.6,60,0.4,0.25,0.3,false,NO_DILUTE_CONNECTED_ROOT;ACTUAL_LOADING_EXCEEDS_DESIGN_FLOOD_FRACTION,1.8907091268020408,0.022529617237016176,0.004589039242538124,1.1696863846863854,0.005367736720788366,0.000993167497522656,5.98936618503162,0.15950372099185528,,0,0.7539822368615503,837.0301003344482
0.6,65,0.4,0.25,0.3,false,NO_DILUTE_CONNECTED_ROOT;ACTUAL_LOADING_EXCEEDS_DESIGN_FLOOD_FRACTION,1.7175531810560938,0.02864442654497947,0.0038103976361397703,1.153777375885463,0.004396350585705516,0.0008110857400729468,7.333927267910892,0.15916585713783227,,0,0.8168140899333461,906.782608695652
0.6,70,0.4,0.25,0.3,false,NO_DILUTE_CONNECTED_ROOT;ACTUAL_LOADING_EXCEEDS_DESIGN_FLOOD_FRACTION,1.5714066007042893,0.03577619774211365,0.0032048063257322547,1.1389051814050548,0.0036499705297761607,0.0006718777492813955,8.853461559185147,0.1589057537157484,,0,0.8796459430051421,976.5351170568562
0.6,30,0.4,0.25,0.4,false,ACTUAL_LOADING_EXCEEDS_DESIGN_FLOOD_FRACTION,4.343708927470769,0.002816202154627022,0.021209470271769382,1.506019844131917,0.031941883112810654,0.0063076734281762555,0.9430487950062676,0.16773616526994567,0.11965533890958491,2,0.37699111843077515,418.5150501672241
0.6,35,0.4,0.25,0.4,false,NO_DILUTE_CONNECTED_ROOT;ACTUAL_LOADING_EXCEEDS_DESIGN_FLOOD_FRACTION,3.6101443545209992,0.004472024717764206,0.015351469467376236,1.480034815517735,0.02272070928107433,0.00439392385981278,1.353788553356527,0.16495863779790554,,0,0.43982297150257105,488.2675585284281
0.6,40,0.4,0.25,0.4,false,NO_DILUTE_CONNECTED_ROOT;ACTUAL_LOADING_EXCEEDS_DESIGN_FLOOD_FRACTION,3.0756310133439952,0.006675442144301088,0.011491868124135123,1.4563407388962752,0.0167360757152015,0.003189479047293213,1.8650205057101361,0.16308832057838757,,0,0.5026548245743668,558.020066889632
0.6,45,0.4,0.25,0.4,false,NO_DILUTE_CONNECTED_ROOT;ACTUAL_LOADING_EXCEEDS_DESIGN_FLOOD_FRACTION,2.6702455781297383,0.009504682271866198,0.008847535024890907,1.4346556822980445,0.01269316639779071,0.002393932594310669,2.484800048201658,0.16179655980047042,,0,0.5654866776461627,627.7725752508361
0.6,50,0.4,0.25,0.4,false,NO_DILUTE_CONNECTED_ROOT;ACTUAL_LOADING_EXCEEDS_DESIGN_FLOOD_FRACTION,2.3531099264346356,0.013037972938088062,0.006974425538452927,1.4147190693548946,0.009866852807045134,0.0018469144711179921,3.220746774556323,0.1608810589860925,,0,0.6283185307179586,697.5250836120402
0.6,55,0.4,0.25,0.4,false,NO_DILUTE_CONNECTED_ROOT;ACTUAL_LOADING_EXCEEDS_DESIGN_FLOOD_FRACTION,2.0987997011837183,0.01735354198059521,0.005609107950000552,1.3963055765286994,0.007832028709937232,0.0014579017684132644,4.080140345949903,0.16021622029107663,,0,0.6911503837897545,767.2775919732441
0.6,60,0.4,0.25,0.4,false,NO_DILUTE_CONNECTED_ROOT;ACTUAL_LOADING_EXCEEDS_DESIGN_FLOOD_FRACTION,1.8907091268020408,0.022529617237016176,0.004589039242538124,1.3792245486307841,0.006329315577938599,0.0011732684001191233,5.069977019010074,0.15972250709823022,,0,0.7539822368615503,837.0301003344482
0.6,65,0.4,0.25,0.4,false,NO_DILUTE_CONNECTED_ROOT;ACTUAL_LOADING_EXCEEDS_DESIGN_FLOOD_FRACTION,1.7175531810560938,0.02864442654497947,0.0038103976361397703,1.3633155398298618,0.00519477431028032,0.000959889732323761,6.197007453485628,0.1593484219585553,,0,0.8168140899333461,906.782608695652
0.6,70,0.4,0.25,0.4,false,NO_DILUTE_CONNECTED_ROOT;ACTUAL_LOADING_EXCEEDS_DESIGN_FLOOD_FRACTION,1.5714066007042893,0.03577619774211365,0.0032048063257322547,1.3484433453494535,0.004321499763067492,0.0007965494487188553,7.467764663326248,0.1590598380740587,,0,0.8796459430051421,976.5351170568562
0.6,30,0.5,0.25,0.2,false,NO_DILUTE_CONNECTED_ROOT;ACTUAL_LOADING_EXCEEDS_DESIGN_FLOOD_FRACTION,2.7799737135812927,0.008594366926962346,0.009536843483499641,1.0085346107408029,0.009618236730327273,0.0018051045646471466,3.295345844354144,0.16119768379238686,,0,0.47123889803846897,653.9297658862876
0.6,35,0.5,0.25,0.2,false,NO_DILUTE_CONNECTED_ROOT;ACTUAL_LOADING_EXCEEDS_DESIGN_FLOOD_FRACTION,2.3104923868934395,0.013647536370130026,0.0067368484027168375,0.9793222374505586,0.006597545451113875,0.0012267974515253904,4.848757892623939,0.1600895580263168,,0,0.5497787143782138,762.918060200669
0.6,40,0.5,0.25,0.2,false,NO_DILUTE_CONNECTED_ROOT;ACTUAL_LOADING_EXCEEDS_DESIGN_FLOOD_FRACTION,1.9684038485401572,0.020371832715762594,0.004959343334724658,0.9532863289612921,0.004727674201618322,0.0008739478892717321,6.80640562069617,0.15939774823727543,,0,0.6283185307179586,871.9063545150501
0.6,45,0.5,0.25,0.2,false,NO_DILUTE_CONNECTED_ROOT;ACTUAL_LOADING_EXCEEDS_DESIGN_FLOOD_FRACTION,1.7089571700030326,0.029005988378497917,0.003773453934569877,0.9298774853328893,0.0035088498556973343,0.0006461177765960904,9.206438889628695,0.1589446719137962,,0,0.7068583470577035,980.8946488294314
0.6,50,0.5,0.25,0.2,false,NO_DILUTE_CONNECTED_ROOT;ACTUAL_LOADING_EXCEEDS_DESIGN_FLOOD_FRACTION,1.5059903529181666,0.03978873577297383,0.0029494520263554777,0.9086645683879775,0.0026800625525093455,0.0004921864393213529,12.08575318315684,0.15863571794913223,,0,0.7853981633974483,1089.882943143813
0.6,55,0.5,0.25,0.2,false,NO_DILUTE_CONNECTED_ROOT;ACTUAL_LOADING_EXCEEDS_DESIGN_FLOOD_FRACTION,1.3432318087575799,0.052958807313828155,0.0023572988475501783,0.8893079865406752,0.002096364691789503,0.0003842617126803384,15.480188708478206,0.15841774685194643,,0,0.8639379797371931,1198.871237458194
0.6,60,0.5,0.25,0.2,false,NO_DILUTE_CONNECTED_ROOT;ACTUAL_LOADING_EXCEEDS_DESIGN_FLOOD_FRACTION,1.2100538411533062,0.06875493541569877,0.001919571531385336,0.8715375407005916,0.0016729786516624444,0.0003062313244338624,19.42467458785188,0.15825945165395244,,0,0.9424777960769379,1307.859531772575
0.6,65,0.5,0.25,0.2,false,NO_DILUTE_CONNECTED_ROOT;ACTUAL_LOADING_EXCEEDS_DESIGN_FLOOD_FRACTION,1.0992340358759003,0.08741585249322346,0.0015881509501602495,0.8551356905289924,0.0013580845594295605,0.000248334643561809,23.953338690153956,0.15814162190896053,,0,1.0210176124166828,1416.8478260869565
0.6,70,0.5,0.25,0.2,false,NO_DILUTE_CONNECTED_ROOT;ACTUAL_LOADING_EXCEEDS_DESIGN_FLOOD_FRACTION,1.0057002244507451,0.1091802909610402,0.0013320093467908058,0.8399252098857322,0.0011187882301730246,0.0002044167270435303,29.099594303102002,0.15805202090824305,,0,1.0995574287564276,1525.836120401338
0.6,30,0.5,0.25,0.3,false,NO_DILUTE_CONNECTED_ROOT;ACTUAL_LOADING_EXCEEDS_DESIGN_FLOOD_FRACTION,2.7799737135812927,0.008594366926962346,0.009536843483499641,1.2158074088554716,0.011594964964333888,0.0021844130542125273,2.723131421625322,0.1616622721062702,,0,0.47123889803846897,653.9297658862876
0.6,35,0.5,0.25,0.3,false,NO_DILUTE_CONNECTED_ROOT;ACTUAL_LOADING_EXCEEDS_DESIGN_FLOOD_FRACTION,2.3104923868934395,0.013647536370130026,0.0067368484027168375,1.1865950355652273,0.00799391087001933,0.0014906398466792824,3.99053053558584,0.16042443413306484,,0,0.5497787143782138,762.918060200669
0.6,40,0.5,0.25,0.3,false,NO_DILUTE_CONNECTED_ROOT;ACTUAL_LOADING_EXCEEDS_DESIGN_FLOOD_FRACTION,1.9684038485401572,0.020371832715762594,0.004959343334724658,1.160559127075961,0.005755611171418035,0.001066237280964885,5.57891187255398,0.1596471925328916,,0,0.6283185307179586,871.9063545150501
0.6,45,0.5,0.25,0.3,false,NO_DILUTE_CONNECTED_ROOT;ACTUAL_LOADING_EXCEEDS_DESIGN_FLOOD_FRACTION,1.7089571700030326,0.029005988378497917,0.003773453934569877,1.137150283447558,0.004290984211272439,0.0007914424389189296,7.515952561073102,0.15913585750897596,,0,0.7068583470577035,980.8946488294314
0.6,50,0.5,0.25,0.3,false,NO_DILUTE_CONNECTED_ROOT;ACTUAL_LOADING_EXCEEDS_DESIGN_FLOOD_FRACTION,1.5059903529181666,0.03978873577297383,0.0029494520263554777,1.1159373665026462,0.0032914037269170253,0.0006052455873680034,9.828149018983064,0.15878587480177647,,0,0.7853981633974483,1089.882943143813
0.6,55,0.5,0.25,0.3,false,NO_DILUTE_CONNECTED_ROOT;ACTUAL_LOADING_EXCEEDS_DESIGN_FLOOD_FRACTION,1.3432318087575799,0.052958807313828155,0.0023572988475501783,1.0965807846553441,0.0025849686199137132,0.00047431995240237144,12.540994313240555,0.15853814477785555,,0,0.8639379797371931,1198.871237458194
0.6,60,0.5,0.25,0.3,false,NO_DILUTE_CONNECTED_ROOT;ACTUAL_LOADING_EXCEEDS_DESIGN_FLOOD_FRACTION,1.2100538411533062,0.06875493541569877,0.001919571531385336,1.0788103388152603,0.0020708536141539426,0.0003793865920128719,15.679109254163762,0.1583577191841718,,0,0.9424777960769379,1307.859531772575
0.6,65,0.5,0.25,0.3,false,NO_DILUTE_CONNECTED_ROOT;ACTUAL_LOADING_EXCEEDS_DESIGN_FLOOD_FRACTION,1.0992340358759003,0.08741585249322346,0.0015881509501602495,1.0624084886436613,0.0016872650506977453,0.0003087479259592863,19.266344242646266,0.15822305944887577,,0,1.0210176124166828,1416.8478260869565
0.6,70,0.5,0.25,0.3,false,NO_DILUTE_CONNECTED_ROOT;ACTUAL_LOADING_EXCEEDS_DESIGN_FLOOD_FRACTION,1.0057002244507451,0.1091802909610402,0.0013320093467908058,1.047198008000401,0.0013948775345972472,0.00025501497422856275,23.32586093710422,0.1581204065833351,,0,1.0995574287564276,1525.836120401338
0.6,30,0.5,0.25,0.4,false,NO_DILUTE_CONNECTED_ROOT;ACTUAL_LOADING_EXCEEDS_DESIGN_FLOOD_FRACTION,2.7799737135812927,0.008594366926962346,0.009536843483499641,1.4253455727998703,0.013593297637691506,0.0025700792923411776,2.314498172667669,0.16210203350837588,,0,0.47123889803846897,653.9297658862876
0.6,35,0.5,0.25,0.4,false,NO_DILUTE_CONNECTED_ROOT;ACTUAL_LOADING_EXCEEDS_DESIGN_FLOOD_FRACTION,2.3104923868934395,0.013647536370130026,0.0067368484027168375,1.396133199509626,0.009405537715096371,0.0017585302196427973,3.3826224646528695,0.16074211855782816,,0,0.5497787143782138,762.918060200669
0.6,40,0.5,0.25,0.4,false,NO_DILUTE_CONNECTED_ROOT;ACTUAL_LOADING_EXCEEDS_DESIGN_FLOOD_FRACTION,1.9684038485401572,0.020371832715762594,0.004959343334724658,1.3700972910203597,0.0067947828681461315,0.0012612801866562786,4.716195408971194,0.15988407220409317,,0,0.6283185307179586,871.9063545150501
0.6,45,0.5,0.25,0.4,false,NO_DILUTE_CONNECTED_ROOT;ACTUAL_LOADING_EXCEEDS_DESIGN_FLOOD_FRACTION,1.7089571700030326,0.029005988378497917,0.003773453934569877,1.3466884473919567,0.005081666820450978,0.0009387408111417154,6.336620028802257,0.15931747207137825,,0,0.7068583470577035,980.8946488294314
0.6,50,0.5,0.25,0.4,false,NO_DILUTE_CONNECTED_ROOT;ACTUAL_LOADING_EXCEEDS_DESIGN_FLOOD_FRACTION,1.5059903529181666,0.03978873577297383,0.0029494520263554777,1.325475530447045,0.003909426489161638,0.0007197791789432966,8.264262151160784,0.15892848811630605,,0,0.7853981633974483,1089.882943143813
0.6,55,0.5,0.25,0.4,false,NO_DILUTE_CONNECTED_ROOT;ACTUAL_LOADING_EXCEEDS_DESIGN_FLOOD_FRACTION,1.3432318087575799,0.052958807313828155,0.0023572988475501783,1.3061189485997429,0.0030789126922976247,0.0005655164773326995,10.518603903092176,0.158652462892315,,0,0.8639379797371931,1198.871237458194
0.6,60,0.5,0.25,0.4,false,NO_DILUTE_CONNECTED_ROOT;ACTUAL_LOADING_EXCEEDS_DESIGN_FLOOD_FRACTION,1.2100538411533062,0.06875493541569877,0.001919571531385336,1.288348502759659,0.0024730771084003635,0.0004534442242660689,13.118358350164549,0.1584509794119645,,0,0.9424777960769379,1307.859531772575
0.6,65,0.5,0.25,0.4,false,NO_DILUTE_CONNECTED_ROOT;ACTUAL_LOADING_EXCEEDS_DESIGN_FLOOD_FRACTION,1.0992340358759003,0.08741585249322346,0.0015881509501602495,1.27194665258806,0.0020200432848608762,0.0003698922222708482,16.08155962084277,0.15830029869835088,,0,1.0210176124166828,1416.8478260869565
0.6,70,0.5,0.25,0.4,false,NO_DILUTE_CONNECTED_ROOT;ACTUAL_LOADING_EXCEEDS_DESIGN_FLOOD_FRACTION,1.0057002244507451,0.1091802909610402,0.0013320093467908058,1.2567361719447998,0.0016739843274805705,0.00030621617089211903,19.425635845437853,0.1581852387694626,,0,1.0995574287564276,1525.836120401338
0.6,30,0.33,0.3,0.2,true,,6.864759341569113,0.0008969171393943305,0.04426438011286594,1.1174166645984724,0.04946175598623761,0.01023486923391688,0.5811939253725281,0.1744359134246974,0.052873981016460195,2,0.31101767270538955,284.85180602006693
0.6,35,0.33,0.3,0.2,false,ACTUAL_LOADING_EXCEEDS_DESIGN_FLOOD_FRACTION,5.705440349692446,0.0014242711982048858,0.033275833270522914,1.0957416611648227,0.036461716824486456,0.007341720548773964,0.8102247676436057,0.17044146898112855,0.08614620835513995,2,0.3628539514896212,332.32710702341143
0.6,40,0.33,0.3,0.2,false,NO_DILUTE_CONNECTED_ROOT;ACTUAL_LOADING_EXCEEDS_DESIGN_FLOOD_FRACTION,4.86070017181531,0.0021260258118976716,0.025642056464872734,1.0753306167904901,0.02757368839414817,0.005436765735886156,1.0941144266104956,0.16752889433965457,,0,0.4146902302738527,379.8024080267558
0.6,45,0.33,0.3,0.2,false,NO_DILUTE_CONNECTED_ROOT;ACTUAL_LOADING_EXCEEDS_DESIGN_FLOOD_FRACTION,4.2200325995193175,0.003027095345455865,0.020183010607139354,1.0562076798127191,0.021317450805002157,0.004136275842355852,1.438115844408163,0.16539161316082462,,0,0.46652650905808435,427.27770903010037
0.6,50,0.33,0.3,0.2,false,NO_DILUTE_CONNECTED_ROOT;ACTUAL_LOADING_EXCEEDS_DESIGN_FLOOD_FRACTION,3.7188342080363475,0.004152394163862641,0.016181934642720323,1.0383055916362252,0.016801793223028452,0.0032202436897985198,1.8472030065857674,0.16380586170866535,,0,0.5183627878423159,474.7530100334449
0.6,55,0.33,0.3,0.2,false,NO_DILUTE_CONNECTED_ROOT;ACTUAL_LOADING_EXCEEDS_DESIGN_FLOOD_FRACTION,3.316924567312723,0.005526836632101175,0.013185631349451136,1.021528099518031,0.013469492933350188,0.0025572160577452723,2.326140494745479,0.16261361679036496,,0,0.5701990666265475,522.2283110367893
0.6,60,0.33,0.3,0.2,false,NO_DILUTE_CONNECTED_ROOT;ACTUAL_LOADING_EXCEEDS_DESIGN_FLOOD_FRACTION,2.9880600558476607,0.007175337115154644,0.010898467333528054,1.005774483642841,0.010961400354877549,0.0020657685625371596,2.87953061810024,0.1617045845493158,,0,0.6220353454107791,569.7036120401339
0.6,65,0.33,0.3,0.2,false,NO_DILUTE_CONNECTED_ROOT;ACTUAL_LOADING_EXCEEDS_DESIGN_FLOOD_FRACTION,2.7144059238706686,0.009122809978006218,0.009122494720799935,0.990949121137557,0.009039928126158699,0.0016938229283188684,3.5118451440721405,0.16100175159146507,,0,0.6738716241950107,617.1789130434782
0.6,70,0.33,0.3,0.2,false,NO_DILUTE_CONNECTED_ROOT;ACTUAL_LOADING_EXCEEDS_DESIGN_FLOOD_FRACTION,2.4834371551385965,0.011394169585639087,0.007722110217874028,0.9769648309469652,0.007544230103559132,0.0014071006824604342,4.227447189730102,0.16045104059544246,,0,0.7257079029792424,664.6542140468229
0.6,30,0.33,0.3,0.3,true,,6.864759341569113,0.0008969171393943305,0.04426438011286594,1.3246894627131414,0.05863655790904264,0.01225935831662771,0.4852165726868943,0.17601117433826602,0.0421827622875813,2,0.31101767270538955,284.85180602006693
0.6,35,0.33,0.3,0.3,true,,5.705440349692446,0.0014242711982048858,0.033275833270522914,1.3030144592794917,0.043358891896064934,0.008811215040186367,0.6750991547255275,0.17176189790426905,0.06432333592212472,2,0.3628539514896212,332.32710702341143
0.6,40,0.33,0.3,0.3,false,ACTUAL_LOADING_EXCEEDS_DESIGN_FLOOD_FRACTION,4.86070017181531,0.0021260258118976716,0.025642056464872734,1.282603414905159,0.03288858918703668,0.0065368023575028515,0.9099929140288492,0.16862308394815667,0.10897291937820724,2,0.4146902302738527,379.8024080267558
0.6,45,0.33,0.3,0.3,false,NO_DILUTE_CONNECTED_ROOT;ACTUAL_LOADING_EXCEEDS_DESIGN_FLOOD_FRACTION,4.2200325995193175,0.003027095345455865,0.020183010607139354,1.263480477927388,0.025500839887921973,0.004982090082544772,1.1939655299641432,0.1662966332676678,,0,0.46652650905808435,427.27770903010037
0.6,50,0.33,0.3,0.3,false,NO_DILUTE_CONNECTED_ROOT;ACTUAL_LOADING_EXCEEDS_DESIGN_FLOOD_FRACTION,3.7188342080363475,0.004152394163862641,0.016181934642720323,1.2455783897508939,0.020155868095333786,0.0038858257937854175,1.5308055845550226,0.16455703027625768,,0,0.5183627878423159,474.7530100334449
0.6,55,0.33,0.3,0.3,false,NO_DILUTE_CONNECTED_ROOT;ACTUAL_LOADING_EXCEEDS_DESIGN_FLOOD_FRACTION,3.316924567312723,0.005526836632101175,0.013185631349451136,1.2288008976326998,0.016202515638059422,0.0030915495343788227,1.9240978543563518,0.1632410038594298,,0,0.5701990666265475,522.2283110367893
0.6,60,0.33,0.3,0.3,false,NO_DILUTE_CONNECTED_ROOT;ACTUAL_LOADING_EXCEEDS_DESIGN_FLOOD_FRACTION,2.9880600558476607,0.007175337115154644,0.010898467333528054,1.2130472817575098,0.013220356174259222,0.002502213286132215,2.3772728962403726,0.1622325631285897,,0,0.6220353454107791,569.7036120401339
0.6,65,0.33,0.3,0.3,false,NO_DILUTE_CONNECTED_ROOT;ACTUAL_LOADING_EXCEEDS_DESIGN_FLOOD_FRACTION,2.7144059238706686,0.009122809978006218,0.009122494720799935,1.1982219192522257,0.010930773132725195,0.002055696587563215,2.8936390037918227,0.1614496442219049,,0,0.6738716241950107,617.1789130434782
0.6,70,0.33,0.3,0.3,false,NO_DILUTE_CONNECTED_ROOT;ACTUAL_LOADING_EXCEEDS_DESIGN_FLOOD_FRACTION,2.4834371551385965,0.011394169585639087,0.007722110217874028,1.1842376290616339,0.009144813495767755,0.001711091445805403,3.4764032280780675,0.1608340274044821,,0,0.7257079029792424,664.6542140468229
0.6,30,0.33,0.3,0.4,true,,6.864759341569113,0.0008969171393943305,0.04426438011286594,1.53422762665754,0.06791163484602952,0.014329957794300694,0.4151054672401397,0.17744622122133558,0.03512495499456153,2,0.31101767270538955,284.85180602006693
0.6,35,0.33,0.3,0.4,true,,5.705440349692446,0.0014242711982048858,0.033275833270522914,1.5125526232238904,0.05033144890329024,0.010313618619609116,0.5767562332026697,0.17297903969588302,0.051835612405225065,2,0.3628539514896212,332.32710702341143
0.6,40,0.33,0.3,0.4,false,ACTUAL_LOADING_EXCEEDS_DESIGN_FLOOD_FRACTION,4.86070017181531,0.0021260258118976716,0.025642056464872734,1.4921415788495578,0.03826157861844471,0.007660525425956854,0.7765059829419819,0.16964035441226455,0.07940559303239433,2,0.4146902302738527,379.8024080267558
0.6,45,0.33,0.3,0.4,false,NO_DILUTE_CONNECTED_ROOT;ACTUAL_LOADING_EXCEEDS_DESIGN_FLOOD_FRACTION,4.2200325995193175,0.003027095345455865,0.020183010607139354,1.4730186418717868,0.029729950873412278,0.005845214797279396,1.0176604337112338,0.16714324381496115,,0,0.46652650905808435,427.27770903010037
0.6,50,0.33,0.3,0.4,false,NO_DILUTE_CONNECTED_ROOT;ACTUAL_LOADING_EXCEEDS_DESIGN_FLOOD_FRACTION,3.7188342080363475,0.004152394163862641,0.016181934642720323,1.4551165536952926,0.023546600969437663,0.0045643004208553994,1.303254228962402,0.1652628303110817,,0,0.5183627878423159,474.7530100334449
0.6,55,0.33,0.3,0.4,false,NO_DILUTE_CONNECTED_ROOT;ACTUAL_LOADING_EXCEEDS_DESIGN_FLOOD_FRACTION,3.316924567312723,0.005526836632101175,0.013185631349451136,1.4383390615770986,0.01896540862147112,0.0036356817012831665,1.6361288788386632,0.16383237912743753,,0,0.5701990666265475,522.2283110367893
0.6,60,0.33,0.3,0.4,false,NO_DILUTE_CONNECTED_ROOT;ACTUAL_LOADING_EXCEEDS_DESIGN_FLOOD_FRACTION,2.9880600558476607,0.007175337115154644,0.010898467333528054,1.4225854457019085,0.015504001009134698,0.002946256534489237,2.018983668292786,0.1627313642145743,,0,0.6220353454107791,569.7036120401339
0.6,65,0.33,0.3,0.4,false,NO_DILUTE_CONNECTED_ROOT;ACTUAL_LOADING_EXCEEDS_DESIGN_FLOOD_FRACTION,2.7144059238706686,0.009122809978006218,0.009122494720799935,1.4077600831966244,0.012842283927114085,0.00242357615760938,2.454407635203932,0.16187347280961278,,0,0.6738716241950107,617.1789130434782
0.6,70,0.33,0.3,0.4,false,NO_DILUTE_CONNECTED_ROOT;ACTUAL_LOADING_EXCEEDS_DESIGN_FLOOD_FRACTION,2.4834371551385965,0.011394169585639087,0.007722110217874028,1.3937757930060326,0.01076289029259736,0.0020199137952300844,2.9448998466081053,0.16119685632442932,,0,0.7257079029792424,664.6542140468229
0.6,30,0.4,0.3,0.2,false,NO_DILUTE_CONNECTED_ROOT;ACTUAL_LOADING_EXCEEDS_DESIGN_FLOOD_FRACTION,4.672326826855479,0.002346835128855851,0.024002277220193602,1.0577692863450014,0.02538887164585907,0.0049799473695338915,1.1944792553684012,0.16682621179296359,,0,0.37699111843077515,418.5150501672241
0.6,35,0.4,0.3,0.2,false,NO_DILUTE_CONNECTED_ROOT;ACTUAL_LOADING_EXCEEDS_DESIGN_FLOOD_FRACTION,3.883265338009422,0.003726687264803505,0.017464669019173828,1.031956290386117,0.01802277505384797,0.003466696150552479,1.7158826638979254,0.1642647337622557,,0,0.43982297150257105,488.2675585284281
0.6,40,0.4,0.3,0.2,false,NO_DILUTE_CONNECTED_ROOT;ACTUAL_LOADING_EXCEEDS_DESIGN_FLOOD_FRACTION,3.3083140544417966,0.005562868453584239,0.0131237632218121,1.0083804695213852,0.013233746519498372,0.0025111524114412413,2.3688103512285994,0.16254894038178352,,0,0.5026548245743668,558.020066889632
0.6,45,0.4,0.3,0.2,false,NO_DILUTE_CONNECTED_ROOT;ACTUAL_LOADING_EXCEEDS_DESIGN_FLOOD_FRACTION,2.8722596880478357,0.007920568559888498,0.01013211838701524,0.9867806537192253,0.009998178405499481,0.0018790587060766141,3.1656508689687195,0.16136881108493306,,0,0.5654866776461627,627.7725752508361
0.6,50,0.4,0.3,0.2,false,NO_DILUTE_CONNECTED_ROOT;ACTUAL_LOADING_EXCEEDS_DESIGN_FLOOD_FRACTION,2.5311315328447397,0.01086497744840672,0.008003535085974971,0.9669077835144922,0.00773868037026053,0.0014443882585739953,4.118313611609808,0.16053543516877944,,0,0.6283185307179586,697.5250836120402
0.6,55,0.4,0.3,0.2,false,NO_DILUTE_CONNECTED_ROOT;ACTUAL_LOADING_EXCEEDS_DESIGN_FLOOD_FRACTION,2.2575817836272223,0.01446128498382934,0.006446737315117051,0.9485433745558856,0.006115009967756477,0.0011355605044544757,5.238332790195366,0.15993222714131938,,0,0.6911503837897545,767.2775919732441
0.6,60,0.4,0.3,0.2,false,NO_DILUTE_CONNECTED_ROOT;ACTUAL_LOADING_EXCEEDS_DESIGN_FLOOD_FRACTION,2.033748375511315,0.01877468103084681,0.005280577378152864,0.9315010575781205,0.004918863412372492,0.0009099745211894204,6.5369344824726605,0.15948569759149717,,0,0.7539822368615503,837.0301003344482
0.6,65,0.4,0.3,0.2,false,NO_DILUTE_CONNECTED_ROOT;ACTUAL_LOADING_EXCEEDS_DESIGN_FLOOD_FRACTION,1.8474925319344746,0.023870355454149554,0.004388618602757097,0.9156231923534186,0.004018320975078053,0.0007412314393292063,8.02508300392364,0.159148383671316,,0,0.8168140899333461,906.782608695652
0.6,70,0.4,0.3,0.2,false,NO_DILUTE_CONNECTED_ROOT;ACTUAL_LOADING_EXCEEDS_DESIGN_FLOOD_FRACTION,1.690289413716208,0.02981349811842804,0.0036937894819452873,0.9007764781740122,0.003327278680662885,0.0006123883973223553,9.713514906134755,0.15888893330827142,,0,0.8796459430051421,976.5351170568562
0.6,30,0.4,0.3,0.3,false,ACTUAL_LOADING_EXCEEDS_DESIGN_FLOOD_FRACTION,4.672326826855479,0.002346835128855851,0.024002277220193602,1.2650420844596701,0.03036389080641257,0.00600202223454141,0.9910732738545357,0.16787145614322618,0.14795895971221512,2,0.37699111843077515,418.5150501672241
0.6,35,0.4,0.3,0.3,false,NO_DILUTE_CONNECTED_ROOT;ACTUAL_LOADING_EXCEEDS_DESIGN_FLOOD_FRACTION,3.883265338009422,0.003726687264803505,0.017464669019173828,1.239229088500786,0.021642725869598697,0.004189061351318331,1.4199944395330109,0.16507053361350654,,0,0.43982297150257105,488.2675585284281
0.6,40,0.4,0.3,0.3,false,NO_DILUTE_CONNECTED_ROOT;ACTUAL_LOADING_EXCEEDS_DESIGN_FLOOD_FRACTION,3.3083140544417966,0.005562868453584239,0.0131237632218121,1.2156532676360539,0.015953945644277746,0.0030425621930763027,1.9550771515109973,0.1631765994904893,,0,0.5026548245743668,558.020066889632
0.6,45,0.4,0.3,0.3,false,NO_DILUTE_CONNECTED_ROOT;ACTUAL_LOADING_EXCEEDS_DESIGN_FLOOD_FRACTION,2.8722596880478357,0.007920568559888498,0.01013211838701524,1.194053451833894,0.012098290934405214,0.0022830089900939374,2.60552799027301,0.16186477132295268,,0,0.5654866776461627,627.7725752508361
0.6,50,0.4,0.3,0.3,false,NO_DILUTE_CONNECTED_ROOT;ACTUAL_LOADING_EXCEEDS_DESIGN_FLOOD_FRACTION,2.5311315328447397,0.01086497744840672,0.008003535085974971,1.174180581629161,0.00939759548233949,0.0017598410726159964,3.3801028503626944,0.1609333569686931,,0,0.6283185307179586,697.5250836120402
0.6,55,0.4,0.3,0.3,false,NO_DILUTE_CONNECTED_ROOT;ACTUAL_LOADING_EXCEEDS_DESIGN_FLOOD_FRACTION,2.2575817836272223,0.01446128498382934,0.006446737315117051,1.1558161726705545,0.007451243249771036,0.0013874870243923822,4.287206814304915,0.1602562402462988,,0,0.6911503837897545,767.2775919732441
0.6,60,0.4,0.3,0.3,false,NO_DILUTE_CONNECTED_ROOT;ACTUAL_LOADING_EXCEEDS_DESIGN_FLOOD_FRACTION,2.033748375511315,0.01877468103084681,0.005280577378152864,1.1387738556927893,0.006013383461203258,0.0011149941356732457,5.334955257090151,0.159753146484102,,0,0.7539822368615503,837.0301003344482
0.6,65,0.4,0.3,0.3,false,NO_DILUTE_CONNECTED_ROOT;ACTUAL_LOADING_EXCEEDS_DESIGN_FLOOD_FRACTION,1.8474925319344746,0.023870355454149554,0.004388618602757097,1.1228959904680873,0.004927962232729604,0.0009107714057254212,6.531214955081719,0.15937191679515839,,0,0.8168140899333461,906.782608695652
0.6,70,0.4,0.3,0.3,false,NO_DILUTE_CONNECTED_ROOT;ACTUAL_LOADING_EXCEEDS_DESIGN_FLOOD_FRACTION,1.690289413716208,0.02981349811842804,0.0036937894819452873,1.108049276288681,0.004092900762232218,0.0007545306865199452,7.8836340681783925,0.15907786810944263,,0,0.8796459430051421,976.5351170568562
0.6,30,0.4,0.3,0.4,false,ACTUAL_LOADING_EXCEEDS_DESIGN_FLOOD_FRACTION,4.672326826855479,0.002346835128855851,0.024002277220193602,1.4745802484040689,0.035393283905616406,0.007045897961280511,0.8442421190916041,0.16884443410487787,0.09229233312398338,2,0.37699111843077515,418.5150501672241
0.6,35,0.4,0.3,0.4,false,NO_DILUTE_CONNECTED_ROOT;ACTUAL_LOADING_EXCEEDS_DESIGN_FLOOD_FRACTION,3.883265338009422,0.003726687264803505,0.017464669019173828,1.4487672524451847,0.025302240549773005,0.004925736431030763,1.2076252777678353,0.16582614347383184,,0,0.43982297150257105,488.2675585284281
0.6,40,0.4,0.3,0.4,false,NO_DILUTE_CONNECTED_ROOT;ACTUAL_LOADING_EXCEEDS_DESIGN_FLOOD_FRACTION,3.3083140544417966,0.005562868453584239,0.0131237632218121,1.4251914315804526,0.01870387489381728,0.0035837271124809994,1.659848431265345,0.16376789055630642,,0,0.5026548245743668,558.020066889632
0.6,45,0.4,0.3,0.4,false,NO_DILUTE_CONNECTED_ROOT;ACTUAL_LOADING_EXCEEDS_DESIGN_FLOOD_FRACTION,2.8722596880478357,0.007920568559888498,0.01013211838701524,1.4035916157782928,0.014221356418087671,0.002693867769506912,2.20814246826357,0.16233336157079326,,0,0.5654866776461627,627.7725752508361
0.6,50,0.4,0.3,0.4,false,NO_DILUTE_CONNECTED_ROOT;ACTUAL_LOADING_EXCEEDS_DESIGN_FLOOD_FRACTION,2.5311315328447397,0.01086497744840672,0.008003535085974971,1.3837187455735598,0.01107464152931926,0.002080361826491863,2.8593313672581644,0.16131000951466806,,0,0.6283185307179586,697.5250836120402
0.6,55,0.4,0.3,0.4,false,NO_DILUTE_CONNECTED_ROOT;ACTUAL_LOADING_EXCEEDS_DESIGN_FLOOD_FRACTION,2.2575817836272223,0.01446128498382934,0.006446737315117051,1.3653543366149532,0.008802080750212505,0.0016432490584604746,3.6199283335099808,0.16056325114220132,,0,0.6911503837897545,767.2775919732441
0.6,60,0.4,0.3,0.4,false,NO_DILUTE_CONNECTED_ROOT;ACTUAL_LOADING_EXCEEDS_DESIGN_FLOOD_FRACTION,2.033748375511315,0.01877468103084681,0.005280577378152864,1.348312019637188,0.007119865949587735,0.0013229960672041909,4.496191616279831,0.16000673110139635,,0,0.7539822368615503,837.0301003344482
0.6,65,0.4,0.3,0.4,false,NO_DILUTE_CONNECTED_ROOT;ACTUAL_LOADING_EXCEEDS_DESIGN_FLOOD_FRACTION,1.8474925319344746,0.023870355454149554,0.004388618602757097,1.332434154412486,0.005847545317003559,0.0010826847208571385,5.4941606832923755,0.1595839281449889,,0,0.8168140899333461,906.782608695652
0.6,70,0.4,0.3,0.4,false,NO_DILUTE_CONNECTED_ROOT;ACTUAL_LOADING_EXCEEDS_DESIGN_FLOOD_FRACTION,1.690289413716208,0.02981349811842804,0.0036937894819452873,1.3175874402330798,0.004866890628276165,0.0008985996122380563,6.6196821640279255,0.15925708367443348,,0,0.8796459430051421,976.5351170568562
0.6,30,0.5,0.3,0.2,false,NO_DILUTE_CONNECTED_ROOT;ACTUAL_LOADING_EXCEEDS_DESIGN_FLOOD_FRACTION,2.990289169187506,0.007161972439135289,0.010913426146218836,0.9773285010067414,0.010666002416331834,0.002008946180286553,2.960977194962084,0.16163450298090903,,0,0.47123889803846897,653.9297658862876
0.6,35,0.5,0.3,0.2,false,NO_DILUTE_CONNECTED_ROOT;ACTUAL_LOADING_EXCEEDS_DESIGN_FLOOD_FRACTION,2.4852898163260297,0.011372946975108352,0.0077329649592238195,0.9482370352836617,0.007332683766886836,0.0013670558275029176,4.351280837301413,0.16039967698095103,,0,0.5497787143782138,762.918060200669
0.6,40,0.5,0.3,0.2,false,NO_DILUTE_CONNECTED_ROOT;ACTUAL_LOADING_EXCEEDS_DESIGN_FLOOD_FRACTION,2.1173209948427503,0.016976527263135494,0.005704221364398823,0.9222842390141329,0.005260913460232728,0.0009744047503180116,6.104695018977798,0.1596244220603939,,0,0.6283185307179586,871.9063545150501
0.6,45,0.5,0.3,0.2,false,NO_DILUTE_CONNECTED_ROOT;ACTUAL_LOADING_EXCEEDS_DESIGN_FLOOD_FRACTION,1.838246200350615,0.024171656982081593,0.004346258918475024,0.8989353041121185,0.003907005582629353,0.0007204901738136935,8.256106803300883,0.1591148752946887,,0,0.7068583470577035,980.8946488294314
0.6,50,0.5,0.3,0.2,false,NO_DILUTE_CONNECTED_ROOT;ACTUAL_LOADING_EXCEEDS_DESIGN_FLOOD_FRACTION,1.619924181020633,0.03315727981081152,0.003400512696040103,0.8777671866816537,0.0029848584624783663,0.000548784372829687,10.839309791317156,0.15876660828679107,,0,0.7853981633974483,1089.882943143813
0.6,55,0.5,0.3,0.2,false,NO_DILUTE_CONNECTED_ROOT;ACTUAL_LOADING_EXCEEDS_DESIGN_FLOOD_FRACTION,1.4448523415214223,0.04413233942819012,0.0027197383479146352,0.8584451018373007,0.002334746063046391,0.0004283404793928806,13.887185806407675,0.15852051738888479,,0,0.8639379797371931,1198.871237458194
0.6,60,0.5,0.3,0.2,false,NO_DILUTE_CONNECTED_ROOT;ACTUAL_LOADING_EXCEEDS_DESIGN_FLOOD_FRACTION,1.301598960327241,0.05729577951308231,0.0022158827408201164,0.8407018627107912,0.001862896747756165,0.0003412402674168088,17.431834380990356,0.15834162828816384,,0,0.9424777960769379,1307.859531772575
0.6,65,0.5,0.3,0.2,false,NO_DILUTE_CONNECTED_ROOT;ACTUAL_LOADING_EXCEEDS_DESIGN_FLOOD_FRACTION,1.1823952204380637,0.07284654374435288,0.0018340404577111,0.8243219007907401,0.0015118397162275329,0.00027661172108412027,21.504670165172403,0.15820837319088266,,0,1.0210176124166828,1416.8478260869565
0.6,70,0.5,0.3,0.2,false,NO_DILUTE_CONNECTED_ROOT;ACTUAL_LOADING_EXCEEDS_DESIGN_FLOOD_FRACTION,1.081785224778373,0.09098357580086681,0.0015387198883220303,0.8091293281498844,0.0012450233894488695,0.00022759145395384635,26.136499074965116,0.1581069957451171,,0,1.0995574287564276,1525.836120401338
0.6,30,0.5,0.3,0.3,false,NO_DILUTE_CONNECTED_ROOT;ACTUAL_LOADING_EXCEEDS_DESIGN_FLOOD_FRACTION,2.990289169187506,0.007161972439135289,0.010913426146218836,1.18460129912141,0.012928058790676397,0.0024456215027138886,2.432283090058591,0.162168533449228,,0,0.47123889803846897,653.9297658862876
0.6,35,0.5,0.3,0.3,false,NO_DILUTE_CONNECTED_ROOT;ACTUAL_LOADING_EXCEEDS_DESIGN_FLOOD_FRACTION,2.4852898163260297,0.011372946975108352,0.0077329649592238195,1.1555098333983305,0.008935517051707843,0.0016712756659724172,3.5592236199248557,0.16078697522906255,,0,0.5497787143782138,762.918060200669
0.6,40,0.5,0.3,0.3,false,NO_DILUTE_CONNECTED_ROOT;ACTUAL_LOADING_EXCEEDS_DESIGN_FLOOD_FRACTION,2.1173209948427503,0.016976527263135494,0.005704221364398823,1.1295570371288017,0.006443243383497146,0.0011963297754239422,4.972244232261733,0.15991408139651425,,0,0.6283185307179586,871.9063545150501
0.6,45,0.5,0.3,0.3,false,NO_DILUTE_CONNECTED_ROOT;ACTUAL_LOADING_EXCEEDS_DESIGN_FLOOD_FRACTION,1.838246200350615,0.024171656982081593,0.004346258918475024,1.1062081022267873,0.004807866829992505,0.0008883138772540138,6.696331080769225,0.15933750129765523,,0,0.7068583470577035,980.8946488294314
0.6,50,0.5,0.3,0.3,false,NO_DILUTE_CONNECTED_ROOT;ACTUAL_LOADING_EXCEEDS_DESIGN_FLOOD_FRACTION,1.619924181020633,0.03315727981081152,0.003400512696040103,1.0850399847963226,0.003689692244011055,0.0006794010910448796,8.755422833640594,0.15894179094935995,,0,0.7853981633974483,1089.882943143813
0.6,55,0.5,0.3,0.3,false,NO_DILUTE_CONNECTED_ROOT;ACTUAL_LOADING_EXCEEDS_DESIGN_FLOOD_FRACTION,1.4448523415214223,0.04413233942819012,0.0027197383479146352,1.0657178999519696,0.0028984738405584244,0.0005324148706933648,11.172572655583423,0.1586611862009757,,0,0.8639379797371931,1198.871237458194
0.6,60,0.5,0.3,0.3,false,NO_DILUTE_CONNECTED_ROOT;ACTUAL_LOADING_EXCEEDS_DESIGN_FLOOD_FRACTION,1.301598960327241,0.05729577951308231,0.0022158827408201164,1.04797466082546,0.002322188963739952,0.0004257992679726294,13.97006588117723,0.15845655854477858,,0,0.9424777960769379,1307.859531772575
0.6,65,0.5,0.3,0.3,false,NO_DILUTE_CONNECTED_ROOT;ACTUAL_LOADING_EXCEEDS_DESIGN_FLOOD_FRACTION,1.1823952204380637,0.07284654374435288,0.0018340404577111,1.031594698905409,0.0018919864137528206,0.00034645389692133596,17.169510513790797,0.1583037024395258,,0,1.0210176124166828,1416.8478260869565
0.6,70,0.5,0.3,0.3,false,NO_DILUTE_CONNECTED_ROOT;ACTUAL_LOADING_EXCEEDS_DESIGN_FLOOD_FRACTION,1.081785224778373,0.09098357580086681,0.0015387198883220303,1.0164021262645533,0.0015639581662160677,0.00028609415915488277,20.79190936056252,0.15818711301979216,,0,1.0995574287564276,1525.836120401338
0.6,30,0.5,0.3,0.4,false,NO_DILUTE_CONNECTED_ROOT;ACTUAL_LOADING_EXCEEDS_DESIGN_FLOOD_FRACTION,2.990289169187506,0.007161972439135289,0.010913426146218836,1.3941394630658088,0.015214838067697887,0.0028899367637944097,2.0583300992110716,0.16267232021742345,,0,0.47123889803846897,653.9297658862876
0.6,35,0.5,0.3,0.4,false,NO_DILUTE_CONNECTED_ROOT;ACTUAL_LOADING_EXCEEDS_DESIGN_FLOOD_FRACTION,2.4852898163260297,0.011372946975108352,0.0077329649592238195,1.3650479973427292,0.010555868331109974,0.001980349429074358,3.003734461405154,0.16115335000543085,,0,0.5497787143782138,762.918060200669
0.6,40,0.5,0.3,0.4,false,NO_DILUTE_CONNECTED_ROOT;ACTUAL_LOADING_EXCEEDS_DESIGN_FLOOD_FRACTION,2.1173209948427503,0.016976527263135494,0.005704221364398823,1.3390952010732005,0.007638495454925689,0.0014215437788773469,4.1844956969474465,0.16018843283725842,,0,0.6283185307179586,871.9063545150501
0.6,45,0.5,0.3,0.4,false,NO_DILUTE_CONNECTED_ROOT;ACTUAL_LOADING_EXCEEDS_DESIGN_FLOOD_FRACTION,1.838246200350615,0.024171656982081593,0.004346258918475024,1.315746266171186,0.00571857394379673,0.0010584852811779892,5.6197699972876745,0.1595484560622336,,0,0.7068583470577035,980.8946488294314
0.6,50,0.5,0.3,0.4,false,NO_DILUTE_CONNECTED_ROOT;ACTUAL_LOADING_EXCEEDS_DESIGN_FLOOD_FRACTION,1.619924181020633,0.03315727981081152,0.003400512696040103,1.2945781487407213,0.004402229430808915,0.0008117648322133072,7.327791978270376,0.15910779615585002,,0,0.7853981633974483,1089.882943143813
0.6,55,0.5,0.3,0.4,false,NO_DILUTE_CONNECTED_ROOT;ACTUAL_LOADING_EXCEEDS_DESIGN_FLOOD_FRACTION,1.4448523415214223,0.04413233942819012,0.0027197383479146352,1.2752560638963684,0.0034683628203896295,0.0006378334012917022,9.326014933818513,0.15879444913401775,,0,0.8639379797371931,1198.871237458194
0.6,60,0.5,0.3,0.4,false,NO_DILUTE_CONNECTED_ROOT;ACTUAL_LOADING_EXCEEDS_DESIGN_FLOOD_FRACTION,1.301598960327241,0.05729577951308231,0.0022158827408201164,1.2575128247698588,0.0027865009647674815,0.0005114207459338537,11.631213385512586,0.1585654006731852,,0,0.9424777960769379,1307.859531772575
0.6,65,0.5,0.3,0.4,false,NO_DILUTE_CONNECTED_ROOT;ACTUAL_LOADING_EXCEEDS_DESIGN_FLOOD_FRACTION,1.1823952204380637,0.07284654374435288,0.0018340404577111,1.2411328628498077,0.0022762878838613492,0.0004171547099429732,14.259562900651051,0.15839392137609637,,0,1.0210176124166828,1416.8478260869565
0.6,70,0.5,0.3,0.4,false,NO_DILUTE_CONNECTED_ROOT;ACTUAL_LOADING_EXCEEDS_DESIGN_FLOOD_FRACTION,1.081785224778373,0.09098357580086681,0.0015387198883220303,1.225940290208952,0.0018863787064397962,0.0003453036452510942,17.226704402176658,0.15826288778546604,,0,1.0995574287564276,1525.836120401338
0.7,30,0.33,0.2,0.2,true,,5.159782335945181,0.0018312058262634234,0.02829662533028961,1.1282073073547934,0.031924459471113484,0.006354161718647987,0.6877831338314323,0.1688186825959156,0.06487635528521195,2,0.3628539514896211,387.71495819397984
0.7,35,0.33,0.2,0.2,false,ACTUAL_LOADING_EXCEEDS_DESIGN_FLOOD_FRACTION,4.288399471903846,0.0029078870296683074,0.020748664301088883,1.1026201681660943,0.022877895720888462,0.004453521759663794,0.9813099599749918,0.1658186594013129,0.1376632942727571,2,0.4233296100712246,452.33411789297656
0.7,40,0.33,0.2,0.2,false,NO_DILUTE_CONNECTED_ROOT;ACTUAL_LOADING_EXCEEDS_DESIGN_FLOOD_FRACTION,3.653464548274412,0.00434063603262441,0.015680751386797177,1.0792473281712058,0.016923409037917784,0.0032425046523060566,1.347811561847815,0.1637647943004289,,0,0.4838052686528281,516.9532775919731
0.7,45,0.33,0.2,0.2,false,NO_DILUTE_CONNECTED_ROOT;ACTUAL_LOADING_EXCEEDS_DESIGN_FLOOD_FRACTION,3.1719174089991475,0.006180319663639055,0.012157646340983378,1.0578202726125387,0.012860604766745871,0.002436028427108234,1.7940206325553107,0.1623292900969573,,0,0.5442809272344316,581.5724372909699
0.7,50,0.33,0.2,0.2,false,NO_DILUTE_CONNECTED_ROOT;ACTUAL_LOADING_EXCEEDS_DESIGN_FLOOD_FRACTION,2.79519996290921,0.008477804751219552,0.009634093049634222,1.038090267338255,0.010001058229456414,0.0018785882315749856,2.326366782389262,0.1613034216717365,,0,0.6047565858160352,646.1915969899666
0.7,55,0.33,0.2,0.2,false,NO_DILUTE_CONNECTED_ROOT;ACTUAL_LOADING_EXCEEDS_DESIGN_FLOOD_FRACTION,2.4931112571487213,0.011283958123873224,0.007778859681038319,1.0198416589455608,0.007933205161814855,0.0014809270834281857,2.951046887201695,0.16055414400269435,,0,0.6652322443976386,710.810756688963
0.7,60,0.33,0.2,0.2,false,NO_DILUTE_CONNECTED_ROOT;ACTUAL_LOADING_EXCEEDS_DESIGN_FLOOD_FRACTION,2.2459257095212344,0.014649646610107387,0.0063835552627423,1.002891505740389,0.006402013349428611,0.0011894945280790236,3.674069242488432,0.15999560331707896,,0,0.7257079029792421,775.4299163879597
0.7,65,0.33,0.2,0.2,false,NO_DILUTE_CONNECTED_ROOT;ACTUAL_LOADING_EXCEEDS_DESIGN_FLOOD_FRACTION,2.040238126595633,0.018625737038429353,0.005312963581742563,0.9870854856099798,0.005244349237112496,0.0009708976485848193,4.501283184786328,0.15957134687843982,,0,0.7861835615608456,840.0490760869565
0.7,70,0.33,0.2,0.2,false,NO_DILUTE_CONNECTED_ROOT;ACTUAL_LOADING_EXCEEDS_DESIGN_FLOOD_FRACTION,1.8666342879523472,0.02326309623734646,0.004476896280430991,0.9722932687750856,0.00435285611846727,0.0008035975705346717,5.438400288860597,0.15924357187472438,,0,0.8466592201424492,904.6682357859531
0.7,30,0.33,0.2,0.3,true,,5.159782335945181,0.0018312058262634234,0.02829662533028961,1.335480105469462,0.03778958018052502,0.007583969602407358,0.5762530032209234,0.1699734941893684,0.05075038304910766,2,0.3628539514896211,387.71495819397984
0.7,35,0.33,0.2,0.3,false,ACTUAL_LOADING_EXCEEDS_DESIGN_FLOOD_FRACTION,4.288399471903846,0.0029078870296683074,0.020748664301088883,1.309892966280763,0.02717852942771709,0.005327088136926481,0.8203891408196062,0.16672836162451465,0.08604534800247815,2,0.4233296100712246,452.33411789297656
0.7,40,0.33,0.2,0.3,false,NO_DILUTE_CONNECTED_ROOT;ACTUAL_LOADING_EXCEEDS_DESIGN_FLOOD_FRACTION,3.653464548274412,0.00434063603262441,0.015680751386797177,1.2865201262858745,0.02017360225439971,0.003887044212934561,1.1243209545136725,0.16448414715020349,,0,0.4838052686528281,516.9532775919731
0.7,45,0.33,0.2,0.3,false,NO_DILUTE_CONNECTED_ROOT;ACTUAL_LOADING_EXCEEDS_DESIGN_FLOOD_FRACTION,3.1719174089991475,0.006180319663639055,0.012157646340983378,1.2650930707272077,0.015380554142330062,0.0029268364195259283,1.4931771487356664,0.16290379332234717,,0,0.5442809272344316,581.5724372909699
0.7,50,0.33,0.2,0.3,false,NO_DILUTE_CONNECTED_ROOT;ACTUAL_LOADING_EXCEEDS_DESIGN_FLOOD_FRACTION,2.79519996290921,0.008477804751219552,0.009634093049634222,1.2453630654529237,0.011997943653151181,0.0022622837685135257,1.9318024204342001,0.16176788013066667,,0,0.6047565858160352,646.1915969899666
0.7,55,0.33,0.2,0.3,false,NO_DILUTE_CONNECTED_ROOT;ACTUAL_LOADING_EXCEEDS_DESIGN_FLOOD_FRACTION,2.4931112571487213,0.011283958123873224,0.007778859681038319,1.2271144570602295,0.009545551174045047,0.0017875637110364656,2.444827690750923,0.1609344171137772,,0,0.6652322443976386,710.810756688963
0.7,60,0.33,0.2,0.3,false,NO_DILUTE_CONNECTED_ROOT;ACTUAL_LOADING_EXCEEDS_DESIGN_FLOOD_FRACTION,2.2459257095212344,0.014649646610107387,0.0063835552627423,1.210164303855058,0.007725150710656828,0.001439150492067687,3.0367117850506813,0.16031077170818686,,0,0.7257079029792421,775.4299163879597
0.7,65,0.33,0.2,0.3,false,NO_DILUTE_CONNECTED_ROOT;ACTUAL_LOADING_EXCEEDS_DESIGN_FLOOD_FRACTION,2.040238126595633,0.018625737038429353,0.005312963581742563,1.1943582837246485,0.006345582064981609,0.0011774133118085236,3.711768175111433,0.15983557089401895,,0,0.7861835615608456,840.0490760869565
0.7,70,0.33,0.2,0.3,false,NO_DILUTE_CONNECTED_ROOT;ACTUAL_LOADING_EXCEEDS_DESIGN_FLOOD_FRACTION,1.8666342879523472,0.02326309623734646,0.004476896280430991,1.1795660668897545,0.005280794937381356,0.0009767782460030525,4.474183651823236,0.15946742342137543,,0,0.8466592201424492,904.6682357859531
0.7,30,0.33,0.2,0.4,true,,5.159782335945181,0.0018312058262634234,0.02829662533028961,1.5450182694138608,0.04371880309805647,0.008840356591998584,0.4943562190329497,0.1710462741167026,0.04181297507153085,2,0.3628539514896211,387.71495819397984
0.7,35,0.33,0.2,0.4,false,ACTUAL_LOADING_EXCEEDS_DESIGN_FLOOD_FRACTION,4.288399471903846,0.0029078870296683074,0.020748664301088883,1.5194311302251617,0.031526166449665945,0.006218454673477242,0.7027928141638528,0.16758058410449334,0.06650618887380094,2,0.4233296100712246,452.33411789297656
0.7,40,0.33,0.2,0.4,false,ACTUAL_LOADING_EXCEEDS_DESIGN_FLOOD_FRACTION,3.653464548274412,0.00434063603262441,0.015680751386797177,1.4960582902302733,0.023459318109257773,0.0045438581482561725,0.9618005485934121,0.1651618065606879,0.12576383885522532,2,0.4838052686528281,516.9532775919731
0.7,45,0.33,0.2,0.4,false,NO_DILUTE_CONNECTED_ROOT;ACTUAL_LOADING_EXCEEDS_DESIGN_FLOOD_FRACTION,3.1719174089991475,0.006180319663639055,0.012157646340983378,1.4746312346716064,0.017928045034505055,0.0034263850761331437,1.275479889918132,0.16344697766566374,,0,0.5442809272344316,581.5724372909699
0.7,50,0.33,0.2,0.4,false,NO_DILUTE_CONNECTED_ROOT;ACTUAL_LOADING_EXCEEDS_DESIGN_FLOOD_FRACTION,2.79519996290921,0.008477804751219552,0.009634093049634222,1.4549012293973225,0.01401665382204103,0.0026524023339544373,1.647670567838712,0.1622080735266871,,0,0.6047565858160352,646.1915969899666
0.7,55,0.33,0.2,0.4,false,NO_DILUTE_CONNECTED_ROOT;ACTUAL_LOADING_EXCEEDS_DESIGN_FLOOD_FRACTION,2.4931112571487213,0.011283958123873224,0.007778859681038319,1.4366526210046282,0.011175519149190927,0.002099058768577453,2.082021392228673,0.1612953870473226,,0,0.6652322443976386,710.810756688963
0.7,60,0.33,0.2,0.4,false,NO_DILUTE_CONNECTED_ROOT;ACTUAL_LOADING_EXCEEDS_DESIGN_FLOOD_FRACTION,2.2459257095212344,0.014649646610107387,0.0063835552627423,1.4197024677994567,0.009062749159849453,0.0016925773636047566,2.5820298402288944,0.16061025192619433,,0,0.7257079029792421,775.4299163879597
0.7,65,0.33,0.2,0.4,false,NO_DILUTE_CONNECTED_ROOT;ACTUAL_LOADING_EXCEEDS_DESIGN_FLOOD_FRACTION,2.040238126595633,0.018625737038429353,0.005312963581742563,1.4038964476690472,0.007458850699003402,0.0013869226591862484,3.1510663055196013,0.1600867913180518,,0,0.7861835615608456,840.0490760869565
0.7,70,0.33,0.2,0.4,false,NO_DILUTE_CONNECTED_ROOT;ACTUAL_LOADING_EXCEEDS_DESIGN_FLOOD_FRACTION,1.8666342879523472,0.02326309623734646,0.004476896280430991,1.3891042308341532,0.006218875564152374,0.0011523827214975748,3.792390477743405,0.15968032802556587,,0,0.8466592201424492,904.6682357859531
0.7,30,0.4,0.2,0.2,false,NO_DILUTE_CONNECTED_ROOT;ACTUAL_LOADING_EXCEEDS_DESIGN_FLOOD_FRACTION,3.5118768524026893,0.004791455054747364,0.014613180734492186,1.0605992060633307,0.015498727885062373,0.002958336203007555,1.4772780914084198,0.16328672742801398,,0,0.439822971502571,569.6454849498326
0.7,35,0.4,0.2,0.2,false,NO_DILUTE_CONNECTED_ROOT;ACTUAL_LOADING_EXCEEDS_DESIGN_FLOOD_FRACTION,2.9187918905645556,0.007608653165640489,0.010437506365034849,1.0319400069689024,0.010770880391072025,0.00202807641604099,2.154891810366135,0.16159697293198866,,0,0.5131268000863328,664.5863991081382
0.7,40,0.4,0.2,0.2,false,NO_DILUTE_CONNECTED_ROOT;ACTUAL_LOADING_EXCEEDS_DESIGN_FLOOD_FRACTION,2.4866393081692713,0.011357523092734488,0.0077408755690768355,1.006294721656399,0.007789602226160994,0.0014536319156801907,3.0064593468137133,0.16051400115797032,,0,0.5864306286700947,759.5273132664435
0.7,45,0.4,0.2,0.2,false,NO_DILUTE_CONNECTED_ROOT;ACTUAL_LOADING_EXCEEDS_DESIGN_FLOOD_FRACTION,2.158886286500045,0.01617116080977235,0.005920187907240066,0.9831575049462892,0.005820477171695337,0.0010795816920652571,4.048128355495735,0.15979199169234232,,0,0.6597344572538565,854.468227424749
0.7,50,0.4,0.2,0.2,false,NO_DILUTE_CONNECTED_ROOT;ACTUAL_LOADING_EXCEEDS_DESIGN_FLOOD_FRACTION,1.9024829747550807,0.02218266229049705,0.004644333386038705,0.9621275447414395,0.004468441077670115,0.0008252890810018837,5.295459930740872,0.15929343791157097,,0,0.7330382858376183,949.4091415830545
0.7,55,0.4,0.2,0.2,false,NO_DILUTE_CONNECTED_ROOT;ACTUAL_LOADING_EXCEEDS_DESIGN_FLOOD_FRACTION,1.6968738493968485,0.029525123508651573,0.003721799989730495,0.9428867967464318,0.0035092360704478895,0.0006461543625727045,6.763531305929538,0.15893847813245165,,0,0.8063421144213802,1044.3500557413597
0.7,60,0.4,0.2,0.2,false,NO_DILUTE_CONNECTED_ROOT;ACTUAL_LOADING_EXCEEDS_DESIGN_FLOOD_FRACTION,1.5286331860428901,0.03833164043797891,0.0030367257768563727,0.9251806850073093,0.0028095200344113325,0.000516154689658817,8.467006785528252,0.15867893931902843,,0,0.879645943005142,1139.2909698996652
0.7,65,0.4,0.2,0.2,false,NO_DILUTE_CONNECTED_ROOT;ACTUAL_LOADING_EXCEEDS_DESIGN_FLOOD_FRACTION,1.3886370749141526,0.04873530905222201,0.0025162297070845784,0.9088032101596608,0.002286757635297568,0.0004194055190899758,10.420190152018167,0.15848471846963474,,0,0.9529497715889037,1234.2318840579705
0.7,70,0.4,0.2,0.2,false,NO_DILUTE_CONNECTED_ROOT;ACTUAL_LOADING_EXCEEDS_DESIGN_FLOOD_FRACTION,1.2704779622375664,0.06086922532512391,0.0021128835091189296,0.8935858149097448,0.0018880427323053998,0.00034583071192283735,12.637065214435154,0.15833642267414827,,0,1.0262536001726656,1329.1727982162763
0.7,30,0.4,0.2,0.3,false,NO_DILUTE_CONNECTED_ROOT;ACTUAL_LOADING_EXCEEDS_DESIGN_FLOOD_FRACTION,3.5118768524026893,0.004791455054747364,0.014613180734492186,1.2678720041779994,0.018527642745255937,0.003555500641963505,1.229161713021086,0.1639663676055596,,0,0.439822971502571,569.6454849498326
0.7,35,0.4,0.2,0.3,false,NO_DILUTE_CONNECTED_ROOT;ACTUAL_LOADING_EXCEEDS_DESIGN_FLOOD_FRACTION,2.9187918905645556,0.007608653165640489,0.010437506365034849,1.2392128050835711,0.012934291540692464,0.00244542561687618,1.787126637409685,0.1620992299680647,,0,0.5131268000863328,664.5863991081382
0.7,40,0.4,0.2,0.3,false,NO_DILUTE_CONNECTED_ROOT;ACTUAL_LOADING_EXCEEDS_DESIGN_FLOOD_FRACTION,2.4866393081692713,0.011357523092734488,0.0077408755690768355,1.2135675197710678,0.009394075165221028,0.0017586093699408921,2.4850801630098904,0.1608941520678805,,0,0.5864306286700947,759.5273132664435
0.7,45,0.4,0.2,0.3,false,NO_DILUTE_CONNECTED_ROOT;ACTUAL_LOADING_EXCEEDS_DESIGN_FLOOD_FRACTION,2.158886286500045,0.01617116080977235,0.005920187907240066,1.190430303060958,0.007047571084593611,0.001310444525255779,3.3349639572651264,0.16008647623721917,,0,0.6597344572538565,854.468227424749
0.7,50,0.4,0.2,0.3,false,NO_DILUTE_CONNECTED_ROOT;ACTUAL_LOADING_EXCEEDS_DESIGN_FLOOD_FRACTION,1.9024829747550807,0.02218266229049705,0.004644333386038705,1.1694003428561084,0.005431085053971732,0.0010050831694933982,4.3481827100201365,0.1595264119241046,,0,0.7330382858376183,949.4091415830545
0.7,55,0.4,0.2,0.3,false,NO_DILUTE_CONNECTED_ROOT;ACTUAL_LOADING_EXCEEDS_DESIGN_FLOOD_FRACTION,1.6968738493968485,0.029525123508651573,0.003721799989730495,1.1501595948611008,0.004280663968342475,0.0007894736460759566,5.535694929711384,0.1591262446836766,,0,0.8063421144213802,1044.3500557413597
0.7,60,0.4,0.2,0.3,false,NO_DILUTE_CONNECTED_ROOT;ACTUAL_LOADING_EXCEEDS_DESIGN_FLOOD_FRACTION,1.5286331860428901,0.03833164043797891,0.0030367257768563727,1.1324534831219781,0.0034389506832872944,0.0006326342792344419,6.908075333843696,0.1588327603966901,,0,0.879645943005142,1139.2909698996652
0.7,65,0.4,0.2,0.3,false,NO_DILUTE_CONNECTED_ROOT;ACTUAL_LOADING_EXCEEDS_DESIGN_FLOOD_FRACTION,1.3886370749141526,0.04873530905222201,0.0025162297070845784,1.1160760082743297,0.002808303607384242,0.0005156337157442318,8.47556148149787,0.15861254595184932,,0,0.9529497715889037,1234.2318840579705
0.7,70,0.4,0.2,0.3,false,NO_DILUTE_CONNECTED_ROOT;ACTUAL_LOADING_EXCEEDS_DESIGN_FLOOD_FRACTION,1.2704779622375664,0.06086922532512391,0.0021128835091189296,1.1008586130244136,0.0023259860093308208,0.00042644874034049145,10.248090441618015,0.1584439868468705,,0,1.0262536001726656,1329.1727982162763
0.7,30,0.4,0.2,0.4,false,NO_DILUTE_CONNECTED_ROOT;ACTUAL_LOADING_EXCEEDS_DESIGN_FLOOD_FRACTION,3.5118768524026893,0.004791455054747364,0.014613180734492186,1.4774101681223981,0.02158966180574909,0.004163858180540958,1.0495759149884534,0.16460697806693925,,0,0.439822971502571,569.6454849498326
0.7,35,0.4,0.2,0.4,false,NO_DILUTE_CONNECTED_ROOT;ACTUAL_LOADING_EXCEEDS_DESIGN_FLOOD_FRACTION,2.9187918905645556,0.007608653165640489,0.010437506365034849,1.4487509690279698,0.01512134746057984,0.002869924299549469,1.5227876430083873,0.1625746122528538,,0,0.5131268000863328,664.5863991081382
0.7,40,0.4,0.2,0.4,false,NO_DILUTE_CONNECTED_ROOT;ACTUAL_LOADING_EXCEEDS_DESIGN_FLOOD_FRACTION,2.4866393081692713,0.011357523092734488,0.0077408755690768355,1.4231056837154665,0.01101608401928744,0.002068420407202914,2.112861217431754,0.1612547971525946,,0,0.5864306286700947,759.5273132664435
0.7,45,0.4,0.2,0.4,false,NO_DILUTE_CONNECTED_ROOT;ACTUAL_LOADING_EXCEEDS_DESIGN_FLOOD_FRACTION,2.158886286500045,0.01617116080977235,0.005920187907240066,1.3999684670053567,0.008288076388882527,0.0015447388888999063,2.829141734649895,0.16036619874087077,,0,0.6597344572538565,854.468227424749
0.7,50,0.4,0.2,0.4,false,NO_DILUTE_CONNECTED_ROOT;ACTUAL_LOADING_EXCEEDS_DESIGN_FLOOD_FRACTION,1.9024829747550807,0.02218266229049705,0.004644333386038705,1.3789385068005071,0.006404250144427955,0.0011874145434322872,3.680505080467418,0.15974783162963402,,0,0.7330382858376183,949.4091415830545
0.7,55,0.4,0.2,0.4,false,NO_DILUTE_CONNECTED_ROOT;ACTUAL_LOADING_EXCEEDS_DESIGN_FLOOD_FRACTION,1.6968738493968485,0.029525123508651573,0.003721799989730495,1.3596977588054995,0.0050605231047588855,0.0009347328737325929,4.675437638425969,0.15930473643483978,,0,0.8063421144213802,1044.3500557413597
0.7,60,0.4,0.2,0.4,false,NO_DILUTE_CONNECTED_ROOT;ACTUAL_LOADING_EXCEEDS_DESIGN_FLOOD_FRACTION,1.5286331860428901,0.03833164043797891,0.0030367257768563727,1.3419916470663769,0.004075260626972406,0.0007506385491116567,5.822090092355964,0.15897896702287867,,0,0.879645943005142,1139.2909698996652
0.7,65,0.4,0.2,0.4,false,NO_DILUTE_CONNECTED_ROOT;ACTUAL_LOADING_EXCEEDS_DESIGN_FLOOD_FRACTION,1.3886370749141526,0.04873530905222201,0.0025162297070845784,1.3256141722187285,0.003335549760269097,0.0006130878887300102,7.128317717670665,0.15873402211861065,,0,0.9529497715889037,1234.2318840579705
0.7,70,0.4,0.2,0.4,false,NO_DILUTE_CONNECTED_ROOT;ACTUAL_LOADING_EXCEEDS_DESIGN_FLOOD_FRACTION,1.2704779622375664,0.06086922532512391,0.0021128835091189296,1.3103967769688123,0.0027687157404599995,0.000508071542332707,8.60171234873372,0.15854617376220187,,0,1.0262536001726656,1329.1727982162763
0.7,30,0.5,0.2,0.2,false,NO_DILUTE_CONNECTED_ROOT;ACTUAL_LOADING_EXCEEDS_DESIGN_FLOOD_FRACTION,2.2476011855377207,0.014622360396567884,0.0063926209400459255,0.974037083620863,0.006226649857135993,0.0011564984436414265,3.7788941989086187,0.15995332462410045,,0,0.5497787143782138,890.0710702341136
0.7,35,0.5,0.2,0.2,false,NO_DILUTE_CONNECTED_ROOT;ACTUAL_LOADING_EXCEEDS_DESIGN_FLOOD_FRACTION,1.8680268099613153,0.023219766740846224,0.004483348989569382,0.9432563609669501,0.004228947452846068,0.0007805194391105215,5.599201045785358,0.15921330463502548,,0,0.6414085001079162,1038.416248606466
0.7,40,0.5,0.2,0.2,false,NO_DILUTE_CONNECTED_ROOT;ACTUAL_LOADING_EXCEEDS_DESIGN_FLOOD_FRACTION,1.5914491572283338,0.03466040982890164,0.003285003882178927,0.9162029258941521,0.0030097301684259815,0.0005533224860778192,7.898260724413785,0.15875937266037032,,0,0.7330382858376183,1186.761426978818
0.7,45,0.5,0.2,0.2,false,NO_DILUTE_CONNECTED_ROOT;ACTUAL_LOADING_EXCEEDS_DESIGN_FLOOD_FRACTION,1.3816872233600288,0.049350466338416596,0.002491586856731217,0.8921448207255829,0.00222285630962069,0.0004076175985083704,10.721532327642349,0.15846558261317178,,0,0.8246680715673207,1335.1066053511704
0.7,50,0.5,0.2,0.2,false,NO_DILUTE_CONNECTED_ROOT;ACTUAL_LOADING_EXCEEDS_DESIGN_FLOOD_FRACTION,1.2175891038432516,0.06769611294707353,0.0019431960745291193,0.8705384239695934,0.00169162684818448,0.00030966498895846235,14.11294597565775,0.15826690121187204,,0,0.9162978572970231,1483.4517837235228
0.7,55,0.5,0.2,0.2,false,NO_DILUTE_CONNECTED_ROOT;ACTUAL_LOADING_EXCEEDS_DESIGN_FLOOD_FRACTION,1.085999263613983,0.09010352633255485,0.0015505889480233275,0.8509711400432323,0.0013195064448378471,0.00024125059872549833,18.11512710356448,0.15812755887091984,,0,1.0079276430267252,1631.796962095875
0.7,60,0.5,0.2,0.2,false,NO_DILUTE_CONNECTED_ROOT;ACTUAL_LOADING_EXCEEDS_DESIGN_FLOOD_FRACTION,0.9783252390674496,0.11697888317254307,0.0012611694245800132,0.833123446877286,0.001050709818102344,0.0001919353948950613,22.769564009352425,0.15802682588935524,,0,1.0995574287564276,1780.1421404682271
0.7,65,0.5,0.2,0.2,false,NO_DILUTE_CONNECTED_ROOT;ACTUAL_LOADING_EXCEEDS_DESIGN_FLOOD_FRACTION,0.8887277279450576,0.1487283601447205,0.0010424920854469005,0.8167433993254734,0.0008514485296378033,0.00015543358001700934,28.11673808996219,0.15795210218872852,,0,1.1911872144861297,1928.4873188405793
0.7,70,0.5,0.2,0.2,false,NO_DILUTE_CONNECTED_ROOT;ACTUAL_LOADING_EXCEEDS_DESIGN_FLOOD_FRACTION,0.8131058958320424,0.1857581339267698,0.0008737530261195625,0.8016291419421939,0.0007004258885976203,0.00012780021380763844,34.19622807753258,0.15789544171597047,,0,1.2828170002158323,2076.832497212932
0.7,30,0.5,0.2,0.3,false,NO_DILUTE_CONNECTED_ROOT;ACTUAL_LOADING_EXCEEDS_DESIGN_FLOOD_FRACTION,2.2476011855377207,0.014622360396567884,0.0063926209400459255,1.1813098817355319,0.007551666286665737,0.0014063721226591774,3.107488543970901,0.16027192319415745,,0,0.5497787143782138,890.0710702341136
0.7,35,0.5,0.2,0.3,false,NO_DILUTE_CONNECTED_ROOT;ACTUAL_LOADING_EXCEEDS_DESIGN_FLOOD_FRACTION,1.8680268099613153,0.023219766740846224,0.004483348989569382,1.150529159081619,0.005158223742838687,0.0009538795345485162,4.581590338649992,0.15943957322631014,,0,0.6414085001079162,1038.416248606466
0.7,40,0.5,0.2,0.3,false,NO_DILUTE_CONNECTED_ROOT;ACTUAL_LOADING_EXCEEDS_DESIGN_FLOOD_FRACTION,1.5914491572283338,0.03466040982890164,0.003285003882178927,1.123475724008821,0.0036906221149027576,0.0006794819312230866,6.431790249163501,0.15892639102841816,,0,0.7330382858376183,1186.761426978818
0.7,45,0.5,0.2,0.3,false,NO_DILUTE_CONNECTED_ROOT;ACTUAL_LOADING_EXCEEDS_DESIGN_FLOOD_FRACTION,1.3816872233600288,0.049350466338416596,0.002491586856731217,1.0994176188402518,0.002739294489161102,0.0005028767053026051,8.690570101260947,0.15859283435190336,,0,0.8246680715673207,1335.1066053511704
0.7,50,0.5,0.2,0.3,false,NO_DILUTE_CONNECTED_ROOT;ACTUAL_LOADING_EXCEEDS_DESIGN_FLOOD_FRACTION,1.2175891038432516,0.06769611294707353,0.0019431960745291193,1.0778112220842622,0.0020943985358375713,0.00038372930955346237,11.38897955125982,0.1583664328764598,,0,0.9162978572970231,1483.4517837235228
0.7,55,0.5,0.2,0.3,false,NO_DILUTE_CONNECTED_ROOT;ACTUAL_LOADING_EXCEEDS_DESIGN_FLOOD_FRACTION,1.085999263613983,0.09010352633255485,0.0015505889480233275,1.0582439381579012,0.0016409013548203232,0.00030022207836859536,14.556841666913812,0.15820714457448426,,0,1.0079276430267252,1631.796962095875
0.7,60,0.5,0.2,0.3,false,NO_DILUTE_CONNECTED_ROOT;ACTUAL_LOADING_EXCEEDS_DESIGN_FLOOD_FRACTION,0.9783252390674496,0.11697888317254307,0.0012611694245800132,1.0403962449919548,0.0013121159336317101,0.00023982368394934002,18.222909379736677,0.15809165115096163,,0,1.0995574287564276,1780.1421404682271
0.7,65,0.5,0.2,0.3,false,NO_DILUTE_CONNECTED_ROOT;ACTUAL_LOADING_EXCEEDS_DESIGN_FLOOD_FRACTION,0.8887277279450576,0.1487283601447205,0.0010424920854469005,1.024016197440142,0.0010675287812007786,0.00019497155730531274,22.414988730278495,0.15800574083017804,,0,1.1911872144861297,1928.4873188405793
0.7,70,0.5,0.2,0.3,false,NO_DILUTE_CONNECTED_ROOT;ACTUAL_LOADING_EXCEEDS_DESIGN_FLOOD_FRACTION,0.8131058958320424,0.1857581339267698,0.0008737530261195625,1.0089019400568626,0.0008815311231825812,0.0001609086552644629,27.160038423915797,0.15794042833053573,,0,1.2828170002158323,2076.832497212932
0.7,30,0.5,0.2,0.4,false,NO_DILUTE_CONNECTED_ROOT;ACTUAL_LOADING_EXCEEDS_DESIGN_FLOOD_FRACTION,2.2476011855377207,0.014622360396567884,0.0063926209400459255,1.3908480456799306,0.008891164341235476,0.0016600322120186566,2.6326508775447284,0.16057423149365802,,0,0.5497787143782138,890.0710702341136
0.7,35,0.5,0.2,0.4,false,NO_DILUTE_CONNECTED_ROOT;ACTUAL_LOADING_EXCEEDS_DESIGN_FLOOD_FRACTION,1.8680268099613153,0.023219766740846224,0.004483348989569382,1.3600673230260176,0.00609765645843503,0.0011296719212151392,3.8686322795582155,0.15965448565487206,,0,0.6414085001079162,1038.416248606466
0.7,40,0.5,0.2,0.4,false,NO_DILUTE_CONNECTED_ROOT;ACTUAL_LOADING_EXCEEDS_DESIGN_FLOOD_FRACTION,1.5914491572283338,0.03466040982890164,0.003285003882178927,1.3330138879532196,0.004378955796924751,0.0008073149211856961,5.413358709269035,0.1590850186960691,,0,0.7330382858376183,1186.761426978818
0.7,45,0.5,0.2,0.4,false,NO_DILUTE_CONNECTED_ROOT;ACTUAL_LOADING_EXCEEDS_DESIGN_FLOOD_FRACTION,1.3816872233600288,0.049350466338416596,0.002491586856731217,1.3089557827846505,0.003261377024428557,0.0005993487214601598,7.291723671448486,0.15871365174198493,,0,0.8246680715673207,1335.1066053511704
0.7,50,0.5,0.2,0.4,false,NO_DILUTE_CONNECTED_ROOT;ACTUAL_LOADING_EXCEEDS_DESIGN_FLOOD_FRACTION,1.2175891038432516,0.06769611294707353,0.0019431960745291193,1.287349386028661,0.002501572273478366,0.0004587085070008171,9.527369109192579,0.1584608834884021,,0,0.9162978572970231,1483.4517837235228
0.7,55,0.5,0.2,0.4,false,NO_DILUTE_CONNECTED_ROOT;ACTUAL_LOADING_EXCEEDS_DESIGN_FLOOD_FRACTION,1.085999263613983,0.09010352633255485,0.0015505889480233275,1.2677821021023,0.001965808916021608,0.0003599055894912325,12.142865760716104,0.15828261597155935,,0,1.0079276430267252,1631.796962095875
0.7,60,0.5,0.2,0.4,false,NO_DILUTE_CONNECTED_ROOT;ACTUAL_LOADING_EXCEEDS_DESIGN_FLOOD_FRACTION,0.9783252390674496,0.11697888317254307,0.0012611694245800132,1.2499344089363535,0.00157637905928102,0.0002882802076831721,15.159851919235804,0.15815307786409744,,0,1.0995574287564276,1780.1421404682271
0.7,65,0.5,0.2,0.4,false,NO_DILUTE_CONNECTED_ROOT;ACTUAL_LOADING_EXCEEDS_DESIGN_FLOOD_FRACTION,0.8887277279450576,0.1487283601447205,0.0010424920854469005,1.2335543613845408,0.0012859706587118895,0.0002349723931307364,18.599143505730257,0.15805653345538923,,0,1.1911872144861297,1928.4873188405793
0.7,70,0.5,0.2,0.4,false,NO_DILUTE_CONNECTED_ROOT;ACTUAL_LOADING_EXCEEDS_DESIGN_FLOOD_FRACTION,0.8131058958320424,0.1857581339267698,0.0008737530261195625,1.2184401040012613,0.0010646157280165365,0.0001944005874653535,22.480823317996993,0.15798300340302407,,0,1.2828170002158323,2076.832497212932
0.7,30,0.33,0.25,0.2,true,,5.641510315924916,0.0014649646610107388,0.03268454600204379,1.1025118781612422,0.03603510019956082,0.007247226982311722,0.6030286163783707,0.17027339457583274,0.05412633637569625,2,0.3628539514896211,387.71495819397984
0.7,35,0.33,0.25,0.2,false,ACTUAL_LOADING_EXCEEDS_DESIGN_FLOOD_FRACTION,4.688773340498048,0.002326309623734646,0.024144375293821484,1.0771129333708056,0.026006218897133664,0.005106922641489545,0.8557570902324738,0.16698088405696004,0.09372438675491708,2,0.4233296100712246,452.33411789297656
0.7,40,0.33,0.25,0.2,false,NO_DILUTE_CONNECTED_ROOT;ACTUAL_LOADING_EXCEEDS_DESIGN_FLOOD_FRACTION,3.9945595755795527,0.003472508826099528,0.01834998074996944,1.0538694587626218,0.019338484281274822,0.0037320599912737265,1.1710115244508392,0.1646890247886903,,0,0.4838052686528281,516.9532775919731
0.7,45,0.33,0.25,0.2,false,NO_DILUTE_CONNECTED_ROOT;ACTUAL_LOADING_EXCEEDS_DESIGN_FLOOD_FRACTION,3.4680541966800975,0.004944255730911243,0.014287906185834006,1.0325356520135849,0.014752772529499048,0.0028110377653677156,1.5546874942648627,0.16306720571344696,,0,0.5442809272344316,581.5724372909699
0.7,50,0.33,0.25,0.2,false,NO_DILUTE_CONNECTED_ROOT;ACTUAL_LOADING_EXCEEDS_DESIGN_FLOOD_FRACTION,3.0561656285325873,0.006782243800975642,0.011358955327340894,1.0128753778393598,0.011505206169040817,0.0021716685898624005,2.01240892838089,0.16189741807935742,,0,0.6047565858160352,646.1915969899666
0.7,55,0.33,0.25,0.2,false,NO_DILUTE_CONNECTED_ROOT;ACTUAL_LOADING_EXCEEDS_DESIGN_FLOOD_FRACTION,2.7258732946874593,0.009027166499098578,0.009194438843370652,0.9946804645367591,0.009145528699878742,0.0017141110188780865,2.5495928861036408,0.16103708190178578,,0,0.6652322443976386,710.810756688963
0.7,60,0.33,0.25,0.2,false,NO_DILUTE_CONNECTED_ROOT;ACTUAL_LOADING_EXCEEDS_DESIGN_FLOOD_FRACTION,2.455609991684665,0.01171971728808591,0.0075598257327419375,0.9777726589795457,0.0073917909081250765,0.0013779908086742768,3.171490863518859,0.16039235749808928,,0,0.7257079029792421,775.4299163879597
0.7,65,0.33,0.25,0.2,false,NO_DILUTE_CONNECTED_ROOT;ACTUAL_LOADING_EXCEEDS_DESIGN_FLOOD_FRACTION,2.23071898943275,0.014900589630743482,0.006301525236013706,0.9620007082330939,0.006062071739993899,0.0011254292251208229,3.8832164317167535,0.1599006870198959,,0,0.7861835615608456,840.0490760869565
0.7,70,0.33,0.25,0.2,false,NO_DILUTE_CONNECTED_ROOT;ACTUAL_LOADING_EXCEEDS_DESIGN_FLOOD_FRACTION,2.0409071363692126,0.018610476989877167,0.005316307110248171,0.9472363654660982,0.005035799424813053,0.0009318772816860999,4.689764785139971,0.15951963826854565,,0,0.8466592201424492,904.6682357859531
0.7,30,0.33,0.25,0.3,true,,5.641510315924916,0.0014649646610107388,0.03268454600204379,1.3097846762759109,0.04280971750451204,0.008688259148570758,0.5030104633150079,0.17157287814714894,0.04289966593060181,2,0.3628539514896211,387.71495819397984
0.7,35,0.33,0.25,0.3,false,ACTUAL_LOADING_EXCEEDS_DESIGN_FLOOD_FRACTION,4.688773340498048,0.002326309623734646,0.024144375293821484,1.2843857314854743,0.03101069112301472,0.006136669220102882,0.7121591702233161,0.16802265503371255,0.06810340542758427,2,0.4233296100712246,452.33411789297656
0.7,40,0.33,0.25,0.3,false,ACTUAL_LOADING_EXCEEDS_DESIGN_FLOOD_FRACTION,3.9945595755795527,0.003472508826099528,0.01834998074996944,1.2611422568772905,0.023141936136671294,0.0044948099263138275,0.9722958993524078,0.1655234442936147,0.13161097809425332,2,0.4838052686528281,516.9532775919731
0.7,45,0.33,0.25,0.3,false,NO_DILUTE_CONNECTED_ROOT;ACTUAL_LOADING_EXCEEDS_DESIGN_FLOOD_FRACTION,3.4680541966800975,0.004944255730911243,0.014287906185834006,1.2398084501282538,0.017714266823836748,0.00339336684956703,1.2878905975877764,0.16373988943456552,,0,0.5442809272344316,581.5724372909699
0.7,50,0.33,0.25,0.3,false,NO_DILUTE_CONNECTED_ROOT;ACTUAL_LOADING_EXCEEDS_DESIGN_FLOOD_FRACTION,3.0561656285325873,0.006782243800975642,0.011358955327340894,1.2201481759540287,0.013859608623398289,0.002627711722788537,1.6631524766672923,0.16244504539745336,,0,0.6047565858160352,646.1915969899666
0.7,55,0.33,0.25,0.3,false,NO_DILUTE_CONNECTED_ROOT;ACTUAL_LOADING_EXCEEDS_DESIGN_FLOOD_FRACTION,2.7258732946874593,0.009027166499098578,0.009194438843370652,1.2019532626514278,0.011051285766038374,0.00207901201849948,2.102097160014338,0.16148778905119243,,0,0.6652322443976386,710.810756688963
0.7,60,0.33,0.25,0.3,false,NO_DILUTE_CONNECTED_ROOT;ACTUAL_LOADING_EXCEEDS_DESIGN_FLOOD_FRACTION,2.455609991684665,0.01171971728808591,0.0075598257327419375,1.1850454570942146,0.008958737141009775,0.0016753456497767749,2.6085872251530513,0.16076739504413357,,0,0.7257079029792421,775.4299163879597
0.7,65,0.33,0.25,0.3,false,NO_DILUTE_CONNECTED_ROOT;ACTUAL_LOADING_EXCEEDS_DESIGN_FLOOD_FRACTION,2.23071898943275,0.014900589630743482,0.006301525236013706,1.1692735063477628,0.007368206508052659,0.0013715612990444555,3.186357957729005,0.1602160687314444,,0,0.7861835615608456,840.0490760869565
0.7,70,0.33,0.25,0.3,false,NO_DILUTE_CONNECTED_ROOT;ACTUAL_LOADING_EXCEEDS_DESIGN_FLOOD_FRACTION,2.0409071363692126,0.018610476989877167,0.005316307110248171,1.1545091635807672,0.006137725275191101,0.0011383812227153854,3.839034914243379,0.15978747915378705,,0,0.8466592201424492,904.6682357859531
0.7,30,0.33,0.25,0.4,true,,5.641510315924916,0.0014649646610107388,0.03268454600204379,1.5193228402203096,0.04965837726313654,0.01016141099940452,0.43008645747913754,0.17277199250931857,0.035578534490020214,2,0.3628539514896211,387.71495819397984
0.7,35,0.33,0.25,0.4,true,,4.688773340498048,0.002326309623734646,0.024144375293821484,1.493923895429873,0.036069859191666574,0.007188292505873944,0.6079726522191794,0.16899315113918106,0.05427310002428554,2,0.4233296100712246,452.33411789297656
0.7,40,0.33,0.25,0.4,false,ACTUAL_LOADING_EXCEEDS_DESIGN_FLOOD_FRACTION,3.9945595755795527,0.003472508826099528,0.01834998074996944,1.4706804208216893,0.02698695741143495,0.005272796972584337,0.8288362480949918,0.16630581697383218,0.08750458336370531,2,0.4838052686528281,516.9532775919731
0.7,45,0.33,0.25,0.4,false,NO_DILUTE_CONNECTED_ROOT;ACTUAL_LOADING_EXCEEDS_DESIGN_FLOOD_FRACTION,3.4680541966800975,0.004944255730911243,0.014287906185834006,1.4493466140726525,0.020708128452626224,0.00398660008988364,1.0962437067147588,0.16437337152975473,,0,0.5442809272344316,581.5724372909699
0.7,50,0.33,0.25,0.4,false,NO_DILUTE_CONNECTED_ROOT;ACTUAL_LOADING_EXCEEDS_DESIGN_FLOOD_FRACTION,3.0561656285325873,0.006782243800975642,0.011358955327340894,1.4296863398984274,0.016239743267015747,0.0030917798310678623,1.4135176172017367,0.1629622686179743,,0,0.6047565858160352,646.1915969899666
0.7,55,0.33,0.25,0.4,false,NO_DILUTE_CONNECTED_ROOT;ACTUAL_LOADING_EXCEEDS_DESIGN_FLOOD_FRACTION,2.7258732946874593,0.009027166499098578,0.009194438843370652,1.4114914265958265,0.012977871599777322,0.002449979245565019,1.7838050128933027,0.16191432032099534,,0,0.6652322443976386,710.810756688963
0.7,60,0.33,0.25,0.4,false,NO_DILUTE_CONNECTED_ROOT;ACTUAL_LOADING_EXCEEDS_DESIGN_FLOOD_FRACTION,2.455609991684665,0.01171971728808591,0.0075598257327419375,1.3945836210386133,0.01054280914478814,0.0019773998653409915,2.2101171019194954,0.1611227917210316,,0,0.7257079029792421,775.4299163879597
0.7,65,0.33,0.25,0.4,false,NO_DILUTE_CONNECTED_ROOT;ACTUAL_LOADING_EXCEEDS_DESIGN_FLOOD_FRACTION,2.23071898943275,0.014900589630743482,0.006301525236013706,1.3788116702921616,0.008688616536056265,0.0016214145876354957,2.695353361842271,0.16051518047762353,,0,0.7861835615608456,840.0490760869565
0.7,70,0.33,0.25,0.4,false,NO_DILUTE_CONNECTED_ROOT;ACTUAL_LOADING_EXCEEDS_DESIGN_FLOOD_FRACTION,2.0409071363692126,0.018610476989877167,0.005316307110248171,1.3640473275251659,0.0072516945060370555,0.0013478894396043064,3.242317308314543,0.16004162976936187,,0,0.8466592201424492,904.6682357859531
0.7,30,0.4,0.25,0.2,false,NO_DILUTE_CONNECTED_ROOT;ACTUAL_LOADING_EXCEEDS_DESIGN_FLOOD_FRACTION,3.839752958776396,0.0038331640437978907,0.017122232576626376,1.0351675568445187,0.017724379664069954,0.003406214612814307,1.2830328550885362,0.16414881054383113,,0,0.439822971502571,569.6454849498326
0.7,35,0.4,0.25,0.2,false,NO_DILUTE_CONNECTED_ROOT;ACTUAL_LOADING_EXCEEDS_DESIGN_FLOOD_FRACTION,3.1912963548764837,0.006086922532512391,0.012293289927559951,1.0066387937610615,0.012374902544033957,0.002342178417964983,1.8659062120129106,0.16223171079563437,,0,0.5131268000863328,664.5863991081382
0.7,40,0.4,0.25,0.2,false,NO_DILUTE_CONNECTED_ROOT;ACTUAL_LOADING_EXCEEDS_DESIGN_FLOOD_FRACTION,2.7187971111288327,0.00908601847418759,0.009150017850221254,0.9810831705487866,0.008976928523073061,0.0016818524473197383,2.598495050316738,0.16098983358929853,,0,0.5864306286700947,759.5273132664435
0.7,45,0.4,0.25,0.2,false,NO_DILUTE_CONNECTED_ROOT;ACTUAL_LOADING_EXCEEDS_DESIGN_FLOOD_FRACTION,2.3604443876153915,0.01293692864781788,0.0070156603967791945,0.9580105838322801,0.006721076912687442,0.0012504666417692647,3.494923505948138,0.16015586128189763,,0,0.6597344572538565,854.468227424749
0.7,50,0.4,0.25,0.2,false,NO_DILUTE_CONNECTED_ROOT;ACTUAL_LOADING_EXCEEDS_DESIGN_FLOOD_FRACTION,2.080102730919992,0.017746129832397636,0.005513797575216372,0.9370289536872847,0.0051665879727484845,0.0009565484347249903,4.568807078733968,0.15957709855897334,,0,0.7330382858376183,949.4091415830545
0.7,55,0.4,0.25,0.2,false,NO_DILUTE_CONNECTED_ROOT;ACTUAL_LOADING_EXCEEDS_DESIGN_FLOOD_FRACTION,1.8552975111966519,0.023620098806921258,0.004424518416368097,0.9178254213236943,0.004060935479657493,0.0007491900137469115,5.833346920718281,0.15916356923848773,,0,0.8063421144213802,1044.3500557413597
0.7,60,0.4,0.25,0.2,false,NO_DILUTE_CONNECTED_ROOT;ACTUAL_LOADING_EXCEEDS_DESIGN_FLOOD_FRACTION,1.671349550590375,0.030665312350383125,0.0036137575495999857,0.9001486603958855,0.003252919017267945,0.0005985549339329443,7.30139376014739,0.1588604306627553,,0,0.879645943005142,1139.2909698996652
0.7,65,0.4,0.25,0.2,false,NO_DILUTE_CONNECTED_ROOT;ACTUAL_LOADING_EXCEEDS_DESIGN_FLOOD_FRACTION,1.5182831121826654,0.0389882472417776,0.0029966860748541825,0.8837947987619175,0.0026484555664783925,0.00048637115564977436,8.985494326621588,0.15863317703245516,,0,0.9529497715889037,1234.2318840579705
0.7,70,0.4,0.25,0.2,false,NO_DILUTE_CONNECTED_ROOT;ACTUAL_LOADING_EXCEEDS_DESIGN_FLOOD_FRACTION,1.3890924196912953,0.048695380260099126,0.002517848255252524,0.8685967228023723,0.0021869947430260134,0.0004010198774902685,10.897926773790623,0.15845940861896296,,0,1.0262536001726656,1329.1727982162763
0.7,30,0.4,0.25,0.3,false,NO_DILUTE_CONNECTED_ROOT;ACTUAL_LOADING_EXCEEDS_DESIGN_FLOOD_FRACTION,3.839752958776396,0.0038331640437978907,0.017122232576626376,1.2424403549591876,0.02127335272019744,0.004113419523792876,1.062445791012755,0.1649396408199667,,0,0.439822971502571,569.6454849498326
0.7,35,0.4,0.25,0.3,false,NO_DILUTE_CONNECTED_ROOT;ACTUAL_LOADING_EXCEEDS_DESIGN_FLOOD_FRACTION,3.1912963548764837,0.006086922532512391,0.012293289927559951,1.2139115918757302,0.01492296714535418,0.0028379190030299335,1.5399612374621872,0.1628227488165807,,0,0.5131268000863328,664.5863991081382
0.7,40,0.4,0.25,0.3,false,NO_DILUTE_CONNECTED_ROOT;ACTUAL_LOADING_EXCEEDS_DESIGN_FLOOD_FRACTION,2.7187971111288327,0.00908601847418759,0.009150017850221254,1.1883559686634553,0.010873478325687585,0.0020447686996099826,2.1373005467841018,0.16144055107270505,,0,0.5864306286700947,759.5273132664435
0.7,45,0.4,0.25,0.3,false,NO_DILUTE_CONNECTED_ROOT;ACTUAL_LOADING_EXCEEDS_DESIGN_FLOOD_FRACTION,2.3604443876153915,0.01293692864781788,0.0070156603967791945,1.1652833819469488,0.008175232473750132,0.0015255033930559312,2.864815168302415,0.16050682324798426,,0,0.6597344572538565,854.468227424749
0.7,50,0.4,0.25,0.3,false,NO_DILUTE_CONNECTED_ROOT;ACTUAL_LOADING_EXCEEDS_DESIGN_FLOOD_FRACTION,2.080102730919992,0.017746129832397636,0.005513797575216372,1.1443017518019536,0.006309448224401458,0.0011709092029970596,3.7323861222862105,0.15985576580283284,,0,0.7330382858376183,949.4091415830545
0.7,55,0.4,0.25,0.3,false,NO_DILUTE_CONNECTED_ROOT;ACTUAL_LOADING_EXCEEDS_DESIGN_FLOOD_FRACTION,1.8552975111966519,0.023620098806921258,0.004424518416368097,1.125098219438363,0.004978017792127991,0.0009201551784062441,4.749508954884099,0.15938876547723757,,0,0.8063421144213802,1044.3500557413597
0.7,60,0.4,0.25,0.3,false,NO_DILUTE_CONNECTED_ROOT;ACTUAL_LOADING_EXCEEDS_DESIGN_FLOOD_FRACTION,1.671349550590375,0.030665312350383125,0.0036137575495999857,1.1074214585105544,0.0040019526562815435,0.0007375572894992875,5.925350236441063,0.15904529042963922,,0,0.879645943005142,1139.2909698996652
0.7,65,0.4,0.25,0.3,false,NO_DILUTE_CONNECTED_ROOT;ACTUAL_LOADING_EXCEEDS_DESIGN_FLOOD_FRACTION,1.5182831121826654,0.0389882472417776,0.0029966860748541825,1.0910675968765864,0.003269587074284683,0.0006012398213114793,7.268788767501405,0.15878702637142228,,0,0.9529497715889037,1234.2318840579705
0.7,70,0.4,0.25,0.3,false,NO_DILUTE_CONNECTED_ROOT;ACTUAL_LOADING_EXCEEDS_DESIGN_FLOOD_FRACTION,1.3890924196912953,0.048695380260099126,0.002517848255252524,1.0758695209170412,0.002708876196120341,0.0004972761426154011,8.788447474552303,0.158589034504663,,0,1.0262536001726656,1329.1727982162763
0.7,30,0.4,0.25,0.4,false,ACTUAL_LOADING_EXCEEDS_DESIGN_FLOOD_FRACTION,3.839752958776396,0.0038331640437978907,0.017122232576626376,1.4519785189035863,0.024861113896932702,0.0048345481889325165,0.9039697380053223,0.165681676388431,0.1051374853619522,2,0.439822971502571,569.6454849498326
0.7,35,0.4,0.25,0.4,false,NO_DILUTE_CONNECTED_ROOT;ACTUAL_LOADING_EXCEEDS_DESIGN_FLOOD_FRACTION,3.1912963548764837,0.006086922532512391,0.012293289927559951,1.423449755820129,0.017498880545611262,0.0033425926242395313,1.307453749533032,0.16338010302798467,,0,0.5131268000863328,664.5863991081382
0.7,40,0.4,0.25,0.4,false,NO_DILUTE_CONNECTED_ROOT;ACTUAL_LOADING_EXCEEDS_DESIGN_FLOOD_FRACTION,2.7187971111288327,0.00908601847418759,0.009150017850221254,1.397894132607854,0.012790756266081421,0.002413721363442141,1.8106005630621298,0.16186683385814088,,0,0.5864306286700947,759.5273132664435
0.7,45,0.4,0.25,0.4,false,NO_DILUTE_CONNECTED_ROOT;ACTUAL_LOADING_EXCEEDS_DESIGN_FLOOD_FRACTION,2.3604443876153915,0.01293692864781788,0.0070156603967791945,1.3748215458913475,0.009645281072148676,0.0018048132432338477,2.4214612099658552,0.16083929365101085,,0,0.6597344572538565,854.468227424749
0.7,50,0.4,0.25,0.4,false,NO_DILUTE_CONNECTED_ROOT;ACTUAL_LOADING_EXCEEDS_DESIGN_FLOOD_FRACTION,2.080102730919992,0.017746129832397636,0.005513797575216372,1.3538399157463523,0.007464799244673375,0.001388417442789966,3.1476738371577424,0.16011998859833815,,0,0.7330382858376183,949.4091415830545
0.7,55,0.4,0.25,0.4,false,NO_DILUTE_CONNECTED_ROOT;ACTUAL_LOADING_EXCEEDS_DESIGN_FLOOD_FRACTION,1.8552975111966519,0.023620098806921258,0.004424518416368097,1.3346363833827617,0.005905123257431941,0.0010935172189131355,3.9965399576123093,0.15960237186351056,,0,0.8063421144213802,1044.3500557413597
0.7,60,0.4,0.25,0.4,false,NO_DILUTE_CONNECTED_ROOT;ACTUAL_LOADING_EXCEEDS_DESIGN_FLOOD_FRACTION,1.671349550590375,0.030665312350383125,0.0036137575495999857,1.3169596224549531,0.004759172778164933,0.0008784363110248897,4.975073553852221,0.1592206409007818,,0,0.879645943005142,1139.2909698996652
0.7,65,0.4,0.25,0.4,false,NO_DILUTE_CONNECTED_ROOT;ACTUAL_LOADING_EXCEEDS_DESIGN_FLOOD_FRACTION,1.5182831121826654,0.0389882472417776,0.0029966860748541825,1.3006057608209851,0.0038975071723273756,0.0007176123126278406,6.090036615620191,0.15893295400515994,,0,0.9529497715889037,1234.2318840579705
0.7,70,0.4,0.25,0.4,false,NO_DILUTE_CONNECTED_ROOT;ACTUAL_LOADING_EXCEEDS_DESIGN_FLOOD_FRACTION,1.3890924196912953,0.048695380260099126,0.002517848255252524,1.28540768486144,0.003236461496616563,0.0005947611612079556,7.3479667886306075,0.15871194378707343,,0,1.0262536001726656,1329.1727982162763
0.7,30,0.5,0.25,0.2,false,NO_DILUTE_CONNECTED_ROOT;ACTUAL_LOADING_EXCEEDS_DESIGN_FLOOD_FRACTION,2.457441893616893,0.011697888317254306,0.00757046550940129,0.9487824646385161,0.007182724924470636,0.0013384459398598943,3.2651937068006682,0.1603415787843006,,0,0.5497787143782138,890.0710702341136
0.7,35,0.5,0.25,0.2,false,NO_DILUTE_CONNECTED_ROOT;ACTUAL_LOADING_EXCEEDS_DESIGN_FLOOD_FRACTION,2.04242966712095,0.018575813392676978,0.005323919734783225,0.9180934147006343,0.004887855648899226,0.0009042183400746446,4.833218998148897,0.1594831245445837,,0,0.6414085001079162,1038.416248606466
0.7,40,0.5,0.25,0.2,false,NO_DILUTE_CONNECTED_ROOT;ACTUAL_LOADING_EXCEEDS_DESIGN_FLOOD_FRACTION,1.7400301511224532,0.027728327863121308,0.003907771600076414,0.8911029957243253,0.0034822269794345323,0.0006412667729398,6.815081404714697,0.15895394110818728,,0,0.7330382858376183,1186.761426978818
0.7,45,0.5,0.25,0.2,false,NO_DILUTE_CONNECTED_ROOT;ACTUAL_LOADING_EXCEEDS_DESIGN_FLOOD_FRACTION,1.5106844080738504,0.03948037307073327,0.002967447414192213,0.8670903136487085,0.0025730449091079747,0.00047242889166968004,9.250673142105615,0.15861038410826978,,0,0.8246680715673207,1335.1066053511704
0.7,50,0.5,0.25,0.2,false,NO_DILUTE_CONNECTED_ROOT;ACTUAL_LOADING_EXCEEDS_DESIGN_FLOOD_FRACTION,1.331265747788795,0.05415689035765881,0.0023162295949469714,0.8455178841063726,0.0019584135462241237,0.0003588495307253589,12.178601016670068,0.15837758491729115,,0,0.9162978572970231,1483.4517837235228
0.7,55,0.5,0.25,0.2,false,NO_DILUTE_CONNECTED_ROOT;ACTUAL_LOADING_EXCEEDS_DESIGN_FLOOD_FRACTION,1.187390407165857,0.07208282106604388,0.001849349563619502,0.8259767559784406,0.0015275197532285808,0.0002794946816662227,15.636380748534249,0.15821411883189374,,0,1.0079276430267252,1631.796962095875
0.7,60,0.5,0.25,0.2,false,NO_DILUTE_CONNECTED_ROOT;ACTUAL_LOADING_EXCEEDS_DESIGN_FLOOD_FRACTION,1.06966371237784,0.09358310653803445,0.0015048242130632878,0.8081496910774251,0.0012161232229129253,0.00022228668679585376,19.66058031958102,0.15809584197056686,,0,1.0995574287564276,1780.1421404682271
0.7,65,0.5,0.25,0.2,false,NO_DILUTE_CONNECTED_ROOT;ACTUAL_LOADING_EXCEEDS_DESIGN_FLOOD_FRACTION,0.9717011917969057,0.11898268811577639,0.0012443102464432011,0.7917862393063035,0.000985227730561562,0.00017994391152807644,24.286930425214983,0.1580080582466577,,0,1.1911872144861297,1928.4873188405793
0.7,70,0.5,0.25,0.2,false,NO_DILUTE_CONNECTED_ROOT;ACTUAL_LOADING_EXCEEDS_DESIGN_FLOOD_FRACTION,0.8890191486024289,0.14860650714141582,0.0010431704670826377,0.7766855598591089,0.0008102154382545666,0.00014789253061066345,29.550412327641403,0.15794146782119545,,0,1.2828170002158323,2076.832497212932
0.7,30,0.5,0.25,0.3,false,NO_DILUTE_CONNECTED_ROOT;ACTUAL_LOADING_EXCEEDS_DESIGN_FLOOD_FRACTION,2.457441893616893,0.011697888317254306,0.00757046550940129,1.1560552627531848,0.008751876493634831,0.0016360270583587366,2.6712793271938335,0.16072086805604752,,0,0.5497787143782138,890.0710702341136
0.7,35,0.5,0.25,0.3,false,NO_DILUTE_CONNECTED_ROOT;ACTUAL_LOADING_EXCEEDS_DESIGN_FLOOD_FRACTION,2.04242966712095,0.018575813392676978,0.005323919734783225,1.1253662128153032,0.005991359389265651,0.0011109183727184917,3.9339391327456865,0.159753982420746,,0,0.6414085001079162,1038.416248606466
0.7,40,0.5,0.25,0.3,false,NO_DILUTE_CONNECTED_ROOT;ACTUAL_LOADING_EXCEEDS_DESIGN_FLOOD_FRACTION,1.7400301511224532,0.027728327863121308,0.003907771600076414,1.0983757938389942,0.004292201733375408,0.0007917942364004612,5.519470916574213,0.15915454897122122,,0,0.7330382858376183,1186.761426978818
0.7,45,0.5,0.25,0.3,false,NO_DILUTE_CONNECTED_ROOT;ACTUAL_LOADING_EXCEEDS_DESIGN_FLOOD_FRACTION,1.5106844080738504,0.03948037307073327,0.002967447414192213,1.0743631117633774,0.0031881160379057336,0.0005861391429785187,7.456054269836741,0.15876358050772987,,0,0.8246680715673207,1335.1066053511704
0.7,50,0.5,0.25,0.3,false,NO_DILUTE_CONNECTED_ROOT;ACTUAL_LOADING_EXCEEDS_DESIGN_FLOOD_FRACTION,1.331265747788795,0.05415689035765881,0.0023162295949469714,1.0527906822210416,0.0024385049354447887,0.000447287172848804,9.770647416264529,0.15849761124255374,,0,0.9162978572970231,1483.4517837235228
0.7,55,0.5,0.25,0.3,false,NO_DILUTE_CONNECTED_ROOT;ACTUAL_LOADING_EXCEEDS_DESIGN_FLOOD_FRACTION,1.187390407165857,0.07208282106604388,0.001849349563619502,1.0332495540931093,0.0019108396119721365,0.00034992614041261797,12.489164869392663,0.15831019990587453,,0,1.0079276430267252,1631.796962095875
0.7,60,0.5,0.25,0.3,false,NO_DILUTE_CONNECTED_ROOT;ACTUAL_LOADING_EXCEEDS_DESIGN_FLOOD_FRACTION,1.06966371237784,0.09358310653803445,0.0015048242130632878,1.015422489192094,0.0015280323482252578,0.00027949055931352553,15.63661137770652,0.15817418368319586,,0,1.0995574287564276,1780.1421404682271
0.7,65,0.5,0.25,0.3,false,NO_DILUTE_CONNECTED_ROOT;ACTUAL_LOADING_EXCEEDS_DESIGN_FLOOD_FRACTION,0.9717011917969057,0.11898268811577639,0.0012443102464432011,0.9990590374209725,0.0012431393970645974,0.00022717901933566866,19.23718692202871,0.1580729234345451,,0,1.1911872144861297,1928.4873188405793
0.7,70,0.5,0.25,0.3,false,NO_DILUTE_CONNECTED_ROOT;ACTUAL_LOADING_EXCEEDS_DESIGN_FLOOD_FRACTION,0.8890191486024289,0.14860650714141582,0.0010431704670826377,0.9839583579737776,0.001026436299877371,0.00018745027281051287,23.314371295373924,0.1579959131286422,,0,1.2828170002158323,2076.832497212932
0.7,30,0.5,0.25,0.4,false,NO_DILUTE_CONNECTED_ROOT;ACTUAL_LOADING_EXCEEDS_DESIGN_FLOOD_FRACTION,2.457441893616893,0.011697888317254306,0.00757046550940129,1.3655934266975835,0.010338177936679176,0.0019383291351185356,2.2546662383301452,0.16107974813860176,,0,0.5497787143782138,890.0710702341136
0.7,35,0.5,0.25,0.4,false,NO_DILUTE_CONNECTED_ROOT;ACTUAL_LOADING_EXCEEDS_DESIGN_FLOOD_FRACTION,2.04242966712095,0.018575813392676978,0.005323919734783225,1.334904376759702,0.007106923755479478,0.0013206343798965285,3.309231780007002,0.1600106040315608,,0,0.6414085001079162,1038.416248606466
0.7,40,0.5,0.25,0.4,false,NO_DILUTE_CONNECTED_ROOT;ACTUAL_LOADING_EXCEEDS_DESIGN_FLOOD_FRACTION,1.7400301511224532,0.027728327863121308,0.003907771600076414,1.307913957783393,0.0051110290195694845,0.0009443849477326697,4.627652389225229,0.1593446714374669,,0,0.7330382858376183,1186.761426978818
0.7,45,0.5,0.25,0.4,false,NO_DILUTE_CONNECTED_ROOT;ACTUAL_LOADING_EXCEEDS_DESIGN_FLOOD_FRACTION,1.5106844080738504,0.03948037307073327,0.002967447414192213,1.2839012757077761,0.0038099095206771236,0.000701337123518165,6.231361656432036,0.15890875007409755,,0,0.8246680715673207,1335.1066053511704
0.7,50,0.5,0.25,0.4,false,NO_DILUTE_CONNECTED_ROOT;ACTUAL_LOADING_EXCEEDS_DESIGN_FLOOD_FRACTION,1.331265747788795,0.05415689035765881,0.0023162295949469714,1.2623288461654403,0.0029238434320436554,0.0005368422051362882,8.140725930096997,0.1586112931727171,,0,0.9162978572970231,1483.4517837235228
0.7,55,0.5,0.25,0.4,false,NO_DILUTE_CONNECTED_ROOT;ACTUAL_LOADING_EXCEEDS_DESIGN_FLOOD_FRACTION,1.187390407165857,0.07208282106604388,0.001849349563619502,1.242787718037508,0.002298348924024342,0.0004212242221592712,10.375199311474928,0.15840115676310346,,0,1.0079276430267252,1631.796962095875
0.7,60,0.5,0.25,0.4,false,NO_DILUTE_CONNECTED_ROOT;ACTUAL_LOADING_EXCEEDS_DESIGN_FLOOD_FRACTION,1.06966371237784,0.09358310653803445,0.0015048242130632878,1.2249606531364927,0.0018433504508896137,0.00033738409348763574,12.953441919998497,0.1582482716070212,,0,1.0995574287564276,1780.1421404682271
0.7,65,0.5,0.25,0.4,false,NO_DILUTE_CONNECTED_ROOT;ACTUAL_LOADING_EXCEEDS_DESIGN_FLOOD_FRACTION,0.9717011917969057,0.11898268811577639,0.0012443102464432011,1.2085972013653712,0.0015038698814815081,0.00027497461616202834,15.893413438381707,0.15813423846586516,,0,1.1911872144861297,1928.4873188405793
0.7,70,0.5,0.25,0.4,false,NO_DILUTE_CONNECTED_ROOT;ACTUAL_LOADING_EXCEEDS_DESIGN_FLOOD_FRACTION,0.8890191486024289,0.14860650714141582,0.0010431704670826377,1.1934965219181763,0.0012450203242308875,0.00022747153601664733,19.212448890324442,0.15804733042420188,,0,1.2828170002158323,2076.832497212932
0.7,30,0.33,0.3,0.2,true,,6.068311766098486,0.0012208038841756154,0.03666566952730411,1.0710755040013504,0.0392717004685042,0.007964472530908626,0.5487224976623591,0.17146877077786576,0.04800634949193323,2,0.3628539514896211,387.71495819397984
0.7,35,0.33,0.3,0.2,false,ACTUAL_LOADING_EXCEEDS_DESIGN_FLOOD_FRACTION,5.043496659112002,0.0019385913531122048,0.027257504018705362,1.0458478864579643,0.02850720296808247,0.005638392088537253,0.7750942451498082,0.16795327743816585,0.07827054724046784,2,0.4233296100712246,452.33411789297656
0.7,40,0.33,0.3,0.2,false,NO_DILUTE_CONNECTED_ROOT;ACTUAL_LOADING_EXCEEDS_DESIGN_FLOOD_FRACTION,4.296763014763119,0.00289375735508294,0.020818163597469443,1.0227221827067896,0.02129119771435098,0.004133743395946534,1.0572221933293797,0.16547271192246343,,0,0.4838052686528281,516.9532775919731
0.7,45,0.33,0.3,0.2,false,NO_DILUTE_CONNECTED_ROOT;ACTUAL_LOADING_EXCEEDS_DESIGN_FLOOD_FRACTION,3.7304255259047134,0.004120213109092702,0.01627133565093371,1.0014732672297142,0.016295307676531912,0.003120545335916672,1.4004876677876064,0.16369906111511484,,0,0.5442809272344316,581.5724372909699
0.7,50,0.33,0.3,0.2,false,NO_DILUTE_CONNECTED_ROOT;ACTUAL_LOADING_EXCEEDS_DESIGN_FLOOD_FRACTION,3.287376040139267,0.005651869834146368,0.012973748975106086,0.9818764744211259,0.01273861890370186,0.0024144886381800494,1.8100251915111885,0.16240966422708047,,0,0.6047565858160352,646.1915969899666
0.7,55,0.33,0.3,0.2,false,NO_DILUTE_CONNECTED_ROOT;ACTUAL_LOADING_EXCEEDS_DESIGN_FLOOD_FRACTION,2.9320958503527286,0.007522638749248816,0.010525454405009706,0.9637304437210403,0.010143700844105583,0.0019077705241527026,2.2907814144284497,0.16145569091967432,,0,0.6652322443976386,710.810756688963
0.7,60,0.33,0.3,0.2,false,NO_DILUTE_CONNECTED_ROOT;ACTUAL_LOADING_EXCEEDS_DESIGN_FLOOD_FRACTION,2.6413861131167677,0.009766431073404924,0.00866965691636281,0.946861190352472,0.008208961667774831,0.0015347507846368666,2.847553689804742,0.16073754127793982,,0,0.7257079029792421,775.4299163879597
0.7,65,0.33,0.3,0.2,false,NO_DILUTE_CONNECTED_ROOT;ACTUAL_LOADING_EXCEEDS_DESIGN_FLOOD_FRACTION,2.3994812616441634,0.012417158025619568,0.007236833221940324,0.9311202554801165,0.0067383619984800695,0.0012540215285410472,3.4850161342986725,0.1601879530915274,,0,0.7861835615608456,840.0490760869565
0.7,70,0.33,0.3,0.2,false,NO_DILUTE_CONNECTED_ROOT;ACTUAL_LOADING_EXCEEDS_DESIGN_FLOOD_FRACTION,2.1953094287860364,0.015508730824897638,0.006112272253763342,0.9163812885338746,0.005601171923773501,0.0010386305464833768,4.2077380397875475,0.15976087479267576,,0,0.8466592201424492,904.6682357859531
0.7,30,0.33,0.3,0.3,true,,6.068311766098486,0.0012208038841756154,0.03666566952730411,1.2783483021160194,0.04687149638617628,0.009599400278726166,0.455266488825213,0.17289875495661255,0.03818123687509365,2,0.3628539514896211,387.71495819397984
0.7,35,0.33,0.3,0.3,true,,5.043496659112002,0.0019385913531122048,0.027257504018705362,1.2531206845726333,0.03415694209566136,0.0068131155255332755,0.6414518062030604,0.16911649050564165,0.05861810104348119,2,0.4233296100712246,452.33411789297656
0.7,40,0.33,0.3,0.3,false,ACTUAL_LOADING_EXCEEDS_DESIGN_FLOOD_FRACTION,4.296763014763119,0.00289375735508294,0.020818163597469443,1.2299949808214583,0.025606236734807407,0.005007124537766024,0.8728133735761396,0.16641463790689087,0.09738891536795553,2,0.4838052686528281,516.9532775919731
0.7,45,0.33,0.3,0.3,false,NO_DILUTE_CONNECTED_ROOT;ACTUAL_LOADING_EXCEEDS_DESIGN_FLOOD_FRACTION,3.7304255259047134,0.004120213109092702,0.01627133565093371,1.2087460653443831,0.01966791294596391,0.0037890334843353616,1.1534037051377573,0.16446463810277645,,0,0.5442809272344316,581.5724372909699
0.7,50,0.33,0.3,0.3,false,NO_DILUTE_CONNECTED_ROOT;ACTUAL_LOADING_EXCEEDS_DESIGN_FLOOD_FRACTION,3.287376040139267,0.005651869834146368,0.012973748975106086,1.1891492725357948,0.015427724155809416,0.002938931170109127,1.4870321918975589,0.16303674694786263,,0,0.6047565858160352,646.1915969899666
0.7,55,0.33,0.3,0.3,false,NO_DILUTE_CONNECTED_ROOT;ACTUAL_LOADING_EXCEEDS_DESIGN_FLOOD_FRACTION,2.9320958503527286,0.007522638749248816,0.010525454405009706,1.171003241835709,0.01232534123006031,0.0023279281254789588,1.8773282610794824,0.16197420196303491,,0,0.6652322443976386,710.810756688963
0.7,60,0.33,0.3,0.3,false,NO_DILUTE_CONNECTED_ROOT;ACTUAL_LOADING_EXCEEDS_DESIGN_FLOOD_FRACTION,2.6413861131167677,0.009766431073404924,0.00866965691636281,1.1541339884671409,0.010005945715523544,0.0018774472225879942,2.3277806199522084,0.1611705600038622,,0,0.7257079029792421,775.4299163879597
0.7,65,0.33,0.3,0.3,false,NO_DILUTE_CONNECTED_ROOT;ACTUAL_LOADING_EXCEEDS_DESIGN_FLOOD_FRACTION,2.3994812616441634,0.012417158025619568,0.007236833221940324,1.1383930535947853,0.008238360669880835,0.0015378785237981339,2.8417623317412866,0.16055311782438442,,0,0.7861835615608456,840.0490760869565
0.7,70,0.33,0.3,0.3,false,NO_DILUTE_CONNECTED_ROOT;ACTUAL_LOADING_EXCEEDS_DESIGN_FLOOD_FRACTION,2.1953094287860364,0.015508730824897638,0.006112272253763342,1.1236540866485434,0.006868079696649682,0.0012769099424807142,3.4225477571527634,0.16007167545652334,,0,0.8466592201424492,904.6682357859531
0.7,30,0.33,0.3,0.4,true,,6.068311766098486,0.0012208038841756154,0.03666566952730411,1.487886466060418,0.054554353458719666,0.011271702309615425,0.3877218488990188,0.17420968915511292,0.03171314375484263,2,0.3628539514896211,387.71495819397984
0.7,35,0.33,0.3,0.4,true,,5.043496659112002,0.0019385913531122048,0.027257504018705362,1.462658848517032,0.03986842944144796,0.008013676923538174,0.545353313019996,0.17019404705466618,0.04721046084088866,2,0.4233296100712246,452.33411789297656
0.7,40,0.33,0.3,0.4,false,ACTUAL_LOADING_EXCEEDS_DESIGN_FLOOD_FRACTION,4.296763014763119,0.00289375735508294,0.020818163597469443,1.439533144765857,0.029968436511715275,0.00589867430400641,0.740892789546816,0.16729355486581166,0.07221212585991617,2,0.4838052686528281,516.9532775919731
0.7,45,0.33,0.3,0.4,false,ACTUAL_LOADING_EXCEEDS_DESIGN_FLOOD_FRACTION,3.7304255259047134,0.004120213109092702,0.01627133565093371,1.4182842292887818,0.023077378743183597,0.004470592965198692,0.9775627738297573,0.16518258306339156,0.13455243441685472,2,0.5442809272344316,581.5724372909699
0.7,50,0.33,0.3,0.4,false,NO_DILUTE_CONNECTED_ROOT;ACTUAL_LOADING_EXCEEDS_DESIGN_FLOOD_FRACTION,3.287376040139267,0.005651869834146368,0.012973748975106086,1.3986874364801936,0.01814621969552867,0.0034730155959883575,1.258354631281098,0.163626827849371,,0,0.6047565858160352,646.1915969899666
0.7,55,0.33,0.3,0.4,false,NO_DILUTE_CONNECTED_ROOT;ACTUAL_LOADING_EXCEEDS_DESIGN_FLOOD_FRACTION,2.9320958503527286,0.007522638749248816,0.010525454405009706,1.3805414057801078,0.014530825620766527,0.0027553760068559667,1.5860939664311604,0.16246326707441072,,0,0.6652322443976386,710.810756688963
0.7,60,0.33,0.3,0.4,false,NO_DILUTE_CONNECTED_ROOT;ACTUAL_LOADING_EXCEEDS_DESIGN_FLOOD_FRACTION,2.6413861131167677,0.009766431073404924,0.00866965691636281,1.3636721524115396,0.011822569707806064,0.0022257854361122055,1.9634800321800288,0.16157963666281489,,0,0.7257079029792421,775.4299163879597
0.7,65,0.33,0.3,0.4,false,NO_DILUTE_CONNECTED_ROOT;ACTUAL_LOADING_EXCEEDS_DESIGN_FLOOD_FRACTION,2.3994812616441634,0.012417158025619568,0.007236833221940324,1.347931217539184,0.009754753415978036,0.0018261950161623213,2.393109838240288,0.1608984516093535,,0,0.7861835615608456,840.0490760869565
0.7,70,0.33,0.3,0.4,false,NO_DILUTE_CONNECTED_ROOT;ACTUAL_LOADING_EXCEEDS_DESIGN_FLOOD_FRACTION,2.1953094287860364,0.015508730824897638,0.006112272253763342,1.333192250592942,0.008148834002231545,0.0015187818516778316,2.877493732819814,0.1603658143067429,,0,0.8466592201424492,904.6682357859531
0.7,30,0.4,0.3,0.2,false,NO_DILUTE_CONNECTED_ROOT;ACTUAL_LOADING_EXCEEDS_DESIGN_FLOOD_FRACTION,4.130244695800782,0.0031943033698315754,0.019446949855970078,1.0039713210591814,0.019524179937469938,0.0037734968006609623,1.158152634171556,0.16488116681658155,,0,0.439822971502571,569.6454849498326
0.7,35,0.4,0.3,0.2,false,NO_DILUTE_CONNECTED_ROOT;ACTUAL_LOADING_EXCEEDS_DESIGN_FLOOD_FRACTION,3.4327299136081066,0.0050724354437603255,0.014027533186866075,0.9755613035010012,0.013684718560682622,0.0026014910799188255,1.6799155274673472,0.16277722360742441,,0,0.5131268000863328,664.5863991081382
0.7,40,0.4,0.3,0.2,false,NO_DILUTE_CONNECTED_ROOT;ACTUAL_LOADING_EXCEEDS_DESIGN_FLOOD_FRACTION,2.924484326923148,0.007571682061822991,0.010475102803536604,0.9500873063144676,0.00995226220597922,0.0018709372598458385,2.335880178089743,0.16140182221401916,,0,0.5864306286700947,759.5273132664435
0.7,45,0.4,0.3,0.2,false,NO_DILUTE_CONNECTED_ROOT;ACTUAL_LOADING_EXCEEDS_DESIGN_FLOOD_FRACTION,2.5390208735688957,0.010780773873181566,0.008050482552943293,0.9270735570499955,0.007463389496326067,0.001392271572301381,3.1389603484465955,0.16047237353970606,,0,0.6597344572538565,854.468227424749
0.7,50,0.4,0.3,0.2,false,NO_DILUTE_CONNECTED_ROOT;ACTUAL_LOADING_EXCEEDS_DESIGN_FLOOD_FRACTION,2.2374703173197887,0.014788441526998031,0.006337888334448822,0.906135925324619,0.005742988310539891,0.0010655032771865224,4.101615971809338,0.15982454405441016,,0,0.7330382858376183,949.4091415830545
0.7,55,0.4,0.3,0.2,false,NO_DILUTE_CONNECTED_ROOT;ACTUAL_LOADING_EXCEEDS_DESIGN_FLOOD_FRACTION,1.9956577381463263,0.019683415672434378,0.005092245117783546,0.8869662730963397,0.0045166496738135034,0.0008346703648388779,5.235941569061289,0.1593602392045989,,0,0.8063421144213802,1044.3500557413597
0.7,60,0.4,0.3,0.2,false,NO_DILUTE_CONNECTED_ROOT;ACTUAL_LOADING_EXCEEDS_DESIGN_FLOOD_FRACTION,1.7977934232400998,0.025554426958652603,0.0041631093287129006,0.8693162323777797,0.003619058516613486,0.0006668398256182193,6.5537256351955175,0.15901913477989704,,0,0.879645943005142,1139.2909698996652
0.7,65,0.4,0.3,0.2,false,NO_DILUTE_CONNECTED_ROOT;ACTUAL_LOADING_EXCEEDS_DESIGN_FLOOD_FRACTION,1.633146933706559,0.032490206034814666,0.0034547747019814112,0.8529838675945749,0.002946867086963999,0.0005417825491288991,8.066493220850619,0.15876301750310273,,0,0.9529497715889037,1234.2318840579705
0.7,70,0.4,0.3,0.2,false,NO_DILUTE_CONNECTED_ROOT;ACTUAL_LOADING_EXCEEDS_DESIGN_FLOOD_FRACTION,1.4941824799674963,0.040579483550082604,0.0029044100337938293,0.8378033794105681,0.0024333245415064327,0.00044660653845774194,9.785538014770804,0.15856695805330123,,0,1.0262536001726656,1329.1727982162763
0.7,30,0.4,0.3,0.3,false,ACTUAL_LOADING_EXCEEDS_DESIGN_FLOOD_FRACTION,4.130244695800782,0.0031943033698315754,0.019446949855970078,1.21124411917385,0.02355500364891251,0.004583857879504322,0.9534076698285453,0.16577635589353656,0.12240663574465754,2,0.439822971502571,569.6454849498326
0.7,35,0.4,0.3,0.3,false,NO_DILUTE_CONNECTED_ROOT;ACTUAL_LOADING_EXCEEDS_DESIGN_FLOOD_FRACTION,3.4327299136081066,0.0050724354437603255,0.014027533186866075,1.18283410161567,0.01659224461497073,0.003171236491383977,1.3781013404699352,0.16345286904965006,,0,0.5131268000863328,664.5863991081382
0.7,40,0.4,0.3,0.3,false,NO_DILUTE_CONNECTED_ROOT;ACTUAL_LOADING_EXCEEDS_DESIGN_FLOOD_FRACTION,2.924484326923148,0.007571682061822991,0.010475102803536604,1.1573601044291364,0.012123466074607063,0.002288799244721554,1.9094227114073972,0.16192052796179301,,0,0.5864306286700947,759.5273132664435
0.7,45,0.4,0.3,0.3,false,NO_DILUTE_CONNECTED_ROOT;ACTUAL_LOADING_EXCEEDS_DESIGN_FLOOD_FRACTION,2.5390208735688957,0.010780773873181566,0.008050482552943293,1.1343463551646642,0.009132035541247946,0.0017093274840418744,2.5567278947562815,0.1608781683182774,,0,0.6597344572538565,854.468227424749
0.7,50,0.4,0.3,0.3,false,NO_DILUTE_CONNECTED_ROOT;ACTUAL_LOADING_EXCEEDS_DESIGN_FLOOD_FRACTION,2.2374703173197887,0.014788441526998031,0.006337888334448822,1.1134087234392878,0.007056660159759416,0.0013128136290697914,3.3289456804466955,0.1601478316794278,,0,0.7330382858376183,949.4091415830545
0.7,55,0.4,0.3,0.3,false,NO_DILUTE_CONNECTED_ROOT;ACTUAL_LOADING_EXCEEDS_DESIGN_FLOOD_FRACTION,1.9956577381463263,0.019683415672434378,0.005092245117783546,1.0942390712110084,0.0055721335680622595,0.0010320276487475358,4.23465908595297,0.1596221440198866,,0,0.8063421144213802,1044.3500557413597
0.7,60,0.4,0.3,0.3,false,NO_DILUTE_CONNECTED_ROOT;ACTUAL_LOADING_EXCEEDS_DESIGN_FLOOD_FRACTION,1.7977934232400998,0.025554426958652603,0.0041631093287129006,1.0765890304924484,0.004481957836033089,0.0008273673181361249,5.282158436676851,0.1592345349312151,,0,0.879645943005142,1139.2909698996652
0.7,65,0.4,0.3,0.3,false,NO_DILUTE_CONNECTED_ROOT;ACTUAL_LOADING_EXCEEDS_DESIGN_FLOOD_FRACTION,1.633146933706559,0.032490206034814666,0.0034547747019814112,1.0602566657092436,0.0036629479062994567,0.0006744809369518165,6.479479285914402,0.1589425475789168,,0,0.9529497715889037,1234.2318840579705
0.7,70,0.4,0.3,0.3,false,NO_DILUTE_CONNECTED_ROOT;ACTUAL_LOADING_EXCEEDS_DESIGN_FLOOD_FRACTION,1.4941824799674963,0.040579483550082604,0.0029044100337938293,1.0450761775252368,0.003035329736083199,0.0005578305666710504,7.8344313145187785,0.1587183933138545,,0,1.0262536001726656,1329.1727982162763
0.7,30,0.4,0.3,0.4,false,ACTUAL_LOADING_EXCEEDS_DESIGN_FLOOD_FRACTION,4.130244695800782,0.0031943033698315754,0.019446949855970078,1.4207822831182488,0.027629881816051267,0.005410856729318929,0.8076882235751833,0.16661238675338236,0.0834991836664036,2,0.439822971502571,569.6454849498326
0.7,35,0.4,0.3,0.4,false,NO_DILUTE_CONNECTED_ROOT;ACTUAL_LOADING_EXCEEDS_DESIGN_FLOOD_FRACTION,3.4327299136081066,0.0050724354437603255,0.014027533186866075,1.3923722655600688,0.01953154816361577,0.0037517121518453223,1.1648775499937698,0.16408754005205722,,0,0.5131268000863328,664.5863991081382
0.7,40,0.4,0.3,0.4,false,NO_DILUTE_CONNECTED_ROOT;ACTUAL_LOADING_EXCEEDS_DESIGN_FLOOD_FRACTION,2.924484326923148,0.007571682061822991,0.010475102803536604,1.3668982683735351,0.014318399883188946,0.0027139173126989975,1.6103236599265338,0.16240946541414458,,0,0.5864306286700947,759.5273132664435
0.7,45,0.4,0.3,0.4,false,NO_DILUTE_CONNECTED_ROOT;ACTUAL_LOADING_EXCEEDS_DESIGN_FLOOD_FRACTION,2.5390208735688957,0.010780773873181566,0.008050482552943293,1.343884519109063,0.010818918874258098,0.0020315111147515908,2.1512485105245522,0.16126143660903924,,0,0.6597344572538565,854.468227424749
0.7,50,0.4,0.3,0.4,false,NO_DILUTE_CONNECTED_ROOT;ACTUAL_LOADING_EXCEEDS_DESIGN_FLOOD_FRACTION,2.2374703173197887,0.014788441526998031,0.006337888334448822,1.3229468873836865,0.008384689644644446,0.001563890255649207,2.794496125247117,0.16045352133119856,,0,0.7330382858376183,949.4091415830545
0.7,55,0.4,0.3,0.4,false,NO_DILUTE_CONNECTED_ROOT;ACTUAL_LOADING_EXCEEDS_DESIGN_FLOOD_FRACTION,1.9956577381463263,0.019683415672434378,0.005092245117783546,1.303777235155407,0.006639153260397453,0.0012322438409063997,3.5466075095240797,0.15986992577079145,,0,0.8063421144213802,1044.3500557413597
0.7,60,0.4,0.3,0.4,false,NO_DILUTE_CONNECTED_ROOT;ACTUAL_LOADING_EXCEEDS_DESIGN_FLOOD_FRACTION,1.7977934232400998,0.025554426958652603,0.0041631093287129006,1.286127194436847,0.005354288121071389,0.0009901260916101112,4.413867381897406,0.15943834910499188,,0,0.879645943005142,1139.2909698996652
0.7,65,0.4,0.3,0.4,false,NO_DILUTE_CONNECTED_ROOT;ACTUAL_LOADING_EXCEEDS_DESIGN_FLOOD_FRACTION,1.633146933706559,0.032490206034814666,0.0034547747019814112,1.2697948296536423,0.004386855054194199,0.0008089619860007722,5.4023369890699175,0.15911241504739654,,0,0.9529497715889037,1234.2318840579705
0.7,70,0.4,0.3,0.4,false,NO_DILUTE_CONNECTED_ROOT;ACTUAL_LOADING_EXCEEDS_DESIGN_FLOOD_FRACTION,1.4941824799674963,0.040579483550082604,0.0029044100337938293,1.2546143414696356,0.003643914481906047,0.0006705072590986044,6.517879113790088,0.15886164329417896,,0,1.0262536001726656,1329.1727982162763
0.7,30,0.5,0.3,0.2,false,NO_DILUTE_CONNECTED_ROOT;ACTUAL_LOADING_EXCEEDS_DESIGN_FLOOD_FRACTION,2.6433566053125,0.009748240264378588,0.008681756331492433,0.9177473925399745,0.007967659235894596,0.0014889020909402673,2.9352401922973472,0.16067835180633355,,0,0.5497787143782138,890.0710702341136
0.7,35,0.5,0.3,0.2,false,NO_DILUTE_CONNECTED_ROOT;ACTUAL_LOADING_EXCEEDS_DESIGN_FLOOD_FRACTION,2.196947144709188,0.015479844493897481,0.0061209708502829325,0.8871417990397559,0.005430169091989905,0.001006556000481338,4.341820283852612,0.15971816297752528,,0,0.6414085001079162,1038.416248606466
0.7,40,0.5,0.3,0.2,false,NO_DILUTE_CONNECTED_ROOT;ACTUAL_LOADING_EXCEEDS_DESIGN_FLOOD_FRACTION,1.871669969230814,0.023106939885934426,0.004500250425124348,0.8602087482658536,0.0038711547850790906,0.0007139332025535486,6.1214203851173865,0.1591237103629684,,0,0.7330382858376183,1186.761426978818
0.7,45,0.5,0.3,0.2,false,NO_DILUTE_CONNECTED_ROOT;ACTUAL_LOADING_EXCEEDS_DESIGN_FLOOD_FRACTION,1.624973359084093,0.032900310892277726,0.0034211863302944893,0.836237418183388,0.0028609240239697636,0.0005258622529423526,8.31070348797696,0.15873677318331714,,0,0.8246680715673207,1335.1066053511704
0.7,50,0.5,0.3,0.2,false,NO_DILUTE_CONNECTED_ROOT;ACTUAL_LOADING_EXCEEDS_DESIGN_FLOOD_FRACTION,1.4319810030846647,0.04513074196471568,0.002672487146739768,0.8146959115019823,0.0021772643519904875,0.0003992869806144297,10.945223540718413,0.15847415229623124,,0,0.9162978572970231,1483.4517837235228
0.7,55,0.5,0.3,0.2,false,NO_DILUTE_CONNECTED_ROOT;ACTUAL_LOADING_EXCEEDS_DESIGN_FLOOD_FRACTION,1.2772209524136484,0.06006901755503657,0.002135002853668313,0.7951785949273193,0.0016977085693457865,0.0003108399456995642,14.059599868632843,0.15828955501418485,,0,1.0079276430267252,1631.796962095875
0.7,60,0.5,0.3,0.2,false,NO_DILUTE_CONNECTED_ROOT;ACTUAL_LOADING_EXCEEDS_DESIGN_FLOOD_FRACTION,1.150587790873664,0.07798592211502871,0.0017379883597006703,0.7773703094579696,0.001351060549014859,0.00024708125289361015,17.687644078789006,0.1581559138889404,,0,1.0995574287564276,1780.1421404682271
0.7,65,0.5,0.3,0.2,false,NO_DILUTE_CONNECTED_ROOT;ACTUAL_LOADING_EXCEEDS_DESIGN_FLOOD_FRACTION,1.0452140375721977,0.09915224009648033,0.0014375642384266934,0.7610219660505653,0.001094017963051466,0.00019989909168940373,21.862456816531363,0.1580566862656695,,0,1.1911872144861297,1928.4873188405793
0.7,70,0.5,0.3,0.2,false,NO_DILUTE_CONNECTED_ROOT;ACTUAL_LOADING_EXCEEDS_DESIGN_FLOOD_FRACTION,0.9562767871791975,0.12383875595117985,0.001205479970450042,0.7459336476004643,0.0008992080714670997,0.00016419456291991583,26.616504115638673,0.15798140207964956,,0,1.2828170002158323,2076.832497212932
0.7,30,0.5,0.3,0.3,false,NO_DILUTE_CONNECTED_ROOT;ACTUAL_LOADING_EXCEEDS_DESIGN_FLOOD_FRACTION,2.6433566053125,0.009748240264378588,0.008681756331492433,1.1250201906546433,0.009767151163272774,0.0018318227453962947,2.3857577217592465,0.16111649677353468,,0,0.5497787143782138,890.0710702341136
0.7,35,0.5,0.3,0.3,false,NO_DILUTE_CONNECTED_ROOT;ACTUAL_LOADING_EXCEEDS_DESIGN_FLOOD_FRACTION,2.196947144709188,0.015479844493897481,0.0061209708502829325,1.0944145971544248,0.006698879847306372,0.0012450416357564459,3.51015189710358,0.16003261028326193,,0,0.6414085001079162,1038.416248606466
0.7,40,0.5,0.3,0.3,false,NO_DILUTE_CONNECTED_ROOT;ACTUAL_LOADING_EXCEEDS_DESIGN_FLOOD_FRACTION,1.871669969230814,0.023106939885934426,0.004500250425124348,1.0674815463805225,0.004803934282911343,0.0008877382607289624,4.922943454228042,0.15935735803470885,,0,0.7330382858376183,1186.761426978818
0.7,45,0.5,0.3,0.3,false,NO_DILUTE_CONNECTED_ROOT;ACTUAL_LOADING_EXCEEDS_DESIGN_FLOOD_FRACTION,1.624973359084093,0.032900310892277726,0.0034211863302944893,1.043510216298057,0.0035700428875215582,0.0006572207761105979,6.649645626826617,0.15891559740391964,,0,0.8246680715673207,1335.1066053511704
0.7,50,0.5,0.3,0.3,false,NO_DILUTE_CONNECTED_ROOT;ACTUAL_LOADING_EXCEEDS_DESIGN_FLOOD_FRACTION,1.4319810030846647,0.04513074196471568,0.002672487146739768,1.021968709616651,0.0027311982408207264,0.0005014847868902766,8.71469159976659,0.1586144780043371,,0,0.9162978572970231,1483.4517837235228
0.7,55,0.5,0.3,0.3,false,NO_DILUTE_CONNECTED_ROOT;ACTUAL_LOADING_EXCEEDS_DESIGN_FLOOD_FRACTION,1.2772209524136484,0.06006901755503657,0.002135002853668313,1.002451393041988,0.0021402365848084202,0.00039224954316806115,11.14159426273943,0.15840201941940174,,0,1.0079276430267252,1631.796962095875
0.7,60,0.5,0.3,0.3,false,NO_DILUTE_CONNECTED_ROOT;ACTUAL_LOADING_EXCEEDS_DESIGN_FLOOD_FRACTION,1.150587790873664,0.07798592211502871,0.0017379883597006703,0.9846431075726383,0.0017112982594207403,0.00031321327250855046,13.953065349758214,0.15824767958511615,,0,1.0995574287564276,1780.1421404682271
0.7,65,0.5,0.3,0.3,false,NO_DILUTE_CONNECTED_ROOT;ACTUAL_LOADING_EXCEEDS_DESIGN_FLOOD_FRACTION,1.0452140375721977,0.09915224009648033,0.0014375642384266934,0.9682947641652341,0.0013919859252197494,0.0002545138728489582,17.171108241777404,0.1581327308921367,,0,1.1911872144861297,1928.4873188405793
0.7,70,0.5,0.3,0.3,false,NO_DILUTE_CONNECTED_ROOT;ACTUAL_LOADING_EXCEEDS_DESIGN_FLOOD_FRACTION,0.9562767871791975,0.12383875595117985,0.001205479970450042,0.9532064457151332,0.0011490712780134684,0.00020993735184668684,20.8170924386765,0.158045270353863,,0,1.2828170002158323,2076.832497212932
0.7,30,0.5,0.3,0.4,false,NO_DILUTE_CONNECTED_ROOT;ACTUAL_LOADING_EXCEEDS_DESIGN_FLOOD_FRACTION,2.6433566053125,0.009748240264378588,0.008681756331492433,1.334558354599042,0.011586310444786356,0.0021804138379380063,2.0043375178064196,0.1615297512589386,,0,0.5497787143782138,890.0710702341136
0.7,35,0.5,0.3,0.4,false,NO_DILUTE_CONNECTED_ROOT;ACTUAL_LOADING_EXCEEDS_DESIGN_FLOOD_FRACTION,2.196947144709188,0.015479844493897481,0.0061209708502829325,1.3039527610988235,0.007981456840831843,0.0014871352075812218,2.9387275867347413,0.16032969619672488,,0,0.6414085001079162,1038.416248606466
0.7,40,0.5,0.3,0.4,false,NO_DILUTE_CONNECTED_ROOT;ACTUAL_LOADING_EXCEEDS_DESIGN_FLOOD_FRACTION,1.871669969230814,0.023106939885934426,0.004500250425124348,1.2770197103249212,0.005746908494281899,0.0010639999122419171,4.107411297163509,0.15957822894244061,,0,0.7330382858376183,1186.761426978818
0.7,45,0.5,0.3,0.4,false,NO_DILUTE_CONNECTED_ROOT;ACTUAL_LOADING_EXCEEDS_DESIGN_FLOOD_FRACTION,1.624973359084093,0.032900310892277726,0.0034211863302944893,1.2530483802424557,0.004286911989683141,0.0007903428495422196,5.529606881690368,0.1590846234272471,,0,0.8246680715673207,1335.1066053511704
0.7,50,0.5,0.3,0.4,false,NO_DILUTE_CONNECTED_ROOT;ACTUAL_LOADING_EXCEEDS_DESIGN_FLOOD_FRACTION,1.4319810030846647,0.04513074196471568,0.002672487146739768,1.2315068735610497,0.0032911862907135823,0.0006050021079046299,7.2235868315558776,0.15874706330159888,,0,0.9162978572970231,1483.4517837235228
0.7,55,0.5,0.3,0.4,false,NO_DILUTE_CONNECTED_ROOT;ACTUAL_LOADING_EXCEEDS_DESIGN_FLOOD_FRACTION,1.2772209524136484,0.06006901755503657,0.002135002853668313,1.2119895569863868,0.0025876011627821304,0.0004746792825300509,9.20681694054503,0.15850822520290087,,0,1.0079276430267252,1631.796962095875
0.7,60,0.5,0.3,0.4,false,NO_DILUTE_CONNECTED_ROOT;ACTUAL_LOADING_EXCEEDS_DESIGN_FLOOD_FRACTION,1.150587790873664,0.07798592211502871,0.0017379883597006703,1.194181271517037,0.002075473149269156,0.000380155008347781,11.496061248061531,0.1583342808971811,,0,1.0995574287564276,1780.1421404682271
0.7,65,0.5,0.3,0.4,false,NO_DILUTE_CONNECTED_ROOT;ACTUAL_LOADING_EXCEEDS_DESIGN_FLOOD_FRACTION,1.0452140375721977,0.09915224009648033,0.0014375642384266934,1.1778329281096327,0.0016932104962918064,0.00030978530622182587,14.107464660037916,0.15820443957827018,,0,1.1911872144861297,1928.4873188405793
0.7,70,0.5,0.3,0.4,false,NO_DILUTE_CONNECTED_ROOT;ACTUAL_LOADING_EXCEEDS_DESIGN_FLOOD_FRACTION,0.9562767871791975,0.12383875595117985,0.001205479970450042,1.162744609659532,0.001401665337693318,0.00025622223660936796,17.056619743688735,0.15810543615135275,,0,1.2828170002158323,2076.832497212932
0.8,30,0.33,0.2,0.2,true,,4.637007772260476,0.00239177903838488,0.02369783540972891,1.0824237229527705,0.02565109923012076,0.005031945643300928,0.6649514699011724,0.1668412072497369,0.060832293652604286,2,0.4146902302738527,506.4032107023412
0.8,35,0.33,0.2,0.2,false,ACTUAL_LOADING_EXCEEDS_DESIGN_FLOOD_FRACTION,3.8539109572987846,0.003798056528546361,0.01723342188606207,1.0545129461259124,0.01817286648490209,0.0034956467692360913,0.9571904350927763,0.164267682353602,0.12288316267747268,2,0.4838052686528282,590.8037458193982
0.8,40,0.33,0.2,0.2,false,NO_DILUTE_CONNECTED_ROOT;ACTUAL_LOADING_EXCEEDS_DESIGN_FLOOD_FRACTION,3.2833058456763826,0.005669402165060455,0.012944658234520184,1.029410369139168,0.013325365411577795,0.002528492973545041,1.3233177576461828,0.16254675416551861,,0,0.5529203070318036,675.2042809364548
0.8,45,0.33,0.2,0.2,false,NO_DILUTE_CONNECTED_ROOT;ACTUAL_LOADING_EXCEEDS_DESIGN_FLOOD_FRACTION,2.8505477016024314,0.00807225425454897,0.00999081659756701,1.006670456333755,0.010057459903419634,0.0018901362188877674,1.770242598676128,0.16136470454031776,,0,0.6220353454107791,759.6048160535119
0.8,50,0.33,0.2,0.2,false,NO_DILUTE_CONNECTED_ROOT;ACTUAL_LOADING_EXCEEDS_DESIGN_FLOOD_FRACTION,2.51199820247028,0.011073051103633703,0.007890142733086459,0.9859316209427201,0.007779141214301356,0.0014518846564590179,2.3045905451857767,0.1605308714180147,,0,0.6911503837897546,844.0053511705688
0.8,55,0.33,0.2,0.2,false,NO_DILUTE_CONNECTED_ROOT;ACTUAL_LOADING_EXCEEDS_DESIGN_FLOOD_FRACTION,2.2405162706133823,0.014738231018936458,0.00635432321141045,0.9669024773626824,0.006144010855075961,0.0011409036299802411,2.9327627365281503,0.15992784500517382,,0,0.7602654221687299,928.4058862876254
0.8,60,0.33,0.2,0.2,false,NO_DILUTE_CONNECTED_ROOT;ACTUAL_LOADING_EXCEEDS_DESIGN_FLOOD_FRACTION,2.0183748640749313,0.01913423230707904,0.005204204489490562,0.9493472061892813,0.00494059699253558,0.0009139642903822173,3.6609741618859797,0.1594817516642026,,0,0.8293804605477054,1012.8064214046824
0.8,65,0.33,0.2,0.2,false,NO_DILUTE_CONNECTED_ROOT;ACTUAL_LOADING_EXCEEDS_DESIGN_FLOOD_FRACTION,1.8335269657364504,0.024327493274683237,0.004324710050763842,0.9330733799055964,0.004035271824177921,0.0007443361431446071,4.495280368678406,0.15914493625212517,,0,0.8984954989266808,1097.2069565217391
0.8,70,0.33,0.2,0.2,false,NO_DILUTE_CONNECTED_ROOT;ACTUAL_LOADING_EXCEEDS_DESIGN_FLOOD_FRACTION,1.6775121773847812,0.030384452228370887,0.0036397102927212227,0.9179224915796322,0.0033409719405226974,0.0006148929276421932,5.441597230278752,0.15888596954928152,,0,0.9676105373056564,1181.6074916387963
0.8,30,0.33,0.2,0.3,true,,4.637007772260476,0.00239177903838488,0.02369783540972891,1.2896965210674394,0.030563015884756153,0.006041098588116924,0.5538727109266953,0.1678650337362042,0.04742594910438715,2,0.4146902302738527,506.4032107023412
0.8,35,0.33,0.2,0.3,false,ACTUAL_LOADING_EXCEEDS_DESIGN_FLOOD_FRACTION,3.8539109572987846,0.003798056528546361,0.01723342188606207,1.2617857442405813,0.02174488606031675,0.004208403673242251,0.7950757369712865,0.165057213489193,0.08027319963120465,2,0.4838052686528282,590.8037458193982
0.8,40,0.33,0.2,0.3,false,NO_DILUTE_CONNECTED_ROOT;ACTUAL_LOADING_EXCEEDS_DESIGN_FLOOD_FRACTION,3.2833058456763826,0.005669402165060455,0.012944658234520184,1.2366831672538368,0.01600844094448488,0.003052595382730638,1.0961163313372555,0.16316179194550534,,0,0.5529203070318036,675.2042809364548
0.8,45,0.33,0.2,0.3,false,NO_DILUTE_CONNECTED_ROOT;ACTUAL_LOADING_EXCEEDS_DESIGN_FLOOD_FRACTION,2.8505477016024314,0.00807225425454897,0.00999081659756701,1.2139432544484237,0.012128284415047822,0.0022884063355843812,1.4621527654184272,0.16185069776318028,,0,0.6220353454107791,759.6048160535119
0.8,50,0.33,0.2,0.3,false,NO_DILUTE_CONNECTED_ROOT;ACTUAL_LOADING_EXCEEDS_DESIGN_FLOOD_FRACTION,2.51199820247028,0.011073051103633703,0.007890142733086459,1.193204419057389,0.009414553176112308,0.0017628326903751997,1.8980812360948405,0.16092078478288446,,0,0.6911503837897546,844.0053511705688
0.8,55,0.33,0.2,0.3,false,NO_DILUTE_CONNECTED_ROOT;ACTUAL_LOADING_EXCEEDS_DESIGN_FLOOD_FRACTION,2.2405162706133823,0.014738231018936458,0.00635432321141045,1.1741752754773511,0.007461089207229992,0.0013891928256228548,2.4085926663748416,0.16024531819339993,,0,0.7602654221687299,928.4058862876254
0.8,60,0.33,0.2,0.3,false,NO_DILUTE_CONNECTED_ROOT;ACTUAL_LOADING_EXCEEDS_DESIGN_FLOOD_FRACTION,2.0183748640749313,0.01913423230707904,0.005204204489490562,1.15662000430395,0.006019287019033211,0.0011159999906300145,2.998207598628059,0.15974378507776882,,0,0.8293804605477054,1012.8064214046824
0.8,65,0.33,0.2,0.3,false,NO_DILUTE_CONNECTED_ROOT;ACTUAL_LOADING_EXCEEDS_DESIGN_FLOOD_FRACTION,1.8335269657364504,0.024327493274683237,0.004324710050763842,1.1403461780202653,0.004931666577434374,0.0009113937269558299,3.6712998488060844,0.15936393231402618,,0,0.8984954989266808,1097.2069565217391
0.8,70,0.33,0.2,0.3,false,NO_DILUTE_CONNECTED_ROOT;ACTUAL_LOADING_EXCEEDS_DESIGN_FLOOD_FRACTION,1.6775121773847812,0.030384452228370887,0.0036397102927212227,1.1251952896943012,0.004095384877221786,0.0007549444188246988,4.432113899437552,0.15907106985190977,,0,0.9676105373056564,1181.6074916387963
0.8,30,0.33,0.2,0.4,true,,4.637007772260476,0.00239177903838488,0.02369783540972891,1.499234685011838,0.035528616805967306,0.007071571191962051,0.4731621249573228,0.16881961010407098,0.03896583721899849,2,0.4146902302738527,506.4032107023412
0.8,35,0.33,0.2,0.4,true,,3.8539109572987846,0.003798056528546361,0.01723342188606207,1.47132390818498,0.025355945640801413,0.004935159144917192,0.6779922498389656,0.16579860180273864,0.06217180497218597,2,0.4838052686528282,590.8037458193982
0.8,40,0.33,0.2,0.4,false,ACTUAL_LOADING_EXCEEDS_DESIGN_FLOOD_FRACTION,3.2833058456763826,0.005669402165060455,0.012944658234520184,1.4462213311982355,0.018720840863833983,0.00358624481221177,0.9330092693566422,0.16374192964056977,0.11290606919692311,2,0.5529203070318036,675.2042809364548
0.8,45,0.33,0.2,0.4,false,NO_DILUTE_CONNECTED_ROOT;ACTUAL_LOADING_EXCEEDS_DESIGN_FLOOD_FRACTION,2.8505477016024314,0.00807225425454897,0.00999081659756701,1.4234814183928224,0.014221741781207239,0.0026934409881040943,1.2422769486147132,0.16231041027273585,,0,0.6220353454107791,759.6048160535119
0.8,50,0.33,0.2,0.4,false,NO_DILUTE_CONNECTED_ROOT;ACTUAL_LOADING_EXCEEDS_DESIGN_FLOOD_FRACTION,2.51199820247028,0.011073051103633703,0.007890142733086459,1.4027425830017877,0.011067839197662483,0.002078745726815158,1.6096243079725538,0.16129025836411331,,0,0.6911503837897546,844.0053511705688
0.8,55,0.33,0.2,0.4,false,NO_DILUTE_CONNECTED_ROOT;ACTUAL_LOADING_EXCEEDS_DESIGN_FLOOD_FRACTION,2.2405162706133823,0.014738231018936458,0.00635432321141045,1.3837134394217498,0.008792562426058213,0.00164124162718494,2.0387002112021833,0.16054645839896964,,0,0.7602654221687299,928.4058862876254
0.8,60,0.33,0.2,0.4,false,NO_DILUTE_CONNECTED_ROOT;ACTUAL_LOADING_EXCEEDS_DESIGN_FLOOD_FRACTION,2.0183748640749313,0.01913423230707904,0.005204204489490562,1.3661581682483488,0.0071097664725522595,0.0013209604505967317,2.5330051709452976,0.15999249489141454,,0,0.8293804605477054,1012.8064214046824
0.8,65,0.33,0.2,0.4,false,NO_DILUTE_CONNECTED_ROOT;ACTUAL_LOADING_EXCEEDS_DESIGN_FLOOD_FRACTION,1.8335269657364504,0.024327493274683237,0.004324710050763842,1.349884341964664,0.005837858381063317,0.0010807799230766785,3.0959121098869287,0.1595718527310906,,0,0.8984954989266808,1097.2069565217391
0.8,70,0.33,0.2,0.4,false,NO_DILUTE_CONNECTED_ROOT;ACTUAL_LOADING_EXCEEDS_DESIGN_FLOOD_FRACTION,1.6775121773847812,0.030384452228370887,0.0036397102927212227,1.3347334536386999,0.004858043089248121,0.000896887009415391,3.7306813643746968,0.1592468099789242,,0,0.9676105373056564,1181.6074916387963
0.8,30,0.4,0.2,0.2,false,NO_DILUTE_CONNECTED_ROOT;ACTUAL_LOADING_EXCEEDS_DESIGN_FLOOD_FRACTION,3.1560634149947853,0.006258227010282276,0.012047082223081696,1.0099520787809277,0.012166975734446119,0.002301277997485661,1.453974554848018,0.16214879636585122,,0,0.5026548245743669,744.026755852843
0.8,35,0.4,0.2,0.2,false,NO_DILUTE_CONNECTED_ROOT;ACTUAL_LOADING_EXCEEDS_DESIGN_FLOOD_FRACTION,2.6230681453114846,0.009937832706142688,0.008557502637484317,0.9797619416324795,0.0083843153996267,0.0015679167863169223,2.1340416029575096,0.16076678228956282,,0,0.5864306286700948,868.0312151616504
0.8,40,0.4,0.2,0.2,false,NO_DILUTE_CONNECTED_ROOT;ACTUAL_LOADING_EXCEEDS_DESIGN_FLOOD_FRACTION,2.234700041213487,0.01483431587622465,0.006322956657870106,0.9530656529475956,0.006026192815692319,0.0011187086793483523,2.9909481473986568,0.15989439596676164,,0,0.6702064327658226,992.0356744704574
0.8,45,0.4,0.2,0.2,false,NO_DILUTE_CONNECTED_ROOT;ACTUAL_LOADING_EXCEEDS_DESIGN_FLOOD_FRACTION,1.9401540294031536,0.02112151615970268,0.004823226275979153,0.9292060438811501,0.004481771006646201,0.0008279316991303504,4.041395752198341,0.15931890804941629,,0,0.7539822368615504,1116.0401337792646
0.8,50,0.4,0.2,0.2,false,NO_DILUTE_CONNECTED_ROOT;ACTUAL_LOADING_EXCEEDS_DESIGN_FLOOD_FRACTION,1.7097287765563336,0.028973273195751274,0.0037767634273104577,0.9076870545950668,0.003428119271237799,0.0006311424373527846,5.3014968633862685,0.15892455499210795,,0,0.8377580409572782,1240.0445930880721
0.8,55,0.4,0.2,0.2,false,NO_DILUTE_CONNECTED_ROOT;ACTUAL_LOADING_EXCEEDS_DESIGN_FLOOD_FRACTION,1.5249513866862332,0.03856342662354494,0.003022454297776314,0.888127649215529,0.00268432523034545,0.0004930106347042258,6.786871147278869,0.15864537736227213,,0,0.9215338450530061,1364.049052396879
0.8,60,0.4,0.2,0.2,false,NO_DILUTE_CONNECTED_ROOT;ACTUAL_LOADING_EXCEEDS_DESIGN_FLOOD_FRACTION,1.3737563918609996,0.050065816082258206,0.002463605140295615,0.8702299618929756,0.002143903007358792,0.00039305908743884324,8.512714141220211,0.1584421325839348,,0,1.0053096491487339,1488.053511705686
0.8,65,0.4,0.2,0.2,false,NO_DILUTE_CONNECTED_ROOT;ACTUAL_LOADING_EXCEEDS_DESIGN_FLOOD_FRACTION,1.247944291054371,0.06365428121106555,0.002039760191452217,0.8537573160944512,0.0017414601865305488,0.0003188534216709597,10.493848974368703,0.15829057263615054,,0,1.0890854532444616,1612.0579710144934
0.8,70,0.4,0.2,0.2,false,NO_DILUTE_CONNECTED_ROOT;ACTUAL_LOADING_EXCEEDS_DESIGN_FLOOD_FRACTION,1.1417567257325163,0.0795026616491415,0.0017117598097738456,0.8385188635264775,0.0014353428903218645,0.000262539101903052,12.744766885091774,0.1581751578303387,,0,1.1728612573401895,1736.0624303233008
0.8,30,0.4,0.2,0.3,false,NO_DILUTE_CONNECTED_ROOT;ACTUAL_LOADING_EXCEEDS_DESIGN_FLOOD_FRACTION,3.1560634149947853,0.006258227010282276,0.012047082223081696,1.2172248768955964,0.014664008175941746,0.0027865575823423205,1.2007645825008133,0.16272807811295592,,0,0.5026548245743669,744.026755852843
0.8,35,0.4,0.2,0.3,false,NO_DILUTE_CONNECTED_ROOT;ACTUAL_LOADING_EXCEEDS_DESIGN_FLOOD_FRACTION,2.6230681453114846,0.009937832706142688,0.008557502637484317,1.1870347397471483,0.010158052916171731,0.0019062860426574105,1.7552453184367571,0.16118951466377118,,0,0.5864306286700948,868.0312151616504
0.8,40,0.4,0.2,0.3,false,NO_DILUTE_CONNECTED_ROOT;ACTUAL_LOADING_EXCEEDS_DESIGN_FLOOD_FRACTION,2.234700041213487,0.01483431587622465,0.006322956657870106,1.1603384510622643,0.00733676973452683,0.001365660228047439,2.450096724834489,0.16021178448927764,,0,0.6702064327658226,992.0356744704574
0.8,45,0.4,0.2,0.3,false,NO_DILUTE_CONNECTED_ROOT;ACTUAL_LOADING_EXCEEDS_DESIGN_FLOOD_FRACTION,1.9401540294031536,0.02112151615970268,0.004823226275979153,1.136478841995819,0.005481494612808594,0.001014732632124799,3.2974199765009993,0.15956346322514242,,0,0.7539822368615504,1116.0401337792646
0.8,50,0.4,0.2,0.3,false,NO_DILUTE_CONNECTED_ROOT;ACTUAL_LOADING_EXCEEDS_DESIGN_FLOOD_FRACTION,1.7097287765563336,0.028973273195751274,0.0037767634273104577,1.1149598527097355,0.004210939594633584,0.0007765549032017559,4.3087740972082065,0.15911731964587666,,0,0.8377580409572782,1240.0445930880721
0.8,55,0.4,0.2,0.3,false,NO_DILUTE_CONNECTED_ROOT;ACTUAL_LOADING_EXCEEDS_DESIGN_FLOOD_FRACTION,1.5249513866862332,0.03856342662354494,0.003022454297776314,1.095400447330198,0.0033107977898192537,0.0006088882027204381,5.4952610955939605,0.15880033850533437,,0,0.9215338450530061,1364.049052396879
0.8,60,0.4,0.2,0.3,false,NO_DILUTE_CONNECTED_ROOT;ACTUAL_LOADING_EXCEEDS_DESIGN_FLOOD_FRACTION,1.3737563918609996,0.050065816082258206,0.002463605140295615,1.0775027600076443,0.002654541338237545,0.00048721618268428464,6.86758726596722,0.15856884982657132,,0,1.0053096491487339,1488.053511705686
0.8,65,0.4,0.2,0.3,false,NO_DILUTE_CONNECTED_ROOT;ACTUAL_LOADING_EXCEEDS_DESIGN_FLOOD_FRACTION,1.247944291054371,0.06365428121106555,0.002039760191452217,1.06103011420912,0.0021642469888957625,0.00039662825441301013,8.4361101730578,0.15839573175074356,,0,1.0890854532444616,1612.0579710144934
0.8,70,0.4,0.2,0.3,false,NO_DILUTE_CONNECTED_ROOT;ACTUAL_LOADING_EXCEEDS_DESIGN_FLOOD_FRACTION,1.1417567257325163,0.0795026616491415,0.0017117598097738456,1.0457916616411465,0.0017901441357939228,0.0003276897722151403,10.210876065362765,0.15826357475969438,,0,1.1728612573401895,1736.0624303233008
0.8,30,0.4,0.2,0.4,false,NO_DILUTE_CONNECTED_ROOT;ACTUAL_LOADING_EXCEEDS_DESIGN_FLOOD_FRACTION,3.1560634149947853,0.006258227010282276,0.012047082223081696,1.4267630408399952,0.017188331665853488,0.0032805259766615527,1.0199582858907368,0.16327463095125316,,0,0.5026548245743669,744.026755852843
0.8,35,0.4,0.2,0.4,false,NO_DILUTE_CONNECTED_ROOT;ACTUAL_LOADING_EXCEEDS_DESIGN_FLOOD_FRACTION,2.6230681453114846,0.009937832706142688,0.008557502637484317,1.396572903691547,0.011951176306779545,0.002250181632061413,1.4869909185555166,0.1615896108624294,,0,0.5864306286700948,868.0312151616504
0.8,40,0.4,0.2,0.4,false,NO_DILUTE_CONNECTED_ROOT;ACTUAL_LOADING_EXCEEDS_DESIGN_FLOOD_FRACTION,2.234700041213487,0.01483431587622465,0.006322956657870106,1.369876615006663,0.008661670463316944,0.001616351886576535,2.0700935729178656,0.16051264943629895,,0,0.6702064327658226,992.0356744704574
0.8,45,0.4,0.2,0.4,false,NO_DILUTE_CONNECTED_ROOT;ACTUAL_LOADING_EXCEEDS_DESIGN_FLOOD_FRACTION,1.9401540294031536,0.02112151615970268,0.004823226275979153,1.3460170059402177,0.006492144590965645,0.0012041977914210922,2.7786130117603745,0.15979544372736476,,0,0.7539822368615504,1116.0401337792646
0.8,50,0.4,0.2,0.4,false,NO_DILUTE_CONNECTED_ROOT;ACTUAL_LOADING_EXCEEDS_DESIGN_FLOOD_FRACTION,1.7097287765563336,0.028973273195751274,0.0037767634273104577,1.3244980166541342,0.005002315668844572,0.0009239455030028782,3.6214253341794,0.15930021119090304,,0,0.8377580409572782,1240.0445930880721
0.8,55,0.4,0.2,0.4,false,NO_DILUTE_CONNECTED_ROOT;ACTUAL_LOADING_EXCEEDS_DESIGN_FLOOD_FRACTION,1.5249513866862332,0.03856342662354494,0.003022454297776314,1.3049386112745966,0.003944117313981159,0.0007262845101978714,4.607009518988856,0.15894735092026302,,0,0.9215338450530061,1364.049052396879
0.8,60,0.4,0.2,0.4,false,NO_DILUTE_CONNECTED_ROOT;ACTUAL_LOADING_EXCEEDS_DESIGN_FLOOD_FRACTION,1.3737563918609996,0.050065816082258206,0.002463605140295615,1.287040923952043,0.003170760636019071,0.0005825715110269325,5.743500306215738,0.15868902747531854,,0,1.0053096491487339,1488.053511705686
0.8,65,0.4,0.2,0.4,false,NO_DILUTE_CONNECTED_ROOT;ACTUAL_LOADING_EXCEEDS_DESIGN_FLOOD_FRACTION,1.247944291054371,0.06365428121106555,0.002039760191452217,1.2705682781535188,0.0025916545942995355,0.000475369859351201,7.0387290783275,0.15849543010954298,,0,1.0890854532444616,1612.0579710144934
0.8,70,0.4,0.2,0.4,false,NO_DILUTE_CONNECTED_ROOT;ACTUAL_LOADING_EXCEEDS_DESIGN_FLOOD_FRACTION,1.1417567257325163,0.0795026616491415,0.0017117598097738456,1.2553298255855452,0.0021488231434477474,0.000393635128992858,8.500256723877053,0.1583473396732638,,0,1.1728612573401895,1736.0624303233008
0.8,30,0.5,0.2,0.2,false,NO_DILUTE_CONNECTED_ROOT;ACTUAL_LOADING_EXCEEDS_DESIGN_FLOOD_FRACTION,2.0198805855966633,0.019098593171027436,0.005211663086262691,0.920155097098856,0.00479553835318657,0.0008868587276908279,3.7728665767184255,0.15944596713143994,,0,0.6283185307179586,1162.541806020067
0.8,35,0.5,0.2,0.2,false,NO_DILUTE_CONNECTED_ROOT;ACTUAL_LOADING_EXCEEDS_DESIGN_FLOOD_FRACTION,1.6787636129993504,0.030327858600288946,0.003644990848455192,0.8887288196578073,0.003239408414411092,0.0005960700418771422,5.613433685475181,0.15886065747989336,,0,0.7330382858376184,1356.2987736900784
0.8,40,0.5,0.2,0.2,false,NO_DILUTE_CONNECTED_ROOT;ACTUAL_LOADING_EXCEEDS_DESIGN_FLOOD_FRACTION,1.4302080263766324,0.045270739368361325,0.0026660088773386966,0.8613683224432994,0.002296415594292177,0.0004212494675754035,7.943035919390971,0.15850450209560152,,0,0.8377580409572781,1550.0557413600893
0.8,45,0.5,0.2,0.2,false,NO_DILUTE_CONNECTED_ROOT;ACTUAL_LOADING_EXCEEDS_DESIGN_FLOOD_FRACTION,1.2416985788180188,0.06445775195221759,0.0020197094194470363,0.8372228391533617,0.0016909468544142356,0.00030956320666592694,10.808776947406006,0.15827526996188468,,0,0.9424777960769379,1743.8127090301007
0.8,50,0.5,0.2,0.2,false,NO_DILUTE_CONNECTED_ROOT;ACTUAL_LOADING_EXCEEDS_DESIGN_FLOOD_FRACTION,1.094226416996054,0.08841941282883073,0.0015738877589491778,0.8156761828431921,0.0012837827594432913,0.0002347052936082529,14.256174628768992,0.15812086754283683,,0,1.0471975511965979,1937.569676700112
0.8,55,0.5,0.2,0.2,false,NO_DILUTE_CONNECTED_ROOT;ACTUAL_LOADING_EXCEEDS_DESIGN_FLOOD_FRACTION,0.9759688874791894,0.1176862384751737,0.0012551595424501504,0.7962692668492449,0.000999444968645615,0.00018254836707599199,18.329386921236416,0.15801291136764645,,0,1.1519173063162573,2131.3266443701227
0.8,60,0.5,0.2,0.2,false,NO_DILUTE_CONNECTED_ROOT;ACTUAL_LOADING_EXCEEDS_DESIGN_FLOOD_FRACTION,0.8792040907910401,0.1527887453682195,0.0010204410790247052,0.7786516645597512,0.0007945681447677353,0.00014502814011064976,23.07138221191356,0.1579350372827968,,0,1.2566370614359172,2325.083612040134
0.8,65,0.5,0.2,0.2,false,NO_DILUTE_CONNECTED_ROOT;ACTUAL_LOADING_EXCEEDS_DESIGN_FLOOD_FRACTION,0.7986843462747977,0.19425744998494107,0.0008432292383540268,0.7625502809467071,0.0006430046926093409,0.0001173044152190139,28.52407256562836,0.15787739193960976,,0,1.361356816555577,2518.8405797101454
0.8,70,0.5,0.2,0.2,false,NO_DILUTE_CONNECTED_ROOT;ACTUAL_LOADING_EXCEEDS_DESIGN_FLOOD_FRACTION,0.7307243044688105,0.24262286880231157,0.0007065657255589798,0.7477484455446304,0.0005283334229618411,0.00009634758985305272,34.72842088815091,0.1578337445261116,,0,1.4660765716752369,2712.597547380157
0.8,30,0.5,0.2,0.3,false,NO_DILUTE_CONNECTED_ROOT;ACTUAL_LOADING_EXCEEDS_DESIGN_FLOOD_FRACTION,2.0198805855966633,0.019098593171027436,0.005211663086262691,1.1274278952135248,0.005875774343907168,0.0010890883301448336,3.0722941008198856,0.15971095879918407,,0,0.6283185307179586,1162.541806020067
0.8,35,0.5,0.2,0.3,false,NO_DILUTE_CONNECTED_ROOT;ACTUAL_LOADING_EXCEEDS_DESIGN_FLOOD_FRACTION,1.6787636129993504,0.030327858600288946,0.003644990848455192,1.096001617772476,0.00399491586667276,0.0007362765792727791,4.544487419769075,0.1590478334921302,,0,0.7330382858376184,1356.2987736900784
0.8,40,0.5,0.2,0.3,false,NO_DILUTE_CONNECTED_ROOT;ACTUAL_LOADING_EXCEEDS_DESIGN_FLOOD_FRACTION,1.4302080263766324,0.045270739368361325,0.0026660088773386966,1.0686411205579682,0.0028490067140967156,0.0005232421217104051,6.394744446487122,0.1586422128230951,,0,0.8377580409572781,1550.0557413600893
0.8,45,0.5,0.2,0.3,false,NO_DILUTE_CONNECTED_ROOT;ACTUAL_LOADING_EXCEEDS_DESIGN_FLOOD_FRACTION,1.2416985788180188,0.06445775195221759,0.0020197094194470363,1.0444956372680305,0.002109577677161576,0.0003865561418793365,8.655921584141343,0.15837998352038118,,0,0.9424777960769379,1743.8127090301007
0.8,50,0.5,0.2,0.3,false,NO_DILUTE_CONNECTED_ROOT;ACTUAL_LOADING_EXCEEDS_DESIGN_FLOOD_FRACTION,1.094226416996054,0.08841941282883073,0.0015738877589491778,1.022948980957861,0.001610006879159113,0.00029455799439599196,11.359391751824344,0.1582026598036777,,0,1.0471975511965979,1937.569676700112
0.8,55,0.5,0.2,0.3,false,NO_DILUTE_CONNECTED_ROOT;ACTUAL_LOADING_EXCEEDS_DESIGN_FLOOD_FRACTION,0.9759688874791894,0.1176862384751737,0.0012551595424501504,1.0035420649639137,0.001259605399089585,0.00023019889015983683,14.535255359626117,0.1580782503610944,,0,1.1519173063162573,2131.3266443701227
0.8,60,0.5,0.2,0.3,false,NO_DILUTE_CONNECTED_ROOT;ACTUAL_LOADING_EXCEEDS_DESIGN_FLOOD_FRACTION,0.8792040907910401,0.1527887453682195,0.0010204410790247052,0.98592446267442,0.0010060778225283377,0.00018371993551417158,18.212501776747317,0.1579882326881572,,0,1.2566370614359172,2325.083612040134
0.8,65,0.5,0.2,0.3,false,NO_DILUTE_CONNECTED_ROOT;ACTUAL_LOADING_EXCEEDS_DESIGN_FLOOD_FRACTION,0.7986843462747977,0.19425744998494107,0.0008432292383540268,0.9698230790613758,0.000817783176295081,0.00014924747856122792,22.419136887482324,0.15792138738101752,,0,1.361356816555577,2518.8405797101454
0.8,70,0.5,0.2,0.3,false,NO_DILUTE_CONNECTED_ROOT;ACTUAL_LOADING_EXCEEDS_DESIGN_FLOOD_FRACTION,0.7307243044688105,0.24262286880231157,0.0007065657255589798,0.9550212436592993,0.000674785277950372,0.00012309485717723503,27.18228631727562,0.15787063496451348,,0,1.4660765716752369,2712.597547380157
0.8,30,0.5,0.2,0.4,false,NO_DILUTE_CONNECTED_ROOT;ACTUAL_LOADING_EXCEEDS_DESIGN_FLOOD_FRACTION,2.0198805855966633,0.019098593171027436,0.005211663086262691,1.3369660591579235,0.006967816658099451,0.0012942539499305942,2.585272891888941,0.15996208061182116,,0,0.6283185307179586,1162.541806020067
0.8,35,0.5,0.2,0.4,false,NO_DILUTE_CONNECTED_ROOT;ACTUAL_LOADING_EXCEEDS_DESIGN_FLOOD_FRACTION,1.6787636129993504,0.030327858600288946,0.003644990848455192,1.3055397817168748,0.004758680556652198,0.0008783804199471478,3.809283057763379,0.15922527653460922,,0,0.7330382858376184,1356.2987736900784
0.8,40,0.5,0.2,0.4,false,NO_DILUTE_CONNECTED_ROOT;ACTUAL_LOADING_EXCEEDS_DESIGN_FLOOD_FRACTION,1.4302080263766324,0.045270739368361325,0.0026660088773386966,1.278179284502367,0.0034076373193137337,0.0006265479478195588,5.340372853538378,0.15877270946164623,,0,0.8377580409572781,1550.0557413600893
0.8,45,0.5,0.2,0.4,false,NO_DILUTE_CONNECTED_ROOT;ACTUAL_LOADING_EXCEEDS_DESIGN_FLOOD_FRACTION,1.2416985788180188,0.06445775195221759,0.0020197094194470363,1.2540338012124292,0.0025327838806137155,0.0004645056395644309,7.2033563577684685,0.15847913487637472,,0,0.9424777960769379,1743.8127090301007
0.8,50,0.5,0.2,0.4,false,NO_DILUTE_CONNECTED_ROOT;ACTUAL_LOADING_EXCEEDS_DESIGN_FLOOD_FRACTION,1.094226416996054,0.08841941282883073,0.0015738877589491778,1.2324871449022596,0.0019397964304238879,0.00035513520295018034,9.421762822102266,0.15828005644348042,,0,1.0471975511965979,1937.569676700112
0.8,55,0.5,0.2,0.4,false,NO_DILUTE_CONNECTED_ROOT;ACTUAL_LOADING_EXCEEDS_DESIGN_FLOOD_FRACTION,0.9759688874791894,0.1176862384751737,0.0012551595424501504,1.2130802289083125,0.0015226092250718811,0.00027841515478977427,12.01802270606372,0.15814002416283113,,0,1.1519173063162573,2131.3266443701227
0.8,60,0.5,0.2,0.4,false,NO_DILUTE_CONNECTED_ROOT;ACTUAL_LOADING_EXCEEDS_DESIGN_FLOOD_FRACTION,0.8792040907910401,0.1527887453682195,0.0010204410790247052,1.1954626266188186,0.0012198991726406155,0.0002228644146816403,15.013611108599285,0.15803847745062027,,0,1.2566370614359172,2325.083612040134
0.8,65,0.5,0.2,0.4,false,NO_DILUTE_CONNECTED_ROOT;ACTUAL_LOADING_EXCEEDS_DESIGN_FLOOD_FRACTION,0.7986843462747977,0.19425744998494107,0.0008432292383540268,1.1793612430057745,0.0009944718826840175,0.00018156005943648047,18.429161470650232,0.15796290588040834,,0,1.361356816555577,2518.8405797101454
0.8,70,0.5,0.2,0.4,false,NO_DILUTE_CONNECTED_ROOT;ACTUAL_LOADING_EXCEEDS_DESIGN_FLOOD_FRACTION,0.7307243044688105,0.24262286880231157,0.0007065657255589798,1.164559407603698,0.0008228377627900426,0.0001501488026515564,22.28455767136994,0.15790542073532127,,0,1.4660765716752369,2712.597547380157
0.8,30,0.33,0.25,0.2,true,,5.069928434769813,0.0019134232307079042,0.027492941350632148,1.056964358225787,0.02905905911041011,0.005753897049919709,0.5815188598173551,0.16810429324765597,0.050728624551537496,2,0.4146902302738527,506.4032107023412
0.8,35,0.33,0.25,0.2,false,ACTUAL_LOADING_EXCEEDS_DESIGN_FLOOD_FRACTION,4.213720077064923,0.003038445222837089,0.020131005922788638,1.0291900861156706,0.020718631719269912,0.004015684501272475,0.8332327031457487,0.16524857227618062,0.08777925877027506,2,0.4838052686528282,590.8037458193982
0.8,40,0.33,0.25,0.2,false,NO_DILUTE_CONNECTED_ROOT;ACTUAL_LOADING_EXCEEDS_DESIGN_FLOOD_FRACTION,3.5898420888188185,0.004535521732048365,0.015197944795215359,1.0041813428754744,0.015261492613406686,0.0029136004286034324,1.1484071800399824,0.16331036601521198,,0,0.5529203070318036,675.2042809364548
0.8,45,0.33,0.25,0.2,false,NO_DILUTE_CONNECTED_ROOT;ACTUAL_LOADING_EXCEEDS_DESIGN_FLOOD_FRACTION,3.116680746898278,0.006457803403639177,0.01177402855076495,0.9815090670585294,0.011556315778381794,0.0021825106802125225,1.5330965764849933,0.1619646803007891,,0,0.6220353454107791,759.6048160535119
0.8,50,0.33,0.25,0.2,false,NO_DILUTE_CONNECTED_ROOT;ACTUAL_LOADING_EXCEEDS_DESIGN_FLOOD_FRACTION,2.7465235643946917,0.008858440882906963,0.009324555557260517,0.9608208103465068,0.008959227026648073,0.001678788293738141,1.9931039931933574,0.16100796413677282,,0,0.6911503837897546,844.0053511705688
0.8,55,0.33,0.25,0.2,false,NO_DILUTE_CONNECTED_ROOT;ACTUAL_LOADING_EXCEEDS_DESIGN_FLOOD_FRACTION,2.449695516341507,0.011790584815149168,0.0075255162955297685,0.9418306139037447,0.007087761632561436,0.001320423134665719,2.534035919344016,0.1603120818636677,,0,0.7602654221687299,928.4058862876254
0.8,60,0.33,0.25,0.2,false,NO_DILUTE_CONNECTED_ROOT;ACTUAL_LOADING_EXCEEDS_DESIGN_FLOOD_FRACTION,2.2068145273799487,0.015307385845663234,0.006173492723823136,0.9243060591264882,0.005706196730603012,0.001058412619318982,3.1613376398787456,0.15979507300181678,,0,0.8293804605477054,1012.8064214046824
0.8,65,0.33,0.25,0.2,false,NO_DILUTE_CONNECTED_ROOT;ACTUAL_LOADING_EXCEEDS_DESIGN_FLOOD_FRACTION,2.004708845888531,0.019461994619746594,0.0051367244284043845,0.9080569446920912,0.004664438290182114,0.0008623004390509861,3.8803176949071574,0.15940346711240683,,0,0.8984954989266808,1097.2069565217391
0.8,70,0.33,0.25,0.2,false,NO_DILUTE_CONNECTED_ROOT;ACTUAL_LOADING_EXCEEDS_DESIGN_FLOOD_FRACTION,1.8341281933305285,0.02430756178269671,0.004327452690061327,0.8929262745117152,0.0038640962086621614,0.0007124960729618222,4.696165745962001,0.15910163537089944,,0,0.9676105373056564,1181.6074916387963
0.8,30,0.33,0.25,0.3,true,,5.069928434769813,0.0019134232307079042,0.027492941350632148,1.2642371563404557,0.03475759799255811,0.006940550092997185,0.48209430191300967,0.16926956066627563,0.040016900397574925,2,0.4146902302738527,506.4032107023412
0.8,35,0.33,0.25,0.3,true,,4.213720077064923,0.003038445222837089,0.020131005922788638,1.2364628842303396,0.02489124164574929,0.00485803925748,0.6887551694490455,0.1661614520546577,0.06383924821494812,2,0.4838052686528282,590.8037458193982
0.8,40,0.33,0.25,0.3,false,ACTUAL_LOADING_EXCEEDS_DESIGN_FLOOD_FRACTION,3.5898420888188185,0.004535521732048365,0.015197944795215359,1.2114541409901434,0.01841161315670324,0.003534982466434476,0.9465392498398049,0.1640294787578977,0.1181754016842845,2,0.5529203070318036,675.2042809364548
0.8,45,0.33,0.25,0.3,false,NO_DILUTE_CONNECTED_ROOT;ACTUAL_LOADING_EXCEEDS_DESIGN_FLOOD_FRACTION,3.116680746898278,0.006457803403639177,0.01177402855076495,1.188781865173198,0.013996751621180843,0.0026556904999783335,1.2599358441817865,0.1625374877940447,,0,0.6220353454107791,759.6048160535119
0.8,50,0.33,0.25,0.3,false,NO_DILUTE_CONNECTED_ROOT;ACTUAL_LOADING_EXCEEDS_DESIGN_FLOOD_FRACTION,2.7465235643946917,0.008858440882906963,0.009324555557260517,1.1680936084611755,0.010891953748177145,0.0020487422086571463,1.6331970112378837,0.16147021202458012,,0,0.6911503837897546,844.0053511705688
0.8,55,0.33,0.25,0.3,false,NO_DILUTE_CONNECTED_ROOT;ACTUAL_LOADING_EXCEEDS_DESIGN_FLOOD_FRACTION,2.449695516341507,0.011790584815149168,0.0075255162955297685,1.1491034120184134,0.008647596452393427,0.0016161187159033676,2.070392242258903,0.1606900803346274,,0,0.7602654221687299,928.4058862876254
0.8,60,0.33,0.25,0.3,false,NO_DILUTE_CONNECTED_ROOT;ACTUAL_LOADING_EXCEEDS_DESIGN_FLOOD_FRACTION,2.2068145273799487,0.015307385845663234,0.006173492723823136,1.131578857241157,0.006985793841610382,0.0012991944147592112,2.575441838391747,0.1601080955724637,,0,0.8293804605477054,1012.8064214046824
0.8,65,0.33,0.25,0.3,false,NO_DILUTE_CONNECTED_ROOT;ACTUAL_LOADING_EXCEEDS_DESIGN_FLOOD_FRACTION,2.004708845888531,0.019461994619746594,0.0051367244284043845,1.1153297428067601,0.005729141535601464,0.0010615012941905776,3.1521390226162316,0.15966573676489065,,0,0.8984954989266808,1097.2069565217391
0.8,70,0.33,0.25,0.3,false,NO_DILUTE_CONNECTED_ROOT;ACTUAL_LOADING_EXCEEDS_DESIGN_FLOOD_FRACTION,1.8341281933305285,0.02430756178269671,0.004327452690061327,1.100199072626384,0.004761059436440023,0.0008795619949654665,3.804165790618458,0.15932374699703034,,0,0.9676105373056564,1181.6074916387963
0.8,30,0.33,0.25,0.4,true,,5.069928434769813,0.0019134232307079042,0.027492941350632148,1.4737753202848545,0.040518418444600614,0.00815325973801462,0.4103879625439884,0.1703493291835026,0.03307354314450673,2,0.4146902302738527,506.4032107023412
0.8,35,0.33,0.25,0.4,true,,4.213720077064923,0.003038445222837089,0.020131005922788638,1.4460010481747383,0.029109455665164236,0.005717737726744468,0.5851964206621415,0.1670143259542834,0.05077981977477801,2,0.4838052686528282,590.8037458193982
0.8,40,0.33,0.25,0.4,false,ACTUAL_LOADING_EXCEEDS_DESIGN_FLOOD_FRACTION,3.5898420888188185,0.004535521732048365,0.015197944795215359,1.420992304934542,0.021596162604821,0.0041682735639038265,0.8027303392347483,0.16470492235625922,0.08148529491061093,2,0.5529203070318036,675.2042809364548
0.8,45,0.33,0.25,0.4,false,NO_DILUTE_CONNECTED_ROOT;ACTUAL_LOADING_EXCEEDS_DESIGN_FLOOD_FRACTION,3.116680746898278,0.006457803403639177,0.01177402855076495,1.3983200291175968,0.016463859945937062,0.0031373273049511955,1.066512775602099,0.16307735282824387,,0,0.6220353454107791,759.6048160535119
0.8,50,0.33,0.25,0.4,false,NO_DILUTE_CONNECTED_ROOT;ACTUAL_LOADING_EXCEEDS_DESIGN_FLOOD_FRACTION,2.7465235643946917,0.008858440882906963,0.009324555557260517,1.3776317724055742,0.012845803999243054,0.0024248998364280096,1.3798506650503821,0.16190685097825985,,0,0.6911503837897546,844.0053511705688
0.8,55,0.33,0.25,0.4,false,NO_DILUTE_CONNECTED_ROOT;ACTUAL_LOADING_EXCEEDS_DESIGN_FLOOD_FRACTION,2.449695516341507,0.011790584815149168,0.0075255162955297685,1.358641575962812,0.010224479319692389,0.0019165018895106062,1.7458890441429096,0.16104762451168292,,0,0.7602654221687299,928.4058862876254
0.8,60,0.33,0.25,0.4,false,NO_DILUTE_CONNECTED_ROOT;ACTUAL_LOADING_EXCEEDS_DESIGN_FLOOD_FRACTION,2.2068145273799487,0.015307385845663234,0.006173492723823136,1.3411170211855556,0.008279376172084386,0.0015436123325773112,2.167642471726734,0.16040443301533208,,0,0.8293804605477054,1012.8064214046824
0.8,65,0.33,0.25,0.4,false,NO_DILUTE_CONNECTED_ROOT;ACTUAL_LOADING_EXCEEDS_DESIGN_FLOOD_FRACTION,2.004708845888531,0.019461994619746594,0.0051367244284043845,1.3248679067511588,0.00680548134101766,0.0012635879258542965,2.6480148975098525,0.1599141419357678,,0,0.8984954989266808,1097.2069565217391
0.8,70,0.33,0.25,0.4,false,NO_DILUTE_CONNECTED_ROOT;ACTUAL_LOADING_EXCEEDS_DESIGN_FLOOD_FRACTION,1.8341281933305285,0.02430756178269671,0.004327452690061327,1.3097372365707827,0.005667825927671723,0.001048964041024844,3.189813493231561,0.15953415393783277,,0,0.9676105373056564,1181.6074916387963
0.8,30,0.4,0.25,0.2,false,NO_DILUTE_CONNECTED_ROOT;ACTUAL_LOADING_EXCEEDS_DESIGN_FLOOD_FRACTION,3.450720040915203,0.005006581608225821,0.014159932416081548,0.9846840439291495,0.01394305951323063,0.0026522961951195904,1.2615482607608548,0.16285700820380333,,0,0.5026548245743669,744.026755852843
0.8,35,0.4,0.25,0.2,false,NO_DILUTE_CONNECTED_ROOT;ACTUAL_LOADING_EXCEEDS_DESIGN_FLOOD_FRACTION,2.867963227452313,0.007950266164914151,0.010104096419591157,0.9545885170926709,0.009645254417738888,0.0018113769596273931,1.8472133225455383,0.16127814378994582,,0,0.5864306286700948,868.0312151616504
0.8,40,0.4,0.25,0.2,false,NO_DILUTE_CONNECTED_ROOT;ACTUAL_LOADING_EXCEEDS_DESIGN_FLOOD_FRACTION,2.4433362717023073,0.011867452700979721,0.0074886986500098405,0.9279572638164237,0.006949192308808878,0.0012941782176259828,2.5854241760563657,0.1602725516244079,,0,0.6702064327658226,992.0356744704574
0.8,45,0.4,0.25,0.2,false,NO_DILUTE_CONNECTED_ROOT;ACTUAL_LOADING_EXCEEDS_DESIGN_FLOOD_FRACTION,2.12129083335764,0.016897212927762147,0.005724698060257573,0.9041445333980747,0.005175954456536446,0.000958512522560831,3.490825182999528,0.15960525783540086,,0,0.7539822368615504,1116.0401337792646
0.8,50,0.4,0.25,0.2,false,NO_DILUTE_CONNECTED_ROOT;ACTUAL_LOADING_EXCEEDS_DESIGN_FLOOD_FRACTION,1.8693526010161363,0.02317861855660102,0.004489496341195779,0.8826605997841659,0.003962701533248685,0.0007309577320100171,4.577555589671084,0.15914616595293263,,0,0.8377580409572782,1240.0445930880721
0.8,55,0.4,0.25,0.2,false,NO_DILUTE_CONNECTED_ROOT;ACTUAL_LOADING_EXCEEDS_DESIGN_FLOOD_FRACTION,1.6673240108099374,0.030850741298835957,0.0035968506220140366,0.8631281883495694,0.0031045431611429974,0.0005710543774853068,5.859336315238814,0.1588202513929291,,0,0.9215338450530061,1364.049052396879
0.8,60,0.4,0.25,0.2,false,NO_DILUTE_CONNECTED_ROOT;ACTUAL_LOADING_EXCEEDS_DESIGN_FLOOD_FRACTION,1.502013137697977,0.040052652865806566,0.002934244615688558,0.84525179031204,0.0024801755146242176,0.00045526711276773924,7.34953076587098,0.1585825263112413,,0,1.0053096491487339,1488.053511705686
0.8,65,0.4,0.25,0.2,false,NO_DILUTE_CONNECTED_ROOT;ACTUAL_LOADING_EXCEEDS_DESIGN_FLOOD_FRACTION,1.364454958232881,0.05092342496885244,0.0024309773670366202,0.8287962720958164,0.002014784979349254,0.00036926713301629205,9.061189997183224,0.15840499725528484,,0,1.0890854532444616,1612.0579710144934
0.8,70,0.4,0.25,0.2,false,NO_DILUTE_CONNECTED_ROOT;ACTUAL_LOADING_EXCEEDS_DESIGN_FLOOD_FRACTION,1.2483535015855907,0.06360212931931321,0.002041077182011497,0.8135718325605585,0.0016605629033666343,0.0003039859176471037,11.007087689700523,0.15826968729545438,,0,1.1728612573401895,1736.0624303233008
0.8,30,0.4,0.25,0.3,false,NO_DILUTE_CONNECTED_ROOT;ACTUAL_LOADING_EXCEEDS_DESIGN_FLOOD_FRACTION,3.450720040915203,0.005006581608225821,0.014159932416081548,1.1919568420438185,0.01687802832622646,0.003227983468539278,1.0365603431946566,0.16353615486304635,,0,0.5026548245743669,744.026755852843
0.8,35,0.4,0.25,0.3,false,NO_DILUTE_CONNECTED_ROOT;ACTUAL_LOADING_EXCEEDS_DESIGN_FLOOD_FRACTION,2.867963227452313,0.007950266164914151,0.010104096419591157,1.1618613152073398,0.011739558755047955,0.0022137555127669777,1.5114585294893654,0.1617784856554202,,0,0.5864306286700948,868.0312151616504
0.8,40,0.4,0.25,0.3,false,NO_DILUTE_CONNECTED_ROOT;ACTUAL_LOADING_EXCEEDS_DESIGN_FLOOD_FRACTION,2.4433362717023073,0.011867452700979721,0.0074886986500098405,1.1352300619310927,0.00850139583223396,0.0015882722585723946,2.106691490653672,0.16065056619011836,,0,0.6702064327658226,992.0356744704574
0.8,45,0.4,0.25,0.3,false,NO_DILUTE_CONNECTED_ROOT;ACTUAL_LOADING_EXCEEDS_DESIGN_FLOOD_FRACTION,2.12129083335764,0.016897212927762147,0.005724698060257573,1.1114173315127434,0.00636252864184765,0.0011811801458277383,2.8327598155072002,0.15989777073972394,,0,0.7539822368615504,1116.0401337792646
0.8,50,0.4,0.25,0.3,false,NO_DILUTE_CONNECTED_ROOT;ACTUAL_LOADING_EXCEEDS_DESIGN_FLOOD_FRACTION,1.8693526010161363,0.02317861855660102,0.004489496341195779,1.0899333978988346,0.004893252002013901,0.0009043989708514714,3.699694227676496,0.15937742183476,,0,0.8377580409572782,1240.0445930880721
0.8,55,0.4,0.25,0.3,false,NO_DILUTE_CONNECTED_ROOT;ACTUAL_LOADING_EXCEEDS_DESIGN_FLOOD_FRACTION,1.6673240108099374,0.030850741298835957,0.0035968506220140366,1.070400986464238,0.003850072453968333,0.000709329100990438,4.717132917997759,0.1590065712564112,,0,0.9215338450530061,1364.049052396879
0.8,60,0.4,0.25,0.3,false,NO_DILUTE_CONNECTED_ROOT;ACTUAL_LOADING_EXCEEDS_DESIGN_FLOOD_FRACTION,1.502013137697977,0.040052652865806566,0.002934244615688558,1.0525245884267087,0.003088364606470886,0.0005676597084268175,5.894375807028265,0.15873513858299654,,0,1.0053096491487339,1488.053511705686
0.8,65,0.4,0.25,0.3,false,NO_DILUTE_CONNECTED_ROOT;ACTUAL_LOADING_EXCEEDS_DESIGN_FLOOD_FRACTION,1.364454958232881,0.05092342496885244,0.0024309773670366202,1.0360690702104853,0.0025186604603683648,0.0004621274912337144,7.240425457146328,0.1585318143647979,,0,1.0890854532444616,1612.0579710144934
0.8,70,0.4,0.25,0.3,false,NO_DILUTE_CONNECTED_ROOT;ACTUAL_LOADING_EXCEEDS_DESIGN_FLOOD_FRACTION,1.2483535015855907,0.06360212931931321,0.002041077182011497,1.0208446306752275,0.002083622682050161,0.0003817882556962376,8.764019327608473,0.15837640494386168,,0,1.1728612573401895,1736.0624303233008
0.8,30,0.4,0.25,0.4,false,ACTUAL_LOADING_EXCEEDS_DESIGN_FLOOD_FRACTION,3.450720040915203,0.005006581608225821,0.014159932416081548,1.4014950059882172,0.01984507456626896,0.003814523117020332,0.8771737775151928,0.16417431288197953,0.0969930154481502,2,0.5026548245743669,744.026755852843
0.8,35,0.4,0.25,0.4,false,NO_DILUTE_CONNECTED_ROOT;ACTUAL_LOADING_EXCEEDS_DESIGN_FLOOD_FRACTION,2.867963227452313,0.007950266164914151,0.010104096419591157,1.3713994791517385,0.013856752567126259,0.0026230439399880894,1.2756170802045144,0.16225046466722315,,0,0.5864306286700948,868.0312151616504
0.8,40,0.4,0.25,0.4,false,NO_DILUTE_CONNECTED_ROOT;ACTUAL_LOADING_EXCEEDS_DESIGN_FLOOD_FRACTION,2.4433362717023073,0.011867452700979721,0.0074886986500098405,1.3447682258754914,0.010070563997689921,0.001887030300756993,1.7731562925266677,0.1610078769045522,,0,0.6702064327658226,992.0356744704574
0.8,45,0.4,0.25,0.4,false,NO_DILUTE_CONNECTED_ROOT;ACTUAL_LOADING_EXCEEDS_DESIGN_FLOOD_FRACTION,2.12129083335764,0.016897212927762147,0.005724698060257573,1.320955495457142,0.007562071362530082,0.001407156404065716,2.3778448808590933,0.1601745428276134,,0,0.7539822368615504,1116.0401337792646
0.8,50,0.4,0.25,0.4,false,NO_DILUTE_CONNECTED_ROOT;ACTUAL_LOADING_EXCEEDS_DESIGN_FLOOD_FRACTION,1.8693526010161363,0.02317861855660102,0.004489496341195779,1.2994715618432333,0.0058339728223831605,0.0010802859174394242,3.0973278443791017,0.15959632959732606,,0,0.8377580409572782,1240.0445930880721
0.8,55,0.4,0.25,0.4,false,NO_DILUTE_CONNECTED_ROOT;ACTUAL_LOADING_EXCEEDS_DESIGN_FLOOD_FRACTION,1.6673240108099374,0.030850741298835957,0.0035968506220140366,1.2799391504086368,0.004603749929287423,0.0008494736590678068,3.9389092484016235,0.15918294203481914,,0,0.9215338450530061,1364.049052396879
0.8,60,0.4,0.25,0.4,false,NO_DILUTE_CONNECTED_ROOT;ACTUAL_LOADING_EXCEEDS_DESIGN_FLOOD_FRACTION,1.502013137697977,0.040052652865806566,0.002934244615688558,1.2620627523711074,0.003703200835806004,0.0006815219828275686,4.909599009695218,0.1588795626240559,,0,1.0053096491487339,1488.053511705686
0.8,65,0.4,0.25,0.4,false,NO_DILUTE_CONNECTED_ROOT;ACTUAL_LOADING_EXCEEDS_DESIGN_FLOOD_FRACTION,1.364454958232881,0.05092342496885244,0.0024309773670366202,1.245607234154884,0.003028042994447607,0.0005561697412553812,6.016148315482235,0.1586517833981651,,0,1.0890854532444616,1612.0579710144934
0.8,70,0.4,0.25,0.4,false,NO_DILUTE_CONNECTED_ROOT;ACTUAL_LOADING_EXCEEDS_DESIGN_FLOOD_FRACTION,1.2483535015855907,0.06360212931931321,0.002041077182011497,1.2303827946196262,0.002511306247237657,0.000460559369550845,7.265077801454562,0.1584773110747178,,0,1.1728612573401895,1736.0624303233008
0.8,30,0.5,0.25,0.2,false,NO_DILUTE_CONNECTED_ROOT;ACTUAL_LOADING_EXCEEDS_DESIGN_FLOOD_FRACTION,2.2084608261857306,0.015278874536821951,0.006182274293665239,0.8950154691630463,0.0055332311274394344,0.0010259549780019747,3.261351349444217,0.15975200616085816,,0,0.6283185307179586,1162.541806020067
0.8,35,0.5,0.25,0.2,false,NO_DILUTE_CONNECTED_ROOT;ACTUAL_LOADING_EXCEEDS_DESIGN_FLOOD_FRACTION,1.83549646556948,0.024262286880231163,0.004333697291877724,0.8636556855084774,0.003742822305402888,0.0006899528319382151,4.849606374650527,0.1590710556360353,,0,0.7330382858376184,1356.2987736900784
0.8,40,0.5,0.25,0.2,false,NO_DILUTE_CONNECTED_ROOT;ACTUAL_LOADING_EXCEEDS_DESIGN_FLOOD_FRACTION,1.563735213889477,0.03621659149468907,0.003174352800360594,0.8363408963197174,0.0026548410662885842,0.0004876366956039612,6.861665010324074,0.15865510314162035,,0,0.8377580409572781,1550.0557413600893
0.8,45,0.5,0.25,0.2,false,NO_DILUTE_CONNECTED_ROOT;ACTUAL_LOADING_EXCEEDS_DESIGN_FLOOD_FRACTION,1.35762613334889,0.051566201561774085,0.002407153629099114,0.8122283601657959,0.001955158444830318,0.0003582817832138759,9.339016965811966,0.15838675638786515,,0,0.9424777960769379,1743.8127090301007
0.8,50,0.5,0.25,0.2,false,NO_DILUTE_CONNECTED_ROOT;ACTUAL_LOADING_EXCEEDS_DESIGN_FLOOD_FRACTION,1.1963856646503275,0.07073553026306459,0.0018770714054723004,0.790706341596819,0.0014842122639370018,0.00027155065633015864,12.321824948593,0.15820574868488685,,0,1.0471975511965979,1937.569676700112
0.8,55,0.5,0.25,0.2,false,NO_DILUTE_CONNECTED_ROOT;ACTUAL_LOADING_EXCEEDS_DESIGN_FLOOD_FRACTION,1.0670873669183603,0.09414899078013897,0.0014976668463078414,0.7713183974207828,0.001155177991764402,0.00021111582229158576,15.849118344878836,0.1580790750442313,,0,1.1519173063162573,2131.3266443701227
0.8,60,0.5,0.25,0.2,false,NO_DILUTE_CONNECTED_ROOT;ACTUAL_LOADING_EXCEEDS_DESIGN_FLOOD_FRACTION,0.9612884081267057,0.12223099629457561,0.0012180309270795298,0.7537157576141644,0.0009180491030012309,0.00016764417515072015,19.958937726094796,0.15798766828811273,,0,1.2566370614359172,2325.083612040134
0.8,65,0.5,0.25,0.2,false,NO_DILUTE_CONNECTED_ROOT;ACTUAL_LOADING_EXCEEDS_DESIGN_FLOOD_FRACTION,0.8732511732690441,0.15540595998795287,0.0010067745998738463,0.7376264115663363,0.0007426235353610793,0.00013552896391617238,24.688447069110083,0.1579199676349114,,0,1.361356816555577,2518.8405797101454
0.8,70,0.5,0.25,0.2,false,NO_DILUTE_CONNECTED_ROOT;ACTUAL_LOADING_EXCEEDS_DESIGN_FLOOD_FRACTION,0.7989462410147781,0.1940982950418493,0.0008437788060680306,0.7228344247694057,0.0006099123679168009,0.0001112587960711479,30.074023539101113,0.15786870565555378,,0,1.4660765716752369,2712.597547380157
0.8,30,0.5,0.25,0.3,false,NO_DILUTE_CONNECTED_ROOT;ACTUAL_LOADING_EXCEEDS_DESIGN_FLOOD_FRACTION,2.2084608261857306,0.015278874536821951,0.006182274293665239,1.1022882672777152,0.006814648418999817,0.0012669440774052928,2.6410002711630134,0.16006869162996662,,0,0.6283185307179586,1162.541806020067
0.8,35,0.5,0.25,0.3,false,NO_DILUTE_CONNECTED_ROOT;ACTUAL_LOADING_EXCEEDS_DESIGN_FLOOD_FRACTION,1.83549646556948,0.024262286880231163,0.004333697291877724,1.070928483623146,0.004641079869272346,0.0008571912030718603,3.9034460922894576,0.15929574770168675,,0,0.7330382858376184,1356.2987736900784
0.8,40,0.5,0.25,0.3,false,NO_DILUTE_CONNECTED_ROOT;ACTUAL_LOADING_EXCEEDS_DESIGN_FLOOD_FRACTION,1.563735213889477,0.03621659149468907,0.003174352800360594,1.0436136944343863,0.003312798053422459,0.0006093644283655385,5.490966482816408,0.1588208792577932,,0,0.8377580409572781,1550.0557413600893
0.8,45,0.5,0.25,0.3,false,NO_DILUTE_CONNECTED_ROOT;ACTUAL_LOADING_EXCEEDS_DESIGN_FLOOD_FRACTION,1.35762613334889,0.051566201561774085,0.002407153629099114,1.0195011582804647,0.002454095913025571,0.0004502075128394145,7.432127533529731,0.1585130477450541,,0,0.9424777960769379,1743.8127090301007
0.8,50,0.5,0.25,0.3,false,NO_DILUTE_CONNECTED_ROOT;ACTUAL_LOADING_EXCEEDS_DESIGN_FLOOD_FRACTION,1.1963856646503275,0.07073553026306459,0.0018770714054723004,0.9979791397114879,0.0018732781064102798,0.0003430306087532668,9.754230574748636,0.15830453568747982,,0,1.0471975511965979,1937.569676700112
0.8,55,0.5,0.25,0.3,false,NO_DILUTE_CONNECTED_ROOT;ACTUAL_LOADING_EXCEEDS_DESIGN_FLOOD_FRACTION,1.0670873669183603,0.09414899078013897,0.0014976668463078414,0.9785911955354516,0.0014656035896422,0.0002680339192535192,12.483493362684992,0.15815807999288095,,0,1.1519173063162573,2131.3266443701227
0.8,60,0.5,0.25,0.3,false,NO_DILUTE_CONNECTED_ROOT;ACTUAL_LOADING_EXCEEDS_DESIGN_FLOOD_FRACTION,0.9612884081267057,0.12223099629457561,0.0012180309270795298,0.9609885557288333,0.0011705137814472092,0.00021386765513928618,15.645187907430854,0.1580520270918201,,0,1.2566370614359172,2325.083612040134
0.8,65,0.5,0.25,0.3,false,NO_DILUTE_CONNECTED_ROOT;ACTUAL_LOADING_EXCEEDS_DESIGN_FLOOD_FRACTION,0.8732511732690441,0.15540595998795287,0.0010067745998738463,0.9448992096810052,0.0009513005237477076,0.00017369410562504352,19.263748990992358,0.15797323975559097,,0,1.361356816555577,2518.8405797101454
0.8,70,0.5,0.25,0.3,false,NO_DILUTE_CONNECTED_ROOT;ACTUAL_LOADING_EXCEEDS_DESIGN_FLOOD_FRACTION,0.7989462410147781,0.1940982950418493,0.0008437788060680306,0.9301072228840745,0.0007848047620403761,0.0001432187408414985,23.36286181763601,0.15791340066449067,,0,1.4660765716752369,2712.597547380157
0.8,30,0.5,0.25,0.4,false,NO_DILUTE_CONNECTED_ROOT;ACTUAL_LOADING_EXCEEDS_DESIGN_FLOOD_FRACTION,2.2084608261857306,0.015278874536821951,0.006182274293665239,1.311826431222114,0.008110070823495085,0.0015115849218117485,2.2135704079168237,0.16036799844886784,,0,0.6283185307179586,1162.541806020067
0.8,35,0.5,0.25,0.4,false,NO_DILUTE_CONNECTED_ROOT;ACTUAL_LOADING_EXCEEDS_DESIGN_FLOOD_FRACTION,1.83549646556948,0.024262286880231163,0.004333697291877724,1.2804666475675448,0.005549154842903217,0.0010267741986931809,3.258749252011151,0.15950825988194567,,0,0.7330382858376184,1356.2987736900784
0.8,40,0.5,0.25,0.4,false,NO_DILUTE_CONNECTED_ROOT;ACTUAL_LOADING_EXCEEDS_DESIGN_FLOOD_FRACTION,1.563735213889477,0.03621659149468907,0.003174352800360594,1.253151858378785,0.003977946110921778,0.0007327053633468623,4.566637313383167,0.158977633369156,,0,0.8377580409572781,1550.0557413600893
0.8,45,0.5,0.25,0.4,false,NO_DILUTE_CONNECTED_ROOT;ACTUAL_LOADING_EXCEEDS_DESIGN_FLOOD_FRACTION,1.35762613334889,0.051566201561774085,0.002407153629099114,1.2290393222248635,0.0029584864647990952,0.0005433025946384706,6.1586299881418345,0.15863240214364072,,0,0.9424777960769379,1743.8127090301007
0.8,50,0.5,0.25,0.4,false,NO_DILUTE_CONNECTED_ROOT;ACTUAL_LOADING_EXCEEDS_DESIGN_FLOOD_FRACTION,1.1963856646503275,0.07073553026306459,0.0018770714054723004,1.2075173036558866,0.0022665962023054776,0.0004153927516513995,8.055026571055189,0.15839782764671972,,0,1.0471975511965979,1937.569676700112
0.8,55,0.5,0.25,0.4,false,NO_DILUTE_CONNECTED_ROOT;ACTUAL_LOADING_EXCEEDS_DESIGN_FLOOD_FRACTION,1.0670873669183603,0.09414899078013897,0.0014976668463078414,1.1881293594798503,0.001779421950817943,0.00032563873436068316,10.275189339944014,0.15823261450797194,,0,1.1519173063162573,2131.3266443701227
0.8,60,0.5,0.25,0.4,false,NO_DILUTE_CONNECTED_ROOT;ACTUAL_LOADING_EXCEEDS_DESIGN_FLOOD_FRACTION,0.9612884081267057,0.12223099629457561,0.0012180309270795298,1.170526719673232,0.0014257377455349479,0.00026063925683141725,12.837665717179208,0.15811269695166486,,0,1.2566370614359172,2325.083612040134
0.8,65,0.5,0.25,0.4,false,NO_DILUTE_CONNECTED_ROOT;ACTUAL_LOADING_EXCEEDS_DESIGN_FLOOD_FRACTION,0.8732511732690441,0.15540595998795287,0.0010067745998738463,1.1544373736254039,0.00116225822491113,0.00021230578357484998,15.76028497968872,0.15802340124408132,,0,1.361356816555577,2518.8405797101454
0.8,70,0.5,0.25,0.4,false,NO_DILUTE_CONNECTED_ROOT;ACTUAL_LOADING_EXCEEDS_DESIGN_FLOOD_FRACTION,0.7989462410147781,0.1940982950418493,0.0008437788060680306,1.1396453868284733,0.000961608623839068,0.00017554869487192344,19.0602365595308,0.15795545012572176,,0,1.4660765716752369,2712.597547380157
0.8,30,0.33,0.3,0.2,true,,5.453487568239414,0.0015945193589232535,0.03095706089922042,1.0257428909683153,0.031753985142648544,0.00633540486903005,0.5281429870934238,0.16915152017870577,0.04494292819046382,2,0.4146902302738527,506.4032107023412
0.8,35,0.33,0.3,0.2,false,ACTUAL_LOADING_EXCEEDS_DESIGN_FLOOD_FRACTION,4.532503831557083,0.0025320376856975747,0.022802894479037272,0.9980928891741313,0.022759406832115157,0.0044390694265155125,0.7537615050554018,0.16607503284211034,0.07368479109015888,2,0.4838052686528282,590.8037458193982
0.8,40,0.33,0.3,0.2,false,NO_DILUTE_CONNECTED_ROOT;ACTUAL_LOADING_EXCEEDS_DESIGN_FLOOD_FRACTION,3.861427129632627,0.0037796014433736378,0.017292541150823366,0.9731695697171342,0.01682857483106261,0.0032293134494920054,1.0361334396021862,0.16396116648636638,,0,0.5529203070318036,675.2042809364548
0.8,45,0.33,0.3,0.2,false,NO_DILUTE_CONNECTED_ROOT;ACTUAL_LOADING_EXCEEDS_DESIGN_FLOOD_FRACTION,3.3524693545605415,0.0053815028363659815,0.013442107477472032,0.9505588688415263,0.012777514478632037,0.0024232376180524638,1.3807971727778412,0.16248013969725977,,0,0.6220353454107791,759.6048160535119
0.8,50,0.33,0.3,0.2,false,NO_DILUTE_CONNECTED_ROOT;ACTUAL_LOADING_EXCEEDS_DESIGN_FLOOD_FRACTION,2.9543083905449836,0.007382034069089136,0.010672917617742273,0.9299166576330609,0.009924923878283904,0.001866078928171916,1.793064377643246,0.16142013412201056,,0,0.6911503837897546,844.0053511705688
0.8,55,0.33,0.3,0.2,false,NO_DILUTE_CONNECTED_ROOT;ACTUAL_LOADING_EXCEEDS_DESIGN_FLOOD_FRACTION,2.6350241854936143,0.00982548734595764,0.008630638860402615,0.9109619176431557,0.007862183326757905,0.0014687869005866106,2.278070188833664,0.1606452949633142,,0,0.7602654221687299,928.4058862876254
0.8,60,0.33,0.3,0.2,false,NO_DILUTE_CONNECTED_ROOT;ACTUAL_LOADING_EXCEEDS_DESIGN_FLOOD_FRACTION,2.3737683372296163,0.012756154871386028,0.007090828432082051,0.8934653262677823,0.006335409338579057,0.0011778345265651756,2.8408062223591144,0.1600674911687463,,0,0.8293804605477054,1012.8064214046824
0.8,65,0.33,0.3,0.2,false,NO_DILUTE_CONNECTED_ROOT;ACTUAL_LOADING_EXCEEDS_DESIGN_FLOOD_FRACTION,2.156372601635955,0.01621832884978883,0.0059070288838729106,0.8772387088532068,0.005181874391247271,0.0009597997690487797,3.4861434226972596,0.15962862036126108,,0,0.8984954989266808,1097.2069565217391
0.8,70,0.33,0.3,0.2,false,NO_DILUTE_CONNECTED_ROOT;ACTUAL_LOADING_EXCEEDS_DESIGN_FLOOD_FRACTION,1.97288688185193,0.020256301485580597,0.004981097972542513,0.8621264447425974,0.004294336285982636,0.0007931072953474587,4.218848662222778,0.15928963741166524,,0,0.9676105373056564,1181.6074916387963
0.8,30,0.33,0.3,0.3,true,,5.453487568239414,0.0015945193589232535,0.03095706089922042,1.2330156890829842,0.03817054177663617,0.007686052237671716,0.4353339723058314,0.17044613949750492,0.03554783549248362,2,0.4146902302738527,506.4032107023412
0.8,35,0.33,0.3,0.3,true,,4.532503831557083,0.0025320376856975747,0.022802894479037272,1.2053656872888001,0.027485826575898747,0.005402375051141735,0.6193571568617048,0.16710282936264514,0.054984876581427033,2,0.4838052686528282,590.8037458193982
0.8,40,0.33,0.3,0.3,false,ACTUAL_LOADING_EXCEEDS_DESIGN_FLOOD_FRACTION,3.861427129632627,0.0037796014433736378,0.017292541150823366,1.180442367831803,0.020412848221906827,0.0039421303021321945,0.8487795672725452,0.16477866556656307,0.09079653410448205,2,0.5529203070318036,675.2042809364548
0.8,45,0.33,0.3,0.3,false,NO_DILUTE_CONNECTED_ROOT;ACTUAL_LOADING_EXCEEDS_DESIGN_FLOOD_FRACTION,3.3524693545605415,0.0053815028363659815,0.013442107477472032,1.157831666956195,0.015563697708045776,0.0029671775672089904,1.1276708508965618,0.16313591038957737,,0,0.6220353454107791,759.6048160535119
0.8,50,0.33,0.3,0.3,false,NO_DILUTE_CONNECTED_ROOT;ACTUAL_LOADING_EXCEEDS_DESIGN_FLOOD_FRACTION,2.9543083905449836,0.007382034069089136,0.010672917617742273,1.1371894557477296,0.01213712937696069,0.002291967868176232,1.459880698344273,0.16195210991767112,,0,0.6911503837897546,844.0053511705688
0.8,55,0.33,0.3,0.3,false,NO_DILUTE_CONNECTED_ROOT;ACTUAL_LOADING_EXCEEDS_DESIGN_FLOOD_FRACTION,2.6350241854936143,0.00982548734595764,0.008630638860402615,1.1182347157578245,0.009651079992870753,0.0018095374492291111,1.849091132875529,0.16108200878563583,,0,0.7602654221687299,928.4058862876254
0.8,60,0.33,0.3,0.3,false,NO_DILUTE_CONNECTED_ROOT;ACTUAL_LOADING_EXCEEDS_DESIGN_FLOOD_FRACTION,2.3737683372296163,0.012756154871386028,0.007090828432082051,1.100738124382451,0.007805145188647753,0.0014555110031102758,2.298848751280958,0.1604302170123273,,0,0.8293804605477054,1012.8064214046824
0.8,65,0.33,0.3,0.3,false,NO_DILUTE_CONNECTED_ROOT;ACTUAL_LOADING_EXCEEDS_DESIGN_FLOOD_FRACTION,2.156372601635955,0.01621832884978883,0.0059070288838729106,1.0845115069678757,0.006406240796551779,0.00118965242611695,2.8125859104050788,0.15993324877901538,,0,0.8984954989266808,1097.2069565217391
0.8,70,0.33,0.3,0.3,false,NO_DILUTE_CONNECTED_ROOT;ACTUAL_LOADING_EXCEEDS_DESIGN_FLOOD_FRACTION,1.97288688185193,0.020256301485580597,0.004981097972542513,1.069399242857266,0.005326782400434826,0.000985963129618024,3.393635676084601,0.15954808764712453,,0,0.9676105373056564,1181.6074916387963
0.8,30,0.33,0.3,0.4,true,,5.453487568239414,0.0015945193589232535,0.03095706089922042,1.442553853027383,0.04465722747857375,0.009067321530404671,0.36901742601229026,0.17163841329945695,0.0294110304215454,2,0.4146902302738527,506.4032107023412
0.8,35,0.33,0.3,0.4,true,,4.532503831557083,0.0025320376856975747,0.022802894479037272,1.4149038512331988,0.032263903217654086,0.006386321289037603,0.5239322452691669,0.16805809340143996,0.044140860542845724,2,0.4838052686528282,590.8037458193982
0.8,40,0.33,0.3,0.4,false,ACTUAL_LOADING_EXCEEDS_DESIGN_FLOOD_FRACTION,3.861427129632627,0.0037796014433736378,0.017292541150823366,1.3899805317762017,0.024036295544583315,0.004669219606071091,0.7166078990213183,0.16554310083847867,0.06760963231825298,2,0.5529203070318036,675.2042809364548
0.8,45,0.33,0.3,0.4,false,ACTUAL_LOADING_EXCEEDS_DESIGN_FLOOD_FRACTION,3.3524693545605415,0.0053815028363659815,0.013442107477472032,1.3673698309005937,0.01838033222841854,0.0035212834552311436,0.9502216150775952,0.16375158916302396,0.11945525808941897,2,0.6220353454107791,759.6048160535119
0.8,50,0.33,0.3,0.4,false,NO_DILUTE_CONNECTED_ROOT;ACTUAL_LOADING_EXCEEDS_DESIGN_FLOOD_FRACTION,2.9543083905449836,0.007382034069089136,0.010672917617742273,1.3467276196921283,0.014373512938512231,0.0027253172099419532,1.227746861822011,0.1624528562410122,,0,0.6911503837897546,844.0053511705688
0.8,55,0.33,0.3,0.4,false,NO_DILUTE_CONNECTED_ROOT;ACTUAL_LOADING_EXCEEDS_DESIGN_FLOOD_FRACTION,2.6350241854936143,0.00982548734595764,0.008630638860402615,1.3277728797022232,0.011459528213346695,0.002155918563141602,1.5520065132237486,0.16149379280604415,,0,0.7602654221687299,928.4058862876254
0.8,60,0.33,0.3,0.4,false,NO_DILUTE_CONNECTED_ROOT;ACTUAL_LOADING_EXCEEDS_DESIGN_FLOOD_FRACTION,2.3737683372296163,0.012756154871386028,0.007090828432082051,1.3102762883268497,0.009290944359150965,0.001737546125658223,1.9257040734433508,0.16077261218656658,,0,0.8293804605477054,1012.8064214046824
0.8,65,0.33,0.3,0.4,false,NO_DILUTE_CONNECTED_ROOT;ACTUAL_LOADING_EXCEEDS_DESIGN_FLOOD_FRACTION,2.156372601635955,0.01621832884978883,0.0059070288838729106,1.2940496709122744,0.007643988783245039,0.0014229557693033492,2.351443188999393,0.1602209687553376,,0,0.8984954989266808,1097.2069565217391
0.8,70,0.33,0.3,0.4,false,NO_DILUTE_CONNECTED_ROOT;ACTUAL_LOADING_EXCEEDS_DESIGN_FLOOD_FRACTION,1.97288688185193,0.020256301485580597,0.004981097972542513,1.2789374068016648,0.0063705125240285515,0.0011816051548197495,2.8317409062811465,0.15979228511836163,,0,0.9676105373056564,1181.6074916387963
0.8,30,0.4,0.3,0.2,false,NO_DILUTE_CONNECTED_ROOT;ACTUAL_LOADING_EXCEEDS_DESIGN_FLOOD_FRACTION,3.7117799761329495,0.004172151340188185,0.01612760481794827,0.9536367583747468,0.015379876778937136,0.0029397164498552444,1.1382048946048908,0.16346133378965005,,0,0.5026548245743669,744.026755852843
0.8,35,0.4,0.3,0.2,false,NO_DILUTE_CONNECTED_ROOT;ACTUAL_LOADING_EXCEEDS_DESIGN_FLOOD_FRACTION,3.0849354203535393,0.006625221804095127,0.011555601964201887,0.9236273622862712,0.010673070161825842,0.0020116602244736595,1.6633025852321635,0.1617185611274074,,0,0.5864306286700948,868.0312151616504
0.8,40,0.4,0.3,0.2,false,NO_DILUTE_CONNECTED_ROOT;ACTUAL_LOADING_EXCEEDS_DESIGN_FLOOD_FRACTION,2.6281838401062054,0.009889543917483104,0.008588765290927983,0.8970553155412779,0.007704597558163377,0.0014388036367166607,2.3255429487315578,0.16060004987501414,,0,0.6702064327658226,992.0356744704574
0.8,45,0.4,0.3,0.2,false,NO_DILUTE_CONNECTED_ROOT;ACTUAL_LOADING_EXCEEDS_DESIGN_FLOOD_FRACTION,2.281774454447768,0.014081010773135122,0.006578716251148498,0.8732852622153289,0.005745095946424462,0.0010661608872281896,3.138362785634257,0.15985403716544694,,0,0.7539822368615504,1116.0401337792646
0.8,50,0.4,0.3,0.2,false,NO_DILUTE_CONNECTED_ROOT;ACTUAL_LOADING_EXCEEDS_DESIGN_FLOOD_FRACTION,2.0107761483146787,0.019315515463834188,0.005166635796886423,0.8518332423664554,0.004401112122988357,0.0008131713289034529,4.114753598713046,0.15933900769537862,,0,0.8377580409572782,1240.0445930880721
0.8,55,0.4,0.3,0.2,false,NO_DILUTE_CONNECTED_ROOT;ACTUAL_LOADING_EXCEEDS_DESIGN_FLOOD_FRACTION,1.7934633362515904,0.025708951082363304,0.0041437154696054536,0.8323254055117428,0.003448919658564641,0.0006352349423737479,5.267341937256176,0.15897251599777418,,0,0.9215338450530061,1364.049052396879
0.8,60,0.4,0.3,0.2,false,NO_DILUTE_CONNECTED_ROOT;ACTUAL_LOADING_EXCEEDS_DESIGN_FLOOD_FRACTION,1.6156460745269066,0.03337721072150548,0.003383041289433997,0.8144683886812445,0.0027553801878474273,0.0005063217773332233,6.608445067480604,0.158704760191402,,0,1.0053096491487339,1488.053511705686
0.8,65,0.4,0.3,0.2,false,NO_DILUTE_CONNECTED_ROOT;ACTUAL_LOADING_EXCEEDS_DESIGN_FLOOD_FRACTION,1.4676811019884715,0.0424361874740437,0.002804495715625841,0.7980284629669836,0.0022380674053383803,0.00041054647275463467,8.150111799829071,0.15850458143165774,,0,1.0890854532444616,1612.0579710144934
0.8,70,0.4,0.3,0.2,false,NO_DILUTE_CONNECTED_ROOT;ACTUAL_LOADING_EXCEEDS_DESIGN_FLOOD_FRACTION,1.3427961339604695,0.053001774432761016,0.002355797567762009,0.7828167805293873,0.001844157867574417,0.0003378380161714921,9.904153741766196,0.15835188042400167,,0,1.1728612573401895,1736.0624303233008
0.8,30,0.4,0.3,0.3,false,ACTUAL_LOADING_EXCEEDS_DESIGN_FLOOD_FRACTION,3.7117799761329495,0.004172151340188185,0.01612760481794827,1.1609095564894156,0.018722690556440887,0.0036004976378140848,0.9293158859026937,0.1642352723088067,0.11200006956789121,2,0.5026548245743669,744.026755852843
0.8,35,0.4,0.3,0.3,false,NO_DILUTE_CONNECTED_ROOT;ACTUAL_LOADING_EXCEEDS_DESIGN_FLOOD_FRACTION,3.0849354203535393,0.006625221804095127,0.011555601964201887,1.13090016040094,0.013068232114845332,0.002474642052413017,1.352114601266505,0.16229356899122432,,0,0.5864306286700948,868.0312151616504
0.8,40,0.4,0.3,0.3,false,NO_DILUTE_CONNECTED_ROOT;ACTUAL_LOADING_EXCEEDS_DESIGN_FLOOD_FRACTION,2.6281838401062054,0.009889543917483104,0.008588765290927983,1.1043281136559469,0.00948481497236417,0.0017776998591526438,1.8822072999266886,0.1610369288380455,,0,0.6702064327658226,992.0356744704574
0.8,45,0.4,0.3,0.3,false,NO_DILUTE_CONNECTED_ROOT;ACTUAL_LOADING_EXCEEDS_DESIGN_FLOOD_FRACTION,2.281774454447768,0.014081010773135122,0.006578716251148498,1.0805580603299976,0.007108684871802454,0.0013230000556828522,2.5291001595980664,0.16019341119162617,,0,0.7539822368615504,1116.0401337792646
0.8,50,0.4,0.3,0.3,false,NO_DILUTE_CONNECTED_ROOT;ACTUAL_LOADING_EXCEEDS_DESIGN_FLOOD_FRACTION,2.0107761483146787,0.019315515463834188,0.005166635796886423,1.0591060404811241,0.005472015181448417,0.0010133629581383717,3.3018768103805765,0.15960806339127098,,0,0.8377580409572782,1240.0445930880721
0.8,55,0.4,0.3,0.3,false,NO_DILUTE_CONNECTED_ROOT;ACTUAL_LOADING_EXCEEDS_DESIGN_FLOOD_FRACTION,1.7934633362515904,0.025708951082363304,0.0041437154696054536,1.0395982036264118,0.004307799158540803,0.0007949119096631462,4.2092710038696755,0.15918974105201739,,0,0.9215338450530061,1364.049052396879
0.8,60,0.4,0.3,0.3,false,NO_DILUTE_CONNECTED_ROOT;ACTUAL_LOADING_EXCEEDS_DESIGN_FLOOD_FRACTION,1.6156460745269066,0.03337721072150548,0.003383041289433997,1.0217411867959134,0.0034565926220458693,0.0006361558861790291,5.259716564241787,0.15888295368012134,,0,1.0053096491487339,1488.053511705686
0.8,65,0.4,0.3,0.3,false,NO_DILUTE_CONNECTED_ROOT;ACTUAL_LOADING_EXCEEDS_DESIGN_FLOOD_FRACTION,1.4676811019884715,0.0424361874740437,0.002804495715625841,1.0053012610816525,0.0028193630796167495,0.0005178456214177418,6.4613844620626075,0.1586528339940576,,0,1.0890854532444616,1612.0579710144934
0.8,70,0.4,0.3,0.3,false,NO_DILUTE_CONNECTED_ROOT;ACTUAL_LOADING_EXCEEDS_DESIGN_FLOOD_FRACTION,1.3427961339604695,0.053001774432761016,0.002355797567762009,0.990089578644056,0.0023324506212361795,0.0004277562110860968,7.822211730088204,0.15847676244080866,,0,1.1728612573401895,1736.0624303233008
0.8,30,0.4,0.3,0.4,false,ACTUAL_LOADING_EXCEEDS_DESIGN_FLOOD_FRACTION,3.7117799761329495,0.004172151340188185,0.01612760481794827,1.3704477204338144,0.022102039258814606,0.004274303802221796,0.7828174614627279,0.16495935372770787,0.07802601999991397,2,0.5026548245743669,744.026755852843
0.8,35,0.4,0.3,0.4,false,NO_DILUTE_CONNECTED_ROOT;ACTUAL_LOADING_EXCEEDS_DESIGN_FLOOD_FRACTION,3.0849354203535393,0.006625221804095127,0.011555601964201887,1.3404383243453388,0.015489571733696484,0.0029459363605362655,1.135801742630537,0.16283399435621992,,0,0.5864306286700948,868.0312151616504
0.8,40,0.4,0.3,0.4,false,NO_DILUTE_CONNECTED_ROOT;ACTUAL_LOADING_EXCEEDS_DESIGN_FLOOD_FRACTION,2.6281838401062054,0.009889543917483104,0.008588765290927983,1.3138662776003456,0.011284489081974599,0.0021221993240166407,1.576666062470914,0.16144856020019505,,0,0.6702064327658226,992.0356744704574
0.8,45,0.4,0.3,0.4,false,NO_DILUTE_CONNECTED_ROOT;ACTUAL_LOADING_EXCEEDS_DESIGN_FLOOD_FRACTION,2.281774454447768,0.014081010773135122,0.006578716251148498,1.2900962242743963,0.008487176996179287,0.0015838022485230806,2.1126372658555996,0.16051359701037393,,0,0.7539822368615504,1116.0401337792646
0.8,50,0.4,0.3,0.4,false,NO_DILUTE_CONNECTED_ROOT;ACTUAL_LOADING_EXCEEDS_DESIGN_FLOOD_FRACTION,2.0107761483146787,0.019315515463834188,0.005166635796886423,1.2686442044255228,0.006554622560097404,0.0012164736127509232,2.7505731459387244,0.15986205742656584,,0,0.8377580409572782,1240.0445930880721
0.8,55,0.4,0.3,0.4,false,NO_DILUTE_CONNECTED_ROOT;ACTUAL_LOADING_EXCEEDS_DESIGN_FLOOD_FRACTION,1.7934633362515904,0.025708951082363304,0.0041437154696054536,1.2491363675708105,0.005176065689949931,0.0009568126718598779,3.497026900230856,0.15939482548866346,,0,0.9215338450530061,1364.049052396879
0.8,60,0.4,0.3,0.4,false,NO_DILUTE_CONNECTED_ROOT;ACTUAL_LOADING_EXCEEDS_DESIGN_FLOOD_FRACTION,1.6156460745269066,0.03337721072150548,0.003383041289433997,1.2312793507403121,0.00416546888238196,0.0007677321473883022,4.358290405525273,0.1590511727935241,,0,1.0053096491487339,1488.053511705686
0.8,65,0.4,0.3,0.4,false,NO_DILUTE_CONNECTED_ROOT;ACTUAL_LOADING_EXCEEDS_DESIGN_FLOOD_FRACTION,1.4676811019884715,0.0424361874740437,0.002804495715625841,1.2148394250260512,0.0034070119626589206,0.0006265416794462281,5.340426282467162,0.15879274146599548,,0,1.0890854532444616,1612.0579710144934
0.8,70,0.4,0.3,0.4,false,NO_DILUTE_CONNECTED_ROOT;ACTUAL_LOADING_EXCEEDS_DESIGN_FLOOD_FRACTION,1.3427961339604695,0.053001774432761016,0.002355797567762009,1.1996277425884547,0.002826080118209711,0.000518816497405228,6.4492930905439545,0.1585945582004502,,0,1.1728612573401895,1736.0624303233008
0.8,30,0.5,0.3,0.2,false,NO_DILUTE_CONNECTED_ROOT;ACTUAL_LOADING_EXCEEDS_DESIGN_FLOOD_FRACTION,2.375539184725089,0.012732395447351627,0.0071008439792211685,0.8640850818990189,0.006135733351337478,0.0011402277296016065,2.934501209810814,0.16001718867888137,,0,0.6283185307179586,1162.541806020067
0.8,35,0.5,0.3,0.2,false,NO_DILUTE_CONNECTED_ROOT;ACTUAL_LOADING_EXCEEDS_DESIGN_FLOOD_FRACTION,1.9743586690262656,0.020218572400192637,0.004988249221515121,0.8327858324446638,0.004154143280380915,0.0007669796869127296,4.36256619186901,0.1592537914675029,,0,0.7330382858376184,1356.2987736900784
0.8,40,0.5,0.3,0.2,false,NO_DILUTE_CONNECTED_ROOT;ACTUAL_LOADING_EXCEEDS_DESIGN_FLOOD_FRACTION,1.6820376576679719,0.03018049291224089,0.0036588225502054827,0.8055126546444034,0.0029472278652888243,0.0005419565908286089,6.173925566363133,0.15878595391916034,,0,0.8377580409572781,1550.0557413600893
0.8,45,0.5,0.3,0.2,false,NO_DILUTE_CONNECTED_ROOT;ACTUAL_LOADING_EXCEEDS_DESIGN_FLOOD_FRACTION,1.460335650846572,0.04297183463481174,0.0027770912936813433,0.7814301126994695,0.0021701027625981276,0.00039800623571533143,8.406902585237216,0.15848355011460324,,0,0.9424777960769379,1743.8127090301007
0.8,50,0.5,0.3,0.2,false,NO_DILUTE_CONNECTED_ROOT;ACTUAL_LOADING_EXCEEDS_DESIGN_FLOOD_FRACTION,1.2868967349213947,0.0589462752192205,0.002166933806210885,0.759930523684247,0.0016467191421429366,0.0003014771452575233,11.0986842771036,0.158279342919536,,0,1.0471975511965979,1937.569676700112
0.8,55,0.5,0.3,0.2,false,NO_DILUTE_CONNECTED_ROOT;ACTUAL_LOADING_EXCEEDS_DESIGN_FLOOD_FRACTION,1.1478165352010183,0.07845749231678248,0.0017297370401615473,0.7405598509539297,0.001280973804651527,0.00023422360187906453,14.285493114837227,0.1581363499511506,,0,1.1519173063162573,2131.3266443701227
0.8,60,0.5,0.3,0.2,false,NO_DILUTE_CONNECTED_ROOT;ACTUAL_LOADING_EXCEEDS_DESIGN_FLOOD_FRACTION,1.034013487697221,0.10185916357881301,0.00140724841620566,0.7229708325995106,0.0010173995591385486,0.0001858608507630291,18.002713525947815,0.15803313597779595,,0,1.2566370614359172,2325.083612040134
0.8,65,0.5,0.3,0.2,false,NO_DILUTE_CONNECTED_ROOT;ACTUAL_LOADING_EXCEEDS_DESIGN_FLOOD_FRACTION,0.9393159052726219,0.12950496665662742,0.0011634725989304187,0.7068924452355152,0.0008224499904224435,0.00015014589496851175,22.284989227827158,0.15795667684447567,,0,1.361356816555577,2518.8405797101454
0.8,70,0.5,0.3,0.2,false,NO_DILUTE_CONNECTED_ROOT;ACTUAL_LOADING_EXCEEDS_DESIGN_FLOOD_FRACTION,0.8593895257347007,0.1617485792015411,0.0009753004148831316,0.6921094243505486,0.0006750146087136154,0.00012316729120204445,27.166300560162128,0.15789878368246857,,0,1.4660765716752369,2712.597547380157
0.8,30,0.5,0.3,0.3,false,NO_DILUTE_CONNECTED_ROOT;ACTUAL_LOADING_EXCEEDS_DESIGN_FLOOD_FRACTION,2.375539184725089,0.012732395447351627,0.0071008439792211685,1.0713578800136878,0.00760754515188635,0.0014181167079885457,2.3594670545287575,0.16038433780056205,,0,0.6283185307179586,1162.541806020067
0.8,35,0.5,0.3,0.3,false,NO_DILUTE_CONNECTED_ROOT;ACTUAL_LOADING_EXCEEDS_DESIGN_FLOOD_FRACTION,1.9743586690262656,0.020218572400192637,0.004988249221515121,1.0400586305593325,0.005188071654217673,0.0009600204635134714,3.4853420100339347,0.15951538258604625,,0,0.7330382858376184,1356.2987736900784
0.8,40,0.5,0.3,0.3,false,NO_DILUTE_CONNECTED_ROOT;ACTUAL_LOADING_EXCEEDS_DESIGN_FLOOD_FRACTION,1.6820376576679719,0.03018049291224089,0.0036588225502054827,1.012785452759072,0.0037056022530749626,0.0006825526086390527,4.902185721108544,0.15897946398597984,,0,0.8377580409572781,1550.0557413600893
0.8,45,0.5,0.3,0.3,false,NO_DILUTE_CONNECTED_ROOT;ACTUAL_LOADING_EXCEEDS_DESIGN_FLOOD_FRACTION,1.460335650846572,0.04297183463481174,0.0027770912936813433,0.9887029108141383,0.002745718245659345,0.0005042243199400422,6.635934681559248,0.15863123476356344,,0,0.9424777960769379,1743.8127090301007
0.8,50,0.5,0.3,0.3,false,NO_DILUTE_CONNECTED_ROOT;ACTUAL_LOADING_EXCEEDS_DESIGN_FLOOD_FRACTION,1.2868967349213947,0.0589462752192205,0.002166933806210885,0.9672033217989158,0.002095865575485536,0.0003840940235406738,8.711407746289565,0.15839502486398765,,0,1.0471975511965979,1937.569676700112
0.8,55,0.5,0.3,0.3,false,NO_DILUTE_CONNECTED_ROOT;ACTUAL_LOADING_EXCEEDS_DESIGN_FLOOD_FRACTION,1.1478165352010183,0.07845749231678248,0.0017297370401615473,0.9478326490685985,0.0016395012409683963,0.00030002325217272065,11.152467776229193,0.1582289461739983,,0,1.1519173063162573,2131.3266443701227
0.8,60,0.5,0.3,0.3,false,NO_DILUTE_CONNECTED_ROOT;ACTUAL_LOADING_EXCEEDS_DESIGN_FLOOD_FRACTION,1.034013487697221,0.10185916357881301,0.00140724841620566,0.9302436307141795,0.001309083876007932,0.00023930519718408732,13.982143686590378,0.15810862931240083,,0,1.2566370614359172,2325.083612040134
0.8,65,0.5,0.3,0.3,false,NO_DILUTE_CONNECTED_ROOT;ACTUAL_LOADING_EXCEEDS_DESIGN_FLOOD_FRACTION,0.9393159052726219,0.12950496665662742,0.0011634725989304187,0.9141652433501839,0.0010636062115324972,0.0001942781664528642,17.222726120320676,0.15801920254658897,,0,1.361356816555577,2518.8405797101454
0.8,70,0.5,0.3,0.3,false,NO_DILUTE_CONNECTED_ROOT;ACTUAL_LOADING_EXCEEDS_DESIGN_FLOOD_FRACTION,0.8593895257347007,0.1617485792015411,0.0009753004148831316,0.8993822224652174,0.0008771678547088394,0.00016012751477393112,20.895844519286097,0.15795127011805588,,0,1.4660765716752369,2712.597547380157
0.8,30,0.5,0.3,0.4,false,NO_DILUTE_CONNECTED_ROOT;ACTUAL_LOADING_EXCEEDS_DESIGN_FLOOD_FRACTION,2.375539184725089,0.012732395447351627,0.0071008439792211685,1.2808960439580865,0.009095442961747992,0.0017003850472554266,1.9677893882779636,0.16073029350698653,,0,0.6283185307179586,1162.541806020067
0.8,35,0.5,0.3,0.4,false,NO_DILUTE_CONNECTED_ROOT;ACTUAL_LOADING_EXCEEDS_DESIGN_FLOOD_FRACTION,1.9743586690262656,0.020218572400192637,0.004988249221515121,1.2495967945037312,0.006233300237391028,0.0011558585971320752,2.894817463206893,0.15976208393759334,,0,0.7330382858376184,1356.2987736900784
0.8,40,0.5,0.3,0.4,false,NO_DILUTE_CONNECTED_ROOT;ACTUAL_LOADING_EXCEEDS_DESIGN_FLOOD_FRACTION,1.6820376576679719,0.03018049291224089,0.0036588225502054827,1.2223236167034708,0.004472265212443382,0.0008250636163311615,4.0554444357327535,0.15916195963855706,,0,0.8377580409572781,1550.0557413600893
0.8,45,0.5,0.3,0.4,false,NO_DILUTE_CONNECTED_ROOT;ACTUAL_LOADING_EXCEEDS_DESIGN_FLOOD_FRACTION,1.460335650846572,0.04297183463481174,0.0027770912936813433,1.198241074758537,0.003327624856443309,0.0006118244572759035,5.4688883587189885,0.15877045637859455,,0,0.9424777960769379,1743.8127090301007
0.8,50,0.5,0.3,0.4,false,NO_DILUTE_CONNECTED_ROOT;ACTUAL_LOADING_EXCEEDS_DESIGN_FLOOD_FRACTION,1.2868967349213947,0.0589462752192205,0.002166933806210885,1.1767414857433145,0.0025499209066280125,0.00046774981722701804,7.153395958147007,0.1585039935753233,,0,1.0471975511965979,1937.569676700112
0.8,55,0.5,0.3,0.4,false,NO_DILUTE_CONNECTED_ROOT;ACTUAL_LOADING_EXCEEDS_DESIGN_FLOOD_FRACTION,1.1478165352010183,0.07845749231678248,0.0017297370401615473,1.1573708130129972,0.0020019471644704655,0.0003666292741098131,9.126384302235383,0.15831609357072807,,0,1.1519173063162573,2131.3266443701227
0.8,60,0.5,0.3,0.4,false,NO_DILUTE_CONNECTED_ROOT;ACTUAL_LOADING_EXCEEDS_DESIGN_FLOOD_FRACTION,1.034013487697221,0.10185916357881301,0.00140724841620566,1.1397817946585782,0.001603956125353329,0.0002933916690848155,11.404548951280788,0.1581796072457099,,0,1.2566370614359172,2325.083612040134
0.8,65,0.5,0.3,0.4,false,NO_DILUTE_CONNECTED_ROOT;ACTUAL_LOADING_EXCEEDS_DESIGN_FLOOD_FRACTION,0.9393159052726219,0.12950496665662742,0.0011634725989304187,1.1237034072945826,0.0013073981237119948,0.00023893257286042007,14.003949364955036,0.1580779297256939,,0,1.361356816555577,2518.8405797101454
0.8,70,0.5,0.3,0.4,false,NO_DILUTE_CONNECTED_ROOT;ACTUAL_LOADING_EXCEEDS_DESIGN_FLOOD_FRACTION,0.8593895257347007,0.1617485792015411,0.0009753004148831316,1.1089203864096162,0.0010815305129376613,0.00019751973136304882,16.94007798049136,0.15800052111192087,,0,1.4660765716752369,2712.597547380157
0.9,30,0.33,0.2,0.2,true,,4.220032599519317,0.0030270953454558658,0.020183010607139344,1.038966068654111,0.020969463184103785,0.0040663020369267324,0.6501614458122622,0.16531281170026585,0.058219456959789306,2,0.46652650905808435,640.9165635451507
0.9,35,0.33,0.2,0.2,false,ACTUAL_LOADING_EXCEEDS_DESIGN_FLOOD_FRACTION,3.5073544566256527,0.004806915293941491,0.014579498420198666,1.009478921140162,0.014717696335986845,0.0028050479434895805,0.9424982619543777,0.1630982399272709,0.11587804042238209,2,0.5442809272344318,747.7359908026758
0.9,40,0.33,0.2,0.2,false,NO_DILUTE_CONNECTED_ROOT;ACTUAL_LOADING_EXCEEDS_DESIGN_FLOOD_FRACTION,2.98806005584766,0.007175337115154645,0.010898467333528047,0.9832541456616947,0.010715963187050008,0.002018526256158095,1.309744078568264,0.1616447909530006,,0,0.6220353454107791,854.5554180602009
0.9,45,0.33,0.2,0.2,false,NO_DILUTE_CONNECTED_ROOT;ACTUAL_LOADING_EXCEEDS_DESIGN_FLOOD_FRACTION,2.5942169644850424,0.010216446790913545,0.00838204811760862,0.9597065969314896,0.008044306874266167,0.0015029934723767248,1.7589915458894125,0.16065988026255235,,0,0.6997897635871265,961.3748453177261
0.9,50,0.33,0.2,0.2,false,NO_DILUTE_CONNECTED_ROOT;ACTUAL_LOADING_EXCEEDS_DESIGN_FLOOD_FRACTION,2.2861109631461343,0.014014330303036416,0.006602492989088022,0.9383861644500412,0.006195688071838597,0.0011509296780732434,2.2970585100068877,0.15997200941621786,,0,0.777544181763474,1068.1942725752513
0.9,55,0.33,0.2,0.2,false,NO_DILUTE_CONNECTED_ROOT;ACTUAL_LOADING_EXCEEDS_DESIGN_FLOOD_FRACTION,2.0390415902047785,0.01865307363334147,0.005306985914791382,0.9189424772889367,0.004876814783475887,0.0009021383235621295,2.930540408702145,0.15947825646390312,,0,0.8552985999398213,1175.013699832776
0.9,60,0.33,0.2,0.2,false,NO_DILUTE_CONNECTED_ROOT;ACTUAL_LOADING_EXCEEDS_DESIGN_FLOOD_FRACTION,1.836875878319774,0.024216762763646926,0.004339996829567086,0.9010988705061039,0.003910766241122973,0.0007211850201178363,3.6658454317390863,0.15911509549706027,,0,0.9330530181161687,1281.8331270903013
0.9,65,0.33,0.2,0.2,false,NO_DILUTE_CONNECTED_ROOT;ACTUAL_LOADING_EXCEEDS_DESIGN_FLOOD_FRACTION,1.6686501182493412,0.030789483675770994,0.003602416154791501,0.8846337486661789,0.0031868189072688075,0.00058629938858369,4.509219799502238,0.15884214619053827,,0,1.0108074362925161,1388.6525543478265
0.9,70,0.33,0.2,0.2,false,NO_DILUTE_CONNECTED_ROOT;ACTUAL_LOADING_EXCEEDS_DESIGN_FLOOD_FRACTION,1.5266646989473165,0.03845532235153193,0.0030290915969309533,0.8693672453267264,0.0026333930174661973,0.0004836044527356082,5.466766892824701,0.15863303917517935,,0,1.0885618544688636,1495.4719816053516
0.9,30,0.33,0.2,0.3,true,,4.220032599519317,0.0030270953454558658,0.020183010607139344,1.2462388667687798,0.025152852267023598,0.004911419019685526,0.5382869596019336,0.16622410815046013,0.04514060044107081,2,0.46652650905808435,640.9165635451507
0.9,35,0.33,0.2,0.3,false,ACTUAL_LOADING_EXCEEDS_DESIGN_FLOOD_FRACTION,3.5073544566256527,0.004806915293941491,0.014579498420198666,1.2167517192548307,0.017739629768649814,0.0033995474484906666,0.7776778678619138,0.163789308829547,0.07649922768547007,2,0.5442809272344318,747.7359908026758
0.9,40,0.33,0.2,0.3,false,NO_DILUTE_CONNECTED_ROOT;ACTUAL_LOADING_EXCEEDS_DESIGN_FLOOD_FRACTION,2.98806005584766,0.007175337115154645,0.010898467333528047,1.1905269437763635,0.01297491900643168,0.002454654447518248,1.077036653411876,0.16217699264529917,,0,0.6220353454107791,854.5554180602009
0.9,45,0.33,0.2,0.3,false,NO_DILUTE_CONNECTED_ROOT;ACTUAL_LOADING_EXCEEDS_DESIGN_FLOOD_FRACTION,2.5942169644850424,0.010216446790913545,0.00838204811760862,1.1669793950461584,0.009781677441534698,0.0018339493118050723,1.4415626399376906,0.1610770959453478,,0,0.6997897635871265,961.3748453177261
0.9,50,0.33,0.2,0.3,false,NO_DILUTE_CONNECTED_ROOT;ACTUAL_LOADING_EXCEEDS_DESIGN_FLOOD_FRACTION,2.2861109631461343,0.014014330303036416,0.006602492989088022,1.14565896256471,0.007564205268219355,0.001409097376715197,1.8762030609982319,0.1603048660104444,,0,0.777544181763474,1068.1942725752513
0.9,55,0.33,0.2,0.3,false,NO_DILUTE_CONNECTED_ROOT;ACTUAL_LOADING_EXCEEDS_DESIGN_FLOOD_FRACTION,2.0390415902047785,0.01865307363334147,0.005306985914791382,1.1262152754036054,0.005976808603589831,0.0011081657060238584,2.385701702431777,0.1597481862121734,,0,0.8552985999398213,1175.013699832776
0.9,60,0.33,0.2,0.3,false,NO_DILUTE_CONNECTED_ROOT;ACTUAL_LOADING_EXCEEDS_DESIGN_FLOOD_FRACTION,1.836875878319774,0.024216762763646926,0.004339996829567086,1.1083716686207727,0.004810329527796134,0.0008887668498221294,2.9746303116129167,0.15933722958496271,,0,0.9330530181161687,1281.8331270903013
0.9,65,0.33,0.2,0.3,false,NO_DILUTE_CONNECTED_ROOT;ACTUAL_LOADING_EXCEEDS_DESIGN_FLOOD_FRACTION,1.6686501182493412,0.030789483675770994,0.003602416154791501,1.0919065467808478,0.0039335017836459275,0.0007248299838197754,3.6474109383628703,0.1590273835134175,,0,1.0108074362925161,1388.6525543478265
0.9,70,0.33,0.2,0.3,false,NO_DILUTE_CONNECTED_ROOT;ACTUAL_LOADING_EXCEEDS_DESIGN_FLOOD_FRACTION,1.5266646989473165,0.03845532235153193,0.0030290915969309533,1.0766400434413952,0.0032612413085077066,0.0005997171372750154,4.408332940843196,0.15878933856872812,,0,1.0885618544688636,1495.4719816053516
0.9,30,0.33,0.2,0.4,true,,4.220032599519317,0.0030270953454558658,0.020183010607139344,1.4557770307131785,0.0293819632525139,0.005773905846234428,0.4578794462264758,0.1670758600770184,0.03694675356869496,2,0.46652650905808435,640.9165635451507
0.9,35,0.33,0.2,0.4,true,,3.5073544566256527,0.004806915293941491,0.014579498420198666,1.4262898831992294,0.020794591098848503,0.004005293744446968,0.6600646494662199,0.16443911563859476,0.05915745936529735,2,0.5442809272344318,747.7359908026758
0.9,40,0.33,0.2,0.4,false,ACTUAL_LOADING_EXCEEDS_DESIGN_FLOOD_FRACTION,2.98806005584766,0.007175337115154645,0.010898467333528047,1.4000651077207622,0.015258563841307153,0.002898402744847903,0.9121412875201942,0.16267922872584362,0.1054020071497096,2,0.6220353454107791,854.5554180602009
0.9,45,0.33,0.2,0.4,false,NO_DILUTE_CONNECTED_ROOT;ACTUAL_LOADING_EXCEEDS_DESIGN_FLOOD_FRACTION,2.5942169644850424,0.010216446790913545,0.00838204811760862,1.3765175589905572,0.011538036414192012,0.0021702940249111887,1.21815421371112,0.16147166005984898,,0,0.6997897635871265,961.3748453177261
0.9,50,0.33,0.2,0.4,false,NO_DILUTE_CONNECTED_ROOT;ACTUAL_LOADING_EXCEEDS_DESIGN_FLOOD_FRACTION,2.2861109631461343,0.014014330303036416,0.006602492989088022,1.3551971265091087,0.008947679526608623,0.001671223360980886,1.5819266730964923,0.16062003920120765,,0,0.777544181763474,1068.1942725752513
0.9,55,0.33,0.2,0.4,false,NO_DILUTE_CONNECTED_ROOT;ACTUAL_LOADING_EXCEEDS_DESIGN_FLOOD_FRACTION,2.0390415902047785,0.01865307363334147,0.005306985914791382,1.3357534393480042,0.007088824688254002,0.0013171968407344264,2.0071053389131728,0.16000393102910065,,0,0.8552985999398213,1175.013699832776
0.9,60,0.33,0.2,0.4,false,NO_DILUTE_CONNECTED_ROOT;ACTUAL_LOADING_EXCEEDS_DESIGN_FLOOD_FRACTION,1.836875878319774,0.024216762763646926,0.004339996829567086,1.3179098325651715,0.005719724494988133,0.0010586919180415124,2.497188054791561,0.15954775909077873,,0,0.9330530181161687,1281.8331270903013
0.9,65,0.33,0.2,0.4,false,NO_DILUTE_CONNECTED_ROOT;ACTUAL_LOADING_EXCEEDS_DESIGN_FLOOD_FRACTION,1.6686501182493412,0.030789483675770994,0.003602416154791501,1.3014447107252465,0.004688345450484579,0.0008652317136089345,3.0555431219810196,0.1592029436273355,,0,1.0108074362925161,1388.6525543478265
0.9,70,0.33,0.2,0.4,false,NO_DILUTE_CONNECTED_ROOT;ACTUAL_LOADING_EXCEEDS_DESIGN_FLOOD_FRACTION,1.5266646989473165,0.03845532235153193,0.0030290915969309533,1.286178207385794,0.0038959516001480254,0.0007173537890918084,3.685423917234343,0.15893745158349448,,0,1.0885618544688636,1495.4719816053516
0.9,30,0.4,0.2,0.2,false,NO_DILUTE_CONNECTED_ROOT;ACTUAL_LOADING_EXCEEDS_DESIGN_FLOOD_FRACTION,2.8722596880478353,0.007920568559888503,0.010132118387015233,0.9633044299343589,0.009760314526831146,0.00183347025704318,1.4419392958690185,0.16131024527817317,,0,0.5654866776461628,941.6588628762543
0.9,35,0.4,0.2,0.2,false,NO_DILUTE_CONNECTED_ROOT;ACTUAL_LOADING_EXCEEDS_DESIGN_FLOOD_FRACTION,2.387193127040835,0.012577569518711836,0.007166903279668926,0.9322290254061104,0.006681195259585619,0.0012431403913844136,2.126672763398377,0.16016481827612833,,0,0.6597344572538566,1098.6020066889635
0.9,40,0.4,0.2,0.2,false,NO_DILUTE_CONNECTED_ROOT;ACTUAL_LOADING_EXCEEDS_DESIGN_FLOOD_FRACTION,2.0337483755113146,0.018774681030846816,0.005280577378152862,0.9049957677232483,0.004778900178363467,0.000883812804427291,2.991304038812583,0.1594500833664802,,0,0.7539822368615503,1255.5451505016724
0.9,45,0.4,0.2,0.2,false,NO_DILUTE_CONNECTED_ROOT;ACTUAL_LOADING_EXCEEDS_DESIGN_FLOOD_FRACTION,1.765688921452632,0.026731918889623695,0.004020291204889479,0.8808319413274592,0.00354120090670451,0.0006522869335597868,4.053051924571952,0.15898233906185222,,0,0.8482300164692442,1412.4882943143816
0.9,50,0.4,0.2,0.2,false,NO_DILUTE_CONNECTED_ROOT;ACTUAL_LOADING_EXCEEDS_DESIGN_FLOOD_FRACTION,1.5559842742913375,0.0366692988883727,0.003143720121565663,0.8591696696376644,0.0027009889782788486,0.0004961499253641014,5.328536146604282,0.15866365503967983,,0,0.942477796076938,1569.4314381270906
0.9,55,0.4,0.2,0.2,false,NO_DILUTE_CONNECTED_ROOT;ACTUAL_LOADING_EXCEEDS_DESIGN_FLOOD_FRACTION,1.3878226823331274,0.04880683682042406,0.002513336124474443,0.8395810822887233,0.0021101494635415983,0.0003868602202959138,6.83387092478879,0.1584390065767321,,0,1.0367255756846316,1726.3745819397993
0.9,60,0.4,0.2,0.2,false,NO_DILUTE_CONNECTED_ROOT;ACTUAL_LOADING_EXCEEDS_DESIGN_FLOOD_FRACTION,1.2502236446813961,0.06336454847910802,0.0020471011426001534,0.821736609356859,0.001682177951930802,0.0003079598205133997,8.584732927270291,0.15827599198036163,,0,1.1309733552923256,1883.3177257525085
0.9,65,0.4,0.2,0.2,false,NO_DILUTE_CONNECTED_ROOT;ACTUAL_LOADING_EXCEEDS_DESIGN_FLOOD_FRACTION,1.135724986733458,0.08056244965775479,0.0016939553845057931,0.8053774644334557,0.0013642734924366753,0.00024949506893492306,10.596413078317044,0.1581547444763473,,0,1.2252211349000193,2040.2608695652177
0.9,70,0.4,0.2,0.2,false,NO_DILUTE_CONNECTED_ROOT;ACTUAL_LOADING_EXCEEDS_DESIGN_FLOOD_FRACTION,1.0390861607210176,0.10062055614969469,0.001420939605729136,0.7902970027911469,0.0011229643115549701,0.00020519885579860383,12.883857471565976,0.158062608765205,,0,1.3194689145077132,2197.204013377927
0.9,30,0.4,0.2,0.3,false,NO_DILUTE_CONNECTED_ROOT;ACTUAL_LOADING_EXCEEDS_DESIGN_FLOOD_FRACTION,2.8722596880478353,0.007920568559888503,0.010132118387015233,1.1705772280490279,0.011860427055736878,0.002237129709322954,1.1817610755514654,0.16181035047840037,,0,0.5654866776461628,941.6588628762543
0.9,35,0.4,0.2,0.3,false,NO_DILUTE_CONNECTED_ROOT;ACTUAL_LOADING_EXCEEDS_DESIGN_FLOOD_FRACTION,2.387193127040835,0.012577569518711836,0.007166903279668926,1.1395018235207792,0.008166699356179793,0.0015241604698586421,1.734563298103923,0.16052638072717157,,0,0.6597344572538566,1098.6020066889635
0.9,40,0.4,0.2,0.3,false,NO_DILUTE_CONNECTED_ROOT;ACTUAL_LOADING_EXCEEDS_DESIGN_FLOOD_FRACTION,2.0337483755113146,0.018774681030846816,0.005280577378152862,1.1122685658379172,0.005873420227194233,0.001088735196501839,2.428278997438626,0.1597199499703289,,0,0.7539822368615503,1255.5451505016724
0.9,45,0.4,0.2,0.3,false,NO_DILUTE_CONNECTED_ROOT;ACTUAL_LOADING_EXCEEDS_DESIGN_FLOOD_FRACTION,1.765688921452632,0.026731918889623695,0.004020291204889479,1.088104739442128,0.004374497913977746,0.000807217963498022,3.2751412022362776,0.1591894870842242,,0,0.8482300164692442,1412.4882943143816
0.9,50,0.4,0.2,0.3,false,NO_DILUTE_CONNECTED_ROOT;ACTUAL_LOADING_EXCEEDS_DESIGN_FLOOD_FRACTION,1.5559842742913375,0.0366692988883727,0.003143720121565663,1.0664424677523332,0.0033525966443651504,0.0006167151340372799,4.2868297947068355,0.1588265142559444,,0,0.942477796076938,1569.4314381270906
0.9,55,0.4,0.2,0.3,false,NO_DILUTE_CONNECTED_ROOT;ACTUAL_LOADING_EXCEEDS_DESIGN_FLOOD_FRACTION,1.3878226823331274,0.04880683682042406,0.002513336124474443,1.046853880403392,0.002631095674664093,0.0004829164728331204,5.474555042464296,0.15856968956963569,,0,1.0367255756846316,1726.3745819397993
0.9,60,0.4,0.2,0.3,false,NO_DILUTE_CONNECTED_ROOT;ACTUAL_LOADING_EXCEEDS_DESIGN_FLOOD_FRACTION,1.2502236446813961,0.06336454847910802,0.0020471011426001534,1.0290094074715277,0.002106486333781271,0.0003859989421350801,6.849119318343757,0.15838272591701896,,0,1.1309733552923256,1883.3177257525085
0.9,65,0.4,0.2,0.3,false,NO_DILUTE_CONNECTED_ROOT;ACTUAL_LOADING_EXCEEDS_DESIGN_FLOOD_FRACTION,1.135724986733458,0.08056244965775479,0.0016939553845057931,1.0126502625481246,0.0017153843648646007,0.0003139489136455381,8.420964993121595,0.1582432408095767,,0,1.2252211349000193,2040.2608695652177
0.9,70,0.4,0.2,0.3,false,NO_DILUTE_CONNECTED_ROOT;ACTUAL_LOADING_EXCEEDS_DESIGN_FLOOD_FRACTION,1.0390861607210176,0.10062055614969469,0.001420939605729136,0.9975698009058157,0.0014174864395864026,0.00025918604472121356,10.200212801894146,0.15813695307981124,,0,1.3194689145077132,2197.204013377927
0.9,30,0.4,0.2,0.4,false,ACTUAL_LOADING_EXCEEDS_DESIGN_FLOOD_FRACTION,2.8722596880478353,0.007920568559888503,0.010132118387015233,1.3801153919934266,0.013983492539419334,0.0026477172699869087,0.9985026881101633,0.1622822980346414,0.15417896390800007,2,0.5654866776461628,941.6588628762543
0.9,35,0.4,0.2,0.4,false,NO_DILUTE_CONNECTED_ROOT;ACTUAL_LOADING_EXCEEDS_DESIGN_FLOOD_FRACTION,2.387193127040835,0.012577569518711836,0.007166903279668926,1.349039987465178,0.00966843911056871,0.0018095837113745318,1.4609729269885379,0.1608683632655627,,0,0.6597344572538566,1098.6020066889635
0.9,40,0.4,0.2,0.4,false,NO_DILUTE_CONNECTED_ROOT;ACTUAL_LOADING_EXCEEDS_DESIGN_FLOOD_FRACTION,2.0337483755113146,0.018774681030846816,0.005280577378152862,1.321806729782316,0.0069799027155787105,0.0012966456437900687,2.0389169732680363,0.1599754600450065,,0,0.7539822368615503,1255.5451505016724
0.9,45,0.4,0.2,0.4,false,NO_DILUTE_CONNECTED_ROOT;ACTUAL_LOADING_EXCEEDS_DESIGN_FLOOD_FRACTION,1.765688921452632,0.026731918889623695,0.004020291204889479,1.2976429033865267,0.005216902351572101,0.0009642858367692325,2.7416692339849424,0.15938565652690434,,0,0.8482300164692442,1412.4882943143816
0.9,50,0.4,0.2,0.4,false,NO_DILUTE_CONNECTED_ROOT;ACTUAL_LOADING_EXCEEDS_DESIGN_FLOOD_FRACTION,1.5559842742913375,0.0366692988883727,0.003143720121565663,1.275980631696732,0.004011325986593081,0.000738873336199018,3.5780866380127807,0.15898072230691074,,0,0.942477796076938,1569.4314381270906
0.9,55,0.4,0.2,0.4,false,NO_DILUTE_CONNECTED_ROOT;ACTUAL_LOADING_EXCEEDS_DESIGN_FLOOD_FRACTION,1.3878226823331274,0.04880683682042406,0.002513336124474443,1.2563920443477907,0.0031577355115615987,0.0005802003485840819,4.556620515464068,0.15869339515357883,,0,1.0367255756846316,1726.3745819397993
0.9,60,0.4,0.2,0.4,false,NO_DILUTE_CONNECTED_ROOT;ACTUAL_LOADING_EXCEEDS_DESIGN_FLOOD_FRACTION,1.2502236446813961,0.06336454847910802,0.0020471011426001534,1.2385475714159264,0.002535432148610188,0.00046500980285573025,5.685370061451926,0.15848369624584602,,0,1.1309733552923256,1883.3177257525085
0.9,65,0.4,0.2,0.4,false,NO_DILUTE_CONNECTED_ROOT;ACTUAL_LOADING_EXCEEDS_DESIGN_FLOOD_FRACTION,1.135724986733458,0.08056244965775479,0.0016939553845057931,1.2221884264925233,0.0020703326659376724,0.000379189000122168,6.97212421928342,0.15832690601858324,,0,1.2252211349000193,2040.2608695652177
0.9,70,0.4,0.2,0.4,false,NO_DILUTE_CONNECTED_ROOT;ACTUAL_LOADING_EXCEEDS_DESIGN_FLOOD_FRACTION,1.0390861607210176,0.10062055614969469,0.001420939605729136,1.2071079648502145,0.0017152275156467637,0.0003138210705639215,8.424395489719455,0.15820720195025761,,0,1.3194689145077132,2197.204013377927
0.9,30,0.5,0.2,0.2,false,NO_DILUTE_CONNECTED_ROOT;ACTUAL_LOADING_EXCEEDS_DESIGN_FLOOD_FRACTION,1.8382462003506146,0.024171656982081603,0.004346258918475021,0.8718913087578904,0.00378946537662984,0.0006986325671766726,3.784182037378555,0.15908460658129797,,0,0.7068583470577035,1471.3419732441473
0.9,35,0.5,0.2,0.2,false,NO_DILUTE_CONNECTED_ROOT;ACTUAL_LOADING_EXCEEDS_DESIGN_FLOOD_FRACTION,1.5278036013061345,0.0383836960409907,0.0030335073965783105,0.8403219556812885,0.00254912286806634,0.0004680418557426011,5.648539289809924,0.15861166800385795,,0,0.8246680715673207,1716.5656354515052
0.9,40,0.5,0.2,0.2,false,NO_DILUTE_CONNECTED_ROOT;ACTUAL_LOADING_EXCEEDS_DESIGN_FLOOD_FRACTION,1.301598960327241,0.05729577951308231,0.0022158827408201164,0.8130387677811777,0.001801598573143966,0.00032996566289786224,8.012205840508864,0.15832561592595135,,0,0.9424777960769379,1961.7892976588628
0.9,45,0.5,0.2,0.2,false,NO_DILUTE_CONNECTED_ROOT;ACTUAL_LOADING_EXCEEDS_DESIGN_FLOOD_FRACTION,1.1300409097296846,0.0815793423145254,0.001677259001571128,0.7891059992864462,0.001323535140496972,0.00024201844198179707,10.923765932004784,0.15814227077595067,,0,1.0602875205865552,2207.0129598662206
0.9,50,0.5,0.2,0.2,false,NO_DILUTE_CONNECTED_ROOT;ACTUAL_LOADING_EXCEEDS_DESIGN_FLOOD_FRACTION,0.9958299355464563,0.11190581936148888,0.0013062510585973546,0.767856853150293,0.0010030138272788037,0.0001832102709009783,14.430156117538463,0.15801914453786137,,0,1.1780972450961724,2452.236622073579
0.9,55,0.5,0.2,0.2,false,NO_DILUTE_CONNECTED_ROOT;ACTUAL_LOADING_EXCEEDS_DESIGN_FLOOD_FRACTION,0.8882065166932018,0.1489466455701417,0.001041279324205248,0.7488007062157489,0.0007797106933327474,0.0001423140332480021,18.576894710239305,0.15793324117874719,,0,1.2959069696057897,2697.4602842809363
0.9,60,0.5,0.2,0.2,false,NO_DILUTE_CONNECTED_ROOT;ACTUAL_LOADING_EXCEEDS_DESIGN_FLOOD_FRACTION,0.8001431325960937,0.19337325585665283,0.0008462926330959314,0.7315668004272049,0.000619119593819105,0.00011294104155555406,23.40825598050827,0.15787140104410752,,0,1.413716694115407,2942.6839464882946
0.9,65,0.5,0.2,0.2,false,NO_DILUTE_CONNECTED_ROOT;ACTUAL_LOADING_EXCEEDS_DESIGN_FLOOD_FRACTION,0.7268639915094132,0.24585708513719107,0.0006991592363315346,0.7158685918889742,0.0005005061380188262,0.00009126646373587606,28.967407119975817,0.1578256723296334,,0,1.5315264186250241,3187.9076086956525
0.9,70,0.5,0.2,0.2,false,NO_DILUTE_CONNECTED_ROOT;ACTUAL_LOADING_EXCEEDS_DESIGN_FLOOD_FRACTION,0.6650151428614512,0.3070695683279256,0.000585739395857763,0.7014803424446232,0.00041088467198961026,0.000074901233869229,35.29651882709158,0.15779109759282745,,0,1.6493361431346414,3433.1312709030103
0.9,30,0.5,0.2,0.3,false,NO_DILUTE_CONNECTED_ROOT;ACTUAL_LOADING_EXCEEDS_DESIGN_FLOOD_FRACTION,1.8382462003506146,0.024171656982081603,0.004346258918475021,1.0791641068725593,0.004690326623992992,0.0008663875928758472,3.0514666105294506,0.15930931056296987,,0,0.7068583470577035,1471.3419732441473
0.9,35,0.5,0.2,0.3,false,NO_DILUTE_CONNECTED_ROOT;ACTUAL_LOADING_EXCEEDS_DESIGN_FLOOD_FRACTION,1.5278036013061345,0.0383836960409907,0.0030335073965783105,1.0475947537959573,0.0031778864342566705,0.0005842897915926653,4.524728738168183,0.15876977721262137,,0,0.8246680715673207,1716.5656354515052
0.9,40,0.5,0.2,0.3,false,NO_DILUTE_CONNECTED_ROOT;ACTUAL_LOADING_EXCEEDS_DESIGN_FLOOD_FRACTION,1.301598960327241,0.05729577951308231,0.0022158827408201164,1.0203115658958464,0.002260890789127753,0.00041450576017842776,6.378084614070511,0.15844168234626593,,0,0.9424777960769379,1961.7892976588628
0.9,45,0.5,0.2,0.3,false,NO_DILUTE_CONNECTED_ROOT;ACTUAL_LOADING_EXCEEDS_DESIGN_FLOOD_FRACTION,1.1300409097296846,0.0815793423145254,0.001677259001571128,0.996378797401115,0.0016711853069156354,0.0003058251938488329,8.644653431477652,0.15823039320844395,,0,1.0602875205865552,2207.0129598662206
0.9,50,0.5,0.2,0.3,false,NO_DILUTE_CONNECTED_ROOT;ACTUAL_LOADING_EXCEEDS_DESIGN_FLOOD_FRACTION,0.9958299355464563,0.11190581936148888,0.0013062510585973546,0.9751296512649616,0.0012737641392345253,0.00023280624261209123,11.356021993975187,0.1580879133853646,,0,1.1780972450961724,2452.236622073579
0.9,55,0.5,0.2,0.3,false,NO_DILUTE_CONNECTED_ROOT;ACTUAL_LOADING_EXCEEDS_DESIGN_FLOOD_FRACTION,0.8882065166932018,0.1489466455701417,0.001041279324205248,0.9560735043304177,0.0009955395724797205,0.00018179541116743886,14.542461740151724,0.1579881492202495,,0,1.2959069696057897,2697.4602842809363
0.9,60,0.5,0.2,0.3,false,NO_DILUTE_CONNECTED_ROOT;ACTUAL_LOADING_EXCEEDS_DESIGN_FLOOD_FRACTION,0.8001431325960937,0.19337325585665283,0.0008462926330959314,0.9388395985418737,0.0007945330359047294,0.00014499747621870624,18.233095364018194,0.1579160749808038,,0,1.413716694115407,2942.6839464882946
0.9,65,0.5,0.2,0.3,false,NO_DILUTE_CONNECTED_ROOT;ACTUAL_LOADING_EXCEEDS_DESIGN_FLOOD_FRACTION,0.7268639915094132,0.24585708513719107,0.0006991592363315346,0.923141390003643,0.0006454228292609784,0.00011773020280727103,22.456028685906187,0.1578626223006433,,0,1.5315264186250241,3187.9076086956525
0.9,70,0.5,0.2,0.3,false,NO_DILUTE_CONNECTED_ROOT;ACTUAL_LOADING_EXCEEDS_DESIGN_FLOOD_FRACTION,0.6650151428614512,0.3070695683279256,0.000585739395857763,0.908753140559292,0.0005322925155350444,0.00009705956405126157,27.23845751090892,0.15782207156218347,,0,1.6493361431346414,3433.1312709030103
0.9,30,0.5,0.2,0.4,false,NO_DILUTE_CONNECTED_ROOT;ACTUAL_LOADING_EXCEEDS_DESIGN_FLOOD_FRACTION,1.8382462003506146,0.024171656982081603,0.004346258918475021,1.288702270816958,0.005601033737797216,0.00103649433974072,2.5506678715669286,0.15952191827597673,,0,0.7068583470577035,1471.3419732441473
0.9,35,0.5,0.2,0.4,false,NO_DILUTE_CONNECTED_ROOT;ACTUAL_LOADING_EXCEEDS_DESIGN_FLOOD_FRACTION,1.5278036013061345,0.0383836960409907,0.0030335073965783105,1.257132917740356,0.003813522004447443,0.0007020664043323933,3.7656734393260423,0.1589193516914254,,0,0.8246680715673207,1716.5656354515052
0.9,40,0.5,0.2,0.4,false,NO_DILUTE_CONNECTED_ROOT;ACTUAL_LOADING_EXCEEDS_DESIGN_FLOOD_FRACTION,1.301598960327241,0.05729577951308231,0.0022158827408201164,1.229849729840245,0.002725202790155282,0.0005001094065737766,5.286348900233338,0.15855138734843788,,0,0.9424777960769379,1961.7892976588628
0.9,45,0.5,0.2,0.4,false,NO_DILUTE_CONNECTED_ROOT;ACTUAL_LOADING_EXCEEDS_DESIGN_FLOOD_FRACTION,1.1300409097296846,0.0815793423145254,0.001677259001571128,1.2059169613455136,0.0020226350785640646,0.0003704099464158688,7.137369924914008,0.15831361408811223,,0,1.0602875205865552,2207.0129598662206
0.9,50,0.5,0.2,0.4,false,NO_DILUTE_CONNECTED_ROOT;ACTUAL_LOADING_EXCEEDS_DESIGN_FLOOD_FRACTION,0.9958299355464563,0.11190581936148888,0.0013062510585973546,1.1846678152093604,0.0015474735877034423,0.0002829934386000865,9.342099323983488,0.15815280048456654,,0,1.1780972450961724,2452.236622073579
0.9,55,0.5,0.2,0.4,false,NO_DILUTE_CONNECTED_ROOT;ACTUAL_LOADING_EXCEEDS_DESIGN_FLOOD_FRACTION,0.8882065166932018,0.1489466455701417,0.001041279324205248,1.1656116682748165,0.0012137273302269525,0.0002217396564867655,11.922778511183557,0.15803990134447343,,0,1.2959069696057897,2697.4602842809363
0.9,60,0.5,0.2,0.4,false,NO_DILUTE_CONNECTED_ROOT;ACTUAL_LOADING_EXCEEDS_DESIGN_FLOOD_FRACTION,0.8001431325960937,0.19337325585665283,0.0008462926330959314,1.1483777624862723,0.0009718636404033215,0.00017742503602002845,14.900675072367992,0.157958141000468,,0,1.413716694115407,2942.6839464882946
0.9,65,0.5,0.2,0.4,false,NO_DILUTE_CONNECTED_ROOT;ACTUAL_LOADING_EXCEEDS_DESIGN_FLOOD_FRACTION,0.7268639915094132,0.24585708513719107,0.0006991592363315346,1.1326795539480417,0.000791923371946656,0.00014449737458058646,18.296199630694364,0.15789736943898763,,0,1.5315264186250241,3187.9076086956525
0.9,70,0.5,0.2,0.4,false,NO_DILUTE_CONNECTED_ROOT;ACTUAL_LOADING_EXCEEDS_DESIGN_FLOOD_FRACTION,0.6650151428614512,0.3070695683279256,0.000585739395857763,1.1182913045036909,0.0006550272730929815,0.00011947005113230125,22.129000417936847,0.15785118121889613,,0,1.6493361431346414,3433.1312709030103
0.9,30,0.33,0.25,0.2,true,,4.614023595118683,0.002421676276364693,0.02350024770834014,1.0136604772969449,0.0238212723086325,0.004657895839067958,0.5675852150370637,0.1664091793134263,0.048506506744908306,2,0.46652650905808435,640.9165635451507
0.9,35,0.33,0.25,0.2,false,ACTUAL_LOADING_EXCEEDS_DESIGN_FLOOD_FRACTION,3.8348083427504225,0.0038455322351531934,0.017083453343394426,0.9842761636274215,0.016814835918344314,0.0032258947511862725,0.8195409383599488,0.1639302623477395,0.08424498829731866,2,0.5442809272344318,747.7359908026758
0.9,40,0.33,0.25,0.2,false,NO_DILUTE_CONNECTED_ROOT;ACTUAL_LOADING_EXCEEDS_DESIGN_FLOOD_FRACTION,3.267031539728665,0.005740269692123716,0.012828573364710416,0.9581220764381553,0.012291339349935556,0.002327303631606347,1.1359724513525833,0.16228169385610436,,0,0.6220353454107791,854.5554180602009
0.9,45,0.33,0.25,0.2,false,NO_DILUTE_CONNECTED_ROOT;ACTUAL_LOADING_EXCEEDS_DESIGN_FLOOD_FRACTION,2.836418440548201,0.00817315743273084,0.009899274578752086,0.9346254810501904,0.009252114265214089,0.0017357674321456635,1.5231031314889716,0.1611540995785843,,0,0.6997897635871265,961.3748453177261
0.9,50,0.33,0.25,0.2,false,NO_DILUTE_CONNECTED_ROOT;ACTUAL_LOADING_EXCEEDS_DESIGN_FLOOD_FRACTION,2.499547023929922,0.011211464242429135,0.007816706954484559,0.9133431512814756,0.007139335762452753,0.0013305812737733904,1.986915691320548,0.16036133037346145,,0,0.777544181763474,1068.1942725752513
0.9,55,0.33,0.25,0.2,false,NO_DILUTE_CONNECTED_ROOT;ACTUAL_LOADING_EXCEEDS_DESIGN_FLOOD_FRACTION,2.229410741922896,0.014922458906673177,0.00629448924555402,0.8939288043801878,0.005626825245462056,0.0010436414900085458,2.5332001810468294,0.15978954467022438,,0,0.8552985999398213,1175.013699832776
0.9,60,0.33,0.25,0.2,false,NO_DILUTE_CONNECTED_ROOT;ACTUAL_LOADING_EXCEEDS_DESIGN_FLOOD_FRACTION,2.0083704198960883,0.019373410210917544,0.005154766595371999,0.8761083373479648,0.004516133991288191,0.0008346269927951471,3.1675860405422096,0.15936750493235208,,0,0.9330530181161687,1281.8331270903013
0.9,65,0.33,0.25,0.2,false,NO_DILUTE_CONNECTED_ROOT;ACTUAL_LOADING_EXCEEDS_DESIGN_FLOOD_FRACTION,1.8244387539747962,0.0246315869406168,0.004283347240464275,0.8596618318205438,0.00368223013506099,0.0006786571104678169,3.895564889337445,0.1590494736547241,,0,1.0108074362925161,1388.6525543478265
0.9,70,0.33,0.25,0.2,false,NO_DILUTE_CONNECTED_ROOT;ACTUAL_LOADING_EXCEEDS_DESIGN_FLOOD_FRACTION,1.6691972814570282,0.030764257881225547,0.003604713688336248,0.8444105595272238,0.0030438583025034537,0.0005598197096049083,4.722507561056496,0.15880535867203333,,0,1.0885618544688636,1495.4719816053516
0.9,30,0.33,0.25,0.3,true,,4.614023595118683,0.002421676276364693,0.02350024770834014,1.2209332754116136,0.02869223440752799,0.00565426800595631,0.46756765131271694,0.16745597096206805,0.03802466699990697,2,0.46652650905808435,640.9165635451507
0.9,35,0.33,0.25,0.3,true,,3.8348083427504225,0.0038455322351531934,0.017083453343394426,1.1915489617420905,0.020355771094291073,0.003929791092992603,0.6727464002226052,0.16473535249090637,0.060987948949754296,2,0.5442809272344318,747.7359908026758
0.9,40,0.33,0.25,0.3,false,ACTUAL_LOADING_EXCEEDS_DESIGN_FLOOD_FRACTION,3.267031539728665,0.005740269692123716,0.012828573364710416,1.165394874552824,0.014950353647058394,0.0028450622244798386,0.9292425271721385,0.16290778445654786,0.11098486121363654,2,0.6220353454107791,854.5554180602009
0.9,45,0.33,0.25,0.3,false,NO_DILUTE_CONNECTED_ROOT;ACTUAL_LOADING_EXCEEDS_DESIGN_FLOOD_FRACTION,2.836418440548201,0.00817315743273084,0.009899274578752086,1.141898279164859,0.011303964606457441,0.0021293470153412914,1.2415791284324273,0.1616482933824111,,0,0.6997897635871265,961.3748453177261
0.9,50,0.33,0.25,0.3,false,NO_DILUTE_CONNECTED_ROOT;ACTUAL_LOADING_EXCEEDS_DESIGN_FLOOD_FRACTION,2.499547023929922,0.011211464242429135,0.007816706954484559,1.1206159493961443,0.008759526484951157,0.0016379577417601188,1.6140543458689622,0.16075756381786915,,0,0.777544181763474,1068.1942725752513
0.9,55,0.33,0.25,0.3,false,NO_DILUTE_CONNECTED_ROOT;ACTUAL_LOADING_EXCEEDS_DESIGN_FLOOD_FRACTION,2.229410741922896,0.014922458906673177,0.00629448924555402,1.1012016024948568,0.006931501644090729,0.001289140169007092,2.050787707184607,0.1601120369979031,,0,0.8552985999398213,1175.013699832776
0.9,60,0.33,0.25,0.3,false,NO_DILUTE_CONNECTED_ROOT;ACTUAL_LOADING_EXCEEDS_DESIGN_FLOOD_FRACTION,2.0083704198960883,0.019373410210917544,0.005154766595371999,1.0833811354626337,0.005584576887138971,0.0010344334783164717,2.5557494675639343,0.1596336313069655,,0,0.9330530181161687,1281.8331270903013
0.9,65,0.33,0.25,0.3,false,NO_DILUTE_CONNECTED_ROOT;ACTUAL_LOADING_EXCEEDS_DESIGN_FLOOD_FRACTION,1.8244387539747962,0.0246315869406168,0.004283347240464275,1.0669346299352127,0.004570051502888766,0.0008438996667151808,3.132780964031246,0.15927186724596915,,0,1.0108074362925161,1388.6525543478265
0.9,70,0.33,0.25,0.3,false,NO_DILUTE_CONNECTED_ROOT;ACTUAL_LOADING_EXCEEDS_DESIGN_FLOOD_FRACTION,1.6691972814570282,0.030764257881225547,0.003604713688336248,1.0516833576418925,0.0037910173950871555,0.0006983690768649852,3.785609785739045,0.15899331618421958,,0,1.0885618544688636,1495.4719816053516
0.9,30,0.33,0.25,0.4,true,,4.614023595118683,0.002421676276364693,0.02350024770834014,1.4304714393560123,0.03361643316457215,0.006672051718713335,0.3962428534572965,0.16842881574648166,0.03129299724478775,2,0.46652650905808435,640.9165635451507
0.9,35,0.33,0.25,0.4,true,,3.8348083427504225,0.0038455322351531934,0.017083453343394426,1.4010871256864892,0.02393540654169574,0.004647696496999074,0.568830777385023,0.16548884995094815,0.04833119870110402,2,0.5442809272344318,747.7359908026758
0.9,40,0.33,0.25,0.4,false,ACTUAL_LOADING_EXCEEDS_DESIGN_FLOOD_FRACTION,3.267031539728665,0.005740269692123716,0.012828573364710416,1.3749330384972227,0.01763842935592583,0.0033723503569629667,0.783949629070721,0.16349631427045208,0.07742710065436703,2,0.6220353454107791,854.5554180602009
0.9,45,0.33,0.25,0.4,false,NO_DILUTE_CONNECTED_ROOT;ACTUAL_LOADING_EXCEEDS_DESIGN_FLOOD_FRACTION,2.836418440548201,0.00817315743273084,0.009899274578752086,1.3514364431092578,0.013378240426070616,0.0025296662771078613,1.045099440729472,0.16211410150305428,,0,0.6997897635871265,961.3748453177261
0.9,50,0.33,0.25,0.4,false,NO_DILUTE_CONNECTED_ROOT;ACTUAL_LOADING_EXCEEDS_DESIGN_FLOOD_FRACTION,2.499547023929922,0.011211464242429135,0.007816706954484559,1.330154113340543,0.010397424908285265,0.001950274402445429,1.3555799164069715,0.16113164163005722,,0,0.777544181763474,1068.1942725752513
0.9,55,0.33,0.25,0.4,false,NO_DILUTE_CONNECTED_ROOT;ACTUAL_LOADING_EXCEEDS_DESIGN_FLOOD_FRACTION,2.229410741922896,0.014922458906673177,0.00629448924555402,1.3107397664392555,0.008250437363571882,0.0015383760542876923,1.7185348173283657,0.1604167689730363,,0,0.8552985999398213,1175.013699832776
0.9,60,0.33,0.25,0.4,false,NO_DILUTE_CONNECTED_ROOT;ACTUAL_LOADING_EXCEEDS_DESIGN_FLOOD_FRACTION,2.0083704198960883,0.019373410210917544,0.005154766595371999,1.2929192994070324,0.0066646972150951386,0.0012371452185080988,2.136978563135694,0.15988522907847763,,0,0.9330530181161687,1281.8331270903013
0.9,65,0.33,0.25,0.4,false,NO_DILUTE_CONNECTED_ROOT;ACTUAL_LOADING_EXCEEDS_DESIGN_FLOOD_FRACTION,1.8244387539747962,0.0246315869406168,0.004283347240464275,1.2764727938796114,0.005467576219191957,0.0010114540570372267,2.6138140363802282,0.15948215299028057,,0,1.0108074362925161,1388.6525543478265
0.9,70,0.33,0.25,0.4,false,NO_DILUTE_CONNECTED_ROOT;ACTUAL_LOADING_EXCEEDS_DESIGN_FLOOD_FRACTION,1.6691972814570282,0.030764257881225547,0.003604713688336248,1.2612215215862912,0.004546342482886375,0.0008387951374841298,3.1518456572927516,0.15917103268386373,,0,1.0885618544688636,1495.4719816053516
0.9,30,0.4,0.25,0.2,false,NO_DILUTE_CONNECTED_ROOT;ACTUAL_LOADING_EXCEEDS_DESIGN_FLOOD_FRACTION,3.1404198094276534,0.006336454847910803,0.011938346044428479,0.9381429741579292,0.011199875464646684,0.0021140500791564714,1.2505630010867654,0.16189824608272474,,0,0.5654866776461628,941.6588628762543
0.9,35,0.4,0.25,0.2,false,NO_DILUTE_CONNECTED_ROOT;ACTUAL_LOADING_EXCEEDS_DESIGN_FLOOD_FRACTION,2.6100664282845063,0.010062055614969471,0.008478253573723709,0.9071388429331557,0.007690953136961618,0.0014360511820313815,1.8409878732162472,0.16058301460989177,,0,0.6597344572538566,1098.6020066889635
0.9,40,0.4,0.25,0.2,false,NO_DILUTE_CONNECTED_ROOT;ACTUAL_LOADING_EXCEEDS_DESIGN_FLOOD_FRACTION,2.223623341727823,0.015019744824677458,0.00626340379816968,0.8799545787301788,0.005511510850635403,0.0010219635520571375,2.5869345399999357,0.15975613990159748,,0,0.7539822368615503,1255.5451505016724
0.9,45,0.4,0.25,0.2,false,NO_DILUTE_CONNECTED_ROOT;ACTUAL_LOADING_EXCEEDS_DESIGN_FLOOD_FRACTION,1.9305373010981195,0.02138553511169896,0.0047772728415254664,0.8558260676826084,0.004088514630209661,0.000754594420530348,3.5035414250472923,0.1592123900081816,,0,0.8482300164692442,1412.4882943143816
0.9,50,0.4,0.25,0.2,false,NO_DILUTE_CONNECTED_ROOT;ACTUAL_LOADING_EXCEEDS_DESIGN_FLOOD_FRACTION,1.7012541931623033,0.02933543911069816,0.003740487639151292,0.834190204673954,0.003120278149284011,0.0005740503389516136,4.605437244869342,0.15884071153838186,,0,0.942477796076938,1569.4314381270906
0.9,55,0.4,0.25,0.2,false,NO_DILUTE_CONNECTED_ROOT;ACTUAL_LOADING_EXCEEDS_DESIGN_FLOOD_FRACTION,1.5173926862212714,0.03904546945633925,0.0029932529590294553,0.8146219528211098,0.00243836957077214,0.00044757601599540507,5.90682413032778,0.1585781266578123,,0,1.0367255756846316,1726.3745819397993
0.9,60,0.4,0.25,0.2,false,NO_DILUTE_CONNECTED_ROOT;ACTUAL_LOADING_EXCEEDS_DESIGN_FLOOD_FRACTION,1.3669471170417755,0.050691638783286426,0.0024396993124550597,0.7967935178627041,0.0019439365976982876,0.0003562271235771399,7.4215370937781335,0.15838731975042125,,0,1.1309733552923256,1883.3177257525085
0.9,65,0.4,0.25,0.2,false,NO_DILUTE_CONNECTED_ROOT;ACTUAL_LOADING_EXCEEDS_DESIGN_FLOOD_FRACTION,1.2417586269240954,0.06444995972620383,0.0020199017443614567,0.7804472757544986,0.0015764268136786584,0.0002885220114261356,9.163088799949175,0.1582452409094951,,0,1.2252211349000193,2040.2608695652177
0.9,70,0.4,0.25,0.2,false,NO_DILUTE_CONNECTED_ROOT;ACTUAL_LOADING_EXCEEDS_DESIGN_FLOOD_FRACTION,1.1360973996916899,0.08049644491975577,0.0016950520805805325,0.7653773706267234,0.0012973545045100849,0.00023722053775339285,11.144704571009763,0.15813719501918794,,0,1.3194689145077132,2197.204013377927
0.9,30,0.4,0.25,0.3,false,NO_DILUTE_CONNECTED_ROOT;ACTUAL_LOADING_EXCEEDS_DESIGN_FLOOD_FRACTION,3.1404198094276534,0.006336454847910803,0.011938346044428479,1.1454157722725982,0.013674369854136564,0.0025934884311148666,1.019380992689124,0.16248796112305858,,0,0.5654866776461628,941.6588628762543
0.9,35,0.4,0.25,0.3,false,NO_DILUTE_CONNECTED_ROOT;ACTUAL_LOADING_EXCEEDS_DESIGN_FLOOD_FRACTION,2.6100664282845063,0.010062055614969471,0.008478253573723709,1.1144116410478246,0.009448264478313022,0.0017704959976071134,1.493227217124893,0.16101283278525008,,0,0.6597344572538566,1098.6020066889635
0.9,40,0.4,0.25,0.3,false,NO_DILUTE_CONNECTED_ROOT;ACTUAL_LOADING_EXCEEDS_DESIGN_FLOOD_FRACTION,2.223623341727823,0.015019744824677458,0.00626340379816968,1.0872273768448475,0.006809744081604076,0.0012661388163823428,2.0880434097988214,0.16007865607133825,,0,0.7539822368615503,1255.5451505016724
0.9,45,0.4,0.25,0.3,false,NO_DILUTE_CONNECTED_ROOT;ACTUAL_LOADING_EXCEEDS_DESIGN_FLOOD_FRACTION,1.9305373010981195,0.02138553511169896,0.0047772728415254664,1.063098865797277,0.005078713339429859,0.000939346668214552,2.814459135159016,0.159460825368962,,0,0.8482300164692442,1412.4882943143816
0.9,50,0.4,0.25,0.3,false,NO_DILUTE_CONNECTED_ROOT;ACTUAL_LOADING_EXCEEDS_DESIGN_FLOOD_FRACTION,1.7012541931623033,0.02933543911069816,0.003740487639151292,1.0414630027886227,0.003895579488564231,0.0007178985680726429,3.6826272248116734,0.15903652633568371,,0,0.942477796076938,1569.4314381270906
0.9,55,0.4,0.25,0.3,false,NO_DILUTE_CONNECTED_ROOT;ACTUAL_LOADING_EXCEEDS_DESIGN_FLOOD_FRACTION,1.5173926862212714,0.03904546945633925,0.0029932529590294553,1.0218947509357785,0.0030587894870551875,0.0005622256868638134,4.702298157497776,0.1587355601348852,,0,1.0367255756846316,1726.3745819397993
0.9,60,0.4,0.25,0.3,false,NO_DILUTE_CONNECTED_ROOT;ACTUAL_LOADING_EXCEEDS_DESIGN_FLOOD_FRACTION,1.3669471170417755,0.050691638783286426,0.0024396993124550597,1.0040663159773728,0.0024496199007492813,0.00044939817031770443,5.882873999172307,0.1585160564359258,,0,1.1309733552923256,1883.3177257525085
0.9,65,0.4,0.25,0.3,false,NO_DILUTE_CONNECTED_ROOT;ACTUAL_LOADING_EXCEEDS_DESIGN_FLOOD_FRACTION,1.2417586269240954,0.06444995972620383,0.0020199017443614567,0.9877200738691674,0.001995097500149158,0.0003654898959577579,7.233449790752046,0.15835209810715256,,0,1.2252211349000193,2040.2608695652177
0.9,70,0.4,0.25,0.3,false,NO_DILUTE_CONNECTED_ROOT;ACTUAL_LOADING_EXCEEDS_DESIGN_FLOOD_FRACTION,1.1360973996916899,0.08049644491975577,0.0016950520805805325,0.9726501687413922,0.001648692692202103,0.00030170023156115574,8.762846477635973,0.15822704334672621,,0,1.3194689145077132,2197.204013377927
0.9,30,0.4,0.25,0.4,false,ACTUAL_LOADING_EXCEEDS_DESIGN_FLOOD_FRACTION,3.1404198094276534,0.006336454847910803,0.011938346044428479,1.354953936216997,0.01617590896481898,0.0030815962634760316,0.8579166722039978,0.16304237242228148,0.09172914774555768,2,0.5654866776461628,941.6588628762543
0.9,35,0.4,0.25,0.4,false,NO_DILUTE_CONNECTED_ROOT;ACTUAL_LOADING_EXCEEDS_DESIGN_FLOOD_FRACTION,2.6100664282845063,0.010062055614969471,0.008478253573723709,1.3239498049922234,0.011224782165606125,0.002110442541859699,1.2527006819659656,0.1614181189827939,,0,0.6597344572538566,1098.6020066889635
0.9,40,0.4,0.25,0.4,false,NO_DILUTE_CONNECTED_ROOT;ACTUAL_LOADING_EXCEEDS_DESIGN_FLOOD_FRACTION,2.223623341727823,0.015019744824677458,0.00626340379816968,1.2967655407892462,0.008122166213514925,0.0015140322019269441,1.7461668305818496,0.16038319187914873,,0,0.7539822368615503,1255.5451505016724
0.9,45,0.4,0.25,0.4,false,NO_DILUTE_CONNECTED_ROOT;ACTUAL_LOADING_EXCEEDS_DESIGN_FLOOD_FRACTION,1.9305373010981195,0.02138553511169896,0.0047772728415254664,1.2726370297416758,0.006079734319304545,0.0011267449636477513,2.3463631049911085,0.1596955278077013,,0,0.8482300164692442,1412.4882943143816
0.9,50,0.4,0.25,0.4,false,NO_DILUTE_CONNECTED_ROOT;ACTUAL_LOADING_EXCEEDS_DESIGN_FLOOD_FRACTION,1.7012541931623033,0.02933543911069816,0.003740487639151292,1.2510011667330214,0.004679354400728711,0.0008637101518223681,3.0609259435697234,0.1592215188169931,,0,0.942477796076938,1569.4314381270906
0.9,55,0.4,0.25,0.4,false,NO_DILUTE_CONNECTED_ROOT;ACTUAL_LOADING_EXCEEDS_DESIGN_FLOOD_FRACTION,1.5173926862212714,0.03904546945633925,0.0029932529590294553,1.2314329148801773,0.003685990216311358,0.0006783820494304073,3.8971444094922854,0.15888424412500424,,0,1.0367255756846316,1726.3745819397993
0.9,60,0.4,0.25,0.4,false,NO_DILUTE_CONNECTED_ROOT;ACTUAL_LOADING_EXCEEDS_DESIGN_FLOOD_FRACTION,1.3669471170417755,0.050691638783286426,0.0024396993124550597,1.2136044799217716,0.0029608300152575264,0.0005437575381246801,4.862006732918958,0.15863759829422452,,0,1.1309733552923256,1883.3177257525085
0.9,65,0.4,0.25,0.4,false,NO_DILUTE_CONNECTED_ROOT;ACTUAL_LOADING_EXCEEDS_DESIGN_FLOOD_FRACTION,1.2417586269240954,0.06444995972620383,0.0020199017443614567,1.197258237813566,0.002418344003010746,0.00044341630679549854,5.962236324919186,0.158452920880164,,0,1.2252211349000193,2040.2608695652177
0.9,70,0.4,0.25,0.4,false,NO_DILUTE_CONNECTED_ROOT;ACTUAL_LOADING_EXCEEDS_DESIGN_FLOOD_FRACTION,1.1360973996916899,0.08049644491975577,0.0016950520805805325,1.182188332685791,0.0020038707929570807,0.0003669676750844861,7.204320682547765,0.15831176935732733,,0,1.3194689145077132,2197.204013377927
0.9,30,0.5,0.25,0.2,false,NO_DILUTE_CONNECTED_ROOT;ACTUAL_LOADING_EXCEEDS_DESIGN_FLOOD_FRACTION,2.009868678033699,0.019337325585665283,0.005162157179517593,0.8468265864653655,0.004371451943128562,0.0008076339580736115,3.273454248684114,0.1593307354327208,,0,0.7068583470577035,1471.3419732441473
0.9,35,0.5,0.25,0.2,false,NO_DILUTE_CONNECTED_ROOT;ACTUAL_LOADING_EXCEEDS_DESIGN_FLOOD_FRACTION,1.670442514102084,0.030706956832792565,0.0036099449073202002,0.8153073255164007,0.0029432145276487836,0.0005411883092891509,4.8850885469240675,0.15877949497230442,,0,0.8246680715673207,1716.5656354515052
0.9,40,0.5,0.25,0.2,false,NO_DILUTE_CONNECTED_ROOT;ACTUAL_LOADING_EXCEEDS_DESIGN_FLOOD_FRACTION,1.423118938705807,0.04583662361046585,0.0026401797519505573,0.7880585710931759,0.0020806162827512915,0.00038146603525611466,6.930506433325386,0.15844508195396767,,0,0.9424777960769379,1961.7892976588628
0.9,45,0.5,0.25,0.2,false,NO_DILUTE_CONNECTED_ROOT;ACTUAL_LOADING_EXCEEDS_DESIGN_FLOOD_FRACTION,1.2355438727027968,0.06526347385162033,0.002000043110565438,0.7641506228445152,0.0015283341886544609,0.0002796834885539053,9.452659594268765,0.15823035435905414,,0,1.0602875205865552,2207.0129598662206
0.9,50,0.5,0.25,0.2,false,NO_DILUTE_CONNECTED_ROOT;ACTUAL_LOADING_EXCEEDS_DESIGN_FLOOD_FRACTION,1.0888026836238744,0.08952465548919113,0.0015585092660671982,0.7429200371926095,0.0011578477619116694,0.000211616609700479,12.49312525694266,0.1580860028662095,,0,1.1780972450961724,2452.236622073579
0.9,55,0.5,0.25,0.2,false,NO_DILUTE_CONNECTED_ROOT;ACTUAL_LOADING_EXCEEDS_DESIGN_FLOOD_FRACTION,0.9711313191816139,0.11915731645611338,0.001242864982125565,0.723878182401356,0.0008996828442313478,0.0001642868074988386,16.092301333789816,0.15798524315537776,,0,1.2959069696057897,2697.4602842809363
0.9,60,0.5,0.25,0.2,false,NO_DILUTE_CONNECTED_ROOT;ACTUAL_LOADING_EXCEEDS_DESIGN_FLOOD_FRACTION,0.8748461549067363,0.15469860468532226,0.0010104274739892512,0.7066555483818245,0.0007140241807319361,0.0001303011840848203,20.289553237802238,0.1579126749438849,,0,1.413716694115407,2942.6839464882946
0.9,65,0.5,0.25,0.2,false,NO_DILUTE_CONNECTED_ROOT;ACTUAL_LOADING_EXCEEDS_DESIGN_FLOOD_FRACTION,0.7947255212314213,0.19668566810975288,0.0008349433062318158,0.6909664081683978,0.0005769177773312444,0.00010523099283705474,25.12332859513507,0.1578590142258528,,0,1.5315264186250241,3187.9076086956525
0.9,70,0.5,0.25,0.2,false,NO_DILUTE_CONNECTED_ROOT;ACTUAL_LOADING_EXCEEDS_DESIGN_FLOOD_FRACTION,0.7271023358026817,0.24565565466234052,0.0006996154173510172,0.6765855780275958,0.00047334970154545565,0.00008630900986347114,30.631249456107547,0.15781843791630507,,0,1.6493361431346414,3433.1312709030103
0.9,30,0.5,0.25,0.3,false,NO_DILUTE_CONNECTED_ROOT;ACTUAL_LOADING_EXCEEDS_DESIGN_FLOOD_FRACTION,2.009868678033699,0.019337325585665283,0.005162157179517593,1.0540993845800342,0.0054414267060349,0.0010076294786452037,2.6237350806689954,0.15960005140828792,,0,0.7068583470577035,1471.3419732441473
0.9,35,0.5,0.25,0.3,false,NO_DILUTE_CONNECTED_ROOT;ACTUAL_LOADING_EXCEEDS_DESIGN_FLOOD_FRACTION,1.670442514102084,0.030706956832792565,0.0036099449073202002,1.0225801236310694,0.0036914579096288397,0.0006798900768867486,3.8885003639757625,0.15896971334812676,,0,0.8246680715673207,1716.5656354515052
0.9,40,0.5,0.25,0.3,false,NO_DILUTE_CONNECTED_ROOT;ACTUAL_LOADING_EXCEEDS_DESIGN_FLOOD_FRACTION,1.423118938705807,0.04583662361046585,0.0026401797519505573,0.9953313692078447,0.002627853727463776,0.0004823858260029222,5.48057730747175,0.15858503775265542,,0,0.9424777960769379,1961.7892976588628
0.9,45,0.5,0.25,0.3,false,NO_DILUTE_CONNECTED_ROOT;ACTUAL_LOADING_EXCEEDS_DESIGN_FLOOD_FRACTION,1.2355438727027968,0.06526347385162033,0.002000043110565438,0.9714234209591839,0.001942888720531325,0.00035587791712134815,7.428819503111113,0.15833678243312227,,0,1.0602875205865552,2207.0129598662206
0.9,50,0.5,0.25,0.3,false,NO_DILUTE_CONNECTED_ROOT;ACTUAL_LOADING_EXCEEDS_DESIGN_FLOOD_FRACTION,1.0888026836238744,0.08952465548919113,0.0015585092660671982,0.9501928353072782,0.0014808843383770562,0.0002708548517631152,9.760773322789912,0.15816916077690207,,0,1.1780972450961724,2452.236622073579
0.9,55,0.5,0.25,0.3,false,NO_DILUTE_CONNECTED_ROOT;ACTUAL_LOADING_EXCEEDS_DESIGN_FLOOD_FRACTION,0.9711313191816139,0.11915731645611338,0.001242864982125565,0.9311509805160249,0.0011572949467552514,0.00021145178173863547,12.502863724768403,0.15805169191749424,,0,1.2959069696057897,2697.4602842809363
0.9,60,0.5,0.25,0.3,false,NO_DILUTE_CONNECTED_ROOT;ACTUAL_LOADING_EXCEEDS_DESIGN_FLOOD_FRACTION,0.8748461549067363,0.15469860468532226,0.0010104274739892512,0.9139283464964933,0.0009234583105576249,0.00016860091796602297,15.680536282551019,0.157966786761933,,0,1.413716694115407,2942.6839464882946
0.9,65,0.5,0.25,0.3,false,NO_DILUTE_CONNECTED_ROOT;ACTUAL_LOADING_EXCEEDS_DESIGN_FLOOD_FRACTION,0.7947255212314213,0.19668566810975288,0.0008349433062318158,0.8982392062830666,0.0007499788126810257,0.00013685175842708885,19.318369320377826,0.15790378622948875,,0,1.5315264186250241,3187.9076086956525
0.9,70,0.5,0.25,0.3,false,NO_DILUTE_CONNECTED_ROOT;ACTUAL_LOADING_EXCEEDS_DESIGN_FLOOD_FRACTION,0.7271023358026817,0.24565565466234052,0.0006996154173510172,0.8838583761422647,0.0006183609467039629,0.00011278729694312856,23.440164655871726,0.15785599392736988,,0,1.6493361431346414,3433.1312709030103
0.9,30,0.5,0.25,0.4,false,NO_DILUTE_CONNECTED_ROOT;ACTUAL_LOADING_EXCEEDS_DESIGN_FLOOD_FRACTION,2.009868678033699,0.019337325585665283,0.005162157179517593,1.2636375485244329,0.006523095643423412,0.0012105419784852304,2.1839414563266937,0.15985420595076555,,0,0.7068583470577035,1471.3419732441473
0.9,35,0.5,0.25,0.4,false,NO_DILUTE_CONNECTED_ROOT;ACTUAL_LOADING_EXCEEDS_DESIGN_FLOOD_FRACTION,1.670442514102084,0.030706956832792565,0.0036099449073202002,1.2321182875754682,0.004447879137449147,0.0008204749542241257,3.2222224430210313,0.1591492285257104,,0,0.8246680715673207,1716.5656354515052
0.9,40,0.5,0.25,0.4,false,NO_DILUTE_CONNECTED_ROOT;ACTUAL_LOADING_EXCEEDS_DESIGN_FLOOD_FRACTION,1.423118938705807,0.04583662361046585,0.0026401797519505573,1.2048695331522434,0.0031810721451706737,0.0005846081586046271,4.522264652870868,0.15871704353409866,,0,0.9424777960769379,1961.7892976588628
0.9,45,0.5,0.25,0.4,false,NO_DILUTE_CONNECTED_ROOT;ACTUAL_LOADING_EXCEEDS_DESIGN_FLOOD_FRACTION,1.2355438727027968,0.06526347385162033,0.002000043110565438,1.1809615849035826,0.002361974081728851,0.00043302077820795874,6.1053717153682765,0.15843708839266762,,0,1.0602875205865552,2207.0129598662206
0.9,50,0.5,0.25,0.4,false,NO_DILUTE_CONNECTED_ROOT;ACTUAL_LOADING_EXCEEDS_DESIGN_FLOOD_FRACTION,1.0888026836238744,0.08952465548919113,0.0015585092660671982,1.1597309992516769,0.0018074515084791094,0.0003308112406363532,7.991726056079807,0.15824745920434824,,0,1.1780972450961724,2452.236622073579
0.9,55,0.5,0.25,0.4,false,NO_DILUTE_CONNECTED_ROOT;ACTUAL_LOADING_EXCEEDS_DESIGN_FLOOD_FRACTION,0.9711313191816139,0.11915731645611338,0.001242864982125565,1.1406891444604237,0.0014177225931406303,0.0002591774155278314,10.200552413309081,0.15811418801242422,,0,1.2959069696057897,2697.4602842809363
0.9,60,0.5,0.25,0.4,false,NO_DILUTE_CONNECTED_ROOT;ACTUAL_LOADING_EXCEEDS_DESIGN_FLOOD_FRACTION,0.8748461549067363,0.15469860468532226,0.0010104274739892512,1.123466510440892,0.0011351814282563094,0.0002073492002973973,12.750243587367317,0.15801762475846137,,0,1.413716694115407,2942.6839464882946
0.9,65,0.5,0.25,0.4,false,NO_DILUTE_CONNECTED_ROOT;ACTUAL_LOADING_EXCEEDS_DESIGN_FLOOD_FRACTION,0.7947255212314213,0.19668566810975288,0.0008349433062318158,1.1077773702274654,0.0009249313000665062,0.00016883862268402618,15.6584599507501,0.15794580284918736,,0,1.5315264186250241,3187.9076086956525
0.9,70,0.5,0.25,0.4,false,NO_DILUTE_CONNECTED_ROOT;ACTUAL_LOADING_EXCEEDS_DESIGN_FLOOD_FRACTION,0.7271023358026817,0.24565565466234052,0.0006996154173510172,1.0933965400866634,0.0007649570767228892,0.0001395693964494459,18.942209959296036,0.1578911958054423,,0,1.6493361431346414,3433.1312709030103
0.9,30,0.33,0.3,0.2,true,,4.963091814664935,0.002018063563637244,0.026544132303813042,0.9825790012845035,0.026081707009044344,0.005134815089800289,0.5148681627677573,0.16732417832695579,0.04293170814095565,2,0.46652650905808435,640.9165635451507
0.9,35,0.33,0.3,0.2,false,ACTUAL_LOADING_EXCEEDS_DESIGN_FLOOD_FRACTION,4.124926000995855,0.0032046101959609945,0.019403597409144015,0.9532883048513681,0.018497222482181296,0.003568203138300584,0.7409199277529817,0.16463458744202109,0.07089687299544706,2,0.5442809272344318,747.7359908026758
0.9,40,0.33,0.3,0.2,false,NO_DILUTE_CONNECTED_ROOT;ACTUAL_LOADING_EXCEEDS_DESIGN_FLOOD_FRACTION,3.514194749726338,0.004783558076769763,0.014630454358276998,0.927198570427643,0.01356533636570131,0.0025798056147224714,1.0247876027365104,0.16282607636668883,,0,0.6220353454107791,854.5554180602009
0.9,45,0.33,0.3,0.2,false,NO_DILUTE_CONNECTED_ROOT;ACTUAL_LOADING_EXCEEDS_DESIGN_FLOOD_FRACTION,3.0510041518084945,0.006810964527275698,0.011323808153373615,0.9037483616268166,0.010233873065987793,0.001926682485754057,1.3721787741289038,0.16157927440284242,,0,0.6997897635871265,961.3748453177261
0.9,50,0.33,0.3,0.2,false,NO_DILUTE_CONNECTED_ROOT;ACTUAL_LOADING_EXCEEDS_DESIGN_FLOOD_FRACTION,2.688647146919845,0.009342886868690945,0.008961704806725935,0.8825007195689905,0.007908710940500519,0.0014781248242798637,1.788585624171258,0.16069768870095014,,0,0.777544181763474,1068.1942725752513
0.9,55,0.33,0.3,0.2,false,NO_DILUTE_CONNECTED_ROOT;ACTUAL_LOADING_EXCEEDS_DESIGN_FLOOD_FRACTION,2.398074040295192,0.012435382422227647,0.007228810612688266,0.8631130832711456,0.006239281016300548,0.001159882009288266,2.279329095775791,0.16005921661782224,,0,0.8552985999398213,1175.013699832776
0.9,60,0.33,0.3,0.2,false,NO_DILUTE_CONNECTED_ROOT;ACTUAL_LOADING_EXCEEDS_DESIGN_FLOOD_FRACTION,2.160311187473471,0.016144508509097953,0.0059276527978333856,0.8453136820613165,0.005010726012517604,0.0009277664908375885,2.849588595348867,0.1595865250641098,,0,0.9330530181161687,1281.8331270903013
0.9,65,0.33,0.3,0.2,false,NO_DILUTE_CONNECTED_ROOT;ACTUAL_LOADING_EXCEEDS_DESIGN_FLOOD_FRACTION,1.9624644000063662,0.020526322450514,0.004930586010396704,0.828884124336811,0.004086884467695002,0.0007544045802704563,3.504423064994963,0.15922952709840243,,0,1.0108074362925161,1388.6525543478265
0.9,70,0.33,0.3,0.2,false,NO_DILUTE_CONNECTED_ROOT;ACTUAL_LOADING_EXCEEDS_DESIGN_FLOOD_FRACTION,1.795478326860885,0.025636881567687956,0.004152735251386155,0.8136467179886393,0.003378859407966072,0.0006222371341531428,4.248786622218789,0.15895504497149304,,0,1.0885618544688636,1495.4719816053516
0.9,30,0.33,0.3,0.3,true,,4.963091814664935,0.002018063563637244,0.026544132303813042,1.1898517993991722,0.031583583585181645,0.006271657808813339,0.4215397095999815,0.1684963795405241,0.033724535682532225,2,0.46652650905808435,640.9165635451507
0.9,35,0.33,0.3,0.3,true,,4.124926000995855,0.0032046101959609945,0.019403597409144015,1.160561102966037,0.022519060410665117,0.004374617980647792,0.6043391270124449,0.1655470567612985,0.05254047094745184,2,0.5442809272344318,747.7359908026758
0.9,40,0.33,0.3,0.3,false,ACTUAL_LOADING_EXCEEDS_DESIGN_FLOOD_FRACTION,3.514194749726338,0.004783558076769763,0.014630454358276998,1.1344713685423118,0.016597831578230336,0.0031745351025293024,0.8327999930859886,0.16354174790506187,0.08666319863798987,2,0.6220353454107791,854.5554180602009
0.9,45,0.33,0.3,0.3,false,NO_DILUTE_CONNECTED_ROOT;ACTUAL_LOADING_EXCEEDS_DESIGN_FLOOD_FRACTION,3.0510041518084945,0.006810964527275698,0.011323808153373615,1.1110211597414854,0.012580990467251243,0.002379563065503335,1.1110244774615434,0.16214764551301197,,0,0.6997897635871265,961.3748453177261
0.9,50,0.33,0.3,0.3,false,NO_DILUTE_CONNECTED_ROOT;ACTUAL_LOADING_EXCEEDS_DESIGN_FLOOD_FRACTION,2.688647146919845,0.009342886868690945,0.008961704806725935,1.0897735176836592,0.009766228571668279,0.0018322393520354497,1.4429079958907467,0.16115543057181925,,0,0.777544181763474,1068.1942725752513
0.9,55,0.33,0.3,0.3,false,NO_DILUTE_CONNECTED_ROOT;ACTUAL_LOADING_EXCEEDS_DESIGN_FLOOD_FRACTION,2.398074040295192,0.012435382422227647,0.007228810612688266,1.0703858813858143,0.0077376168190334575,0.0014429519089545642,1.8321835918655538,0.16043300806001942,,0,0.8552985999398213,1175.013699832776
0.9,60,0.33,0.3,0.3,false,NO_DILUTE_CONNECTED_ROOT;ACTUAL_LOADING_EXCEEDS_DESIGN_FLOOD_FRACTION,2.160311187473471,0.016144508509097953,0.0059276527978333856,1.0525864801759854,0.006239367194176775,0.0011582960761083005,2.2824499417456723,0.15989577175928094,,0,0.9330530181161687,1281.8331270903013
0.9,65,0.33,0.3,0.3,false,NO_DILUTE_CONNECTED_ROOT;ACTUAL_LOADING_EXCEEDS_DESIGN_FLOOD_FRACTION,1.9624644000063662,0.020526322450514,0.004930586010396704,1.03615692245148,0.00510886082641497,0.0009451457823532756,2.797190508383872,0.1594884684237518,,0,1.0108074362925161,1388.6525543478265
0.9,70,0.33,0.3,0.3,false,NO_DILUTE_CONNECTED_ROOT;ACTUAL_LOADING_EXCEEDS_DESIGN_FLOOD_FRACTION,1.795478326860885,0.025636881567687956,0.004152735251386155,1.0209195161033082,0.004239608463350304,0.000782224544945541,3.3797875923488068,0.15917423218300047,,0,1.0885618544688636,1495.4719816053516
0.9,30,0.33,0.3,0.4,true,,4.963091814664935,0.002018063563637244,0.026544132303813042,1.399389963343571,0.03714559233161983,0.007433860617643308,0.35563658607790216,0.16957949560516583,0.027773522893709088,2,0.46652650905808435,640.9165635451507
0.9,35,0.33,0.3,0.4,true,,4.124926000995855,0.0032046101959609945,0.019403597409144015,1.3700992669104357,0.026584854585693447,0.005197794306666593,0.5086297485929375,0.1663969214709014,0.04198454929711428,2,0.5442809272344318,747.7359908026758
0.9,40,0.33,0.3,0.4,true,,3.514194749726338,0.004783558076769763,0.014630454358276998,1.3440095324867105,0.019663470122136022,0.003780719771019835,0.6992723532970254,0.16421169142597442,0.06445189102874975,2,0.6220353454107791,854.5554180602009
0.9,45,0.33,0.3,0.4,false,ACTUAL_LOADING_EXCEEDS_DESIGN_FLOOD_FRACTION,3.0510041518084945,0.006810964527275698,0.011323808153373615,1.3205593236858841,0.014953760436567763,0.002840554134275926,0.9307172778495698,0.16268140142668802,0.11131625024575315,2,0.6997897635871265,961.3748453177261
0.9,50,0.33,0.3,0.4,false,NO_DILUTE_CONNECTED_ROOT;ACTUAL_LOADING_EXCEEDS_DESIGN_FLOOD_FRACTION,2.688647146919845,0.009342886868690945,0.008961704806725935,1.2993116816280579,0.011644047742681324,0.0021922927818702333,1.2059305368794124,0.16158614580168457,,0,0.777544181763474,1068.1942725752513
0.9,55,0.33,0.3,0.4,false,NO_DILUTE_CONNECTED_ROOT;ACTUAL_LOADING_EXCEEDS_DESIGN_FLOOD_FRACTION,2.398074040295192,0.012435382422227647,0.007228810612688266,1.279924045330213,0.009252328522317941,0.001730504774000873,1.527735058092534,0.16078514587048448,,0,0.8552985999398213,1175.013699832776
0.9,60,0.33,0.3,0.4,false,NO_DILUTE_CONNECTED_ROOT;ACTUAL_LOADING_EXCEEDS_DESIGN_FLOOD_FRACTION,2.160311187473471,0.016144508509097953,0.0059276527978333856,1.2621246441203842,0.007481436677934661,0.0013923012613479588,1.898836756693072,0.16018728659332787,,0,0.9330530181161687,1281.8331270903013
0.9,65,0.33,0.3,0.4,false,NO_DILUTE_CONNECTED_ROOT;ACTUAL_LOADING_EXCEEDS_DESIGN_FLOOD_FRACTION,1.9624644000063662,0.020526322450514,0.004930586010396704,1.2456950863958787,0.006142006766203433,0.0011386447825971432,2.321841589092848,0.15973262592586063,,0,1.0108074362925161,1388.6525543478265
0.9,70,0.33,0.3,0.4,false,NO_DILUTE_CONNECTED_ROOT;ACTUAL_LOADING_EXCEEDS_DESIGN_FLOOD_FRACTION,1.795478326860885,0.025636881567687956,0.004152735251386155,1.230457680047707,0.00510976498327294,0.0009444444168968695,2.799267764347768,0.15938092421135214,,0,1.0885618544688636,1495.4719816053516
0.9,30,0.4,0.3,0.2,false,NO_DILUTE_CONNECTED_ROOT;ACTUAL_LOADING_EXCEEDS_DESIGN_FLOOD_FRACTION,3.378004366356321,0.0052803790399256695,0.01362742159172923,0.9071927153999731,0.012362697597701065,0.0023430751561790207,1.1283260822708485,0.16240114750545365,,0,0.5654866776461628,941.6588628762543
0.9,35,0.4,0.3,0.2,false,NO_DILUTE_CONNECTED_ROOT;ACTUAL_LOADING_EXCEEDS_DESIGN_FLOOD_FRACTION,2.807527759427804,0.008385046345807891,0.009713111553500216,0.8762534695224007,0.00851114769861268,0.001593971923203973,1.6585943409364072,0.16094330119968758,,0,0.6597344572538566,1098.6020066889635
0.9,40,0.4,0.3,0.2,false,NO_DILUTE_CONNECTED_ROOT;ACTUAL_LOADING_EXCEEDS_DESIGN_FLOOD_FRACTION,2.391848801532489,0.012516454020564548,0.007193364771632476,0.8491138076992482,0.006107985351410484,0.0011351064939054375,2.329079100183418,0.16002087101492735,,0,0.7539822368615503,1255.5451505016724
0.9,45,0.4,0.3,0.2,false,NO_DILUTE_CONNECTED_ROOT;ACTUAL_LOADING_EXCEEDS_DESIGN_FLOOD_FRACTION,2.0765897008246563,0.017821279259749134,0.005495968765920988,0.8250174468189768,0.004534270119056976,0.0008382959411174563,3.15372254804608,0.1594117443186407,,0,0.8482300164692442,1412.4882943143816
0.9,50,0.4,0.3,0.2,false,NO_DILUTE_CONNECTED_ROOT;ACTUAL_LOADING_EXCEEDS_DESIGN_FLOOD_FRACTION,1.82996046437232,0.024446199258915134,0.004308456685662653,0.8034056255813837,0.0034614383388350987,0.0006376601495993909,4.146021690548744,0.15899423654146488,,0,0.942477796076938,1569.4314381270906
0.9,55,0.4,0.3,0.2,false,NO_DILUTE_CONNECTED_ROOT;ACTUAL_LOADING_EXCEEDS_DESIGN_FLOOD_FRACTION,1.632189143675915,0.03253789121361604,0.003450830975869026,0.7838558866311333,0.002704954174203994,0.0004970296860578573,5.319104443049066,0.15869874399837403,,0,1.0367255756846316,1726.3745819397993
0.9,60,0.4,0.3,0.2,false,NO_DILUTE_CONNECTED_ROOT;ACTUAL_LOADING_EXCEEDS_DESIGN_FLOOD_FRACTION,1.4703618019741311,0.042243032319405356,0.0028145281714764417,0.7660420522233619,0.0021560469365182796,0.0003954290236712504,6.685783423008372,0.1584837574194498,,0,1.1309733552923256,1883.3177257525085
0.9,65,0.4,0.3,0.2,false,NO_DILUTE_CONNECTED_ROOT;ACTUAL_LOADING_EXCEEDS_DESIGN_FLOOD_FRACTION,1.335702332254333,0.05370829977183653,0.0023314168077210535,0.7497075564998916,0.0017478807980993286,0.0003201213409105171,8.258595955889847,0.1583235419056716,,0,1.2252211349000193,2040.2608695652177
0.9,70,0.4,0.3,0.2,false,NO_DILUTE_CONNECTED_ROOT;ACTUAL_LOADING_EXCEEDS_DESIGN_FLOOD_FRACTION,1.2220474362196898,0.06708037076646313,0.0019572387506847973,0.7346472617462307,0.0014378800887742,0.00026306429981993085,10.04983501466104,0.1582016524992778,,0,1.3194689145077132,2197.204013377927
0.9,30,0.4,0.3,0.3,false,ACTUAL_LOADING_EXCEEDS_DESIGN_FLOOD_FRACTION,3.378004366356321,0.0052803790399256695,0.01362742159172923,1.114465513514642,0.015187291402107037,0.0028940509456977953,0.9135128790209276,0.16307668145283194,0.10609830169737769,2,0.5654866776461628,941.6588628762543
0.9,35,0.4,0.3,0.3,false,NO_DILUTE_CONNECTED_ROOT;ACTUAL_LOADING_EXCEEDS_DESIGN_FLOOD_FRACTION,2.807527759427804,0.008385046345807891,0.009713111553500216,1.0835262676370694,0.010524411508706586,0.001979105455496228,1.3358322084836827,0.1614392704146983,,0,0.6597344572538566,1098.6020066889635
0.9,40,0.4,0.3,0.3,false,NO_DILUTE_CONNECTED_ROOT;ACTUAL_LOADING_EXCEEDS_DESIGN_FLOOD_FRACTION,2.391848801532489,0.012516454020564548,0.007193364771632476,1.0563866058139169,0.007598974195486232,0.0014166433692200484,1.866209145420406,0.1603948074017023,,0,0.7539822368615503,1255.5451505016724
0.9,45,0.4,0.3,0.3,false,NO_DILUTE_CONNECTED_ROOT;ACTUAL_LOADING_EXCEEDS_DESIGN_FLOOD_FRACTION,2.0765897008246563,0.017821279259749134,0.005495968765920988,1.0322902449336457,0.005673434943520243,0.0010514928902928895,2.5142850092892433,0.15970073755454944,,0,0.8482300164692442,1412.4882943143816
0.9,50,0.4,0.3,0.3,false,NO_DILUTE_CONNECTED_ROOT;ACTUAL_LOADING_EXCEEDS_DESIGN_FLOOD_FRACTION,1.82996046437232,0.024446199258915134,0.004308456685662653,1.0106784236960524,0.0043544642116282485,0.0008037494489065559,3.2892748045230626,0.15922255963926463,,0,0.942477796076938,1569.4314381270906
0.9,55,0.4,0.3,0.3,false,NO_DILUTE_CONNECTED_ROOT;ACTUAL_LOADING_EXCEEDS_DESIGN_FLOOD_FRACTION,1.632189143675915,0.03253789121361604,0.003450830975869026,0.9911286847458021,0.0034202175663931404,0.0006294595666927828,4.200035953584854,0.1588826276211262,,0,1.0367255756846316,1726.3745819397993
0.9,60,0.4,0.3,0.3,false,NO_DILUTE_CONNECTED_ROOT;ACTUAL_LOADING_EXCEEDS_DESIGN_FLOOD_FRACTION,1.4703618019741311,0.042243032319405356,0.0028145281714764417,0.9733148503380307,0.002739422065992764,0.0005030815969321196,5.2551173160769595,0.15863433393525278,,0,1.1309733552923256,1883.3177257525085
0.9,65,0.4,0.3,0.3,false,NO_DILUTE_CONNECTED_ROOT;ACTUAL_LOADING_EXCEEDS_DESIGN_FLOOD_FRACTION,1.335702332254333,0.05370829977183653,0.0023314168077210535,0.9569803546145603,0.00223112008340724,0.0004090725843766533,6.462796365261666,0.158448653962302,,0,1.2252211349000193,2040.2608695652177
0.9,70,0.4,0.3,0.3,false,NO_DILUTE_CONNECTED_ROOT;ACTUAL_LOADING_EXCEEDS_DESIGN_FLOOD_FRACTION,1.2220474362196898,0.06708037076646313,0.0019572387506847973,0.9419200598608994,0.0018435624412070964,0.00033759624183310705,7.831108536879353,0.15830694146571073,,0,1.3194689145077132,2197.204013377927
0.9,30,0.4,0.3,0.4,false,ACTUAL_LOADING_EXCEEDS_DESIGN_FLOOD_FRACTION,3.378004366356321,0.0052803790399256695,0.01362742159172923,1.3240036774590407,0.018042756301734235,0.0034554572206607222,0.7650949332060074,0.16370920014094326,0.07432942055196368,2,0.5654866776461628,941.6588628762543
0.9,35,0.4,0.3,0.4,false,NO_DILUTE_CONNECTED_ROOT;ACTUAL_LOADING_EXCEEDS_DESIGN_FLOOD_FRACTION,2.807527759427804,0.008385046345807891,0.009713111553500216,1.293064431581468,0.012559679069814148,0.002370858143842167,1.1151037519069853,0.16190530200182307,,0,0.6597344572538566,1098.6020066889635
0.9,40,0.4,0.3,0.4,false,NO_DILUTE_CONNECTED_ROOT;ACTUAL_LOADING_EXCEEDS_DESIGN_FLOOD_FRACTION,2.391848801532489,0.012516454020564548,0.007193364771632476,1.2659247697583156,0.00910625864231642,0.0017026409721483087,1.5527365162027515,0.16074679434160172,,0,0.7539822368615503,1255.5451505016724
0.9,45,0.4,0.3,0.4,false,NO_DILUTE_CONNECTED_ROOT;ACTUAL_LOADING_EXCEEDS_DESIGN_FLOOD_FRACTION,2.0765897008246563,0.017821279259749134,0.005495968765920988,1.2418284088780445,0.00682505014782709,0.0012678522792438302,2.0852214841735446,0.15997297959276285,,0,0.8482300164692442,1412.4882943143816
0.9,50,0.4,0.3,0.4,false,NO_DILUTE_CONNECTED_ROOT;ACTUAL_LOADING_EXCEEDS_DESIGN_FLOOD_FRACTION,1.82996046437232,0.024446199258915134,0.004308456685662653,1.2202165876404512,0.00525725031497597,0.0009721760556631833,2.7194177392428767,0.15943766586326408,,0,0.942477796076938,1569.4314381270906
0.9,55,0.4,0.3,0.4,false,NO_DILUTE_CONNECTED_ROOT;ACTUAL_LOADING_EXCEEDS_DESIGN_FLOOD_FRACTION,1.632189143675915,0.03253789121361604,0.003450830975869026,1.2006668486902008,0.004143298353159194,0.0007636765715105965,3.4618749743862574,0.15905582959989906,,0,1.0367255756846316,1726.3745819397993
0.9,60,0.4,0.3,0.4,false,NO_DILUTE_CONNECTED_ROOT;ACTUAL_LOADING_EXCEEDS_DESIGN_FLOOD_FRACTION,1.4703618019741311,0.042243032319405356,0.0028145281714764417,1.1828530142824294,0.0033291731314137236,0.0006121391139925218,4.318875809445381,0.15877610845758872,,0,1.1309733552923256,1883.3177257525085
0.9,65,0.4,0.3,0.4,false,NO_DILUTE_CONNECTED_ROOT;ACTUAL_LOADING_EXCEEDS_DESIGN_FLOOD_FRACTION,1.335702332254333,0.05370829977183653,0.0023314168077210535,1.166518518558959,0.0027196408806862207,0.0004991539213409966,5.296468080096588,0.15856639487779095,,0,1.2252211349000193,2040.2608695652177
0.9,70,0.4,0.3,0.4,false,NO_DILUTE_CONNECTED_ROOT;ACTUAL_LOADING_EXCEEDS_DESIGN_FLOOD_FRACTION,1.2220474362196898,0.06708037076646313,0.0019572387506847973,1.1514582238052982,0.0022536786554264174,0.00041305471611135944,6.400490560492417,0.15840595834299703,,0,1.3194689145077132,2197.204013377927
0.9,30,0.5,0.3,0.2,false,NO_DILUTE_CONNECTED_ROOT;ACTUAL_LOADING_EXCEEDS_DESIGN_FLOOD_FRACTION,2.161922794468046,0.0161144379880544,0.005936100700549017,0.8159643913354873,0.0048436467950296385,0.0008965017633220447,2.948965545411797,0.15954349206575386,,0,0.7068583470577035,1471.3419732441473
0.9,35,0.5,0.3,0.2,false,NO_DILUTE_CONNECTED_ROOT;ACTUAL_LOADING_EXCEEDS_DESIGN_FLOOD_FRACTION,1.7968177660337947,0.0255891306939938,0.004158735930546859,0.7844907329464619,0.003262489798285492,0.0006006495426480247,4.401489760205889,0.15892469196634762,,0,0.8246680715673207,1716.5656354515052
0.9,40,0.5,0.3,0.2,false,NO_DILUTE_CONNECTED_ROOT;ACTUAL_LOADING_EXCEEDS_DESIGN_FLOOD_FRACTION,1.5307832329807933,0.03819718634205487,0.0030450742727478842,0.7572733258579916,0.002305953522008395,0.0004231606514242896,6.2476338538075105,0.15854835284085772,,0,0.9424777960769379,1961.7892976588628
0.9,45,0.5,0.3,0.2,false,NO_DILUTE_CONNECTED_ROOT;ACTUAL_LOADING_EXCEEDS_DESIGN_FLOOD_FRACTION,1.3290174085277804,0.05438622820968361,0.002308551047792332,0.733387973310742,0.0016930635742248082,0.0003100350798477288,8.527269922926427,0.15830637137166148,,0,1.0602875205865552,2207.0129598662206
0.9,50,0.5,0.3,0.2,false,NO_DILUTE_CONNECTED_ROOT;ACTUAL_LOADING_EXCEEDS_DESIGN_FLOOD_FRACTION,1.1711746971982848,0.07460387957432593,0.0017998742255885085,0.7121742846371705,0.0012818241390453772,0.0002343939498858971,11.27910004812244,0.1581435735402984,,0,1.1780972450961724,2452.236622073579
0.9,55,0.5,0.3,0.2,false,NO_DILUTE_CONNECTED_ROOT;ACTUAL_LOADING_EXCEEDS_DESIGN_FLOOD_FRACTION,1.044601051952586,0.09929776371342781,0.001435897031940161,0.6931454410385298,0.0009952854814900788,0.00018181584346326076,14.540827471792083,0.15802991022325918,,0,1.2959069696057897,2697.4602842809363
0.9,60,0.5,0.3,0.2,false,NO_DILUTE_CONNECTED_ROOT;ACTUAL_LOADING_EXCEEDS_DESIGN_FLOOD_FRACTION,0.9410315532634442,0.1289155039044352,0.0011676888404241333,0.675933068542041,0.0007892795010101822,0.00014407934501244705,18.349283939410167,0.15794804535253393,,0,1.413716694115407,2942.6839464882946
0.9,65,0.5,0.3,0.2,false,NO_DILUTE_CONNECTED_ROOT;ACTUAL_LOADING_EXCEEDS_DESIGN_FLOOD_FRACTION,0.8548494926427733,0.16390472342479404,0.0009650980429092246,0.6602521838938085,0.000637208090502456,0.00011625731682223608,22.740528370184876,0.15788751083521796,,0,1.5315264186250241,3187.9076086956525
0.9,70,0.5,0.3,0.2,false,NO_DILUTE_CONNECTED_ROOT;ACTUAL_LOADING_EXCEEDS_DESIGN_FLOOD_FRACTION,0.7821103591806018,0.2047130455519504,0.0008088071484345899,0.6458781080924759,0.0005223908308426032,0.00009527062672937542,27.749925682208886,0.15784173757583553,,0,1.6493361431346414,3433.1312709030103
0.9,30,0.5,0.3,0.3,false,NO_DILUTE_CONNECTED_ROOT;ACTUAL_LOADING_EXCEEDS_DESIGN_FLOOD_FRACTION,2.161922794468046,0.0161144379880544,0.005936100700549017,1.0232371894501562,0.006074038997122879,0.0011272297975656654,2.345353908446181,0.1598565926737362,,0,0.7068583470577035,1471.3419732441473
0.9,35,0.5,0.3,0.3,false,NO_DILUTE_CONNECTED_ROOT;ACTUAL_LOADING_EXCEEDS_DESIGN_FLOOD_FRACTION,1.7968177660337947,0.0255891306939938,0.004158735930546859,0.9917635310611307,0.004124482631229951,0.0007608027226902186,3.474951827313723,0.1591466123546726,,0,0.8246680715673207,1716.5656354515052
0.9,40,0.5,0.3,0.3,false,NO_DILUTE_CONNECTED_ROOT;ACTUAL_LOADING_EXCEEDS_DESIGN_FLOOD_FRACTION,1.5307832329807933,0.03819718634205487,0.0030450742727478842,0.9645461239726604,0.002937114586987839,0.0005397507518620704,4.898099358485422,0.15871200555853826,,0,0.9424777960769379,1961.7892976588628
0.9,45,0.5,0.3,0.3,false,NO_DILUTE_CONNECTED_ROOT;ACTUAL_LOADING_EXCEEDS_DESIGN_FLOOD_FRACTION,1.3290174085277804,0.05438622820968361,0.002308551047792332,0.9406607714254108,0.0021715634094912756,0.00039809168707563683,6.641065104520311,0.15843101980025143,,0,1.0602875205865552,2207.0129598662206
0.9,50,0.5,0.3,0.3,false,NO_DILUTE_CONNECTED_ROOT;ACTUAL_LOADING_EXCEEDS_DESIGN_FLOOD_FRACTION,1.1711746971982848,0.07460387957432593,0.0017998742255885085,0.9194470827518393,0.00165488910603758,0.00030287138751068746,8.728961930563152,0.15824108780294793,,0,1.1780972450961724,2452.236622073579
0.9,55,0.5,0.3,0.3,false,NO_DILUTE_CONNECTED_ROOT;ACTUAL_LOADING_EXCEEDS_DESIGN_FLOOD_FRACTION,1.044601051952586,0.09929776371342781,0.001435897031940161,0.9004182391531986,0.001292907877104864,0.00023634664795950118,11.185912024826548,0.15810789410498371,,0,1.2959069696057897,2697.4602842809363
0.9,60,0.5,0.3,0.3,false,NO_DILUTE_CONNECTED_ROOT;ACTUAL_LOADING_EXCEEDS_DESIGN_FLOOD_FRACTION,0.9410315532634442,0.1289155039044352,0.0011676888404241333,0.88320586665671,0.0010313096342921655,0.00018836625159430732,14.035172378604198,0.15801158898089013,,0,1.413716694115407,2942.6839464882946
0.9,65,0.5,0.3,0.3,false,NO_DILUTE_CONNECTED_ROOT;ACTUAL_LOADING_EXCEEDS_DESIGN_FLOOD_FRACTION,0.8548494926427733,0.16390472342479404,0.0009650980429092246,0.8675249820084773,0.0008372466623112417,0.0001528248523518288,17.29923353926273,0.15794011863831425,,0,1.5315264186250241,3187.9076086956525
0.9,70,0.5,0.3,0.3,false,NO_DILUTE_CONNECTED_ROOT;ACTUAL_LOADING_EXCEEDS_DESIGN_FLOOD_FRACTION,0.7821103591806018,0.2047130455519504,0.0008088071484345899,0.8531509062071447,0.000690034551633787,0.00012589359426457063,20.99989937440085,0.15788588171246604,,0,1.6493361431346414,3433.1312709030103
0.9,30,0.5,0.3,0.4,false,NO_DILUTE_CONNECTED_ROOT;ACTUAL_LOADING_EXCEEDS_DESIGN_FLOOD_FRACTION,2.161922794468046,0.0161144379880544,0.005936100700549017,1.232775353394555,0.007317878638904979,0.001361448941519848,1.9418670291713533,0.16015118946651136,,0,0.7068583470577035,1471.3419732441473
0.9,35,0.5,0.3,0.4,false,NO_DILUTE_CONNECTED_ROOT;ACTUAL_LOADING_EXCEEDS_DESIGN_FLOOD_FRACTION,1.7968177660337947,0.0255891306939938,0.004158735930546859,1.2013016950055295,0.00499589652244634,0.0009231967587044362,2.8636937754717953,0.1593554651819128,,0,0.8246680715673207,1716.5656354515052
0.9,40,0.5,0.3,0.4,false,NO_DILUTE_CONNECTED_ROOT;ACTUAL_LOADING_EXCEEDS_DESIGN_FLOOD_FRACTION,1.5307832329807933,0.03819718634205487,0.0030450742727478842,1.1740842879170592,0.0035751738591737565,0.000657882943564926,4.018576309505311,0.15886594870922988,,0,0.9424777960769379,1961.7892976588628
0.9,45,0.5,0.3,0.4,false,NO_DILUTE_CONNECTED_ROOT;ACTUAL_LOADING_EXCEEDS_DESIGN_FLOOD_FRACTION,1.3290174085277804,0.05438622820968361,0.002308551047792332,1.1501989353698097,0.002655292957417599,0.00048726645502747477,5.4256819531903995,0.15854817767854573,,0,1.0602875205865552,2207.0129598662206
0.9,50,0.5,0.3,0.4,false,NO_DILUTE_CONNECTED_ROOT;ACTUAL_LOADING_EXCEEDS_DESIGN_FLOOD_FRACTION,1.1711746971982848,0.07460387957432593,0.0017998742255885085,1.128985246696238,0.0020320314465982424,0.0003721926678993247,7.103183483863648,0.15833264761574495,,0,1.1780972450961724,2452.236622073579
0.9,55,0.5,0.3,0.4,false,NO_DILUTE_CONNECTED_ROOT;ACTUAL_LOADING_EXCEEDS_DESIGN_FLOOD_FRACTION,1.044601051952586,0.09929776371342781,0.001435897031940161,1.1099564030975975,0.0015937831047908172,0.00029153450883897104,9.068404361344086,0.15818104229760005,,0,1.2959069696057897,2697.4602842809363
0.9,60,0.5,0.3,0.4,false,NO_DILUTE_CONNECTED_ROOT;ACTUAL_LOADING_EXCEEDS_DESIGN_FLOOD_FRACTION,0.9410315532634442,0.1289155039044352,0.0011676888404241333,1.0927440306011087,0.0012759850099730023,0.00023317773226186274,11.337930023560954,0.1580711240764242,,0,1.413716694115407,2942.6839464882946
0.9,65,0.5,0.3,0.4,false,NO_DILUTE_CONNECTED_ROOT;ACTUAL_LOADING_EXCEEDS_DESIGN_FLOOD_FRACTION,0.8548494926427733,0.16390472342479404,0.0009650980429092246,1.0770631459528759,0.0010394715342487732,0.00018981982686393402,13.92769583196763,0.15798934973709639,,0,1.5315264186250241,3187.9076086956525
0.9,70,0.5,0.3,0.4,false,NO_DILUTE_CONNECTED_ROOT;ACTUAL_LOADING_EXCEEDS_DESIGN_FLOOD_FRACTION,0.7821103591806018,0.2047130455519504,0.0008088071484345899,1.0626890701515435,0.0008595105165018756,0.00015687080541702575,16.853058186381283,0.157927159650477,,0,1.6493361431346414,3433.1312709030103
1,30,0.33,0.2,0.2,true,,3.8789109858789588,0.0037371547474763767,0.017430305931509436,0.9982045003569144,0.01739900982343054,0.003342787132674524,0.6406150593116412,0.16411442422149536,0.05649161295180258,2,0.5183627878423159,791.2550167224081
1,35,0.33,0.2,0.2,false,ACTUAL_LOADING_EXCEEDS_DESIGN_FLOOD_FRACTION,3.2238413832932054,0.0059344633258536904,0.012522309657203759,0.9676782216725384,0.012117566340315787,0.002292873042001516,0.9339547973380837,0.16219941090192647,0.11207222912088766,2,0.6047565858160353,923.1308528428095
1,40,0.33,0.2,0.2,false,NO_DILUTE_CONNECTED_ROOT;ACTUAL_LOADING_EXCEEDS_DESIGN_FLOOD_FRACTION,2.7465235643946913,0.008858440882906965,0.009324555557260512,0.9407634845656041,0.008772201378073968,0.0016431081380973796,1.303285966159318,0.16096135078542195,,0,0.6911503837897546,1055.0066889632108
1,45,0.33,0.2,0.2,false,NO_DILUTE_CONNECTED_ROOT;ACTUAL_LOADING_EXCEEDS_DESIGN_FLOOD_FRACTION,2.3845163386749175,0.012612897272732772,0.007151707593674403,0.9167636247321799,0.006556425376601602,0.0012195808319695554,1.7558817924402557,0.16013133126005802,,0,0.7775441817634738,1186.882525083612
1,50,0.33,0.2,0.2,false,NO_DILUTE_CONNECTED_ROOT;ACTUAL_LOADING_EXCEEDS_DESIGN_FLOOD_FRACTION,2.1013157412328844,0.017301642349427666,0.0056219879720116805,0.8951584454944206,0.005032570013614306,0.0009315697563738501,2.2987433443525145,0.1595561517817019,,0,0.8639379797371932,1318.7583612040137
1,55,0.33,0.2,0.2,false,NO_DILUTE_CONNECTED_ROOT;ACTUAL_LOADING_EXCEEDS_DESIGN_FLOOD_FRACTION,1.874217944622116,0.023028485967088223,0.00451208794942216,0.8755513462407996,0.003950564678473462,0.000728715977624834,2.9386480371190133,0.15914568378815236,,0,0.9503317777109125,1450.6341973244146
1,60,0.33,0.2,0.2,false,NO_DILUTE_CONNECTED_ROOT;ACTUAL_LOADING_EXCEEDS_DESIGN_FLOOD_FRACTION,1.688394071866226,0.029897237979811014,0.0036857445098329978,0.8576339994065726,0.003161019804758891,0.000581567971375569,3.6821831370792037,0.15884512718779314,,0,1.0367255756846319,1582.5100334448161
1,65,0.33,0.2,0.2,false,NO_DILUTE_CONNECTED_ROOT;ACTUAL_LOADING_EXCEEDS_DESIGN_FLOOD_FRACTION,1.533766652893357,0.03801170824169258,0.003056676321359713,0.8411624615506706,0.002571161378638585,0.0004721226183871218,4.535770356819858,0.15862002235523076,,0,1.1231193736583511,1714.3858695652177
1,70,0.33,0.2,0.2,false,NO_DILUTE_CONNECTED_ROOT;ACTUAL_LOADING_EXCEEDS_DESIGN_FLOOD_FRACTION,1.4032584661016276,0.047475706606829524,0.0025684465653438167,0.8259407001686224,0.0021213845545257656,0.00038895067203518986,5.50568473390049,0.15844805144950092,,0,1.2095131716320706,1846.261705685619
1,30,0.33,0.2,0.3,true,,3.8789109858789588,0.0037371547474763767,0.017430305931509436,1.2054772984715831,0.021011838105849206,0.0040625357931284274,0.5271189932373317,0.16492951526985772,0.043508338765032364,2,0.5183627878423159,791.2550167224081
1,35,0.33,0.2,0.3,false,ACTUAL_LOADING_EXCEEDS_DESIGN_FLOOD_FRACTION,3.2238413832932054,0.0059344633258536904,0.012522309657203759,1.174951019787207,0.014713100501822748,0.0027977083939760413,0.7654263689079884,0.16280935066786723,0.07390893115130934,2,0.6047565858160353,923.1308528428095
1,40,0.33,0.2,0.3,false,NO_DILUTE_CONNECTED_ROOT;ACTUAL_LOADING_EXCEEDS_DESIGN_FLOOD_FRACTION,2.7465235643946913,0.008858440882906965,0.009324555557260512,1.1480362826802728,0.010704928099603038,0.0020128469905749597,1.0638860217848898,0.1614269123695246,,0,0.6911503837897546,1055.0066889632108
1,45,0.33,0.2,0.3,false,NO_DILUTE_CONNECTED_ROOT;ACTUAL_LOADING_EXCEEDS_DESIGN_FLOOD_FRACTION,2.3845163386749175,0.012612897272732772,0.007151707593674403,1.1240364228468487,0.008038779820840421,0.001499881577374296,1.4277392359290804,0.1604941008287598,,0,0.7775441817634738,1186.882525083612
1,50,0.33,0.2,0.3,false,NO_DILUTE_CONNECTED_ROOT;ACTUAL_LOADING_EXCEEDS_DESIGN_FLOOD_FRACTION,2.1013157412328844,0.017301642349427666,0.0056219879720116805,1.1024312436090895,0.00619785519154018,0.0011500883818091792,1.8619784454268016,0.15984434196071812,,0,0.8639379797371932,1318.7583612040137
1,55,0.33,0.2,0.3,false,NO_DILUTE_CONNECTED_ROOT;ACTUAL_LOADING_EXCEEDS_DESIGN_FLOOD_FRACTION,1.874217944622116,0.023028485967088223,0.00451208794942216,1.0828241443554685,0.004885797773089671,0.0009030309955771393,2.3713912232833807,0.15937868813645445,,0,0.9503317777109125,1450.6341973244146
1,60,0.33,0.2,0.3,false,NO_DILUTE_CONNECTED_ROOT;ACTUAL_LOADING_EXCEEDS_DESIGN_FLOOD_FRACTION,1.688394071866226,0.029897237979811014,0.0036857445098329978,1.0649067975212414,0.003924974382447755,0.0007233152016461789,2.960590033765114,0.159036460271282,,0,1.0367255756846319,1582.5100334448161
1,65,0.33,0.2,0.3,false,NO_DILUTE_CONNECTED_ROOT;ACTUAL_LOADING_EXCEEDS_DESIGN_FLOOD_FRACTION,1.533766652893357,0.03801170824169258,0.003056676321359713,1.0484352596653395,0.0032047272326976655,0.0005892734363115262,3.6340341262767946,0.15877931030098819,,0,1.1231193736583511,1714.3858695652177
1,70,0.33,0.2,0.3,false,NO_DILUTE_CONNECTED_ROOT;ACTUAL_LOADING_EXCEEDS_DESIGN_FLOOD_FRACTION,1.4032584661016276,0.047475706606829524,0.0025684465653438167,1.0332134982832912,0.002653753660932589,0.00048712854902113663,4.396046549863707,0.1585822884147579,,0,1.2095131716320706,1846.261705685619
1,30,0.33,0.2,0.4,true,,3.8789109858789588,0.0037371547474763767,0.017430305931509436,1.4150154624159819,0.024664152407726854,0.004796644330454246,0.446445395934054,0.1656925773815064,0.035454352375966766,2,0.5183627878423159,791.2550167224081
1,35,0.33,0.2,0.4,true,,3.2238413832932054,0.0059344633258536904,0.012522309657203759,1.3844891837316058,0.017337002275736438,0.0033117531274390794,0.6466181792120534,0.16338323120193243,0.05695869709488381,2,0.6047565858160353,923.1308528428095
1,40,0.33,0.2,0.4,false,ACTUAL_LOADING_EXCEEDS_DESIGN_FLOOD_FRACTION,2.7465235643946913,0.008858440882906965,0.009324555557260512,1.3575744466246715,0.012658778350668946,0.0023888039326353436,0.8964485314213425,0.16186621250965044,0.10038927818666041,2,0.6911503837897546,1055.0066889632108
1,45,0.33,0.2,0.4,false,NO_DILUTE_CONNECTED_ROOT;ACTUAL_LOADING_EXCEEDS_DESIGN_FLOOD_FRACTION,2.3845163386749175,0.012612897272732772,0.007151707593674403,1.3335745867912474,0.00953733549908617,0.001784579786654502,1.1999686387118471,0.1608369460527771,,0,0.7775441817634738,1186.882525083612
1,50,0.33,0.2,0.4,false,NO_DILUTE_CONNECTED_ROOT;ACTUAL_LOADING_EXCEEDS_DESIGN_FLOOD_FRACTION,2.1013157412328844,0.017301642349427666,0.0056219879720116805,1.3119694075534882,0.007375876228913001,0.0013718429549957913,1.5609948423513615,0.16011694244074898,,0,0.8639379797371932,1318.7583612040137
1,55,0.33,0.2,0.4,false,NO_DILUTE_CONNECTED_ROOT;ACTUAL_LOADING_EXCEEDS_DESIGN_FLOOD_FRACTION,1.874217944622116,0.023028485967088223,0.00451208794942216,1.2923623082998672,0.005831252397567237,0.0010798080541232606,1.9831670722285935,0.1595991441885617,,0,0.9503317777109125,1450.6341973244146
1,60,0.33,0.2,0.4,false,NO_DILUTE_CONNECTED_ROOT;ACTUAL_LOADING_EXCEEDS_DESIGN_FLOOD_FRACTION,1.688394071866226,0.029897237979811014,0.0036857445098329978,1.2744449614656401,0.004697278519806309,0.0008669885727154379,2.469974627874758,0.15921749393422485,,0,1.0367255756846319,1582.5100334448161
1,65,0.33,0.2,0.4,false,NO_DILUTE_CONNECTED_ROOT;ACTUAL_LOADING_EXCEEDS_DESIGN_FLOOD_FRACTION,1.533766652893357,0.03801170824169258,0.003056676321359713,1.2579734236097382,0.0038452175768476987,0.0007079666416552047,3.024774969987088,0.158929996237191,,0,1.1231193736583511,1714.3858695652177
1,70,0.33,0.2,0.4,false,NO_DILUTE_CONNECTED_ROOT;ACTUAL_LOADING_EXCEEDS_DESIGN_FLOOD_FRACTION,1.4032584661016276,0.047475706606829524,0.0025684465653438167,1.24275166222769,0.0031919412384240294,0.000586565921975001,3.650808369593193,0.15870923913176727,,0,1.2095131716320706,1846.261705685619
1,30,0.4,0.2,0.2,false,NO_DILUTE_CONNECTED_ROOT;ACTUAL_LOADING_EXCEEDS_DESIGN_FLOOD_FRACTION,2.640083789763867,0.009778479703566052,0.008661663963281895,0.920557989915742,0.007973563967364402,0.0014899930223031055,1.4372146347064259,0.1606773469590167,,0,0.6283185307179586,1162.541806020067
1,35,0.4,0.2,0.2,false,NO_DILUTE_CONNECTED_ROOT;ACTUAL_LOADING_EXCEEDS_DESIGN_FLOOD_FRACTION,2.1942270415039378,0.015527863603347946,0.006106526150228823,0.8890434933466956,0.005428967340812381,0.0010063157909374672,2.1279997755670226,0.15971611976912603,,0,0.7330382858376184,1356.2987736900784
1,40,0.4,0.2,0.2,false,NO_DILUTE_CONNECTED_ROOT;ACTUAL_LOADING_EXCEEDS_DESIGN_FLOOD_FRACTION,1.869352601016137,0.023178618556601006,0.0044894963411957825,0.8616223540423408,0.003868250405965586,0.0007133852804145098,3.0017997792444016,0.1591217146237161,,0,0.8377580409572781,1550.0557413600893
1,45,0.4,0.2,0.2,false,NO_DILUTE_CONNECTED_ROOT;ACTUAL_LOADING_EXCEEDS_DESIGN_FLOOD_FRACTION,1.6229614330106161,0.033002368999535424,0.0034129416841295794,0.8374331588845245,0.0028581105356293027,0.0005253375279764757,4.076312205436756,0.15873511077323849,,0,0.9424777960769379,1743.8127090301007
1,50,0.4,0.2,0.2,false,NO_DILUTE_CONNECTED_ROOT;ACTUAL_LOADING_EXCEEDS_DESIGN_FLOOD_FRACTION,1.430208026376632,0.04527073936836135,0.0026660088773386935,0.8158538150082089,0.002175073513422525,0.00039888073207657504,5.368621758479371,0.15847286737753818,,0,1.0471975511965979,1937.569676700112
1,55,0.4,0.2,0.2,false,NO_DILUTE_CONNECTED_ROOT;ACTUAL_LOADING_EXCEEDS_DESIGN_FLOOD_FRACTION,1.2756395885584277,0.060255354099288956,0.0021298056111143902,0.7964217285837414,0.0016962234663510743,0.0003105654570421003,6.895292856005513,0.15828860798829303,,0,1.1519173063162573,2131.3266443701227
1,60,0.4,0.2,0.2,false,NO_DILUTE_CONNECTED_ROOT;ACTUAL_LOADING_EXCEEDS_DESIGN_FLOOD_FRACTION,1.1491632151639501,0.07822783762852842,0.0017337443814385116,0.7787842751583471,0.0013502128614084482,0.00024692478104254497,8.672437688202354,0.15815524695807637,,0,1.2566370614359172,2325.083612040134
1,65,0.4,0.2,0.2,false,NO_DILUTE_CONNECTED_ROOT;ACTUAL_LOADING_EXCEEDS_DESIGN_FLOOD_FRACTION,1.0439199281255411,0.09945981439228986,0.0014340455987533168,0.7626669209777839,0.0010936991413429346,0.00019984005535843941,10.715768535109378,0.1580562432076278,,0,1.361356816555577,2518.8405797101454
1,70,0.4,0.2,0.2,false,NO_DILUTE_CONNECTED_ROOT;ACTUAL_LOADING_EXCEEDS_DESIGN_FLOOD_FRACTION,0.9550927934904202,0.12422290882678357,0.001202524036510233,0.7478520191614757,0.0008993100287943859,0.0001642127907226043,13.040639330476386,0.1579811291892258,,0,1.4660765716752369,2712.597547380157
1,30,0.4,0.2,0.3,false,NO_DILUTE_CONNECTED_ROOT;ACTUAL_LOADING_EXCEEDS_DESIGN_FLOOD_FRACTION,2.640083789763867,0.009778479703566052,0.008661663963281895,1.1278307880304108,0.00976889129336283,0.0018321122731253187,1.1688365438497361,0.16111406375799175,,0,0.6283185307179586,1162.541806020067
1,35,0.4,0.2,0.3,false,NO_DILUTE_CONNECTED_ROOT;ACTUAL_LOADING_EXCEEDS_DESIGN_FLOOD_FRACTION,2.1942270415039378,0.015527863603347946,0.006106526150228823,1.0963162914613644,0.006694684102730705,0.0012442304358913842,1.7210957998550516,0.16002962942870746,,0,0.7330382858376184,1356.2987736900784
1,40,0.4,0.2,0.3,false,NO_DILUTE_CONNECTED_ROOT;ACTUAL_LOADING_EXCEEDS_DESIGN_FLOOD_FRACTION,1.869352601016137,0.023178618556601006,0.0044894963411957825,1.0688951521570096,0.004798800874730804,0.0008867693043059207,2.414878105124081,0.15935467640132073,,0,0.8377580409572781,1550.0557413600893
1,45,0.4,0.2,0.3,false,NO_DILUTE_CONNECTED_ROOT;ACTUAL_LOADING_EXCEEDS_DESIGN_FLOOD_FRACTION,1.6229614330106161,0.033002368999535424,0.0034129416841295794,1.0447059569991932,0.0035655205083010306,0.0006563759000408223,3.26252042028249,0.15891342327192354,,0,0.9424777960769379,1743.8127090301007
1,50,0.4,0.2,0.3,false,NO_DILUTE_CONNECTED_ROOT;ACTUAL_LOADING_EXCEEDS_DESIGN_FLOOD_FRACTION,1.430208026376632,0.04527073936836135,0.0026660088773386935,1.0231266131228778,0.002727664633227063,0.0005008286134028828,4.2757935947677925,0.15861278808311113,,0,1.0471975511965979,1937.569676700112
1,55,0.4,0.2,0.3,false,NO_DILUTE_CONNECTED_ROOT;ACTUAL_LOADING_EXCEEDS_DESIGN_FLOOD_FRACTION,1.2756395885584277,0.060255354099288956,0.0021298056111143902,1.00369452669841,0.002137674234807076,0.00039177556272291977,5.465986092601181,0.15840075154949984,,0,1.1519173063162573,2131.3266443701227
1,60,0.4,0.2,0.3,false,NO_DILUTE_CONNECTED_ROOT;ACTUAL_LOADING_EXCEEDS_DESIGN_FLOOD_FRACTION,1.1491632151639501,0.07822783762852842,0.0017337443814385116,0.9860570732730158,0.001709570910564794,0.0003128945335995352,6.843966727796047,0.15824674097872599,,0,1.2566370614359172,2325.083612040134
1,65,0.4,0.2,0.3,false,NO_DILUTE_CONNECTED_ROOT;ACTUAL_LOADING_EXCEEDS_DESIGN_FLOOD_FRACTION,1.0439199281255411,0.09945981439228986,0.0014340455987533168,0.9699397190924527,0.0013909377852205603,0.00025432070691379073,8.420233661863733,0.15813205532157204,,0,1.361356816555577,2518.8405797101454
1,70,0.4,0.2,0.3,false,NO_DILUTE_CONNECTED_ROOT;ACTUAL_LOADING_EXCEEDS_DESIGN_FLOOD_FRACTION,0.9550927934904202,0.12422290882678357,0.001202524036510233,0.9551248172761445,0.001148560550642008,0.000209843162649974,10.204953786540477,0.15804478884567064,,0,1.4660765716752369,2712.597547380157
1,30,0.4,0.2,0.4,false,ACTUAL_LOADING_EXCEEDS_DESIGN_FLOOD_FRACTION,2.640083789763867,0.009778479703566052,0.008661663963281895,1.3373689519748095,0.011583840456932283,0.0021798828068435305,0.982364634714141,0.1615260498524938,0.13467800768263866,2,0.6283185307179586,1162.541806020067
1,35,0.4,0.2,0.4,false,NO_DILUTE_CONNECTED_ROOT;ACTUAL_LOADING_EXCEEDS_DESIGN_FLOOD_FRACTION,2.1942270415039378,0.015527863603347946,0.006106526150228823,1.3058544554057632,0.007974234380328111,0.0014857415508791507,1.4413272456419741,0.16032585395931986,,0,0.7330382858376184,1356.2987736900784
1,40,0.4,0.2,0.4,false,NO_DILUTE_CONNECTED_ROOT;ACTUAL_LOADING_EXCEEDS_DESIGN_FLOOD_FRACTION,1.869352601016137,0.023178618556601006,0.0044894963411957825,1.2784333161014083,0.0057395216951000635,0.0010626024483095771,2.0152784144918487,0.15957492937852835,,0,0.8377580409572781,1550.0557413600893
1,45,0.4,0.2,0.4,false,NO_DILUTE_CONNECTED_ROOT;ACTUAL_LOADING_EXCEEDS_DESIGN_FLOOD_FRACTION,1.6229614330106161,0.033002368999535424,0.0034129416841295794,1.254244120943592,0.004280662042442846,0.0007891726316751703,2.713525141791682,0.15908198106560972,,0,0.9424777960769379,1743.8127090301007
1,50,0.4,0.2,0.4,false,NO_DILUTE_CONNECTED_ROOT;ACTUAL_LOADING_EXCEEDS_DESIGN_FLOOD_FRACTION,1.430208026376632,0.04527073936836135,0.0026660088773386935,1.2326647770672765,0.0032862952384440807,0.0006040922238574451,3.5448888310302475,0.15874500416419252,,0,1.0471975511965979,1937.569676700112
1,55,0.4,0.2,0.4,false,NO_DILUTE_CONNECTED_ROOT;ACTUAL_LOADING_EXCEEDS_DESIGN_FLOOD_FRACTION,1.2756395885584277,0.060255354099288956,0.0021298056111143902,1.2132326906428088,0.0025839497921184636,0.0004740029420961141,4.517777395631142,0.1585066462339091,,0,1.1519173063162573,2131.3266443701227
1,60,0.4,0.2,0.4,false,NO_DILUTE_CONNECTED_ROOT;ACTUAL_LOADING_EXCEEDS_DESIGN_FLOOD_FRACTION,1.1491632151639501,0.07822783762852842,0.0017337443814385116,1.1955952372174146,0.002072856525000337,0.0003796717623343645,5.6402397800092,0.15833308420050163,,0,1.2566370614359172,2325.083612040134
1,65,0.4,0.2,0.4,false,NO_DILUTE_CONNECTED_ROOT;ACTUAL_LOADING_EXCEEDS_DESIGN_FLOOD_FRACTION,1.0439199281255411,0.09945981439228986,0.0014340455987533168,1.1794778830368515,0.0016914250669958764,0.0003094562177709363,6.920008887491813,0.15820354669223285,,0,1.361356816555577,2518.8405797101454
1,70,0.4,0.2,0.4,false,NO_DILUTE_CONNECTED_ROOT;ACTUAL_LOADING_EXCEEDS_DESIGN_FLOOD_FRACTION,0.9550927934904202,0.12422290882678357,0.001202524036510233,1.1646629812205433,0.0014005352293513693,0.0002560141661653245,8.364536265081592,0.1581047751818686,,0,1.4660765716752369,2712.597547380157
1,30,0.5,0.2,0.2,false,NO_DILUTE_CONNECTED_ROOT;ACTUAL_LOADING_EXCEEDS_DESIGN_FLOOD_FRACTION,1.689653625448875,0.029841551829730376,0.0036910899211667157,0.8286361444791981,0.0030585705212016145,0.00056259177034761,3.8063830474117037,0.15881894831658877,,0,0.7853981633974483,1816.4715719063545
1,35,0.5,0.2,0.2,false,NO_DILUTE_CONNECTED_ROOT;ACTUAL_LOADING_EXCEEDS_DESIGN_FLOOD_FRACTION,1.4043053065625202,0.04738727906295148,0.0025722044396635714,0.7972472305367124,0.0020506828658960184,0.00037592795488156284,5.69641004202294,0.15842983315868986,,0,0.9162978572970231,2119.2168338907472
1,40,0.5,0.2,0.2,false,NO_DILUTE_CONNECTED_ROOT;ACTUAL_LOADING_EXCEEDS_DESIGN_FLOOD_FRACTION,1.1963856646503275,0.07073553026306457,0.0018770714054723004,0.7702813280409486,0.0014458730550348934,0.0002645125635416957,8.095796088441453,0.1581955854285051,,0,1.0471975511965976,2421.962095875139
1,45,0.5,0.2,0.2,false,NO_DILUTE_CONNECTED_ROOT;ACTUAL_LOADING_EXCEEDS_DESIGN_FLOOD_FRACTION,1.0386953171267943,0.10071523742534003,0.0014198824369131631,0.7467424315648747,0.0010602864634767953,0.00019371729870711608,11.05445817981467,0.15804590976903315,,0,1.1780972450961724,2724.707357859532
1,50,0.5,0.2,0.2,false,NO_DILUTE_CONNECTED_ROOT;ACTUAL_LOADING_EXCEEDS_DESIGN_FLOOD_FRACTION,0.9153331368810447,0.13815533254504803,0.0011053118592163614,0.725929065938358,0.0008023780055315231,0.00014646728841691422,14.6206009574571,0.1579456196672846,,0,1.3089969389957472,3027.4526198439244
1,55,0.5,0.2,0.2,false,NO_DILUTE_CONNECTED_ROOT;ACTUAL_LOADING_EXCEEDS_DESIGN_FLOOD_FRACTION,0.8164093366773939,0.1838847476174589,0.0008808197378550327,0.7073298316887161,0.0006230300769250993,0.00011365879499924237,18.840950911706884,0.1578757806502999,,0,1.4398966328953218,3330.1978818283164
1,60,0.5,0.2,0.2,false,NO_DILUTE_CONNECTED_ROOT;ACTUAL_LOADING_EXCEEDS_DESIGN_FLOOD_FRACTION,0.7354644577049281,0.238732414637843,0.0007157128009245329,0.6905611763999389,0.0004942434737709407,0.0000901243895106842,23.76093517960102,0.15782556125719,,0,1.5707963267948966,3632.943143812709
1,65,0.5,0.2,0.2,false,NO_DILUTE_CONNECTED_ROOT;ACTUAL_LOADING_EXCEEDS_DESIGN_FLOOD_FRACTION,0.6681087540003465,0.3035272656014704,0.0005911775303277006,0.6753285437038434,0.00039923906062664077,0.00007277664161692275,29.42482271353577,0.15778847452661654,,0,1.7016960206944711,3935.6884057971015
1,70,0.5,0.2,0.2,false,NO_DILUTE_CONNECTED_ROOT;ACTUAL_LOADING_EXCEEDS_DESIGN_FLOOD_FRACTION,0.611259387833869,0.37909823250361185,0.0004952078881167065,0.6614011446352319,0.0003275310640327855,0.000059690305754090353,35.87583863427834,0.15776045842367015,,0,1.8325957145940461,4238.4336677814945
1,30,0.5,0.2,0.3,false,NO_DILUTE_CONNECTED_ROOT;ACTUAL_LOADING_EXCEEDS_DESIGN_FLOOD_FRACTION,1.689653625448875,0.029841551829730376,0.0036910899211667157,1.0359089425938668,0.0038236330572546913,0.0007044942351094806,3.039683890290025,0.15901254785726754,,0,0.7853981633974483,1816.4715719063545
1,35,0.5,0.2,0.3,false,NO_DILUTE_CONNECTED_ROOT;ACTUAL_LOADING_EXCEEDS_DESIGN_FLOOD_FRACTION,1.4043053065625202,0.04738727906295148,0.0025722044396635714,1.0045200286513811,0.0025838308774280604,0.00047422481120112627,4.51566372463853,0.15856567859191217,,0,0.9162978572970231,2119.2168338907472
1,40,0.5,0.2,0.3,false,NO_DILUTE_CONNECTED_ROOT;ACTUAL_LOADING_EXCEEDS_DESIGN_FLOOD_FRACTION,1.1963856646503275,0.07073553026306457,0.0018770714054723004,0.9775541261556173,0.001834938897508171,0.0003359823261061179,6.373667930937894,0.15829512338994162,,0,1.0471975511965976,2421.962095875139
1,45,0.5,0.2,0.3,false,NO_DILUTE_CONNECTED_ROOT;ACTUAL_LOADING_EXCEEDS_DESIGN_FLOOD_FRACTION,1.0386953171267943,0.10071523742534003,0.0014198824369131631,0.9540152296795434,0.0013545894691696612,0.0002476515715502846,8.646986424754713,0.15812140219665177,,0,1.1780972450961724,2724.707357859532
1,50,0.5,0.2,0.3,false,NO_DILUTE_CONNECTED_ROOT;ACTUAL_LOADING_EXCEEDS_DESIGN_FLOOD_FRACTION,0.9153331368810447,0.13815533254504803,0.0011053118592163614,0.9332018640530269,0.0010314790873806252,0.000188385447763165,11.367331196179563,0.15800450375685082,,0,1.3089969389957472,3027.4526198439244
1,55,0.5,0.2,0.3,false,NO_DILUTE_CONNECTED_ROOT;ACTUAL_LOADING_EXCEEDS_DESIGN_FLOOD_FRACTION,0.8164093366773939,0.1838847476174589,0.0008808197378550327,0.9146026298033849,0.000805600048624941,0.00014702581714236436,14.565059517342698,0.15792277001809568,,0,1.4398966328953218,3330.1978818283164
1,60,0.5,0.2,0.3,false,NO_DILUTE_CONNECTED_ROOT;ACTUAL_LOADING_EXCEEDS_DESIGN_FLOOD_FRACTION,0.7354644577049281,0.238732414637843,0.0007157128009245329,0.8978339745146076,0.0006425912686650555,0.00011721491378819384,18.269345666491223,0.1578637944273421,,0,1.5707963267948966,3632.943143812709
1,65,0.5,0.2,0.3,false,NO_DILUTE_CONNECTED_ROOT;ACTUAL_LOADING_EXCEEDS_DESIGN_FLOOD_FRACTION,0.6681087540003465,0.3035272656014704,0.0005911775303277006,0.8826013418185121,0.0005217740815201827,0.00009513993318519223,22.50831701863944,0.15782008144075826,,0,1.7016960206944711,3935.6884057971015
1,70,0.5,0.2,0.3,false,NO_DILUTE_CONNECTED_ROOT;ACTUAL_LOADING_EXCEEDS_DESIGN_FLOOD_FRACTION,0.611259387833869,0.37909823250361185,0.0004952078881167065,0.8686739427499006,0.0004301741886511911,0.00007841469419921286,27.309164425536682,0.1577869491747967,,0,1.8325957145940461,4238.4336677814945
1,30,0.5,0.2,0.4,false,NO_DILUTE_CONNECTED_ROOT;ACTUAL_LOADING_EXCEEDS_DESIGN_FLOOD_FRACTION,1.689653625448875,0.029841551829730376,0.0036910899211667157,1.2454471065382655,0.00459705726228964,0.0008483294280717688,2.524302124154669,0.1591953847267305,,0,0.7853981633974483,1816.4715719063545
1,35,0.5,0.2,0.4,false,NO_DILUTE_CONNECTED_ROOT;ACTUAL_LOADING_EXCEEDS_DESIGN_FLOOD_FRACTION,1.4043053065625202,0.04738727906295148,0.0025722044396635714,1.2140581925957799,0.0031228058730047963,0.0005737848504428609,3.7321302150303666,0.1586938888177572,,0,0.9162978572970231,2119.2168338907472
1,40,0.5,0.2,0.4,false,NO_DILUTE_CONNECTED_ROOT;ACTUAL_LOADING_EXCEEDS_DESIGN_FLOOD_FRACTION,1.1963856646503275,0.07073553026306457,0.0018770714054723004,1.187092290100016,0.0022282569934033688,0.0004083348780929673,5.244322471951394,0.15838898076224972,,0,1.0471975511965976,2421.962095875139
1,45,0.5,0.2,0.4,false,NO_DILUTE_CONNECTED_ROOT;ACTUAL_LOADING_EXCEEDS_DESIGN_FLOOD_FRACTION,1.0386953171267943,0.10071523742534003,0.0014198824369131631,1.1635533936239422,0.001652109028017344,0.00030223388145682165,7.085372979833884,0.15819251890800767,,0,1.1780972450961724,2724.707357859532
1,50,0.5,0.2,0.4,false,NO_DILUTE_CONNECTED_ROOT;ACTUAL_LOADING_EXCEEDS_DESIGN_FLOOD_FRACTION,0.9153331368810447,0.13815533254504803,0.0011053118592163614,1.1427400279974256,0.0012630841049467913,0.00023079739560700007,9.278439956536197,0.1580598981391364,,0,1.3089969389957472,3027.4526198439244
1,55,0.5,0.2,0.4,false,NO_DILUTE_CONNECTED_ROOT;ACTUAL_LOADING_EXCEEDS_DESIGN_FLOOD_FRACTION,0.8164093366773939,0.1838847476174589,0.0008808197378550327,1.1241407937477836,0.0009901653992610711,0.0001807802264762578,11.845542065109209,0.15796692578138677,,0,1.4398966328953218,3330.1978818283164
1,60,0.5,0.2,0.4,false,NO_DILUTE_CONNECTED_ROOT;ACTUAL_LOADING_EXCEEDS_DESIGN_FLOOD_FRACTION,0.7354644577049281,0.238732414637843,0.0007157128009245329,1.1073721384590063,0.0007925604148822851,0.00014461654348512209,14.80770958603909,0.15789966234103986,,0,1.5707963267948966,3632.943143812709
1,65,0.5,0.2,0.4,false,NO_DILUTE_CONNECTED_ROOT;ACTUAL_LOADING_EXCEEDS_DESIGN_FLOOD_FRACTION,0.6681087540003465,0.3035272656014704,0.0005911775303277006,1.0921395057629109,0.0006456483357902332,0.00011775790640318461,18.185104021232572,0.15784971447465657,,0,1.7016960206944711,3935.6884057971015
1,70,0.5,0.2,0.4,false,NO_DILUTE_CONNECTED_ROOT;ACTUAL_LOADING_EXCEEDS_DESIGN_FLOOD_FRACTION,0.611259387833869,0.37909823250361185,0.0004952078881167065,1.0782121066942993,0.000533939140297949,0.00009735093881864852,21.997114801878702,0.15781175572742484,,0,1.8325957145940461,4238.4336677814945
1,30,0.33,0.25,0.2,true,,4.241054160161985,0.002989723797981101,0.020356468043912924,0.9730040233329991,0.0198069253075769,0.0038336640814309545,0.5585882674585215,0.16506821071106403,0.047021446869298614,2,0.5183627878423159,791.2550167224081
1,35,0.33,0.25,0.2,false,ACTUAL_LOADING_EXCEEDS_DESIGN_FLOOD_FRACTION,3.5248259009016256,0.004747570660682952,0.01470976884216393,0.9425575622107254,0.01386480386055332,0.002638521969170626,0.811605816546453,0.16290970583496134,0.08212293466729259,2,0.6047565858160353,923.1308528428095
1,40,0.33,0.25,0.2,false,NO_DILUTE_CONNECTED_ROOT;ACTUAL_LOADING_EXCEEDS_DESIGN_FLOOD_FRACTION,3.002944700500664,0.007086752706325573,0.010998499006282336,0.9156976919323605,0.010071300154773095,0.0018948084156132673,1.1301616351389225,0.1614977653609116,,0,0.6911503837897546,1055.0066889632108
1,45,0.33,0.25,0.2,false,NO_DILUTE_CONNECTED_ROOT;ACTUAL_LOADING_EXCEEDS_DESIGN_FLOOD_FRACTION,2.6071397294052407,0.010090317818186216,0.008460455402546798,0.891737381058535,0.007544504343229615,0.0014082409915188137,1.52064866039363,0.16054348467351903,,0,0.7775441817634738,1186.882525083612
1,50,0.33,0.25,0.2,false,NO_DILUTE_CONNECTED_ROOT;ACTUAL_LOADING_EXCEEDS_DESIGN_FLOOD_FRACTION,2.2974989368440433,0.013841313879542134,0.006665104930591805,0.8701617763801717,0.005799719546164006,0.0010765203636299715,1.9892236594983268,0.15987843169310312,,0,0.8639379797371932,1318.7583612040137
1,55,0.33,0.25,0.2,false,NO_DILUTE_CONNECTED_ROOT;ACTUAL_LOADING_EXCEEDS_DESIGN_FLOOD_FRACTION,2.049198818953745,0.018422788773670578,0.005357823032096084,0.8505774504462016,0.004557243454582224,0.0008424725046455994,2.541851236041602,0.15940192729052838,,0,0.9503317777109125,1450.6341973244146
1,60,0.33,0.25,0.2,false,NO_DILUTE_CONNECTED_ROOT;ACTUAL_LOADING_EXCEEDS_DESIGN_FLOOD_FRACTION,1.8460260440491931,0.023917790383848808,0.00438188797208165,0.832678064221068,0.0036487019942265295,0.0006724921988272795,3.1843340056565936,0.15905198388567343,,0,1.0367255756846319,1582.5100334448161
1,65,0.33,0.25,0.2,false,NO_DILUTE_CONNECTED_ROOT;ACTUAL_LOADING_EXCEEDS_DESIGN_FLOOD_FRACTION,1.676962288552521,0.03040936659335406,0.0036373910893451452,0.8162209759725665,0.0029689149049392113,0.0005459605176409397,3.92233450601429,0.15878933086685965,,0,1.1231193736583511,1714.3858695652177
1,70,0.33,0.25,0.2,false,NO_DILUTE_CONNECTED_ROOT;ACTUAL_LOADING_EXCEEDS_DESIGN_FLOOD_FRACTION,1.534269586775339,0.03798056528546362,0.003058634168106011,0.8010110366222369,0.0024499997256427894,0.00044975079915068737,4.761391822556828,0.1585883573846239,,0,1.2095131716320706,1846.261705685619
1,30,0.33,0.25,0.3,true,,4.241054160161985,0.002989723797981101,0.020356468043912924,1.1802768214476678,0.02402626739877057,0.004683913269517981,0.4571903137490963,0.16601157552001694,0.03659655594159758,2,0.5183627878423159,791.2550167224081
1,35,0.33,0.25,0.3,true,,3.5248259009016256,0.004747570660682952,0.01470976884216393,1.149830360325394,0.016913738808088608,0.003237072474545878,0.6615359384454003,0.16362456330041686,0.05900459292048543,2,0.6047565858160353,923.1308528428095
1,40,0.33,0.25,0.3,false,ACTUAL_LOADING_EXCEEDS_DESIGN_FLOOD_FRACTION,3.002944700500664,0.007086752706325573,0.010998499006282336,1.1229704900470292,0.01235098981886664,0.0023341741829507757,0.9174292959394115,0.16204809234694428,0.1065453427652976,2,0.6911503837897546,1055.0066889632108
1,45,0.33,0.25,0.3,false,NO_DILUTE_CONNECTED_ROOT;ACTUAL_LOADING_EXCEEDS_DESIGN_FLOOD_FRACTION,2.6071397294052407,0.010090317818186216,0.008460455402546798,1.0990101791732039,0.009298126607839857,0.001741813557553134,1.2294311110270233,0.16097486330893984,,0,0.7775441817634738,1186.882525083612
1,50,0.33,0.25,0.3,false,NO_DILUTE_CONNECTED_ROOT;ACTUAL_LOADING_EXCEEDS_DESIGN_FLOOD_FRACTION,2.2974989368440433,0.013841313879542134,0.006665104930591805,1.0774345744948406,0.007181214494855645,0.0013368269651583464,1.601882542076662,0.16022260158152407,,0,0.8639379797371932,1318.7583612040137
1,55,0.33,0.25,0.3,false,NO_DILUTE_CONNECTED_ROOT;ACTUAL_LOADING_EXCEEDS_DESIGN_FLOOD_FRACTION,2.049198818953745,0.018422788773670578,0.005357823032096084,1.0578502485608703,0.005667774426247998,0.0010502678292189937,2.038946369381714,0.15968104179316184,,0,0.9503317777109125,1450.6341973244146
1,60,0.33,0.25,0.3,false,NO_DILUTE_CONNECTED_ROOT;ACTUAL_LOADING_EXCEEDS_DESIGN_FLOOD_FRACTION,1.8460260440491931,0.023917790383848808,0.00438188797208165,1.039950862335737,0.004556948175224906,0.0008415511258821646,2.544634201540275,0.15928172277093067,,0,1.0367255756846319,1582.5100334448161
1,65,0.33,0.25,0.3,false,NO_DILUTE_CONNECTED_ROOT;ACTUAL_LOADING_EXCEEDS_DESIGN_FLOOD_FRACTION,1.676962288552521,0.03040936659335406,0.0036373910893451452,1.0234937740872354,0.003722847133865143,0.0006857377688546787,3.122826063439849,0.15898093983483413,,0,1.1231193736583511,1714.3858695652177
1,70,0.33,0.25,0.3,false,NO_DILUTE_CONNECTED_ROOT;ACTUAL_LOADING_EXCEEDS_DESIGN_FLOOD_FRACTION,1.534269586775339,0.03798056528546362,0.003058634168106011,1.0082838347369059,0.0030839713880752547,0.0005669255998690793,3.7772853752926414,0.1587500681331605,,0,1.2095131716320706,1846.261705685619
1,30,0.33,0.25,0.4,true,,4.241054160161985,0.002989723797981101,0.020356468043912924,1.3898149853920665,0.02829172433708491,0.005551975914120024,0.3857076850456572,0.1668900451648095,0.029975611660939698,2,0.5183627878423159,791.2550167224081
1,35,0.33,0.25,0.4,true,,3.5248259009016256,0.004747570660682952,0.01470976884216393,1.3593685242697928,0.01999599676332216,0.0038471326834596427,0.5566326803521451,0.16429425502496142,0.04653804374879765,2,0.6047565858160353,923.1308528428095
1,40,0.33,0.25,0.4,false,ACTUAL_LOADING_EXCEEDS_DESIGN_FLOOD_FRACTION,3.002944700500664,0.007086752706325573,0.010998499006282336,1.332508653991428,0.014655595106787333,0.0027813237943725942,0.7699354464220313,0.16256549277173776,0.07452868963447433,2,0.6911503837897546,1055.0066889632108
1,45,0.33,0.25,0.4,false,NO_DILUTE_CONNECTED_ROOT;ACTUAL_LOADING_EXCEEDS_DESIGN_FLOOD_FRACTION,2.6071397294052407,0.010090317818186216,0.008460455402546798,1.3085483431176026,0.011070914899022982,0.002080882091862748,1.0291019302047641,0.1613812599035772,,0,0.7775441817634738,1186.882525083612
1,50,0.33,0.25,0.4,false,NO_DILUTE_CONNECTED_ROOT;ACTUAL_LOADING_EXCEEDS_DESIGN_FLOOD_FRACTION,2.2974989368440433,0.013841313879542134,0.006665104930591805,1.2869727384392393,0.008577808344508612,0.0016011651068097953,1.3374259582330918,0.16054721113752124,,0,0.8639379797371932,1318.7583612040137
1,55,0.33,0.25,0.4,false,NO_DILUTE_CONNECTED_ROOT;ACTUAL_LOADING_EXCEEDS_DESIGN_FLOOD_FRACTION,2.049198818953745,0.018422788773670578,0.005357823032096084,1.267388412505269,0.006790442827132423,0.001261119035006445,1.6980473038800317,0.1599444461389568,,0,0.9503317777109125,1450.6341973244146
1,60,0.33,0.25,0.4,false,NO_DILUTE_CONNECTED_ROOT;ACTUAL_LOADING_EXCEEDS_DESIGN_FLOOD_FRACTION,1.8460260440491931,0.023917790383848808,0.00438188797208165,1.2494890262801357,0.005475120935504939,0.001012991685177797,2.1139756708749515,0.15949856220017433,,0,1.0367255756846319,1582.5100334448161
1,65,0.33,0.25,0.4,false,NO_DILUTE_CONNECTED_ROOT;ACTUAL_LOADING_EXCEEDS_DESIGN_FLOOD_FRACTION,1.676962288552521,0.03040936659335406,0.0036373910893451452,1.2330319380316341,0.004485019384274242,0.0008274152847245318,2.5881075885338793,0.15916177909403878,,0,1.1231193736583511,1714.3858695652177
1,70,0.33,0.25,0.4,false,NO_DILUTE_CONNECTED_ROOT;ACTUAL_LOADING_EXCEEDS_DESIGN_FLOOD_FRACTION,1.534269586775339,0.03798056528546362,0.003058634168106011,1.2178219986813046,0.003724871975837792,0.0006856470427392921,3.1232392816995413,0.15890264814978233,,0,1.2095131716320706,1846.261705685619
1,30,0.4,0.25,0.2,false,NO_DILUTE_CONNECTED_ROOT;ACTUAL_LOADING_EXCEEDS_DESIGN_FLOOD_FRACTION,2.8865674877602507,0.007822783762852841,0.010225649965041172,0.8954693880310947,0.009156756516415603,0.0017181137045595913,1.2463900215576258,0.1611707369658723,,0,0.6283185307179586,1162.541806020067
1,35,0.4,0.25,0.2,false,NO_DILUTE_CONNECTED_ROOT;ACTUAL_LOADING_EXCEEDS_DESIGN_FLOOD_FRACTION,2.3990846288011682,0.012422290882678357,0.007234571632227887,0.8640102123669327,0.006250743772345003,0.001162048805251955,1.8428139744097713,0.160062873618047,,0,0.7330382858376184,1356.2987736900784
1,40,0.4,0.25,0.2,false,NO_DILUTE_CONNECTED_ROOT;ACTUAL_LOADING_EXCEEDS_DESIGN_FLOOD_FRACTION,2.043879236778264,0.018542894845280808,0.005331171983708168,0.8366271008164285,0.004460202960683533,0.0008243321723373693,2.59778745647218,0.15937342787151304,,0,0.8377580409572781,1550.0557413600893
1,45,0.4,0.25,0.2,false,NO_DILUTE_CONNECTED_ROOT;ACTUAL_LOADING_EXCEEDS_DESIGN_FLOOD_FRACTION,1.7744844783264417,0.026401895199628336,0.004059194446490267,0.8124653167217244,0.0032979547016027794,0.000607171131453279,3.526913033791466,0.15892321334386889,,0,0.9424777960769379,1743.8127090301007
1,50,0.4,0.25,0.2,false,NO_DILUTE_CONNECTED_ROOT;ACTUAL_LOADING_EXCEEDS_DESIGN_FLOOD_FRACTION,1.563735213889477,0.03621659149468908,0.003174352800360592,0.7909064707326439,0.0025106161701934806,0.00046099314024866634,4.645274713001928,0.1586170190785252,,0,1.0471975511965979,1937.569676700112
1,55,0.4,0.25,0.2,false,NO_DILUTE_CONNECTED_ROOT;ACTUAL_LOADING_EXCEEDS_DESIGN_FLOOD_FRACTION,1.3947359461503925,0.048204283279431166,0.00253794910075612,0.7714901683113095,0.001958002778907875,0.0003588492413822269,5.967519309824972,0.15840151299211908,,0,1.1519173063162573,2131.3266443701227
1,60,0.4,0.25,0.2,false,NO_DILUTE_CONNECTED_ROOT;ACTUAL_LOADING_EXCEEDS_DESIGN_FLOOD_FRACTION,1.256451476230982,0.06258227010282273,0.0020672226526911247,0.7538651632383975,0.0015584071425211077,0.0002852242796957811,7.507915453581059,0.15824534784650662,,0,1.2566370614359172,2325.083612040134
1,65,0.4,0.25,0.2,false,NO_DILUTE_CONNECTED_ROOT;ACTUAL_LOADING_EXCEEDS_DESIGN_FLOOD_FRACTION,1.1413824576460596,0.07956785151383189,0.0017106524490147618,0.7377578239635212,0.001262047228342999,0.0002307486896420967,9.280398430803514,0.15812933265780243,,0,1.361356816555577,2518.8405797101454
1,70,0.4,0.25,0.2,false,NO_DILUTE_CONNECTED_ROOT;ACTUAL_LOADING_EXCEEDS_DESIGN_FLOOD_FRACTION,1.044262237498965,0.09937832706142685,0.0014349759210160334,0.7229511159015074,0.0010374174433903348,0.0001895313344709206,11.298605495721015,0.15804127186743433,,0,1.4660765716752369,2712.597547380157
1,30,0.4,0.25,0.3,false,NO_DILUTE_CONNECTED_ROOT;ACTUAL_LOADING_EXCEEDS_DESIGN_FLOOD_FRACTION,2.8865674877602507,0.007822783762852841,0.010225649965041172,1.1027421861457636,0.011276255597210853,0.0021248180812182093,1.0078226442975025,0.16168803186535424,,0,0.6283185307179586,1162.541806020067
1,35,0.4,0.25,0.3,false,NO_DILUTE_CONNECTED_ROOT;ACTUAL_LOADING_EXCEEDS_DESIGN_FLOOD_FRACTION,2.3990846288011682,0.012422290882678357,0.007234571632227887,1.0712830104816016,0.007750273677717885,0.001445358554194546,1.4815976084618254,0.16043683025126454,,0,0.7330382858376184,1356.2987736900784
1,40,0.4,0.25,0.3,false,NO_DILUTE_CONNECTED_ROOT;ACTUAL_LOADING_EXCEEDS_DESIGN_FLOOD_FRACTION,2.043879236778264,0.018542894845280808,0.005331171983708168,1.0438998989310975,0.005565209894977255,0.0010310124311569196,2.0770261468734463,0.1596525829416342,,0,0.8377580409572781,1550.0557413600893
1,45,0.4,0.25,0.3,false,NO_DILUTE_CONNECTED_ROOT;ACTUAL_LOADING_EXCEEDS_DESIGN_FLOOD_FRACTION,1.7744844783264417,0.026401895199628336,0.004059194446490267,1.019738114836393,0.004139315292618341,0.0007634790939390215,2.804844028166037,0.1591375246082224,,0,0.9424777960769379,1743.8127090301007
1,50,0.4,0.25,0.3,false,NO_DILUTE_CONNECTED_ROOT;ACTUAL_LOADING_EXCEEDS_DESIGN_FLOOD_FRACTION,1.563735213889477,0.03621659149468908,0.003174352800360592,0.9981792688473126,0.003168573157327355,0.0005826570679984484,3.675300438078928,0.15878555303488856,,0,1.0471975511965979,1937.569676700112
1,55,0.4,0.25,0.3,false,NO_DILUTE_CONNECTED_ROOT;ACTUAL_LOADING_EXCEEDS_DESIGN_FLOOD_FRACTION,1.3947359461503925,0.048204283279431166,0.00253794910075612,0.9787629664259783,0.0024840505904942037,0.00045579697837873655,4.698231622512182,0.15853679388657954,,0,1.1519173063162573,2131.3266443701227
1,60,0.4,0.25,0.3,false,NO_DILUTE_CONNECTED_ROOT;ACTUAL_LOADING_EXCEEDS_DESIGN_FLOOD_FRACTION,1.256451476230982,0.06258227010282273,0.0020672226526911247,0.9611379613530664,0.001986886166070426,0.00036399758641379894,5.883115320523181,0.1583558586446583,,0,1.2566370614359172,2325.083612040134
1,65,0.4,0.25,0.3,false,NO_DILUTE_CONNECTED_ROOT;ACTUAL_LOADING_EXCEEDS_DESIGN_FLOOD_FRACTION,1.1413824576460596,0.07956785151383189,0.0017106524490147618,0.94503062207819,0.0016166189480519995,0.0002958152190452653,7.239112930619031,0.158220984089883,,0,1.361356816555577,2518.8405797101454
1,70,0.4,0.25,0.3,false,NO_DILUTE_CONNECTED_ROOT;ACTUAL_LOADING_EXCEEDS_DESIGN_FLOOD_FRACTION,1.044262237498965,0.09937832706142685,0.0014349759210160334,0.9302239140161763,0.0013348489177665021,0.0002440358501648514,8.775103231012547,0.15811829132275157,,0,1.4660765716752369,2712.597547380157
1,30,0.4,0.25,0.4,false,ACTUAL_LOADING_EXCEEDS_DESIGN_FLOOD_FRACTION,2.8865674877602507,0.007822783762852841,0.010225649965041172,1.3122803500901623,0.013418919516023685,0.0025385973791151742,0.843552347009386,0.16217431515007802,0.08805741244368834,2,0.6283185307179586,1162.541806020067
1,35,0.4,0.25,0.4,false,NO_DILUTE_CONNECTED_ROOT;ACTUAL_LOADING_EXCEEDS_DESIGN_FLOOD_FRACTION,2.3990846288011682,0.012422290882678357,0.007234571632227887,1.2808211744260003,0.009266192534459148,0.0017331555190619728,1.2355727767716322,0.16078914321897297,,0,0.7330382858376184,1356.2987736900784
1,40,0.4,0.25,0.4,false,NO_DILUTE_CONNECTED_ROOT;ACTUAL_LOADING_EXCEEDS_DESIGN_FLOOD_FRACTION,2.043879236778264,0.018542894845280808,0.005331171983708168,1.2534380628754962,0.0066822938841152825,0.0012407328213210464,1.7259475533051705,0.15991579768380582,,0,0.8377580409572781,1550.0557413600893
1,45,0.4,0.25,0.4,false,NO_DILUTE_CONNECTED_ROOT;ACTUAL_LOADING_EXCEEDS_DESIGN_FLOOD_FRACTION,1.7744844783264417,0.026401895199628336,0.004059194446490267,1.2292762787807918,0.004989871444029212,0.0009219583436930259,2.3227077361073185,0.15933962708190852,,0,0.9424777960769379,1743.8127090301007
1,50,0.4,0.25,0.4,false,NO_DILUTE_CONNECTED_ROOT;ACTUAL_LOADING_EXCEEDS_DESIGN_FLOOD_FRACTION,1.563735213889477,0.03621659149468908,0.003174352800360592,1.2077174327917113,0.003833721214826674,0.0007059380202144842,3.0334671259296258,0.1589444400646503,,0,1.0471975511965979,1937.569676700112
1,55,0.4,0.25,0.4,false,NO_DILUTE_CONNECTED_ROOT;ACTUAL_LOADING_EXCEEDS_DESIGN_FLOOD_FRACTION,1.3947359461503925,0.048204283279431166,0.00253794910075612,1.188301130370377,0.003015847785250979,0.000553989850590606,3.865485577003806,0.15866426104507303,,0,1.1519173063162573,2131.3266443701227
1,60,0.4,0.25,0.4,false,NO_DILUTE_CONNECTED_ROOT;ACTUAL_LOADING_EXCEEDS_DESIGN_FLOOD_FRACTION,1.256451476230982,0.06258227010282273,0.0020672226526911247,1.1706761252974651,0.0024200482051795935,0.00044375585667779527,4.825716089239921,0.1584599188839521,,0,1.2566370614359172,2325.083612040134
1,65,0.4,0.25,0.4,false,NO_DILUTE_CONNECTED_ROOT;ACTUAL_LOADING_EXCEEDS_DESIGN_FLOOD_FRACTION,1.1413824576460596,0.07956785151383189,0.0017106524490147618,1.1545687860225886,0.001975065921365542,0.0003616782745270873,5.920841610031795,0.1583072271546378,,0,1.361356816555577,2518.8405797101454
1,70,0.4,0.25,0.4,false,NO_DILUTE_CONNECTED_ROOT;ACTUAL_LOADING_EXCEEDS_DESIGN_FLOOD_FRACTION,1.044262237498965,0.09937832706142685,0.0014349759210160334,1.139762077960575,0.0016355311375606243,0.0002991963982073197,7.157304667085701,0.15819070250902906,,0,1.4660765716752369,2712.597547380157
1,30,0.5,0.25,0.2,false,NO_DILUTE_CONNECTED_ROOT;ACTUAL_LOADING_EXCEEDS_DESIGN_FLOOD_FRACTION,1.8474031921665606,0.023873241463784303,0.004388208434159692,0.8036226251794922,0.0035264635816942007,0.0006497853286480914,3.2956111547175837,0.15902035919240182,,0,0.7853981633974483,1816.4715719063545
1,35,0.5,0.25,0.2,false,NO_DILUTE_CONNECTED_ROOT;ACTUAL_LOADING_EXCEEDS_DESIGN_FLOOD_FRACTION,1.535414162432748,0.037909823250361185,0.003063091998627931,0.7722725917391493,0.002365541996515843,0.00043416342017804584,4.932335792790418,0.15856629792825744,,0,0.9162978572970231,2119.2168338907472
1,40,0.5,0.25,0.2,false,NO_DILUTE_CONNECTED_ROOT;ACTUAL_LOADING_EXCEEDS_DESIGN_FLOOD_FRACTION,1.3080827115380895,0.05658842421045166,0.0022376340840752408,0.7453334158157032,0.0016677834552294418,0.0003053681595590484,7.012649191574917,0.15829229703037734,,0,1.0471975511965976,2421.962095875139
1,45,0.5,0.25,0.2,false,NO_DILUTE_CONNECTED_ROOT;ACTUAL_LOADING_EXCEEDS_DESIGN_FLOOD_FRACTION,1.1356700661289227,0.08057218994027202,0.001693793681021335,0.7218137843155058,0.0012226036267477007,0.00022351271216911712,9.580841091687873,0.1581169910349539,,0,1.1780972450961724,2724.707357859532
1,50,0.5,0.25,0.2,false,NO_DILUTE_CONNECTED_ROOT;ACTUAL_LOADING_EXCEEDS_DESIGN_FLOOD_FRACTION,1.0007905368892653,0.11052426603603842,0.001319166169755983,0.7010148249636194,0.0009247550415894187,0.00016888624999260706,12.679775750590839,0.15799944215317963,,0,1.3089969389957472,3027.4526198439244
1,55,0.5,0.25,0.2,false,NO_DILUTE_CONNECTED_ROOT;ACTUAL_LOADING_EXCEEDS_DESIGN_FLOOD_FRACTION,0.8926310055362513,0.14710779809396712,0.0010515961720840299,0.6824266839881914,0.00071763728860998,0.00013096618008174064,16.35108984569858,0.15791755918836425,,0,1.4398966328953218,3330.1978818283164
1,60,0.5,0.25,0.2,false,NO_DILUTE_CONNECTED_ROOT;ACTUAL_LOADING_EXCEEDS_DESIGN_FLOOD_FRACTION,0.8041289447878286,0.19098593171027442,0.0008546904474054323,0.6656667776198515,0.0005689390359868432,0.00010377534518550999,20.635342368039527,0.15785867512714458,,0,1.5707963267948966,3632.943143812709
1,65,0.5,0.25,0.2,false,NO_DILUTE_CONNECTED_ROOT;ACTUAL_LOADING_EXCEEDS_DESIGN_FLOOD_FRACTION,0.7304847728934781,0.24282181248117635,0.0007061050373914791,0.6504411835751092,0.00045927979624926037,0.0000837411503027973,25.57213233304425,0.15781519550817907,,0,1.7016960206944711,3935.6884057971015
1,70,0.5,0.25,0.2,false,NO_DILUTE_CONNECTED_ROOT;ACTUAL_LOADING_EXCEEDS_DESIGN_FLOOD_FRACTION,0.6683278319993377,0.3032785860028895,0.0005915635785531414,0.6365195432207137,0.00037654177880665636,0.00006863546402225872,31.200193774023365,0.15778234476312802,,0,1.8325957145940461,4238.4336677814945
1,30,0.5,0.25,0.3,false,NO_DILUTE_CONNECTED_ROOT;ACTUAL_LOADING_EXCEEDS_DESIGN_FLOOD_FRACTION,1.8474031921665606,0.023873241463784303,0.004388208434159692,1.0108954232941612,0.00443601982255287,0.0008190163380658,2.61464842364651,0.15925291318450585,,0,0.7853981633974483,1816.4715719063545
1,35,0.5,0.25,0.3,false,NO_DILUTE_CONNECTED_ROOT;ACTUAL_LOADING_EXCEEDS_DESIGN_FLOOD_FRACTION,1.535414162432748,0.037909823250361185,0.003063091998627931,0.9795453898538181,0.003000437645954108,0.0005514736153247103,3.8831228145041745,0.15872999130229126,,0,0.9162978572970231,2119.2168338907472
1,40,0.5,0.25,0.3,false,NO_DILUTE_CONNECTED_ROOT;ACTUAL_LOADING_EXCEEDS_DESIGN_FLOOD_FRACTION,1.3080827115380895,0.05658842421045166,0.0022376340840752408,0.952606213930372,0.002131584132992471,0.0003906994781050442,5.481040792915341,0.15841248879018255,,0,1.0471975511965976,2421.962095875139
1,45,0.5,0.25,0.3,false,NO_DILUTE_CONNECTED_ROOT;ACTUAL_LOADING_EXCEEDS_DESIGN_FLOOD_FRACTION,1.1356700661289227,0.08057218994027202,0.001693793681021335,0.9290865824301746,0.0015736809824419375,0.0002879261975354884,7.437460695116282,0.15820828406851972,,0,1.1780972450961724,2724.707357859532
1,50,0.5,0.25,0.3,false,NO_DILUTE_CONNECTED_ROOT;ACTUAL_LOADING_EXCEEDS_DESIGN_FLOOD_FRACTION,1.0007905368892653,0.11052426603603842,0.001319166169755983,0.9082876230782884,0.0011981823047729516,0.00021895903102602763,9.780093413958927,0.15807071982229648,,0,1.3089969389957472,3027.4526198439244
1,55,0.5,0.25,0.3,false,NO_DILUTE_CONNECTED_ROOT;ACTUAL_LOADING_EXCEEDS_DESIGN_FLOOD_FRACTION,0.8926310055362513,0.14710779809396712,0.0010515961720840299,0.8896994821028601,0.0009356045696845115,0.00017083011770832395,12.535493190496915,0.1579744849835375,,0,1.4398966328953218,3330.1978818283164
1,60,0.5,0.25,0.3,false,NO_DILUTE_CONNECTED_ROOT;ACTUAL_LOADING_EXCEEDS_DESIGN_FLOOD_FRACTION,0.8041289447878286,0.19098593171027442,0.0008546904474054323,0.8729395757345204,0.0007460931165424455,0.00013614419326045708,15.729203912264541,0.15790500880778585,,0,1.5707963267948966,3632.943143812709
1,65,0.5,0.25,0.3,false,NO_DILUTE_CONNECTED_ROOT;ACTUAL_LOADING_EXCEEDS_DESIGN_FLOOD_FRACTION,0.7304847728934781,0.24282181248117635,0.0007061050373914791,0.857713981689778,0.000605636163112255,0.00011046392252858835,19.385874847149946,0.1578535118413601,,0,1.7016960206944711,3935.6884057971015
1,70,0.5,0.25,0.3,false,NO_DILUTE_CONNECTED_ROOT;ACTUAL_LOADING_EXCEEDS_DESIGN_FLOOD_FRACTION,0.6683278319993377,0.3032785860028895,0.0005915635785531414,0.8437923413353825,0.0004991568169960927,0.00009101141231860009,23.529354426102376,0.15781448655356384,,0,1.8325957145940461,4238.4336677814945
1,30,0.5,0.25,0.4,false,NO_DILUTE_CONNECTED_ROOT;ACTUAL_LOADING_EXCEEDS_DESIGN_FLOOD_FRACTION,1.8474031921665606,0.023873241463784303,0.004388208434159692,1.2204335872385599,0.005355516960852016,0.0009906380447670148,2.161677303407139,0.15947198449807853,,0,0.7853981633974483,1816.4715719063545
1,35,0.5,0.25,0.4,false,NO_DILUTE_CONNECTED_ROOT;ACTUAL_LOADING_EXCEEDS_DESIGN_FLOOD_FRACTION,1.535414162432748,0.037909823250361185,0.003063091998627931,1.1890835537982167,0.003642272319339383,0.0006703354472790393,3.194579349722301,0.1588841345758807,,0,0.9162978572970231,2119.2168338907472
1,40,0.5,0.25,0.4,false,NO_DILUTE_CONNECTED_ROOT;ACTUAL_LOADING_EXCEEDS_DESIGN_FLOOD_FRACTION,1.3080827115380895,0.05658842421045166,0.0022376340840752408,1.1621443778747707,0.002600453870549003,0.00047710913649045574,4.4883646392030885,0.15852557451238042,,0,1.0471975511965976,2421.962095875139
1,45,0.5,0.25,0.4,false,NO_DILUTE_CONNECTED_ROOT;ACTUAL_LOADING_EXCEEDS_DESIGN_FLOOD_FRACTION,1.1356700661289227,0.08057218994027202,0.001693793681021335,1.1386247463745733,0.0019285954004637726,0.00035312787352646715,6.064204889518525,0.15829408053746014,,0,1.1780972450961724,2724.707357859532
1,50,0.5,0.25,0.4,false,NO_DILUTE_CONNECTED_ROOT;ACTUAL_LOADING_EXCEEDS_DESIGN_FLOOD_FRACTION,1.0007905368892653,0.11052426603603842,0.001319166169755983,1.117825787022687,0.0014745979619211853,0.000269630425424212,7.942129579387544,0.1581376262102872,,0,1.3089969389957472,3027.4526198439244
1,55,0.5,0.25,0.4,false,NO_DILUTE_CONNECTED_ROOT;ACTUAL_LOADING_EXCEEDS_DESIGN_FLOOD_FRACTION,0.8926310055362513,0.14710779809396712,0.0010515961720840299,1.0992376460472588,0.0011559541007939572,0.0002111624981888696,10.141193609810006,0.15802785470060632,,0,1.4398966328953218,3330.1978818283164
1,60,0.5,0.25,0.4,false,NO_DILUTE_CONNECTED_ROOT;ACTUAL_LOADING_EXCEEDS_DESIGN_FLOOD_FRACTION,0.8041289447878286,0.19098593171027442,0.0008546904474054323,1.0824777396789191,0.0009251833836325965,0.0001688885078917508,12.679606232515468,0.15794840141052263,,0,1.5707963267948966,3632.943143812709
1,65,0.5,0.25,0.4,false,NO_DILUTE_CONNECTED_ROOT;ACTUAL_LOADING_EXCEEDS_DESIGN_FLOOD_FRACTION,0.7304847728934781,0.24282181248117635,0.0007061050373914791,1.0672521456341766,0.0007535921161991565,0.00013749359470909312,15.574833008005262,0.15788936738904702,,0,1.7016960206944711,3935.6884057971015
1,70,0.5,0.25,0.4,false,NO_DILUTE_CONNECTED_ROOT;ACTUAL_LOADING_EXCEEDS_DESIGN_FLOOD_FRACTION,0.6683278319993377,0.3032785860028895,0.0005915635785531414,1.0533305052797812,0.000623111963102496,0.00011364234466216493,18.843678240100875,0.15784450587389126,,0,1.8325957145940461,4238.4336677814945
1,30,0.33,0.3,0.2,true,,4.561905840732744,0.0024914364983175843,0.023053784066293603,0.9420182406541936,0.02171708510655158,0.004229135082815941,0.5063540736652512,0.16586796868210812,0.04158482998816102,2,0.5183627878423159,791.2550167224081
1,35,0.33,0.3,0.2,false,ACTUAL_LOADING_EXCEEDS_DESIGN_FLOOD_FRACTION,3.791492222838064,0.003956308883902461,0.016744922977745005,0.9116444433482052,0.015265415986954915,0.0029190247827396054,0.733614798314479,0.16351272396067695,0.06920324727259922,2,0.6047565858160353,923.1308528428095
1,40,0.33,0.3,0.2,false,NO_DILUTE_CONNECTED_ROOT;ACTUAL_LOADING_EXCEEDS_DESIGN_FLOOD_FRACTION,3.230128748954291,0.005905627255271309,0.012566728915908796,0.884834522392349,0.011119475578342282,0.0020998758058099224,1.0197935379509397,0.16195685024905304,,0,0.6911503837897546,1055.0066889632108
1,45,0.33,0.3,0.2,false,NO_DILUTE_CONNECTED_ROOT;ACTUAL_LOADING_EXCEEDS_DESIGN_FLOOD_FRACTION,2.804379644782911,0.008408598181821847,0.009692908955290895,0.860910215854648,0.008344724340958934,0.0015622169072396432,1.3707698126557182,0.1608980345764871,,0,0.7775441817634738,1186.882525083612
1,50,0.33,0.3,0.2,false,NO_DILUTE_CONNECTED_ROOT;ACTUAL_LOADING_EXCEEDS_DESIGN_FLOOD_FRACTION,2.4713133629648807,0.011534428232951779,0.007651231555964693,0.8393615350799228,0.006422149464066471,0.001194857577768689,1.7922134128014378,0.16015653805719865,,0,0.8639379797371932,1318.7583612040137
1,55,0.33,0.3,0.2,false,NO_DILUTE_CONNECTED_ROOT;ACTUAL_LOADING_EXCEEDS_DESIGN_FLOOD_FRACTION,2.204228408309381,0.015352323978058817,0.006159708816695405,0.8197979413792071,0.0050497166074222445,0.0009352797925984156,2.2896247670604373,0.15962342235905919,,0,0.9503317777109125,1450.6341973244146
1,60,0.33,0.3,0.2,false,NO_DILUTE_CONNECTED_ROOT;ACTUAL_LOADING_EXCEEDS_DESIGN_FLOOD_FRACTION,1.9856848496768846,0.019931491986540675,0.005043433246675134,0.8019149060217923,0.004044404298034673,0.0007465721706642394,2.8683627134925236,0.15923094854392095,,0,1.0367255756846319,1582.5100334448161
1,65,0.33,0.3,0.2,false,NO_DILUTE_CONNECTED_ROOT;ACTUAL_LOADING_EXCEEDS_DESIGN_FLOOD_FRACTION,1.8038307859157598,0.02534113882779505,0.004190217981521771,0.7854709723171012,0.003291294592166507,0.0006060110491735003,3.5336645762235754,0.1589358380978459,,0,1.1231193736583511,1714.3858695652177
1,70,0.33,0.3,0.2,false,NO_DILUTE_CONNECTED_ROOT;ACTUAL_LOADING_EXCEEDS_DESIGN_FLOOD_FRACTION,1.650342845162275,0.03165047107121969,0.003525930919422031,0.7702717954345581,0.0027159251398814303,0.0004990931790115929,4.2906612779309095,0.15870974615218808,,0,1.2095131716320706,1846.261705685619
1,30,0.33,0.3,0.3,true,,4.561905840732744,0.0024914364983175843,0.023053784066293603,1.1492910387688624,0.026495507437103626,0.0052010835282959075,0.4117295493552872,0.1669312692356782,0.03241660586089158,2,0.5183627878423159,791.2550167224081
1,35,0.33,0.3,0.3,true,,3.791492222838064,0.003956308883902461,0.016744922977745005,1.1189172414628739,0.01873618302676673,0.0036056785998820535,0.5939075594076884,0.16432727669642289,0.05083603962479913,2,0.6047565858160353,923.1308528428095
1,40,0.33,0.3,0.3,false,ACTUAL_LOADING_EXCEEDS_DESIGN_FLOOD_FRACTION,3.230128748954291,0.005905627255271309,0.012566728915908796,1.092107320507018,0.013724216643891217,0.002605053598146049,0.8220329051150771,0.16258868219482692,0.08394068759726728,2,0.6911503837897546,1055.0066889632108
1,45,0.33,0.3,0.3,false,NO_DILUTE_CONNECTED_ROOT;ACTUAL_LOADING_EXCEEDS_DESIGN_FLOOD_FRACTION,2.804379644782911,0.008408598181821847,0.009692908955290895,1.0681830139693167,0.01035380070199281,0.001946328792710609,1.100245644664253,0.1613959423218348,,0,0.7775441817634738,1186.882525083612
1,50,0.33,0.3,0.3,false,NO_DILUTE_CONNECTED_ROOT;ACTUAL_LOADING_EXCEEDS_DESIGN_FLOOD_FRACTION,2.4713133629648807,0.011534428232951779,0.007651231555964693,1.0466343331945915,0.008008041637694524,0.0014949118502446724,1.4324856525245897,0.1605553209376947,,0,0.8639379797371932,1318.7583612040137
1,55,0.33,0.3,0.3,false,NO_DILUTE_CONNECTED_ROOT;ACTUAL_LOADING_EXCEEDS_DESIGN_FLOOD_FRACTION,2.204228408309381,0.015352323978058817,0.006159708816695405,1.0270707394938758,0.006326456689430296,0.001174980750756833,1.8225317954231413,0.15994776756543844,,0,0.9503317777109125,1450.6341973244146
1,60,0.33,0.3,0.3,false,NO_DILUTE_CONNECTED_ROOT;ACTUAL_LOADING_EXCEEDS_DESIGN_FLOOD_FRACTION,1.9856848496768846,0.019931491986540675,0.005043433246675134,1.009187704136461,0.005089770819177576,0.0009416947420964731,2.2740275394307115,0.15949849247160652,,0,1.0367255756846319,1582.5100334448161
1,65,0.33,0.3,0.3,false,NO_DILUTE_CONNECTED_ROOT;ACTUAL_LOADING_EXCEEDS_DESIGN_FLOOD_FRACTION,1.8038307859157598,0.02534113882779505,0.004190217981521771,0.9927437704317699,0.004159812797906923,0.0007674038551672485,2.7904991131400747,0.15915936381142426,,0,1.1231193736583511,1714.3858695652177
1,70,0.33,0.3,0.3,false,NO_DILUTE_CONNECTED_ROOT;ACTUAL_LOADING_EXCEEDS_DESIGN_FLOOD_FRACTION,1.650342845162275,0.03165047107121969,0.003525930919422031,0.9775445935492268,0.003446754707509061,0.000634431270680626,3.3753692105483974,0.15889863645482205,,0,1.2095131716320706,1846.261705685619
1,30,0.33,0.3,0.4,true,,4.561905840732744,0.0024914364983175843,0.023053784066293603,1.3588292027132611,0.03132615502232542,0.006194257413705183,0.345713720667535,0.16791604143485406,0.026562174197569444,2,0.5183627878423159,791.2550167224081
1,35,0.33,0.3,0.4,true,,3.791492222838064,0.003956308883902461,0.016744922977745005,1.3284554054072726,0.022244883442913796,0.004306153364427396,0.4972976101953665,0.1650868802293935,0.040405280207854805,2,0.6047565858160353,923.1308528428095
1,40,0.33,0.3,0.4,true,,3.230128748954291,0.005905627255271309,0.012566728915908796,1.3016454844514167,0.016357425947717733,0.0031196028166598708,0.6864462891969372,0.163180352039192,0.06217736603592296,2,0.6911503837897546,1055.0066889632108
1,45,0.33,0.3,0.4,false,ACTUAL_LOADING_EXCEEDS_DESIGN_FLOOD_FRACTION,2.804379644782911,0.008408598181821847,0.009692908955290895,1.2777211779137154,0.012384835047764683,0.0023370546298869216,0.9162985536919583,0.16186336989378258,0.10606470147027226,2,0.7775441817634738,1186.882525083612
1,50,0.33,0.3,0.4,false,NO_DILUTE_CONNECTED_ROOT;ACTUAL_LOADING_EXCEEDS_DESIGN_FLOOD_FRACTION,2.4713133629648807,0.011534428232951779,0.007651231555964693,1.2561724971389903,0.00961126664984481,0.0017998075784098546,1.1898159575238936,0.16093023956474423,,0,0.8639379797371932,1318.7583612040137
1,55,0.33,0.3,0.4,false,NO_DILUTE_CONNECTED_ROOT;ACTUAL_LOADING_EXCEEDS_DESIGN_FLOOD_FRACTION,2.204228408309381,0.015352323978058817,0.006159708816695405,1.2366089034382746,0.007617150765312776,0.0014183410158006946,1.5098201020828383,0.16025293116013267,,0,0.9503317777109125,1450.6341973244146
1,60,0.33,0.3,0.4,false,NO_DILUTE_CONNECTED_ROOT;ACTUAL_LOADING_EXCEEDS_DESIGN_FLOOD_FRACTION,1.9856848496768846,0.019931491986540675,0.005043433246675134,1.2187258680808597,0.006146562561662022,0.0011396604021230506,1.8790156903541053,0.1597502937846968,,0,1.0367255756846319,1582.5100334448161
1,65,0.33,0.3,0.4,false,NO_DILUTE_CONNECTED_ROOT;ACTUAL_LOADING_EXCEEDS_DESIGN_FLOOD_FRACTION,1.8038307859157598,0.02534113882779505,0.004190217981521771,1.2022819343761686,0.0050378233802818,0.0009310581982250164,2.3000063598032376,0.15936973022747492,,0,1.1231193736583511,1714.3858695652177
1,70,0.33,0.3,0.4,false,NO_DILUTE_CONNECTED_ROOT;ACTUAL_LOADING_EXCEEDS_DESIGN_FLOOD_FRACTION,1.650342845162275,0.03165047107121969,0.003525930919422031,1.1870827574936256,0.00418557179855954,0.0007716047879901777,2.775306491866586,0.15907638212982944,,0,1.2095131716320706,1846.261705685619
1,30,0.4,0.3,0.2,false,NO_DILUTE_CONNECTED_ROOT;ACTUAL_LOADING_EXCEEDS_DESIGN_FLOOD_FRACTION,3.1049471628487244,0.006518986469044035,0.011693119359130333,0.864585453546503,0.010109700904487094,0.0019035196696576893,1.1249895713710052,0.1615930249322482,,0,0.6283185307179586,1162.541806020067
1,35,0.4,0.3,0.2,false,NO_DILUTE_CONNECTED_ROOT;ACTUAL_LOADING_EXCEEDS_DESIGN_FLOOD_FRACTION,2.5805843941691573,0.010351909068898631,0.008299653443146543,0.8331766405840242,0.006915077373772466,0.0012887853259693786,1.6615954062432905,0.16036131031437373,,0,0.7330382858376184,1356.2987736900784
1,40,0.4,0.3,0.2,false,NO_DILUTE_CONNECTED_ROOT;ACTUAL_LOADING_EXCEEDS_DESIGN_FLOOD_FRACTION,2.1985063797570144,0.015452412371067337,0.0061292575261727295,0.8058281485038068,0.004939128244018794,0.0009145417958394337,2.341543915222497,0.1595906399688306,,0,0.8377580409572781,1550.0557413600893
1,45,0.4,0.3,0.2,false,NO_DILUTE_CONNECTED_ROOT;ACTUAL_LOADING_EXCEEDS_DESIGN_FLOOD_FRACTION,1.9087308957303688,0.022001579333023612,0.004673795591397883,0.7816913187224352,0.003653465439278915,0.000673565510572372,3.1792598398406144,0.15908566426458687,,0,0.9424777960769379,1743.8127090301007
1,50,0.4,0.3,0.2,false,NO_DILUTE_CONNECTED_ROOT;ACTUAL_LOADING_EXCEEDS_DESIGN_FLOOD_FRACTION,1.6820376576679719,0.030180492912240897,0.0036588225502054827,0.7601511334725837,0.0027812581087137468,0.0005112398584708679,4.188718351635542,0.15874148093522078,,0,1.0471975511965979,1937.569676700112
1,55,0.4,0.3,0.2,false,NO_DILUTE_CONNECTED_ROOT;ACTUAL_LOADING_EXCEEDS_DESIGN_FLOOD_FRACTION,1.5002529604055725,0.04017023606619263,0.002927526023710155,0.7407492003939566,0.0021685625611957966,0.0003977769643320884,5.383518829101117,0.1584989043736793,,0,1.1519173063162573,2131.3266443701227
1,60,0.4,0.3,0.2,false,NO_DILUTE_CONNECTED_ROOT;ACTUAL_LOADING_EXCEEDS_DESIGN_FLOOD_FRACTION,1.3515067508113296,0.05215189175235228,0.002385898961926405,0.7231355279748368,0.001725328305527266,0.0003159892968395472,6.77693769593677,0.1583229648192933,,0,1.2566370614359172,2325.083612040134
1,65,0.4,0.3,0.2,false,NO_DILUTE_CONNECTED_ROOT;ACTUAL_LOADING_EXCEEDS_DESIGN_FLOOD_FRACTION,1.2277323286639141,0.06630654292819324,0.001975214742593941,0.7070373060075776,0.001396550510390071,0.00025548173796774117,8.38196809798935,0.15819219054257244,,0,1.361356816555577,2518.8405797101454
1,70,0.4,0.3,0.2,false,NO_DILUTE_CONNECTED_ROOT;ACTUAL_LOADING_EXCEEDS_DESIGN_FLOOD_FRACTION,1.1232645989885734,0.08281527255118905,0.001657458124466464,0.6922380573246911,0.001147355592177691,0.00020971170360370501,10.211350823372205,0.1580928997404577,,0,1.4660765716752369,2712.597547380157
1,30,0.4,0.3,0.3,false,ACTUAL_LOADING_EXCEEDS_DESIGN_FLOOD_FRACTION,3.1049471628487244,0.006518986469044035,0.011693119359130333,1.0718582516611717,0.012533366472742839,0.0023713321175482488,0.9030535037321317,0.162188060400355,0.10242839130740511,2,0.6283185307179586,1162.541806020067
1,35,0.4,0.3,0.3,false,NO_DILUTE_CONNECTED_ROOT;ACTUAL_LOADING_EXCEEDS_DESIGN_FLOOD_FRACTION,2.5805843941691573,0.010351909068898631,0.008299653443146543,1.040449438698693,0.008635369766315496,0.0016152339421936616,1.325776855800947,0.16079419878088314,,0,0.7330382858376184,1356.2987736900784
1,40,0.4,0.3,0.3,false,NO_DILUTE_CONNECTED_ROOT;ACTUAL_LOADING_EXCEEDS_DESIGN_FLOOD_FRACTION,2.1985063797570144,0.015452412371067337,0.0061292575261727295,1.0131009466184755,0.006209556601834008,0.0011529508729052223,1.8573556147006076,0.15991512569729976,,0,0.8377580409572781,1550.0557413600893
1,45,0.4,0.3,0.3,false,NO_DILUTE_CONNECTED_ROOT;ACTUAL_LOADING_EXCEEDS_DESIGN_FLOOD_FRACTION,1.9087308957303688,0.022001579333023612,0.004673795591397883,0.9889641168371042,0.004622216129323958,0.0008539978643735047,2.5075469934991554,0.15933548504068828,,0,0.9424777960769379,1743.8127090301007
1,50,0.4,0.3,0.3,false,NO_DILUTE_CONNECTED_ROOT;ACTUAL_LOADING_EXCEEDS_DESIGN_FLOOD_FRACTION,1.6820376576679719,0.030180492912240897,0.0036588225502054827,0.9674239315872524,0.003539632496499885,0.0006517504636907454,3.2856743440394256,0.15893834126105832,,0,1.0471975511965979,1937.569676700112
1,55,0.4,0.3,0.3,false,NO_DILUTE_CONNECTED_ROOT;ACTUAL_LOADING_EXCEEDS_DESIGN_FLOOD_FRACTION,1.5002529604055725,0.04017023606619263,0.002927526023710155,0.9480219985086253,0.0027753590716837104,0.0005097823256374986,4.200694432837671,0.1586571510085708,,0,1.1519173063162573,2131.3266443701227
1,60,0.4,0.3,0.3,false,NO_DILUTE_CONNECTED_ROOT;ACTUAL_LOADING_EXCEEDS_DESIGN_FLOOD_FRACTION,1.3515067508113296,0.05215189175235228,0.002385898961926405,0.9304083260895055,0.002219860259384635,0.00040702137220670516,5.261246517976344,0.15845239114669735,,0,1.2566370614359172,2325.083612040134
1,65,0.4,0.3,0.3,false,NO_DILUTE_CONNECTED_ROOT;ACTUAL_LOADING_EXCEEDS_DESIGN_FLOOD_FRACTION,1.2277323286639141,0.06630654292819324,0.001975214742593941,0.9143101041222463,0.0018059587969648622,0.000330689049017426,6.4756900285247605,0.15829962967418565,,0,1.361356816555577,2518.8405797101454
1,70,0.4,0.3,0.3,false,NO_DILUTE_CONNECTED_ROOT;ACTUAL_LOADING_EXCEEDS_DESIGN_FLOOD_FRACTION,1.1232645989885734,0.08281527255118905,0.001657458124466464,0.89951085543936,0.0014909015753937463,0.00027272071978726376,7.852134516713343,0.15818324969775965,,0,1.4660765716752369,2712.597547380157
1,30,0.4,0.3,0.4,false,ACTUAL_LOADING_EXCEEDS_DESIGN_FLOOD_FRACTION,3.1049471628487244,0.006518986469044035,0.011693119359130333,1.2813964156055704,0.014983521234037712,0.0028476658756876505,0.7519982577827427,0.16274525486286284,0.07169322643384268,2,0.6283185307179586,1162.541806020067
1,35,0.4,0.3,0.4,false,NO_DILUTE_CONNECTED_ROOT;ACTUAL_LOADING_EXCEEDS_DESIGN_FLOOD_FRACTION,2.5805843941691573,0.010351909068898631,0.008299653443146543,1.2499876026430918,0.01037446391016723,0.0019470771744544357,1.099822752462036,0.1612006435269635,,0,0.7330382858376184,1356.2987736900784
1,40,0.4,0.3,0.4,false,NO_DILUTE_CONNECTED_ROOT;ACTUAL_LOADING_EXCEEDS_DESIGN_FLOOD_FRACTION,2.1985063797570144,0.015452412371067337,0.0061292575261727295,1.2226391105628742,0.007493869970210629,0.0013950008375675496,1.5350813559355925,0.1602201397761333,,0,0.8377580409572781,1550.0557413600893
1,45,0.4,0.3,0.4,false,NO_DILUTE_CONNECTED_ROOT;ACTUAL_LOADING_EXCEEDS_DESIGN_FLOOD_FRACTION,1.9087308957303688,0.022001579333023612,0.004673795591397883,1.198502280781503,0.005601554676196895,0.001037019404016624,2.0649948968844494,0.1595703918864222,,0,0.9424777960769379,1743.8127090301007
1,50,0.4,0.3,0.4,false,NO_DILUTE_CONNECTED_ROOT;ACTUAL_LOADING_EXCEEDS_DESIGN_FLOOD_FRACTION,1.6820376576679719,0.030180492912240897,0.0036588225502054827,1.176962095531651,0.004306295455868305,0.0007941814496000423,2.6964112273623764,0.15912340768261185,,0,1.0471975511965979,1937.569676700112
1,55,0.4,0.3,0.4,false,NO_DILUTE_CONNECTED_ROOT;ACTUAL_LOADING_EXCEEDS_DESIGN_FLOOD_FRACTION,1.5002529604055725,0.04017023606619263,0.002927526023710155,1.157560162453024,0.003388787499591383,0.0006232610621446671,3.435863247891178,0.15880585866722607,,0,1.1519173063162573,2131.3266443701227
1,60,0.4,0.3,0.4,false,NO_DILUTE_CONNECTED_ROOT;ACTUAL_LOADING_EXCEEDS_DESIGN_FLOOD_FRACTION,1.3515067508113296,0.05215189175235228,0.002385898961926405,1.1399464900339042,0.002719797147223541,0.000499215340186369,4.289611325775828,0.15857393864382335,,0,1.2566370614359172,2325.083612040134
1,65,0.4,0.3,0.4,false,NO_DILUTE_CONNECTED_ROOT;ACTUAL_LOADING_EXCEEDS_DESIGN_FLOOD_FRACTION,1.2277323286639141,0.06630654292819324,0.001975214742593941,1.123848268066645,0.002219841667523905,0.00040683349799466384,5.263676142254562,0.15840045217244586,,0,1.361356816555577,2518.8405797101454
1,70,0.4,0.3,0.4,false,NO_DILUTE_CONNECTED_ROOT;ACTUAL_LOADING_EXCEEDS_DESIGN_FLOOD_FRACTION,1.1232645989885734,0.08281527255118905,0.001657458124466464,1.1090490193837588,0.001838202307609176,0.0003364998742101504,6.363865015673416,0.15826796615302385,,0,1.4660765716752369,2712.597547380157
1,30,0.5,0.3,0.2,false,NO_DILUTE_CONNECTED_ROOT;ACTUAL_LOADING_EXCEEDS_DESIGN_FLOOD_FRACTION,1.9871661842231834,0.019894367886486918,0.00505067047538433,0.772807043912096,0.0039031937198558647,0.0007202762306128557,2.9730812794452643,0.15919387206300134,,0,0.7853981633974483,1816.4715719063545
1,35,0.5,0.3,0.2,false,NO_DILUTE_CONNECTED_ROOT;ACTUAL_LOADING_EXCEEDS_DESIGN_FLOOD_FRACTION,1.651574012268261,0.03159151937530098,0.003531050973865472,0.7414924062617316,0.0026182474832443397,0.0004810351621418305,4.451732317715872,0.1586838174218333,,0,0.9162978572970231,2119.2168338907472
1,40,0.5,0.3,0.2,false,NO_DILUTE_CONNECTED_ROOT;ACTUAL_LOADING_EXCEEDS_DESIGN_FLOOD_FRACTION,1.4070440830444892,0.04715702017537638,0.002582048112557419,0.7145775615091418,0.0018450736439705624,0.00033807534114298947,6.334208729996536,0.1583754275130338,,0,1.0471975511965976,2421.962095875139
1,45,0.5,0.3,0.2,false,NO_DILUTE_CONNECTED_ROOT;ACTUAL_LOADING_EXCEEDS_DESIGN_FLOOD_FRACTION,1.221587773267436,0.06714349161689334,0.0019557886925252762,0.6910754683379907,0.0013515975866570519,0.0002472272414599367,8.661827736372258,0.15817793799622326,,0,1.1780972450961724,2724.707357859532
1,50,0.5,0.3,0.2,false,NO_DILUTE_CONNECTED_ROOT;ACTUAL_LOADING_EXCEEDS_DESIGN_FLOOD_FRACTION,1.076504100907502,0.09210355503003202,0.001523907403082794,0.670289624080897,0.001021459320346462,0.0001866227492258813,11.474698482083562,0.15804546417642856,,0,1.3089969389957472,3027.4526198439244
1,55,0.5,0.3,0.2,false,NO_DILUTE_CONNECTED_ROOT;ACTUAL_LOADING_EXCEEDS_DESIGN_FLOOD_FRACTION,0.9601618946595666,0.12258983174497261,0.0012152042168664305,0.6517115821315258,0.0007919626627869232,0.00014457568784219534,14.811894096619254,0.15795317552298277,,0,1.4398966328953218,3330.1978818283164
1,60,0.5,0.3,0.2,false,NO_DILUTE_CONNECTED_ROOT;ACTUAL_LOADING_EXCEEDS_DESIGN_FLOOD_FRACTION,0.864964320519251,0.15915494309189535,0.0009878998088079943,0.6349596405510174,0.0006272765075011429,0.00011444462199190898,18.711580675375703,0.15788681397678578,,0,1.5707963267948966,3632.943143812709
1,65,0.5,0.3,0.2,false,NO_DILUTE_CONNECTED_ROOT;ACTUAL_LOADING_EXCEEDS_DESIGN_FLOOD_FRACTION,0.7857486903449049,0.20235151040098032,0.0008163032220636338,0.6197404543099632,0.0005058961296964032,0.00009225922657602976,23.21111781161254,0.15783782943597857,,0,1.7016960206944711,3935.6884057971015
1,70,0.5,0.3,0.2,false,NO_DILUTE_CONNECTED_ROOT;ACTUAL_LOADING_EXCEEDS_DESIGN_FLOOD_FRACTION,0.7188893433526872,0.25273215500240787,0.0006839804943422418,0.6058240565380371,0.0004143718376753088,0.000075543417493239,28.347139278629225,0.15780082326709316,,0,1.8325957145940461,4238.4336677814945
1,30,0.5,0.3,0.3,false,NO_DILUTE_CONNECTED_ROOT;ACTUAL_LOADING_EXCEEDS_DESIGN_FLOOD_FRACTION,1.9871661842231834,0.019894367886486918,0.00505067047538433,0.9800798420267649,0.00495006032164392,0.0009155826258952595,2.3388820590283426,0.1594648212508683,,0,0.7853981633974483,1816.4715719063545
1,35,0.5,0.3,0.3,false,NO_DILUTE_CONNECTED_ROOT;ACTUAL_LOADING_EXCEEDS_DESIGN_FLOOD_FRACTION,1.651574012268261,0.03159151937530098,0.003531050973865472,0.9487652043764006,0.003350138298882963,0.0006165220908260635,3.4734193780391815,0.15887511580708058,,0,0.9162978572970231,2119.2168338907472
1,40,0.5,0.3,0.3,false,NO_DILUTE_CONNECTED_ROOT;ACTUAL_LOADING_EXCEEDS_DESIGN_FLOOD_FRACTION,1.4070440830444892,0.04715702017537638,0.002582048112557419,0.9218503596238106,0.002380261981127038,0.0004366744560755555,4.903973079877058,0.15851617260724443,,0,1.0471975511965976,2421.962095875139
1,45,0.5,0.3,0.3,false,NO_DILUTE_CONNECTED_ROOT;ACTUAL_LOADING_EXCEEDS_DESIGN_FLOOD_FRACTION,1.221587773267436,0.06714349161689334,0.0019557886925252762,0.8983482664526595,0.0017569793814777954,0.00032167920527566713,6.657066239110318,0.15828499115147426,,0,1.1780972450961724,2724.707357859532
1,50,0.5,0.3,0.3,false,NO_DILUTE_CONNECTED_ROOT;ACTUAL_LOADING_EXCEEDS_DESIGN_FLOOD_FRACTION,1.076504100907502,0.09210355503003202,0.001523907403082794,0.8775624221955658,0.0013373238718510912,0.00024451160334204743,8.758029263211775,0.15812913342143903,,0,1.3089969389957472,3027.4526198439244
1,55,0.5,0.3,0.3,false,NO_DILUTE_CONNECTED_ROOT;ACTUAL_LOADING_EXCEEDS_DESIGN_FLOOD_FRACTION,0.9601618946595666,0.12258983174497261,0.0012152042168664305,0.8589843802461946,0.0010438414410975732,0.00019066935789922336,11.231168976801824,0.15802004804621356,,0,1.4398966328953218,3330.1978818283164
1,60,0.5,0.3,0.3,false,NO_DILUTE_CONNECTED_ROOT;ACTUAL_LOADING_EXCEEDS_DESIGN_FLOOD_FRACTION,0.864964320519251,0.15915494309189535,0.0009878998088079943,0.8422324386656863,0.0008320412651297223,0.00015187626306583074,14.099897732776547,0.15794128256964157,,0,1.5707963267948966,3632.943143812709
1,65,0.5,0.3,0.3,false,NO_DILUTE_CONNECTED_ROOT;ACTUAL_LOADING_EXCEEDS_DESIGN_FLOOD_FRACTION,0.7857486903449049,0.20235151040098032,0.0008163032220636338,0.8270132524246319,0.0006750935826435523,0.00012316443671750278,17.38683531006774,0.1578829065014553,,0,1.7016960206944711,3935.6884057971015
1,70,0.5,0.3,0.3,false,NO_DILUTE_CONNECTED_ROOT;ACTUAL_LOADING_EXCEEDS_DESIGN_FLOOD_FRACTION,0.7188893433526872,0.25273215500240787,0.0006839804943422418,0.813096854652706,0.0005561423885934798,0.00010142326389053576,21.113891380735858,0.15783864608949139,,0,1.8325957145940461,4238.4336677814945
1,30,0.5,0.3,0.4,false,NO_DILUTE_CONNECTED_ROOT;ACTUAL_LOADING_EXCEEDS_DESIGN_FLOOD_FRACTION,1.9871661842231834,0.019894367886486918,0.00505067047538433,1.1896180059711636,0.006008368539744136,0.0011137440672881868,1.9227395594380958,0.15971931248515292,,0,0.7853981633974483,1816.4715719063545
1,35,0.5,0.3,0.4,false,NO_DILUTE_CONNECTED_ROOT;ACTUAL_LOADING_EXCEEDS_DESIGN_FLOOD_FRACTION,1.651574012268261,0.03159151937530098,0.003531050973865472,1.1583033683207993,0.004090028236740815,0.0007538509527625283,2.8406673353891208,0.15905474367192501,,0,0.9162978572970231,2119.2168338907472
1,40,0.5,0.3,0.4,false,NO_DILUTE_CONNECTED_ROOT;ACTUAL_LOADING_EXCEEDS_DESIGN_FLOOD_FRACTION,1.4070440830444892,0.04715702017537638,0.002582048112557419,1.1313885235682093,0.00292129960184842,0.000536547264264356,3.9911484409496443,0.1586482236702964,,0,1.0471975511965976,2421.962095875139
1,45,0.5,0.3,0.4,false,NO_DILUTE_CONNECTED_ROOT;ACTUAL_LOADING_EXCEEDS_DESIGN_FLOOD_FRACTION,1.221587773267436,0.06714349161689334,0.0019557886925252762,1.1078864303970581,0.0021667917531727576,0.00039705847266965504,5.393260501070123,0.1583853122922883,,0,1.1780972450961724,2724.707357859532
1,50,0.5,0.3,0.4,false,NO_DILUTE_CONNECTED_ROOT;ACTUAL_LOADING_EXCEEDS_DESIGN_FLOOD_FRACTION,1.076504100907502,0.09210355503003202,0.001523907403082794,1.0871005861399645,0.0016566406311143366,0.00030310256088431016,7.065066593356292,0.15820744519875923,,0,1.3089969389957472,3027.4526198439244
1,55,0.5,0.3,0.4,false,NO_DILUTE_CONNECTED_ROOT;ACTUAL_LOADING_EXCEEDS_DESIGN_FLOOD_FRACTION,0.9601618946595666,0.12258983174497261,0.0012152042168664305,1.0685225441905932,0.0012984731015172558,0.00023731114489046443,9.023764047208589,0.15808256552892969,,0,1.4398966328953218,3330.1978818283164
1,60,0.5,0.3,0.4,false,NO_DILUTE_CONNECTED_ROOT;ACTUAL_LOADING_EXCEEDS_DESIGN_FLOOD_FRACTION,0.864964320519251,0.15915494309189535,0.0009878998088079943,1.051770602610085,0.001039043977228372,0.00018974641060368725,11.285798611164177,0.15799213755207953,,0,1.5707963267948966,3632.943143812709
1,65,0.5,0.3,0.4,false,NO_DILUTE_CONNECTED_ROOT;ACTUAL_LOADING_EXCEEDS_DESIGN_FLOOD_FRACTION,0.7857486903449049,0.20235151040098032,0.0008163032220636338,1.0365514163690306,0.0008461402610166628,0.00015442754592872866,13.86695465751167,0.15792493271736857,,0,1.7016960206944711,3935.6884057971015
1,70,0.5,0.3,0.4,false,NO_DILUTE_CONNECTED_ROOT;ACTUAL_LOADING_EXCEEDS_DESIGN_FLOOD_FRACTION,0.7188893433526872,0.25273215500240787,0.0006839804943422418,1.0226350185971047,0.0006994624055517353,0.00012760011633124952,16.782428095169678,0.15787385923901082,,0,1.8325957145940461,4238.4336677814945
1.1,30,0.33,0.2,0.2,true,,3.5941455897486856,0.004521957244446415,0.015230444924685527,0.9601965128110292,0.014624220105243483,0.002788644446216031,0.6346398667960194,0.16316186284745476,0.05534639116330961,2,0.5701990666265475,957.418570234114
1.1,35,0.33,0.2,0.2,false,ACTUAL_LOADING_EXCEEDS_DESIGN_FLOOD_FRACTION,2.9871671023115716,0.007180700624282968,0.010892477193375202,0.9290241743223745,0.010119374630900693,0.0019038331157860827,0.9295903749196347,0.16149648758712354,0.11004452296854123,2,0.6652322443976388,1116.9883319397995
1.1,40,0.33,0.2,0.2,false,NO_DILUTE_CONNECTED_ROOT;ACTUAL_LOADING_EXCEEDS_DESIGN_FLOOD_FRACTION,2.5448909737930387,0.010718713468317428,0.008085486472544264,0.9017316292397506,0.0072909388900833025,0.001359652197267497,1.3016453350678583,0.16043293290270388,,0,0.7602654221687299,1276.558093645485
1.1,45,0.33,0.2,0.2,false,NO_DILUTE_CONNECTED_ROOT;ACTUAL_LOADING_EXCEEDS_DESIGN_FLOOD_FRACTION,2.2094600555496156,0.015261605700006654,0.006187606915290576,0.8775325725221157,0.005429826614130572,0.0010065597902982333,1.7582511808500039,0.15972603068625757,,0,0.8552985999398213,1436.1278553511709
1.1,50,0.33,0.2,0.2,false,NO_DILUTE_CONNECTED_ROOT;ACTUAL_LOADING_EXCEEDS_DESIGN_FLOOD_FRACTION,1.9470502755840586,0.02093498724280748,0.004856299944269556,0.8558511288138736,0.004156269789161851,0.0007672761841565938,2.306581354187848,0.1592391968443465,,0,0.9503317777109126,1595.6976170568569
1.1,55,0.33,0.2,0.2,false,NO_DILUTE_CONNECTED_ROOT;ACTUAL_LOADING_EXCEEDS_DESIGN_FLOOD_FRACTION,1.736624579531309,0.027864468020176756,0.0038929463511696784,0.8362544368540918,0.003255493658600591,0.0005991994053232244,2.953582603996963,0.15889339508912848,,0,1.0453649554820037,1755.2673787625422
1.1,60,0.33,0.2,0.2,false,NO_DILUTE_CONNECTED_ROOT;ACTUAL_LOADING_EXCEEDS_DESIGN_FLOOD_FRACTION,1.5644427338619993,0.03617565795557132,0.0031771558518421815,0.8184096694495987,0.0026002150704960178,0.00047754487129265147,3.706007636722021,0.1586410787480082,,0,1.140398133253095,1914.837140468228
1.1,65,0.33,0.2,0.2,false,NO_DILUTE_CONNECTED_ROOT;ACTUAL_LOADING_EXCEEDS_DESIGN_FLOOD_FRACTION,1.4211670933590947,0.04599416697244803,0.0026330888949917387,0.8020558374305745,0.002111884318701745,0.00038722424191324554,4.570439420692331,0.1584526109721101,,0,1.2354313110241861,2074.4069021739133
1.1,70,0.33,0.2,0.2,false,NO_DILUTE_CONNECTED_ROOT;ACTUAL_LOADING_EXCEEDS_DESIGN_FLOOD_FRACTION,1.3002400017884947,0.057445604994263745,0.0022113365433175354,0.7869847630939601,0.0017402881656637674,0.0003186901025248948,5.553310020821096,0.15830895224267,,0,1.3304644887952777,2233.976663879599
1.1,30,0.33,0.2,0.3,true,,3.5941455897486856,0.004521957244446415,0.015230444924685527,1.1674693109256982,0.01778107704131441,0.0034103143633987254,0.5189506747185119,0.16389470633998654,0.04230977745903653,2,0.5701990666265475,957.418570234114
1.1,35,0.33,0.2,0.3,false,ACTUAL_LOADING_EXCEEDS_DESIGN_FLOOD_FRACTION,2.9871671023115716,0.007180700624282968,0.010892477193375202,1.1362969724370433,0.012377088857171785,0.002338934563947053,0.7566628699955643,0.16203904424022192,0.07207405436212133,2,0.6652322443976388,1116.9883319397995
1.1,40,0.33,0.2,0.3,false,NO_DILUTE_CONNECTED_ROOT;ACTUAL_LOADING_EXCEEDS_DESIGN_FLOOD_FRACTION,2.5448909737930387,0.010718713468317428,0.008085486472544264,1.1090044273544195,0.008966840295365857,0.0016779323030655475,1.054741562966897,0.1608441763329403,,0,0.7602654221687299,1276.558093645485
1.1,45,0.33,0.2,0.3,false,NO_DILUTE_CONNECTED_ROOT;ACTUAL_LOADING_EXCEEDS_DESIGN_FLOOD_FRACTION,2.2094600555496156,0.015261605700006654,0.006187606915290576,1.0848053706367846,0.006712349213096525,0.0012476751137049612,1.4184661699572085,0.16004495667089086,,0,0.8552985999398213,1436.1278553511709
1.1,50,0.33,0.2,0.3,false,NO_DILUTE_CONNECTED_ROOT;ACTUAL_LOADING_EXCEEDS_DESIGN_FLOOD_FRACTION,1.9470502755840586,0.02093498724280748,0.004856299944269556,1.0631239269285424,0.005162848667094712,0.0009551603456678739,1.85286684891689,0.1594917449791186,,0,0.9503317777109126,1595.6976170568569
1.1,55,0.33,0.2,0.3,false,NO_DILUTE_CONNECTED_ROOT;ACTUAL_LOADING_EXCEEDS_DESIGN_FLOOD_FRACTION,1.736624579531309,0.027864468020176756,0.0038929463511696784,1.0435272349687605,0.00406239554171782,0.0007490309898008533,2.362765978959746,0.15909709604846078,,0,1.0453649554820037,1755.2673787625422
1.1,60,0.33,0.2,0.3,false,NO_DILUTE_CONNECTED_ROOT;ACTUAL_LOADING_EXCEEDS_DESIGN_FLOOD_FRACTION,1.5644427338619993,0.03617565795557132,0.0031771558518421815,1.0256824675642675,0.003258753053953741,0.0005993567477451624,2.952807232997879,0.1588080678792611,,0,1.140398133253095,1914.837140468228
1.1,65,0.33,0.2,0.3,false,NO_DILUTE_CONNECTED_ROOT;ACTUAL_LOADING_EXCEEDS_DESIGN_FLOOD_FRACTION,1.4211670933590947,0.04599416697244803,0.0026330888949917387,1.0093286355452433,0.0026576520216513443,0.00048788309980801146,3.6274774440525506,0.15859147138945767,,0,1.2354313110241861,2074.4069021739133
1.1,70,0.33,0.2,0.3,false,NO_DILUTE_CONNECTED_ROOT;ACTUAL_LOADING_EXCEEDS_DESIGN_FLOOD_FRACTION,1.3002400017884947,0.057445604994263745,0.0022113365433175354,0.9942575612086288,0.002198638078570412,0.00040303690320463463,4.391123804832891,0.15842586752923726,,0,1.3304644887952777,2233.976663879599
1.1,30,0.33,0.2,0.4,true,,3.5941455897486856,0.004521957244446415,0.015230444924685527,1.377007474870097,0.020972436506889302,0.004044016897649543,0.4376304512764604,0.16458143553693422,0.034314952497781326,2,0.5701990666265475,957.418570234114
1.1,35,0.33,0.2,0.4,true,,2.9871671023115716,0.007180700624282968,0.010892477193375202,1.345835136381442,0.014659478529077863,0.0027817048176619653,0.6362231278642687,0.1625495878015475,0.05529519392681298,2,0.6652322443976388,1116.9883319397995
1.1,40,0.33,0.2,0.4,false,ACTUAL_LOADING_EXCEEDS_DESIGN_FLOOD_FRACTION,2.5448909737930387,0.010718713468317428,0.008085486472544264,1.3185425912988182,0.010661058285420055,0.002001383355360039,0.8842808326292018,0.1612320210997379,0.09679133131850402,2,0.7602654221687299,1276.558093645485
1.1,45,0.33,0.2,0.4,false,NO_DILUTE_CONNECTED_ROOT;ACTUAL_LOADING_EXCEEDS_DESIGN_FLOOD_FRACTION,2.2094600555496156,0.015261605700006654,0.006187606915290576,1.2943435345811833,0.008008889005336178,0.001492451768511186,1.1858238753359998,0.16034608407545914,,0,0.8552985999398213,1436.1278553511709
1.1,50,0.33,0.2,0.4,false,NO_DILUTE_CONNECTED_ROOT;ACTUAL_LOADING_EXCEEDS_DESIGN_FLOOD_FRACTION,1.9470502755840586,0.02093498724280748,0.004856299944269556,1.2726620908729411,0.006180428840980241,0.0011457451317804387,1.544658485380454,0.15973030339848698,,0,0.9503317777109126,1595.6976170568569
1.1,55,0.33,0.2,0.4,false,NO_DILUTE_CONNECTED_ROOT;ACTUAL_LOADING_EXCEEDS_DESIGN_FLOOD_FRACTION,1.736624579531309,0.027864468020176756,0.0038929463511696784,1.2530653989131593,0.004878116372475961,0.0009009229837388921,1.9644131316788835,0.15928953361946968,,0,1.0453649554820037,1755.2673787625422
1.1,60,0.33,0.2,0.4,false,NO_DILUTE_CONNECTED_ROOT;ACTUAL_LOADING_EXCEEDS_DESIGN_FLOOD_FRACTION,1.5644427338619993,0.03617565795557132,0.0031771558518421815,1.2352206315086662,0.003924488457713954,0.0007227849959203292,2.4485634730622987,0.1589657905338781,,0,1.140398133253095,1914.837140468228
1.1,65,0.33,0.2,0.4,false,NO_DILUTE_CONNECTED_ROOT;ACTUAL_LOADING_EXCEEDS_DESIGN_FLOOD_FRACTION,1.4211670933590947,0.04599416697244803,0.0026330888949917387,1.218866799489642,0.003209384634210299,0.000589839618954738,3.0004511108023877,0.15872256865267564,,0,1.2354313110241861,2074.4069021739133
1.1,70,0.33,0.2,0.4,false,NO_DILUTE_CONNECTED_ROOT;ACTUAL_LOADING_EXCEEDS_DESIGN_FLOOD_FRACTION,1.3002400017884947,0.057445604994263745,0.0022113365433175354,1.2037957251530276,0.0026619974777203218,0.0004884458105794893,3.6232984326108526,0.15853619261251373,,0,1.3304644887952777,2233.976663879599
1.1,30,0.4,0.2,0.2,false,NO_DILUTE_CONNECTED_ROOT;ACTUAL_LOADING_EXCEEDS_DESIGN_FLOOD_FRACTION,2.4462653420227,0.011831960441314921,0.007505647611166342,0.8814435781488519,0.006615804886710843,0.001231230274851975,1.4374118116132044,0.16018958047560256,,0,0.6911503837897546,1406.6755852842814
1.1,35,0.4,0.2,0.2,false,NO_DILUTE_CONNECTED_ROOT;ACTUAL_LOADING_EXCEEDS_DESIGN_FLOOD_FRACTION,2.0331406090108137,0.018788714960051016,0.005277548845005153,0.849802207444337,0.004484872658380689,0.0008288936731072332,2.135116960482633,0.1593737235955145,,0,0.8063421144213804,1641.121516164995
1.1,40,0.4,0.2,0.2,false,NO_DILUTE_CONNECTED_ROOT;ACTUAL_LOADING_EXCEEDS_DESIGN_FLOOD_FRACTION,1.7321164190378866,0.02804612845348722,0.003873360645057948,0.8224324524975641,0.0031855774947225552,0.0005862264215203447,3.01894434457281,0.15887280182648272,,0,0.9215338450530061,1875.5674470457081
1.1,45,0.4,0.2,0.2,false,NO_DILUTE_CONNECTED_ROOT;ACTUAL_LOADING_EXCEEDS_DESIGN_FLOOD_FRACTION,1.503813750308457,0.03993286648943787,0.0029411249654465736,0.7984048769759109,0.002348208516208152,0.0004309156718530421,4.107033128494714,0.15854859147606126,,0,1.0367255756846319,2110.013377926422
1.1,50,0.4,0.2,0.2,false,NO_DILUTE_CONNECTED_ROOT;ACTUAL_LOADING_EXCEEDS_DESIGN_FLOOD_FRACTION,1.3252110938194004,0.05477759463571723,0.002295579176166068,0.7770566740515208,0.001783795119653535,0.00032671583427648545,5.4168936862432835,0.15832943797978283,,0,1.1519173063162578,2344.459308807136
1.1,55,0.4,0.2,0.2,false,NO_DILUTE_CONNECTED_ROOT;ACTUAL_LOADING_EXCEEDS_DESIGN_FLOOD_FRACTION,1.1819901044434975,0.07290897846013963,0.001832801538955669,0.7578997660807493,0.0013890798576469388,0.00025407866038905635,6.965500121804912,0.1581758520516809,,0,1.2671090369478832,2578.905239687849
1.1,60,0.4,0.2,0.2,false,NO_DILUTE_CONNECTED_ROOT;ACTUAL_LOADING_EXCEEDS_DESIGN_FLOOD_FRACTION,1.0647988357348233,0.09465568353051937,0.0014913228673220024,0.7405650295717616,0.001104421563339363,0.00020181463206560144,8.76935890016497,0.1580649121051949,,0,1.3823007675795091,2813.351170568563
1.1,65,0.4,0.2,0.2,false,NO_DILUTE_CONNECTED_ROOT;ACTUAL_LOADING_EXCEEDS_DESIGN_FLOOD_FRACTION,0.967281852917534,0.12034637541467075,0.0012331236428062455,0.7247669710942183,0.0008937272875813513,0.00016319561355488435,10.844561942179924,0.15798268645148777,,0,1.4974924982111348,3047.7971014492764
1.1,70,0.4,0.2,0.2,false,NO_DILUTE_CONNECTED_ROOT;ACTUAL_LOADING_EXCEEDS_DESIGN_FLOOD_FRACTION,0.8849758512172943,0.15030971968040813,0.001033777536028723,0.7102805222641468,0.0007342720481954242,0.00013400528910717342,13.206829011596549,0.1579203725808106,,0,1.6126842288427607,3282.24303232999
1.1,30,0.4,0.2,0.3,false,NO_DILUTE_CONNECTED_ROOT;ACTUAL_LOADING_EXCEEDS_DESIGN_FLOOD_FRACTION,2.4462653420227,0.011831960441314921,0.007505647611166342,1.0887163762635206,0.00817152146873997,0.0015256780537719768,1.1599989496555396,0.16057480368392685,,0,0.6911503837897546,1406.6755852842814
1.1,35,0.4,0.2,0.3,false,NO_DILUTE_CONNECTED_ROOT;ACTUAL_LOADING_EXCEEDS_DESIGN_FLOOD_FRACTION,2.0331406090108137,0.018788714960051016,0.005277548845005153,1.057075005559006,0.005578764974671747,0.0010334898920222712,1.7124356547164594,0.15964874722005673,,0,0.8063421144213804,1641.121516164995
1.1,40,0.4,0.2,0.3,false,NO_DILUTE_CONNECTED_ROOT;ACTUAL_LOADING_EXCEEDS_DESIGN_FLOOD_FRACTION,1.7321164190378866,0.02804612845348722,0.003873360645057948,1.0297052506122328,0.003988419793730954,0.0007352607654352004,2.407016698137655,0.15907649036824284,,0,0.9215338450530061,1875.5674470457081
1.1,45,0.4,0.2,0.3,false,NO_DILUTE_CONNECTED_ROOT;ACTUAL_LOADING_EXCEEDS_DESIGN_FLOOD_FRACTION,1.503813750308457,0.03993286648943787,0.0029411249654465736,1.0056776750905798,0.002957823717401172,0.0005435194383517285,3.256157581511772,0.15870415584682596,,0,1.0367255756846319,2110.013377926422
1.1,50,0.4,0.2,0.3,false,NO_DILUTE_CONNECTED_ROOT;ACTUAL_LOADING_EXCEEDS_DESIGN_FLOOD_FRACTION,1.3252110938194004,0.05477759463571723,0.002295579176166068,0.9843294721661897,0.0022596062387912424,0.00041430514059124536,4.271694378115563,0.1584513298923535,,0,1.1519173063162578,2344.459308807136
1.1,55,0.4,0.2,0.3,false,NO_DILUTE_CONNECTED_ROOT;ACTUAL_LOADING_EXCEEDS_DESIGN_FLOOD_FRACTION,1.1819901044434975,0.07290897846013963,0.001832801538955669,0.9651725641954181,0.0017689697610151515,0.00032384174866743204,5.464968451938154,0.15827344367363777,,0,1.2671090369478832,2578.905239687849
1.1,60,0.4,0.2,0.3,false,NO_DILUTE_CONNECTED_ROOT;ACTUAL_LOADING_EXCEEDS_DESIGN_FLOOD_FRACTION,1.0647988357348233,0.09465568353051937,0.0014913228673220024,0.9478378276864305,0.0014135322269415856,0.0002584801019665291,6.846890443107194,0.15814447650403657,,0,1.3823007675795091,2813.351170568563
1.1,65,0.4,0.2,0.3,false,NO_DILUTE_CONNECTED_ROOT;ACTUAL_LOADING_EXCEEDS_DESIGN_FLOOD_FRACTION,0.967281852917534,0.12034637541467075,0.0012331236428062455,0.9320397692088871,0.0011493202754471552,0.00020998895928388416,8.427990433037138,0.15804857227102165,,0,1.4974924982111348,3047.7971014492764
1.1,70,0.4,0.2,0.3,false,NO_DILUTE_CONNECTED_ROOT;ACTUAL_LOADING_EXCEEDS_DESIGN_FLOOD_FRACTION,0.8849758512172943,0.15030971968040813,0.001033777536028723,0.9175533203788157,0.0009485460107161855,0.00017319490659143636,10.21845835260555,0.15797569397670785,,0,1.6126842288427607,3282.24303232999
1.1,30,0.4,0.2,0.4,false,ACTUAL_LOADING_EXCEEDS_DESIGN_FLOOD_FRACTION,2.4462653420227,0.011831960441314921,0.007505647611166342,1.2982545402079193,0.009744241088397427,0.0018248255752820713,0.9698378649775541,0.1609379734140423,0.12638159448598868,2,0.6911503837897546,1406.6755852842814
1.1,35,0.4,0.2,0.4,false,NO_DILUTE_CONNECTED_ROOT;ACTUAL_LOADING_EXCEEDS_DESIGN_FLOOD_FRACTION,2.0331406090108137,0.018788714960051016,0.005277548845005153,1.2666131695034046,0.006684612869781009,0.0012410846028731357,1.425998627161205,0.1599083031117015,,0,0.8063421144213804,1641.121516164995
1.1,40,0.4,0.2,0.4,false,NO_DILUTE_CONNECTED_ROOT;ACTUAL_LOADING_EXCEEDS_DESIGN_FLOOD_FRACTION,1.7321164190378866,0.02804612845348722,0.003873360645057948,1.2392434145566316,0.0048000366715908885,0.0008863446821439827,1.9967231434243629,0.15926874647134082,,0,0.9215338450530061,1875.5674470457081
1.1,45,0.4,0.2,0.4,false,NO_DILUTE_CONNECTED_ROOT;ACTUAL_LOADING_EXCEEDS_DESIGN_FLOOD_FRACTION,1.503813750308457,0.03993286648943787,0.0029411249654465736,1.2152158390349785,0.0035741016425918804,0.0006576002450791834,2.6912777985277305,0.15885092951699814,,0,1.0367255756846319,2110.013377926422
1.1,50,0.4,0.2,0.4,false,NO_DILUTE_CONNECTED_ROOT;ACTUAL_LOADING_EXCEEDS_DESIGN_FLOOD_FRACTION,1.3252110938194004,0.05477759463571723,0.002295579176166068,1.1938676361105884,0.0027406176845540756,0.000503003373268423,3.5184355293449925,0.15856626565327375,,0,1.1519173063162578,2344.459308807136
1.1,55,0.4,0.2,0.4,false,NO_DILUTE_CONNECTED_ROOT;ACTUAL_LOADING_EXCEEDS_DESIGN_FLOOD_FRACTION,1.1819901044434975,0.07290897846013963,0.001832801538955669,1.1747107281398168,0.0021530116303623906,0.0003944646500890661,4.486548894782844,0.15836539285741164,,0,1.2671090369478832,2578.905239687849
1.1,60,0.4,0.2,0.4,false,NO_DILUTE_CONNECTED_ROOT;ACTUAL_LOADING_EXCEEDS_DESIGN_FLOOD_FRACTION,1.0647988357348233,0.09465568353051937,0.0014913228673220024,1.1573759916308293,0.0017260212824085342,0.00031582966778353084,5.60360574200714,0.15821938440441957,,0,1.3823007675795091,2813.351170568563
1.1,65,0.4,0.2,0.4,false,NO_DILUTE_CONNECTED_ROOT;ACTUAL_LOADING_EXCEEDS_DESIGN_FLOOD_FRACTION,0.967281852917534,0.12034637541467075,0.0012331236428062455,1.1415779331532858,0.0014077067394772044,0.00025733817927322953,6.877273107652351,0.1581105603828848,,0,1.4974924982111348,3047.7971014492764
1.1,70,0.4,0.2,0.4,false,NO_DILUTE_CONNECTED_ROOT;ACTUAL_LOADING_EXCEEDS_DESIGN_FLOOD_FRACTION,0.8849758512172943,0.15030971968040813,0.001033777536028723,1.1270914843232145,0.0011651618575426088,0.00021284416932910676,8.314932682752987,0.15802766888021186,,0,1.6126842288427607,3282.24303232999
1.1,30,0.5,0.2,0.2,false,NO_DILUTE_CONNECTED_ROOT;ACTUAL_LOADING_EXCEEDS_DESIGN_FLOOD_FRACTION,1.5656098188945275,0.036108277713973756,0.0031817821080566654,0.7897753997846891,0.002512893236418224,0.0004614169016796729,3.835544240892653,0.1586184313143344,,0,0.8639379797371932,2197.9306020066897
1.1,35,0.5,0.2,0.2,false,NO_DILUTE_CONNECTED_ROOT;ACTUAL_LOADING_EXCEEDS_DESIGN_FLOOD_FRACTION,1.301209989766921,0.0573386076661713,0.0022145810445361493,0.7587753772079868,0.0016803695674255741,0.00030767538519454015,5.752117410266613,0.15829330961134375,,0,1.0079276430267254,2564.252369007804
1.1,40,0.5,0.2,0.2,false,NO_DILUTE_CONNECTED_ROOT;ACTUAL_LOADING_EXCEEDS_DESIGN_FLOOD_FRACTION,1.1085545081842478,0.08558999161830813,0.0016148633158385923,0.7322752871419287,0.0011825244983006723,0.00021615005908070322,8.18776061137796,0.15809829402425513,,0,1.1519173063162575,2930.5741360089187
1.1,45,0.5,0.2,0.2,false,NO_DILUTE_CONNECTED_ROOT;ACTUAL_LOADING_EXCEEDS_DESIGN_FLOOD_FRACTION,0.9624408001974125,0.12186543728466143,0.0012209258745233054,0.7092372594322778,0.0008659261212168662,0.00015810698896036207,11.19359081799788,0.15797399323279487,,0,1.2959069696057899,3296.895903010034
1.1,50,0.5,0.2,0.2,false,NO_DILUTE_CONNECTED_ROOT;ACTUAL_LOADING_EXCEEDS_DESIGN_FLOOD_FRACTION,0.8481351000444161,0.16716795237950813,0.000950105593941597,0.6889368794095143,0.000654562782999647,0.00011942717580477407,14.818946592030642,0.15789085714638984,,0,1.439896632895322,3663.2176700111495
1.1,55,0.5,0.2,0.2,false,NO_DILUTE_CONNECTED_ROOT;ACTUAL_LOADING_EXCEEDS_DESIGN_FLOOD_FRACTION,0.7564736668438384,0.2225005446171253,0.0007569503574526407,0.6708498154891142,0.000507800007631523,0.00009260252193484635,19.111627879132634,0.157833047118343,,0,1.583886296184854,4029.5394370122635
1.1,60,0.5,0.2,0.2,false,NO_DILUTE_CONNECTED_ROOT;ACTUAL_LOADING_EXCEEDS_DESIGN_FLOOD_FRACTION,0.6814712548702869,0.28886622171179005,0.0006149515935989897,0.6545851554605269,0.0004025381844966934,0.00007338000972813078,24.118079930010428,0.15779152477607455,,0,1.7278759594743864,4395.861204013379
1.1,65,0.5,0.2,0.2,false,NO_DILUTE_CONNECTED_ROOT;ACTUAL_LOADING_EXCEEDS_DESIGN_FLOOD_FRACTION,0.6190603858672218,0.36726799137777927,0.000507880196503349,0.6398442069126304,0.00032496420153831627,0.00005922273592262409,29.883539021234462,0.1577608850788148,,0,1.8718656227639185,4762.182971014493
1.1,70,0.5,0.2,0.2,false,NO_DILUTE_CONNECTED_ROOT;ACTUAL_LOADING_EXCEEDS_DESIGN_FLOOD_FRACTION,0.5663845447790684,0.4587088613293704,0.0004253885330678091,0.626393962308446,0.00026646080874892237,0.000048550905783272505,36.452150816468475,0.15773775116896416,,0,2.015855286053451,5128.504738015608
1.1,30,0.5,0.2,0.3,false,NO_DILUTE_CONNECTED_ROOT;ACTUAL_LOADING_EXCEEDS_DESIGN_FLOOD_FRACTION,1.5656098188945275,0.036108277713973756,0.0031817821080566654,0.997048197899358,0.0031723901169463183,0.0005833684530093819,3.033734393346667,0.15878743026239284,,0,0.8639379797371932,2197.9306020066897
1.1,35,0.5,0.2,0.3,false,NO_DILUTE_CONNECTED_ROOT;ACTUAL_LOADING_EXCEEDS_DESIGN_FLOOD_FRACTION,1.301209989766921,0.0573386076661713,0.0022145810445361493,0.9660481753226556,0.002139391977178288,0.0003921276521873264,4.513287777630492,0.15841163459308133,,0,1.0079276430267254,2564.252369007804
1.1,40,0.5,0.2,0.3,false,NO_DILUTE_CONNECTED_ROOT;ACTUAL_LOADING_EXCEEDS_DESIGN_FLOOD_FRACTION,1.1085545081842478,0.08558999161830813,0.0016148633158385923,0.9395480852565976,0.0015172417363472695,0.0002775429259462644,6.376617000249728,0.15818488685766513,,0,1.1519173063162575,2930.5741360089187
1.1,45,0.5,0.2,0.3,false,NO_DILUTE_CONNECTED_ROOT;ACTUAL_LOADING_EXCEEDS_DESIGN_FLOOD_FRACTION,0.9624408001974125,0.12186543728466143,0.0012209258745233054,0.9165100575469467,0.0011189908435199109,0.00020443144809675567,8.657107095628342,0.15803962734260885,,0,1.2959069696057899,3296.895903010034
1.1,50,0.5,0.2,0.3,false,NO_DILUTE_CONNECTED_ROOT;ACTUAL_LOADING_EXCEEDS_DESIGN_FLOOD_FRACTION,0.8481351000444161,0.16716795237950813,0.000950105593941597,0.896209677524183,0.000851493827960321,0.0001554280343390411,11.386523334828398,0.1579420178319907,,0,1.439896632895322,3663.2176700111495
1.1,55,0.5,0.2,0.3,false,NO_DILUTE_CONNECTED_ROOT;ACTUAL_LOADING_EXCEEDS_DESIGN_FLOOD_FRACTION,0.7564736668438384,0.2225005446171253,0.0007569503574526407,0.878122613603783,0.0006646952262546306,0.00012125767538923965,14.595240542150876,0.15787385385175712,,0,1.583886296184854,4029.5394370122635
1.1,60,0.5,0.2,0.3,false,NO_DILUTE_CONNECTED_ROOT;ACTUAL_LOADING_EXCEEDS_DESIGN_FLOOD_FRACTION,0.6814712548702869,0.28886622171179005,0.0006149515935989897,0.8618579535751956,0.0005300009220070306,0.00009664396956143037,18.312419780760994,0.15782471219535493,,0,1.7278759594743864,4395.861204013379
1.1,65,0.5,0.2,0.3,false,NO_DILUTE_CONNECTED_ROOT;ACTUAL_LOADING_EXCEEDS_DESIGN_FLOOD_FRACTION,0.6190603858672218,0.36726799137777927,0.000507880196503349,0.8471170050272994,0.0004302339509745933,0.00007842653962239294,22.566148505456674,0.15778831903066587,,0,1.8718656227639185,4762.182971014493
1.1,70,0.5,0.2,0.3,false,NO_DILUTE_CONNECTED_ROOT;ACTUAL_LOADING_EXCEEDS_DESIGN_FLOOD_FRACTION,0.5663845447790684,0.4587088613293704,0.0004253885330678091,0.8336667604231148,0.00035463228028378144,0.00006462948236076194,27.38355430435071,0.15776074005364848,,0,2.015855286053451,5128.504738015608
1.1,30,0.5,0.2,0.4,false,NO_DILUTE_CONNECTED_ROOT;ACTUAL_LOADING_EXCEEDS_DESIGN_FLOOD_FRACTION,1.5656098188945275,0.036108277713973756,0.0031817821080566654,1.2065863618437567,0.0038390948979396505,0.0007069416210920357,2.503438596746018,0.15894674751256826,,0,0.8639379797371932,2197.9306020066897
1.1,35,0.5,0.2,0.4,false,NO_DILUTE_CONNECTED_ROOT;ACTUAL_LOADING_EXCEEDS_DESIGN_FLOOD_FRACTION,1.301209989766921,0.0573386076661713,0.0022145810445361493,1.1755863392670545,0.0026034312231564614,0.00047764498586249775,3.705230856118478,0.1585230707262389,,0,1.0079276430267254,2564.252369007804
1.1,40,0.5,0.2,0.4,false,NO_DILUTE_CONNECTED_ROOT;ACTUAL_LOADING_EXCEEDS_DESIGN_FLOOD_FRACTION,1.1085545081842478,0.08558999161830813,0.0016148633158385923,1.1490862492009963,0.001855617230569252,0.0003396829987597718,5.210107501257712,0.1582663432393941,,0,1.1519173063162575,2930.5741360089187
1.1,45,0.5,0.2,0.4,false,NO_DILUTE_CONNECTED_ROOT;ACTUAL_LOADING_EXCEEDS_DESIGN_FLOOD_FRACTION,0.9624408001974125,0.12186543728466143,0.0012209258745233054,1.1260482214913454,0.0013748214095797337,0.0002513060191872319,7.042349982749312,0.15810127539286484,,0,1.2959069696057899,3296.895903010034
1.1,50,0.5,0.2,0.4,false,NO_DILUTE_CONNECTED_ROOT;ACTUAL_LOADING_EXCEEDS_DESIGN_FLOOD_FRACTION,0.8481351000444161,0.16716795237950813,0.000950105593941597,1.1057478414685817,0.0010505772096681457,0.00019184898979187059,9.22488537368881,0.1579900189800385,,0,1.439896632895322,3663.2176700111495
1.1,55,0.5,0.2,0.4,false,NO_DILUTE_CONNECTED_ROOT;ACTUAL_LOADING_EXCEEDS_DESIGN_FLOOD_FRACTION,0.7564736668438384,0.2225005446171253,0.0007569503574526407,1.0876607775481817,0.0008233052143523132,0.00015024295638171894,11.779486922445454,0.1579120983573566,,0,1.583886296184854,4029.5394370122635
1.1,60,0.5,0.2,0.4,false,NO_DILUTE_CONNECTED_ROOT;ACTUAL_LOADING_EXCEEDS_DESIGN_FLOOD_FRACTION,0.6814712548702869,0.28886622171179005,0.0006149515935989897,1.0713961175195943,0.000658856749844445,0.00012017339250173209,14.726928341167472,0.15785577696175201,,0,1.7278759594743864,4395.861204013379
1.1,65,0.5,0.2,0.4,false,NO_DILUTE_CONNECTED_ROOT;ACTUAL_LOADING_EXCEEDS_DESIGN_FLOOD_FRACTION,0.6190603858672218,0.36726799137777927,0.000507880196503349,1.056655168971698,0.0005366542348536255,0.00009784787919159999,18.08710576570098,0.15781395842317808,,0,1.8718656227639185,4762.182971014493
1.1,70,0.5,0.2,0.4,false,NO_DILUTE_CONNECTED_ROOT;ACTUAL_LOADING_EXCEEDS_DESIGN_FLOOD_FRACTION,0.5663845447790684,0.4587088613293704,0.0004253885330678091,1.0432049243675134,0.00044376741246581126,0.00008088915926440321,21.879136289488276,0.157782214147629,,0,2.015855286053451,5128.504738015608
1.1,30,0.33,0.25,0.2,true,,3.9297024760617094,0.003617565795557133,0.017832432391140914,0.9350707018273556,0.016674585071273004,0.0032006031872869028,0.5529535641649528,0.16399462791948327,0.04602630078553848,2,0.5701990666265475,957.418570234114
1.1,35,0.33,0.25,0.2,false,ACTUAL_LOADING_EXCEEDS_DESIGN_FLOOD_FRACTION,3.2660552181985127,0.0057445604994263745,0.012821621072369956,0.9039618317064642,0.011590256070025744,0.0021914543439062704,0.8075846730775859,0.16210705701120576,0.08090369215047383,2,0.6652322443976388,1116.9883319397995
1.1,40,0.33,0.25,0.2,false,NO_DILUTE_CONNECTED_ROOT;ACTUAL_LOADING_EXCEEDS_DESIGN_FLOOD_FRACTION,2.7824872730658847,0.008574970774653943,0.009552870977027561,0.8767129149678026,0.008375125360581152,0.0015677905694621648,1.128840148907855,0.16088899204961843,,0,0.7602654221687299,1276.558093645485
1.1,45,0.33,0.25,0.2,false,NO_DILUTE_CONNECTED_ROOT;ACTUAL_LOADING_EXCEEDS_DESIGN_FLOOD_FRACTION,2.415739828630558,0.012209284560005324,0.007329791706352281,0.8525453063155599,0.006248979515521356,0.0011618265584059531,1.5232780892151214,0.16007365423102443,,0,0.8552985999398213,1436.1278553511709
1.1,50,0.33,0.25,0.2,false,NO_DILUTE_CONNECTED_ROOT;ACTUAL_LOADING_EXCEEDS_DESIGN_FLOOD_FRACTION,2.1288309273844175,0.016747989794245986,0.005763677792373273,0.8308873793492823,0.004788967136318685,0.0008861235791383002,1.9972213600376216,0.15950942147574482,,0,0.9503317777109126,1595.6976170568569
1.1,55,0.33,0.25,0.2,false,NO_DILUTE_CONNECTED_ROOT;ACTUAL_LOADING_EXCEEDS_DESIGN_FLOOD_FRACTION,1.8987594519372255,0.022291574416141408,0.004626814501394306,0.8113087960035537,0.003753775302457997,0.0006921876845166843,2.5567992315895394,0.15910726966114824,,0,1.0453649554820037,1755.2673787625422
1.1,60,0.33,0.25,0.2,false,NO_DILUTE_CONNECTED_ROOT;ACTUAL_LOADING_EXCEEDS_DESIGN_FLOOD_FRACTION,1.7105023520608473,0.028940526364457063,0.0037800826916083896,0.7934783102998941,0.002999413626931301,0.0005516826374987273,3.2079765060434475,0.15881311633286277,,0,1.140398133253095,1914.837140468228
1.1,65,0.33,0.25,0.2,false,NO_DILUTE_CONNECTED_ROOT;ACTUAL_LOADING_EXCEEDS_DESIGN_FLOOD_FRACTION,1.5538502006150403,0.036795333577958424,0.0031353101395217918,0.777135968145661,0.002436562280714175,0.0004473022637626466,3.956574967899352,0.1585930382930701,,0,1.2354313110241861,2074.4069021739133
1.1,70,0.33,0.25,0.2,false,NO_DILUTE_CONNECTED_ROOT;ACTUAL_LOADING_EXCEEDS_DESIGN_FLOOD_FRACTION,1.4216331049794801,0.045956483995410996,0.0026347810554467064,0.762074294309852,0.0020078989134905156,0.00036806952238571986,4.808289826380539,0.15842505766123188,,0,1.3304644887952777,2233.976663879599
1.1,30,0.33,0.25,0.3,true,,3.9297024760617094,0.003617565795557133,0.017832432391140914,1.1423434999420246,0.020370763230175438,0.003936112920815536,0.44962758322525803,0.1648480704341691,0.035545264286888534,2,0.5701990666265475,957.418570234114
1.1,35,0.33,0.25,0.3,true,,3.2660552181985127,0.0057445604994263745,0.012821621072369956,1.111234629821133,0.014247829346061867,0.0027078624270791005,0.6535726934240973,0.1627460423457608,0.05758804010026226,2,0.6652322443976388,1116.9883319397995
1.1,40,0.33,0.25,0.3,false,ACTUAL_LOADING_EXCEEDS_DESIGN_FLOOD_FRACTION,2.7824872730658847,0.008574970774653943,0.009552870977027561,1.0839857130824713,0.010355175658018065,0.0019462836096682584,0.909315030500441,0.1613769762256465,0.1036372996737312,2,0.7602654221687299,1276.558093645485
1.1,45,0.33,0.25,0.3,false,NO_DILUTE_CONNECTED_ROOT;ACTUAL_LOADING_EXCEEDS_DESIGN_FLOOD_FRACTION,2.415739828630558,0.012209284560005324,0.007329791706352281,1.0598181044302288,0.007768245952094687,0.0014489195433911538,1.2214514932595022,0.16045408003552042,,0,0.8552985999398213,1436.1278553511709
1.1,50,0.33,0.25,0.3,false,NO_DILUTE_CONNECTED_ROOT;ACTUAL_LOADING_EXCEEDS_DESIGN_FLOOD_FRACTION,2.1288309273844175,0.016747989794245986,0.005763677792373273,1.038160177463951,0.005983620759775271,0.0011100278901454816,1.5943607864267724,0.1598117809812537,,0,0.9503317777109126,1595.6976170568569
1.1,55,0.33,0.25,0.3,false,NO_DILUTE_CONNECTED_ROOT;ACTUAL_LOADING_EXCEEDS_DESIGN_FLOOD_FRACTION,1.8987594519372255,0.022291574416141408,0.004626814501394306,1.0185815941182224,0.004712788090519521,0.0008708536173002339,2.032241590009786,0.15935180797032245,,0,1.0453649554820037,1755.2673787625422
1.1,60,0.33,0.25,0.3,false,NO_DILUTE_CONNECTED_ROOT;ACTUAL_LOADING_EXCEEDS_DESIGN_FLOOD_FRACTION,1.7105023520608473,0.028940526364457063,0.0037800826916083896,1.0007511084145628,0.0037829219435258,0.0006970020688240435,2.53913871858934,0.1590139972211395,,0,1.140398133253095,1914.837140468228
1.1,65,0.33,0.25,0.3,false,NO_DILUTE_CONNECTED_ROOT;ACTUAL_LOADING_EXCEEDS_DESIGN_FLOOD_FRACTION,1.5538502006150403,0.036795333577958424,0.0031353101395217918,0.9844087662603298,0.0030864267862901495,0.0005674274591503698,3.1189624529943716,0.15876033183009147,,0,1.2354313110241861,2074.4069021739133
1.1,70,0.33,0.25,0.3,false,NO_DILUTE_CONNECTED_ROOT;ACTUAL_LOADING_EXCEEDS_DESIGN_FLOOD_FRACTION,1.4216331049794801,0.045956483995410996,0.0026347810554467064,0.9693470924245209,0.002554017355272475,0.0004687546737718247,3.7755035606311154,0.15856608778223857,,0,1.3304644887952777,2233.976663879599
1.1,30,0.33,0.25,0.4,true,,3.9297024760617094,0.003617565795557133,0.017832432391140914,1.3518816638864233,0.02410733837207773,0.004686617184026612,0.37762524020949595,0.1656438431823135,0.028969856889409763,2,0.5701990666265475,957.418570234114
1.1,35,0.33,0.25,0.4,true,,3.2660552181985127,0.0057445604994263745,0.012821621072369956,1.3207727937655318,0.01693444828435708,0.00323387299279876,0.5472648257457811,0.16334488138033976,0.04517953465938489,2,0.6652322443976388,1116.9883319397995
1.1,40,0.33,0.25,0.4,false,ACTUAL_LOADING_EXCEEDS_DESIGN_FLOOD_FRACTION,2.7824872730658847,0.008574970774653943,0.009552870977027561,1.29352387702687,0.012356866702942153,0.002331249375990911,0.7591572819770702,0.16183562109108474,0.07236968278050132,2,0.7602654221687299,1276.558093645485
1.1,45,0.33,0.25,0.4,false,NO_DILUTE_CONNECTED_ROOT;ACTUAL_LOADING_EXCEEDS_DESIGN_FLOOD_FRACTION,2.415739828630558,0.012209284560005324,0.007329791706352281,1.2693562683746276,0.009304117048338625,0.0017405824838401325,1.0167774042994164,0.16081217258307984,,0,0.8552985999398213,1436.1278553511709
1.1,50,0.33,0.25,0.4,false,NO_DILUTE_CONNECTED_ROOT;ACTUAL_LOADING_EXCEEDS_DESIGN_FLOOD_FRACTION,2.1288309273844175,0.016747989794245986,0.005763677792373273,1.2476983414083498,0.0071913312219562715,0.0013372899002942978,1.3234115800160637,0.16009660290678823,,0,0.9503317777109126,1595.6976170568569
1.1,55,0.33,0.25,0.4,false,NO_DILUTE_CONNECTED_ROOT;ACTUAL_LOADING_EXCEEDS_DESIGN_FLOOD_FRACTION,1.8987594519372255,0.022291574416141408,0.004626814501394306,1.228119758062621,0.005682282306053002,0.0010520707090464375,1.6821920092158789,0.15958222713271608,,0,1.0453649554820037,1755.2673787625422
1.1,60,0.33,0.25,0.4,false,NO_DILUTE_CONNECTED_ROOT;ACTUAL_LOADING_EXCEEDS_DESIGN_FLOOD_FRACTION,1.7105023520608473,0.028940526364457063,0.0037800826916083896,1.2102892723589616,0.0045749935302834225,0.0008443149624583096,2.096119361351942,0.15920326127682288,,0,1.140398133253095,1914.837140468228
1.1,65,0.33,0.25,0.4,false,NO_DILUTE_CONNECTED_ROOT;ACTUAL_LOADING_EXCEEDS_DESIGN_FLOOD_FRACTION,1.5538502006150403,0.036795333577958424,0.0031353101395217918,1.1939469302047285,0.0037433939163218025,0.0006891472954486844,2.5680793519413636,0.15891790880929973,,0,1.2354313110241861,2074.4069021739133
1.1,70,0.33,0.25,0.4,false,NO_DILUTE_CONNECTED_ROOT;ACTUAL_LOADING_EXCEEDS_DESIGN_FLOOD_FRACTION,1.4216331049794801,0.045956483995410996,0.0026347810554467064,1.1788852563689196,0.003106104540026263,0.0005707408331655524,3.1008556546972112,0.15869887252533665,,0,1.3304644887952777,2233.976663879599
1.1,30,0.4,0.25,0.2,false,NO_DILUTE_CONNECTED_ROOT;ACTUAL_LOADING_EXCEEDS_DESIGN_FLOOD_FRACTION,2.674653747769501,0.009465568353051937,0.008874831846727849,0.856406726691072,0.007600465691789879,0.0014194488750327071,1.2468113300996637,0.16060776617686862,,0,0.6911503837897546,1406.6755852842814
1.1,35,0.4,0.25,0.2,false,NO_DILUTE_CONNECTED_ROOT;ACTUAL_LOADING_EXCEEDS_DESIGN_FLOOD_FRACTION,2.2229588328863628,0.015030971968040811,0.006259838772777909,0.8248093453974551,0.0051631735204685555,0.000956630674106156,1.8500190175708398,0.1596648219843989,,0,0.8063421144213804,1641.121516164995
1.1,40,0.4,0.25,0.2,false,NO_DILUTE_CONNECTED_ROOT;ACTUAL_LOADING_EXCEEDS_DESIGN_FLOOD_FRACTION,1.8938304002304682,0.022436902762789774,0.004603669084620488,0.7974698289020082,0.0036712871972337654,0.0006768342129693676,2.614798285866348,0.15908274775042092,,0,0.9215338450530061,1875.5674470457081
1.1,45,0.4,0.25,0.2,false,NO_DILUTE_CONNECTED_ROOT;ACTUAL_LOADING_EXCEEDS_DESIGN_FLOOD_FRACTION,1.6442129208616736,0.0319462931915503,0.003500489120448494,0.7734640497794001,0.0027075024913108224,0.0004975238853951984,3.55718587959291,0.1587047602555609,,0,1.0367255756846319,2110.013377926422
1.1,50,0.4,0.25,0.2,false,NO_DILUTE_CONNECTED_ROOT;ACTUAL_LOADING_EXCEEDS_DESIGN_FLOOD_FRACTION,1.4489355499510193,0.043822075708573785,0.0027348089347763675,0.7521321461181185,0.002056937713336355,0.00037713666137251397,4.692688675365636,0.1584487068338361,,0,1.1519173063162578,2344.459308807136
1.1,55,0.4,0.25,0.2,false,NO_DILUTE_CONNECTED_ROOT;ACTUAL_LOADING_EXCEEDS_DESIGN_FLOOD_FRACTION,1.2923431519747741,0.058327182768111704,0.0021850063959478546,0.7329877890808665,0.0016015830072933703,0.00029318723074101135,6.036364323967952,0.15826902145890542,,0,1.2671090369478832,2578.905239687849
1.1,60,0.4,0.25,0.2,false,NO_DILUTE_CONNECTED_ROOT;ACTUAL_LOADING_EXCEEDS_DESIGN_FLOOD_FRACTION,1.1642106633714144,0.0757245468244155,0.0017788236693078467,0.7156629511028861,0.001273038196668518,0.00023277821966543512,7.60288029709849,0.15813910317104984,,0,1.3823007675795091,2813.351170568563
1.1,65,0.4,0.25,0.2,false,NO_DILUTE_CONNECTED_ROOT;ACTUAL_LOADING_EXCEEDS_DESIGN_FLOOD_FRACTION,1.057589292793612,0.0962771003317366,0.00147142245274846,0.6998728561574339,0.0010298086346192416,0.00018814371148542417,9.406559092064628,0.1580427651082032,,0,1.4974924982111348,3047.7971014492764
1.1,70,0.4,0.25,0.2,false,NO_DILUTE_CONNECTED_ROOT;ACTUAL_LOADING_EXCEEDS_DESIGN_FLOOD_FRACTION,0.9675990320766588,0.12024777574432649,0.0012339248794136868,0.6853929227382223,0.0008457233795407553,0.0001544124429160267,11.461414031578101,0.157969741782145,,0,1.6126842288427607,3282.24303232999
1.1,30,0.4,0.25,0.3,false,NO_DILUTE_CONNECTED_ROOT;ACTUAL_LOADING_EXCEEDS_DESIGN_FLOOD_FRACTION,2.674653747769501,0.009465568353051937,0.008874831846727849,1.063679524805741,0.009439976921458334,0.0017697179183771145,1.0000378712958662,0.1610657189512087,,0,0.6911503837897546,1406.6755852842814
1.1,35,0.4,0.25,0.3,false,NO_DILUTE_CONNECTED_ROOT;ACTUAL_LOADING_EXCEEDS_DESIGN_FLOOD_FRACTION,2.2229588328863628,0.015030971968040811,0.006259838772777909,1.032082143512124,0.006460667818648927,0.0012003739910886261,1.4743612849216874,0.15999376988723546,,0,0.8063421144213804,1641.121516164995
1.1,40,0.4,0.25,0.3,false,NO_DILUTE_CONNECTED_ROOT;ACTUAL_LOADING_EXCEEDS_DESIGN_FLOOD_FRACTION,1.8938304002304682,0.022436902762789774,0.004603669084620488,1.004742627016677,0.00462550256999705,0.0008545453791173459,2.071025112459212,0.1593273316527602,,0,0.9215338450530061,1875.5674470457081
1.1,45,0.4,0.25,0.3,false,NO_DILUTE_CONNECTED_ROOT;ACTUAL_LOADING_EXCEEDS_DESIGN_FLOOD_FRACTION,1.6442129208616736,0.0319462931915503,0.003500489120448494,0.9807368478940688,0.003433058666076137,0.0006318743162277494,2.800849622205738,0.15889205091183323,,0,1.0367255756846319,2110.013377926422
1.1,50,0.4,0.25,0.3,false,NO_DILUTE_CONNECTED_ROOT;ACTUAL_LOADING_EXCEEDS_DESIGN_FLOOD_FRACTION,1.4489355499510193,0.043822075708573785,0.0027348089347763675,0.9594049442327874,0.0026237892135564495,0.0004816845414011551,3.6741576442124053,0.15859573756870243,,0,1.1519173063162578,2344.459308807136
1.1,55,0.4,0.25,0.3,false,NO_DILUTE_CONNECTED_ROOT;ACTUAL_LOADING_EXCEEDS_DESIGN_FLOOD_FRACTION,1.2923431519747741,0.058327182768111704,0.0021850063959478546,0.9402605871955352,0.0020544753968799296,0.0003764820179427254,4.700848528062342,0.15838689405439743,,0,1.2671090369478832,2578.905239687849
1.1,60,0.4,0.25,0.3,false,NO_DILUTE_CONNECTED_ROOT;ACTUAL_LOADING_EXCEEDS_DESIGN_FLOOD_FRACTION,1.1642106633714144,0.0757245468244155,0.0017788236693078467,0.922935749217555,0.0016417399559585577,0.0003004496959450726,5.89045342289695,0.15823531729925083,,0,1.3823007675795091,2813.351170568563
1.1,65,0.4,0.25,0.3,false,NO_DILUTE_CONNECTED_ROOT;ACTUAL_LOADING_EXCEEDS_DESIGN_FLOOD_FRACTION,1.057589292793612,0.0962771003317366,0.00147142245274846,0.9071456542721027,0.0013347944836091638,0.0002440349445501694,7.25217834335264,0.15812250941416883,,0,1.4974924982111348,3047.7971014492764
1.1,70,0.4,0.25,0.3,false,NO_DILUTE_CONNECTED_ROOT;ACTUAL_LOADING_EXCEEDS_DESIGN_FLOOD_FRACTION,0.9675990320766588,0.12024777574432649,0.0012339248794136868,0.892665720852891,0.0011014824419601354,0.00020122766013199624,8.79493872128266,0.15803672444145694,,0,1.6126842288427607,3282.24303232999
1.1,30,0.4,0.25,0.4,false,ACTUAL_LOADING_EXCEEDS_DESIGN_FLOOD_FRACTION,2.674653747769501,0.009465568353051937,0.008874831846727849,1.2732176887501396,0.011299592891936966,0.0021258679241324924,0.8324999496900547,0.16149599984827218,0.08536168810125867,2,0.6911503837897546,1406.6755852842814
1.1,35,0.4,0.25,0.4,false,NO_DILUTE_CONNECTED_ROOT;ACTUAL_LOADING_EXCEEDS_DESIGN_FLOOD_FRACTION,2.2229588328863628,0.015030971968040811,0.006259838772777909,1.2416203074565226,0.007772342941684768,0.0014478515131568907,1.222352515990516,0.16030332273131548,,0,0.8063421144213804,1641.121516164995
1.1,40,0.4,0.25,0.4,false,NO_DILUTE_CONNECTED_ROOT;ACTUAL_LOADING_EXCEEDS_DESIGN_FLOOD_FRACTION,1.8938304002304682,0.022436902762789774,0.004603669084620488,1.2142807909610758,0.005590146937396018,0.0010347944782610574,1.710276752599293,0.1595575857337349,,0,0.9215338450530061,1875.5674470457081
1.1,45,0.4,0.25,0.4,false,NO_DILUTE_CONNECTED_ROOT;ACTUAL_LOADING_EXCEEDS_DESIGN_FLOOD_FRACTION,1.6442129208616736,0.0319462931915503,0.003500489120448494,1.1902750118384675,0.004166544729282258,0.0007680439092558444,2.3042757302805,0.15906832796149134,,0,1.0367255756846319,2110.013377926422
1.1,50,0.4,0.25,0.4,false,NO_DILUTE_CONNECTED_ROOT;ACTUAL_LOADING_EXCEEDS_DESIGN_FLOOD_FRACTION,1.4489355499510193,0.043822075708573785,0.0027348089347763675,1.1689431081771862,0.0031968360564882266,0.0005875918505294127,3.0119290087046773,0.1587340469027399,,0,1.1519173063162578,2344.459308807136
1.1,55,0.4,0.25,0.4,false,NO_DILUTE_CONNECTED_ROOT;ACTUAL_LOADING_EXCEEDS_DESIGN_FLOOD_FRACTION,1.2923431519747741,0.058327182768111704,0.0021850063959478546,1.149798751139934,0.002512317625293611,0.00046082674729356845,3.840456202427339,0.15849770051042605,,0,1.2671090369478832,2578.905239687849
1.1,60,0.4,0.25,0.4,false,NO_DILUTE_CONNECTED_ROOT;ACTUAL_LOADING_EXCEEDS_DESIGN_FLOOD_FRACTION,1.1642106633714144,0.0757245468244155,0.0017788236693078467,1.1324739131619537,0.0020144714016061623,0.0003689538641094265,4.796764885929227,0.15832568436234967,,0,1.3823007675795091,2813.351170568563
1.1,65,0.4,0.25,0.4,false,NO_DILUTE_CONNECTED_ROOT;ACTUAL_LOADING_EXCEEDS_DESIGN_FLOOD_FRACTION,1.057589292793612,0.0962771003317366,0.00147142245274846,1.1166838182165013,0.00164311364274464,0.0003006010173591087,5.887488190945651,0.15819734637304522,,0,1.4974924982111348,3047.7971014492764
1.1,70,0.4,0.25,0.4,false,NO_DILUTE_CONNECTED_ROOT;ACTUAL_LOADING_EXCEEDS_DESIGN_FLOOD_FRACTION,0.9675990320766588,0.12024777574432649,0.0012339248794136868,1.1022038847972897,0.0013600367956377929,0.0002485996886569034,7.119015109992801,0.1580995314662284,,0,1.6126842288427607,3282.24303232999
1.1,30,0.5,0.25,0.2,false,NO_DILUTE_CONNECTED_ROOT;ACTUAL_LOADING_EXCEEDS_DESIGN_FLOOD_FRACTION,1.7117783985724806,0.028886622171179006,0.003785560864706453,0.7647982515925584,0.0028951903306247088,0.0005323865337441799,3.324248131224165,0.15878572643150435,,0,0.8639379797371932,2197.9306020066897
1.1,35,0.5,0.25,0.2,false,NO_DILUTE_CONNECTED_ROOT;ACTUAL_LOADING_EXCEEDS_DESIGN_FLOOD_FRACTION,1.4226936530472722,0.045870886132937036,0.0026386339701764986,0.7338291455452992,0.0019363065117414206,0.0003548870768993564,4.986895987733867,0.15840608911054654,,0,1.0079276430267254,2564.252369007804
1.1,40,0.5,0.25,0.2,false,NO_DILUTE_CONNECTED_ROOT;ACTUAL_LOADING_EXCEEDS_DESIGN_FLOOD_FRACTION,1.2120514561474998,0.06847199329464651,0.001925821013295214,0.7073503075931398,0.0013622300861237018,0.0002491720822318623,7.102661437974265,0.15817793926489704,,0,1.1519173063162575,2930.5741360089187
1.1,45,0.5,0.25,0.2,false,NO_DILUTE_CONNECTED_ROOT;ACTUAL_LOADING_EXCEEDS_DESIGN_FLOOD_FRACTION,1.052296269351471,0.09749234982772913,0.0014568943586256754,0.6843275987749917,0.0009969930181071402,0.00018213173558479377,9.71705965577896,0.15803237876427645,,0,1.2959069696057899,3296.895903010034
1.1,50,0.5,0.25,0.2,false,NO_DILUTE_CONNECTED_ROOT;ACTUAL_LOADING_EXCEEDS_DESIGN_FLOOD_FRACTION,0.9273187519686524,0.13373436190360652,0.0011341967613863145,0.6640386741601891,0.0007531505136677487,0.0001374683446043781,12.874127094359705,0.15793499046766646,,0,1.439896632895322,3663.2176700111495
1.1,55,0.5,0.25,0.2,false,NO_DILUTE_CONNECTED_ROOT;ACTUAL_LOADING_EXCEEDS_DESIGN_FLOOD_FRACTION,0.8270996172638556,0.17800043569370022,0.0009038793982756758,0.6459604312559784,0.0005838703259135497,0.00010650689583347465,16.61662304622125,0.15786725004725277,,0,1.583886296184854,4029.5394370122635
1.1,60,0.5,0.25,0.2,false,NO_DILUTE_CONNECTED_ROOT;ACTUAL_LOADING_EXCEEDS_DESIGN_FLOOD_FRACTION,0.745094824557705,0.23109297736943205,0.0007344746579498183,0.6297027280885783,0.00046250069582292594,0.00008433095839720902,20.9861831707414,0.15781859475515014,,0,1.7278759594743864,4395.861204013379
1.1,65,0.5,0.25,0.2,false,NO_DILUTE_CONNECTED_ROOT;ACTUAL_LOADING_EXCEEDS_DESIGN_FLOOD_FRACTION,0.6768571473879117,0.2938143931022234,0.00060669010761782,0.6149673764506961,0.00037309462380032127,0.00006800733880482873,26.023440572598037,0.15778270225075147,,0,1.8718656227639185,4762.182971014493
1.1,70,0.5,0.25,0.2,false,NO_DILUTE_CONNECTED_ROOT;ACTUAL_LOADING_EXCEEDS_DESIGN_FLOOD_FRACTION,0.6192633805290617,0.3669670890634963,0.000508212063102551,0.6015217109915278,0.0003057005897439808,0.000055709457348425676,31.768123836123028,0.15775560059537336,,0,2.015855286053451,5128.504738015608
1.1,30,0.5,0.25,0.3,false,NO_DILUTE_CONNECTED_ROOT;ACTUAL_LOADING_EXCEEDS_DESIGN_FLOOD_FRACTION,1.7117783985724806,0.028886622171179006,0.003785560864706453,0.9720710497072274,0.003679834123485801,0.0006778626576749112,2.6108311467671275,0.1589891123798099,,0,0.8639379797371932,2197.9306020066897
1.1,35,0.5,0.25,0.3,false,NO_DILUTE_CONNECTED_ROOT;ACTUAL_LOADING_EXCEEDS_DESIGN_FLOOD_FRACTION,1.4226936530472722,0.045870886132937036,0.0026386339701764986,0.9411019436599679,0.002483223557940321,0.0004556931666094843,3.8837206031765112,0.15854888055749666,,0,1.0079276430267254,2564.252369007804
1.1,40,0.5,0.25,0.3,false,NO_DILUTE_CONNECTED_ROOT;ACTUAL_LOADING_EXCEEDS_DESIGN_FLOOD_FRACTION,1.2120514561474998,0.06847199329464651,0.001925821013295214,0.9146231057078085,0.0017614003962174273,0.0003224819512841181,5.488012376633002,0.15828261940838428,,0,1.1519173063162575,2930.5741360089187
1.1,45,0.5,0.25,0.3,false,NO_DILUTE_CONNECTED_ROOT;ACTUAL_LOADING_EXCEEDS_DESIGN_FLOOD_FRACTION,1.052296269351471,0.09749234982772913,0.0014568943586256754,0.8916003968896605,0.0012989675883769596,0.00023746256718451406,7.452900728192819,0.15811182354550352,,0,1.2959069696057899,3296.895903010034
1.1,50,0.5,0.25,0.3,false,NO_DILUTE_CONNECTED_ROOT;ACTUAL_LOADING_EXCEEDS_DESIGN_FLOOD_FRACTION,0.9273187519686524,0.13373436190360652,0.0011341967613863145,0.8713114722748578,0.0009882386500128853,0.00018047621346867858,9.806194987546904,0.15799697220852316,,0,1.439896632895322,3663.2176700111495
1.1,55,0.5,0.25,0.3,false,NO_DILUTE_CONNECTED_ROOT;ACTUAL_LOADING_EXCEEDS_DESIGN_FLOOD_FRACTION,0.8270996172638556,0.17800043569370022,0.0009038793982756758,0.8532332293706473,0.0007712199379523524,0.00014074378868332522,12.574515411618147,0.1579167315301957,,0,1.583886296184854,4029.5394370122635
1.1,60,0.5,0.25,0.3,false,NO_DILUTE_CONNECTED_ROOT;ACTUAL_LOADING_EXCEEDS_DESIGN_FLOOD_FRACTION,0.745094824557705,0.23109297736943205,0.0007344746579498183,0.8369755262032472,0.0006147373133204992,0.00011212920150936308,15.783443706590734,0.1578588567292783,,0,1.7278759594743864,4395.861204013379
1.1,65,0.5,0.25,0.3,false,NO_DILUTE_CONNECTED_ROOT;ACTUAL_LOADING_EXCEEDS_DESIGN_FLOOD_FRACTION,0.6768571473879117,0.2938143931022234,0.00060669010761782,0.8222401745653649,0.0004988449799947564,0.00009095577536678275,19.457642274514985,0.15781600446465727,,0,1.8718656227639185,4762.182971014493
1.1,70,0.5,0.25,0.3,false,NO_DILUTE_CONNECTED_ROOT;ACTUAL_LOADING_EXCEEDS_DESIGN_FLOOD_FRACTION,0.6192633805290617,0.3669670890634963,0.000508212063102551,0.8087945091061968,0.00041103912609887524,0.0000749243730593079,23.62095093524629,0.1577835266147909,,0,2.015855286053451,5128.504738015608
1.1,30,0.5,0.25,0.4,false,NO_DILUTE_CONNECTED_ROOT;ACTUAL_LOADING_EXCEEDS_DESIGN_FLOOD_FRACTION,1.7117783985724806,0.028886622171179006,0.003785560864706453,1.181609213651626,0.004473053596576162,0.0008253394287567516,2.1443116349765488,0.1591803405702122,,0,0.8639379797371932,2197.9306020066897
1.1,35,0.5,0.25,0.4,false,NO_DILUTE_CONNECTED_ROOT;ACTUAL_LOADING_EXCEEDS_DESIGN_FLOOD_FRACTION,1.4226936530472722,0.045870886132937036,0.0026386339701764986,1.1506401076043666,0.0030361180753724236,0.0005578042519491812,3.172770615684079,0.15868302806883344,,0,1.0079276430267254,2564.252369007804
1.1,40,0.5,0.25,0.4,false,NO_DILUTE_CONNECTED_ROOT;ACTUAL_LOADING_EXCEEDS_DESIGN_FLOOD_FRACTION,1.2120514561474998,0.06847199329464651,0.001925821013295214,1.1241612696522072,0.002164933395428848,0.00039670251570558986,4.461239517829111,0.15838086452291117,,0,1.1519173063162575,2930.5741360089187
1.1,45,0.5,0.25,0.4,false,NO_DILUTE_CONNECTED_ROOT;ACTUAL_LOADING_EXCEEDS_DESIGN_FLOOD_FRACTION,1.052296269351471,0.09749234982772913,0.0014568943586256754,1.1011385608340594,0.0016042425573443361,0.0002934612132040982,6.0307286287170765,0.1581862703133235,,0,1.2959069696057899,3296.895903010034
1.1,50,0.5,0.25,0.4,false,NO_DILUTE_CONNECTED_ROOT;ACTUAL_LOADING_EXCEEDS_DESIGN_FLOOD_FRACTION,0.9273187519686524,0.13373436190360652,0.0011341967613863145,1.0808496362192566,0.001225896156945457,0.00022399254030231765,7.901088748309932,0.15805498509678156,,0,1.439896632895322,3663.2176700111495
1.1,55,0.5,0.25,0.4,false,NO_DILUTE_CONNECTED_ROOT;ACTUAL_LOADING_EXCEEDS_DESIGN_FLOOD_FRACTION,0.8270996172638556,0.17800043569370022,0.0009038793982756758,1.062771393315046,0.0009606171674942053,0.0001753793403283997,10.09118255647478,0.15796298206217985,,0,1.583886296184854,4029.5394370122635
1.1,60,0.5,0.25,0.4,false,NO_DILUTE_CONNECTED_ROOT;ACTUAL_LOADING_EXCEEDS_DESIGN_FLOOD_FRACTION,0.745094824557705,0.23109297736943205,0.0007344746579498183,1.046513690147646,0.0007686377846109943,0.0001402474562765644,12.619016322107333,0.1578964437929251,,0,1.7278759594743864,4395.861204013379
1.1,65,0.5,0.25,0.4,false,NO_DILUTE_CONNECTED_ROOT;ACTUAL_LOADING_EXCEEDS_DESIGN_FLOOD_FRACTION,0.6768571473879117,0.2938143931022234,0.00060669010761782,1.0317783385097636,0.0006259697112282241,0.00011416609156088358,15.501843986173364,0.1578470455236347,,0,1.8718656227639185,4762.182971014493
1.1,70,0.5,0.25,0.4,false,NO_DILUTE_CONNECTED_ROOT;ACTUAL_LOADING_EXCEEDS_DESIGN_FLOOD_FRACTION,0.6192633805290617,0.3669670890634963,0.000508212063102551,1.0183326730505955,0.0005175289486957787,0.00009435707144857095,18.756251256193522,0.1578095259050371,,0,2.015855286053451,5128.504738015608
1.1,30,0.33,0.3,0.2,true,,4.226999232003001,0.003014638162964277,0.020240448394836845,0.9041528931543702,0.018300459974933462,0.0035319034472458062,0.5010853117369579,0.164695160596513,0.04068200898558251,2,0.5701990666265475,957.418570234114
1.1,35,0.33,0.3,0.2,false,ACTUAL_LOADING_EXCEEDS_DESIGN_FLOOD_FRACTION,3.513144565804455,0.004787133749521978,0.01462262723808579,0.8731018029717976,0.012767042205757221,0.0024240992611849806,0.730079402368561,0.16262620223786467,0.06822530903131879,2,0.6652322443976388,1116.9883319397995
1.1,40,0.33,0.3,0.2,false,NO_DILUTE_CONNECTED_ROOT;ACTUAL_LOADING_EXCEEDS_DESIGN_FLOOD_FRACTION,2.9929928888903814,0.007145808978878285,0.01093158022359732,0.8458926043338524,0.009246942864823172,0.001736591218587168,1.0191142975649954,0.1612793341153187,,0,0.7602654221687299,1276.558093645485
1.1,45,0.33,0.3,0.2,false,NO_DILUTE_CONNECTED_ROOT;ACTUAL_LOADING_EXCEEDS_DESIGN_FLOOD_FRACTION,2.5984996224381027,0.010174403800004436,0.008408000043883472,0.8217536251759971,0.006909304516541186,0.0012878288590685086,1.3742392301785293,0.16037236604655508,,0,0.8552985999398213,1436.1278553511709
1.1,50,0.33,0.3,0.2,false,NO_DILUTE_CONNECTED_ROOT;ACTUAL_LOADING_EXCEEDS_DESIGN_FLOOD_FRACTION,2.2898849849152962,0.013956658161871653,0.006623215174475516,0.8001171072351607,0.00529934776599737,0.000982506481899588,1.8012959430723356,0.15974212282377348,,0,0.9503317777109126,1595.6976170568569
1.1,55,0.33,0.3,0.2,false,NO_DILUTE_CONNECTED_ROOT;ACTUAL_LOADING_EXCEEDS_DESIGN_FLOOD_FRACTION,2.0424077379875043,0.01857631201345117,0.0053238100557078255,0.7805550094969862,0.004155526608593172,0.0007674840161851024,2.3059567399005774,0.15929161588282403,,0,1.0453649554820037,1755.2673787625422
1.1,60,0.33,0.3,0.2,false,NO_DILUTE_CONNECTED_ROOT;ACTUAL_LOADING_EXCEEDS_DESIGN_FLOOD_FRACTION,1.8399082812362482,0.024117105303714217,0.004353859723279167,0.7627375254794001,0.003320852191618378,0.0006115885108011251,2.8937511229073682,0.1589614361035947,,0,1.140398133253095,1914.837140468228
1.1,65,0.33,0.3,0.2,false,NO_DILUTE_CONNECTED_ROOT;ACTUAL_LOADING_EXCEEDS_DESIGN_FLOOD_FRACTION,1.671404806001996,0.030662777981632017,0.0036139898699968083,0.7464056433968898,0.0026975024341448096,0.000495726234632825,3.5700852935468443,0.1587140434964729,,0,1.2354313110241861,2074.4069021739133
1.1,70,0.33,0.3,0.2,false,NO_DILUTE_CONNECTED_ROOT;ACTUAL_LOADING_EXCEEDS_DESIGN_FLOOD_FRACTION,1.529184990350893,0.038297069996175825,0.003038867383155555,0.7313525275305992,0.002222483341501113,0.00040776040518729925,4.340256967998338,0.15852503309650867,,0,1.3304644887952777,2233.976663879599
1.1,30,0.33,0.3,0.3,true,,4.226999232003001,0.003014638162964277,0.020240448394836845,1.111425691269039,0.022495754348826853,0.004373931720819318,0.4046210715782476,0.1656623568404823,0.03145412167831384,2,0.5701990666265475,957.418570234114
1.1,35,0.33,0.3,0.3,true,,3.513144565804455,0.004787133749521978,0.01462262723808579,1.0803746010864665,0.015797915069183037,0.003017137747993364,0.5865774411741885,0.16335750033250157,0.049619244740612925,2,0.6652322443976388,1116.9883319397995
1.1,40,0.33,0.3,0.3,false,ACTUAL_LOADING_EXCEEDS_DESIGN_FLOOD_FRACTION,2.9929928888903814,0.007145808978878285,0.01093158022359732,1.0531654024485213,0.011512762085583167,0.0021721059180169013,0.8147783794557251,0.16184157594416526,0.08210126564460174,2,0.7602654221687299,1276.558093645485
1.1,45,0.33,0.3,0.3,false,NO_DILUTE_CONNECTED_ROOT;ACTUAL_LOADING_EXCEEDS_DESIGN_FLOOD_FRACTION,2.5984996224381027,0.010174403800004436,0.008408000043883472,1.0290264232906658,0.008652054212185172,0.0016186043845270403,1.0934017952787987,0.16081273774449173,,0,0.8552985999398213,1436.1278553511709
1.1,50,0.33,0.3,0.3,false,NO_DILUTE_CONNECTED_ROOT;ACTUAL_LOADING_EXCEEDS_DESIGN_FLOOD_FRACTION,2.2898849849152962,0.013956658161871653,0.006623215174475516,1.0073899053498294,0.006672160107726444,0.001240711119991504,1.4264278858886346,0.16009331014536732,,0,0.9503317777109126,1595.6976170568569
1.1,55,0.33,0.3,0.3,false,NO_DILUTE_CONNECTED_ROOT;ACTUAL_LOADING_EXCEEDS_DESIGN_FLOOD_FRACTION,2.0424077379875043,0.01857631201345117,0.0053238100557078255,0.9878278076116551,0.005259007615470745,0.0009736530754841466,1.8176750882319965,0.1595763766365551,,0,1.0453649554820037,1755.2673787625422
1.1,60,0.33,0.3,0.3,false,NO_DILUTE_CONNECTED_ROOT;ACTUAL_LOADING_EXCEEDS_DESIGN_FLOOD_FRACTION,1.8399082812362482,0.024117105303714217,0.004353859723279167,0.9700103235940689,0.004223288879061209,0.000779357900128913,2.2708244050586543,0.1591957961083208,,0,1.140398133253095,1914.837140468228
1.1,65,0.33,0.3,0.3,false,NO_DILUTE_CONNECTED_ROOT;ACTUAL_LOADING_EXCEEDS_DESIGN_FLOOD_FRACTION,1.671404806001996,0.030662777981632017,0.0036139898699968083,0.9536784415115586,0.0034465842268571164,0.0006344595164900832,2.789437141204364,0.1589095105765574,,0,1.2354313110241861,2074.4069021739133
1.1,70,0.33,0.3,0.3,false,NO_DILUTE_CONNECTED_ROOT;ACTUAL_LOADING_EXCEEDS_DESIGN_FLOOD_FRACTION,1.529184990350893,0.038297069996175825,0.003038867383155555,0.9386253256452681,0.0028523578871071666,0.000524075046341599,3.376968531973247,0.15869000396671035,,0,1.3304644887952777,2233.976663879599
1.1,30,0.33,0.3,0.4,true,,4.226999232003001,0.003014638162964277,0.020240448394836845,1.3209638552134377,0.026736900742892315,0.005233907493037966,0.3381383683685911,0.16655952722626471,0.025638237970383226,2,0.5701990666265475,957.418570234114
1.1,35,0.33,0.3,0.4,true,,3.513144565804455,0.004787133749521978,0.01462262723808579,1.2899127650308653,0.018861913532694886,0.003621733633335387,0.48865684753799554,0.1640398677543447,0.039210518858488454,2,0.6652322443976388,1116.9883319397995
1.1,40,0.33,0.3,0.4,true,,2.9929928888903814,0.007145808978878285,0.01093158022359732,1.26270356639292,0.013803345334646649,0.002615417942530527,0.6766738543422469,0.16236799638472582,0.0604775851631808,2,0.7602654221687299,1276.558093645485
1.1,45,0.33,0.3,0.4,false,ACTUAL_LOADING_EXCEEDS_DESIGN_FLOOD_FRACTION,2.5984996224381027,0.010174403800004436,0.008408000043883472,1.2385645872350646,0.010413851103824938,0.0019548758864422503,0.9053183131277438,0.16122584001559143,0.10238501675990715,2,0.8552985999398213,1436.1278553511709
1.1,50,0.33,0.3,0.4,false,NO_DILUTE_CONNECTED_ROOT;ACTUAL_LOADING_EXCEEDS_DESIGN_FLOOD_FRACTION,2.2898849849152962,0.013956658161871653,0.006623215174475516,1.2169280692942281,0.008059976454794724,0.001502942212057706,1.1775468981371915,0.16042307737533268,,0,0.9503317777109126,1595.6976170568569
1.1,55,0.33,0.3,0.4,false,NO_DILUTE_CONNECTED_ROOT;ACTUAL_LOADING_EXCEEDS_DESIGN_FLOOD_FRACTION,2.0424077379875043,0.01857631201345117,0.0053238100557078255,1.1973659715560538,0.006374548999732489,0.0011828712827844589,1.4961771121215803,0.1598438648572934,,0,1.0453649554820037,1755.2673787625422
1.1,60,0.33,0.3,0.4,false,NO_DILUTE_CONNECTED_ROOT;ACTUAL_LOADING_EXCEEDS_DESIGN_FLOOD_FRACTION,1.8399082812362482,0.024117105303714217,0.004353859723279167,1.1795484875384676,0.005135588651548593,0.0009495019650730372,1.863908664740748,0.15941595968380473,,0,1.140398133253095,1914.837140468228
1.1,65,0.33,0.3,0.4,false,NO_DILUTE_CONNECTED_ROOT;ACTUAL_LOADING_EXCEEDS_DESIGN_FLOOD_FRACTION,1.671404806001996,0.030662777981632017,0.0036139898699968083,1.1632166054559572,0.0042038530287299035,0.000775086452009802,2.283338762145748,0.15909309607434136,,0,1.2354313110241861,2074.4069021739133
1.1,70,0.33,0.3,0.4,false,NO_DILUTE_CONNECTED_ROOT;ACTUAL_LOADING_EXCEEDS_DESIGN_FLOOD_FRACTION,1.529184990350893,0.038297069996175825,0.003038867383155555,1.1481634895896669,0.003489116579044101,0.0006419302651951467,2.7569738269778985,0.15884489093362486,,0,1.3304644887952777,2233.976663879599
1.1,30,0.4,0.3,0.2,false,NO_DILUTE_CONNECTED_ROOT;ACTUAL_LOADING_EXCEEDS_DESIGN_FLOOD_FRACTION,2.8770013522820426,0.00788797362754328,0.010163078607127861,0.8255699044385696,0.008390331834488219,0.0015716352487530486,1.1260786758837118,0.16096553527453322,,0,0.6911503837897546,1406.6755852842814
1.1,35,0.4,0.3,0.2,false,NO_DILUTE_CONNECTED_ROOT;ACTUAL_LOADING_EXCEEDS_DESIGN_FLOOD_FRACTION,2.3911340201006572,0.012525809973367342,0.0071892995245631105,0.7940125699515425,0.005708394191649758,0.0010598960116435935,1.6697722422255123,0.15991487804286925,,0,0.8063421144213804,1641.121516164995
1.1,40,0.4,0.3,0.2,false,NO_DILUTE_CONNECTED_ROOT;ACTUAL_LOADING_EXCEEDS_DESIGN_FLOOD_FRACTION,2.037105785001016,0.018697418968991478,0.005297321240616606,0.7667005817495444,0.00406145927689497,0.000749928940355716,2.3599368482146237,0.15926335217936788,,0,0.9215338450530061,1875.5674470457081
1.1,45,0.4,0.3,0.2,false,NO_DILUTE_CONNECTED_ROOT;ACTUAL_LOADING_EXCEEDS_DESIGN_FLOOD_FRACTION,1.7686038055219335,0.02662191099295858,0.004033165120594191,0.742714645497279,0.002995490802774105,0.0005510849384927191,3.211455832432233,0.15883908077766806,,0,1.0367255756846319,2110.013377926422
1.1,50,0.4,0.3,0.2,false,NO_DILUTE_CONNECTED_ROOT;ACTUAL_LOADING_EXCEEDS_DESIGN_FLOOD_FRACTION,1.5585529678579737,0.03651839642381149,0.0031538566884306623,0.72139758025788,0.0022751845835140105,0.00041752461570039953,4.2387559280048155,0.15855119381562605,,0,1.1519173063162578,2344.459308807136
1.1,55,0.4,0.3,0.2,false,NO_DILUTE_CONNECTED_ROOT;ACTUAL_LOADING_EXCEEDS_DESIGN_FLOOD_FRACTION,1.3901137666677452,0.04860598564009309,0.002521480469867663,0.7022646492615072,0.0017707465977913547,0.00032438122119797974,5.455879761941729,0.1583489485525556,,0,1.2671090369478832,2578.905239687849
1.1,60,0.4,0.3,0.2,false,NO_DILUTE_CONNECTED_ROOT;ACTUAL_LOADING_EXCEEDS_DESIGN_FLOOD_FRACTION,1.2522875739164214,0.06310378902034625,0.0020537591190971935,0.6849488226466862,0.001406719890625518,0.0002573656791803624,6.876538260751278,0.1582026381091018,,0,1.3823007675795091,2813.351170568563
1.1,65,0.4,0.3,0.2,false,NO_DILUTE_CONNECTED_ROOT;ACTUAL_LOADING_EXCEEDS_DESIGN_FLOOD_FRACTION,1.1375998960851084,0.08023091694311384,0.00169948015076211,0.6691659774921024,0.0011372342963131528,0.00020786395322519932,8.514150300849037,0.15809409988797946,,0,1.4974924982111348,3047.7971014492764
1.1,70,0.4,0.3,0.2,false,NO_DILUTE_CONNECTED_ROOT;ACTUAL_LOADING_EXCEEDS_DESIGN_FLOOD_FRACTION,1.0408015340575765,0.10020647978693874,0.0014255839110413522,0.6546919755321494,0.0009333183470065108,0.00017046873940233012,10.381873803331533,0.1580118298896589,,0,1.6126842288427607,3282.24303232999
1.1,30,0.4,0.3,0.3,false,ACTUAL_LOADING_EXCEEDS_DESIGN_FLOOD_FRACTION,2.8770013522820426,0.00788797362754328,0.010163078607127861,1.0328427025532385,0.010496861574846942,0.0019748134849395704,0.8961782737381685,0.16149407069707428,0.10005790597761821,2,0.6911503837897546,1406.6755852842814
1.1,35,0.4,0.3,0.3,false,NO_DILUTE_CONNECTED_ROOT;ACTUAL_LOADING_EXCEEDS_DESIGN_FLOOD_FRACTION,2.3911340201006572,0.012525809973367342,0.0071892995245631105,1.0012853680662113,0.007198540420590412,0.0013408868901739342,1.3198614684482683,0.16029664184644205,,0,0.8063421144213804,1641.121516164995
1.1,40,0.4,0.3,0.3,false,NO_DILUTE_CONNECTED_ROOT;ACTUAL_LOADING_EXCEEDS_DESIGN_FLOOD_FRACTION,2.037105785001016,0.018697418968991478,0.005297321240616606,0.9739733798642132,0.005159449872949843,0.0009549918443794243,1.8531937736474053,0.15954824149572167,,0,0.9215338450530061,1875.5674470457081
1.1,45,0.4,0.3,0.3,false,NO_DILUTE_CONNECTED_ROOT;ACTUAL_LOADING_EXCEEDS_DESIGN_FLOOD_FRACTION,1.7686038055219335,0.02662191099295858,0.004033165120594191,0.9499874436119478,0.003831456222578148,0.0007062108821651417,2.506028984518184,0.1590577738894282,,0,1.0367255756846319,2110.013377926422
1.1,50,0.4,0.3,0.3,false,NO_DILUTE_CONNECTED_ROOT;ACTUAL_LOADING_EXCEEDS_DESIGN_FLOOD_FRACTION,1.5585529678579737,0.03651839642381149,0.0031538566884306623,0.9286703783725488,0.002928893284177697,0.0005382921156482322,3.2877779340252036,0.1587231745798423,,0,1.1519173063162578,2344.459308807136
1.1,55,0.4,0.3,0.3,false,NO_DILUTE_CONNECTED_ROOT;ACTUAL_LOADING_EXCEEDS_DESIGN_FLOOD_FRACTION,1.3901137666677452,0.04860598564009309,0.002521480469867663,0.9095374473761759,0.002293380910172315,0.00042062869300677906,4.207475546275865,0.15848701977531504,,0,1.2671090369478832,2578.905239687849
1.1,60,0.4,0.3,0.3,false,NO_DILUTE_CONNECTED_ROOT;ACTUAL_LOADING_EXCEEDS_DESIGN_FLOOD_FRACTION,1.2522875739164214,0.06310378902034625,0.0020537591190971935,0.8922216207613551,0.001832408289894311,0.00033557865839646745,5.273830428742875,0.15831545524302604,,0,1.3823007675795091,2813.351170568563
1.1,65,0.4,0.3,0.3,false,NO_DILUTE_CONNECTED_ROOT;ACTUAL_LOADING_EXCEEDS_DESIGN_FLOOD_FRACTION,1.1375998960851084,0.08023091694311384,0.00169948015076211,0.8764387756067711,0.0014894903025019545,0.00027247316645564724,6.495263232374421,0.15818768105800435,,0,1.4974924982111348,3047.7971014492764
1.1,70,0.4,0.3,0.3,false,NO_DILUTE_CONNECTED_ROOT;ACTUAL_LOADING_EXCEEDS_DESIGN_FLOOD_FRACTION,1.0408015340575765,0.10020647978693874,0.0014255839110413522,0.8619647736468181,0.0012288031131953048,0.00022459378504386768,7.879937281177778,0.1580904915428344,,0,1.6126842288427607,3282.24303232999
1.1,30,0.4,0.3,0.4,false,ACTUAL_LOADING_EXCEEDS_DESIGN_FLOOD_FRACTION,2.8770013522820426,0.00788797362754328,0.010163078607127861,1.2423808664976372,0.012626414406207112,0.00238507624163005,0.7420244724246063,0.16198881300537155,0.0697360661045347,2,0.6911503837897546,1406.6755852842814
1.1,35,0.4,0.3,0.4,false,NO_DILUTE_CONNECTED_ROOT;ACTUAL_LOADING_EXCEEDS_DESIGN_FLOOD_FRACTION,2.3911340201006572,0.012525809973367342,0.0071892995245631105,1.21082353201061,0.008704973043013705,0.0016263616438542947,1.0881865952604546,0.1606546984064205,,0,0.8063421144213804,1641.121516164995
1.1,40,0.4,0.3,0.4,false,NO_DILUTE_CONNECTED_ROOT;ACTUAL_LOADING_EXCEEDS_DESIGN_FLOOD_FRACTION,2.037105785001016,0.018697418968991478,0.005297321240616606,1.183511543808612,0.006269440839532311,0.0011630883951566026,1.5216254819993371,0.15981559970264142,,0,0.9215338450530061,1875.5674470457081
1.1,45,0.4,0.3,0.4,false,NO_DILUTE_CONNECTED_ROOT;ACTUAL_LOADING_EXCEEDS_DESIGN_FLOOD_FRACTION,1.7686038055219335,0.02662191099295858,0.004033165120594191,1.1595256075563465,0.004676558236832044,0.0008635014061405976,2.04954494260527,0.15926300533003185,,0,1.0367255756846319,2110.013377926422
1.1,50,0.4,0.3,0.4,false,NO_DILUTE_CONNECTED_ROOT;ACTUAL_LOADING_EXCEEDS_DESIGN_FLOOD_FRACTION,1.5585529678579737,0.03651839642381149,0.0031538566884306623,1.1382085423169475,0.0035897466240152193,0.0006606705398569408,2.678770783802807,0.15888449828777773,,0,1.1519173063162578,2344.459308807136
1.1,55,0.4,0.3,0.4,false,NO_DILUTE_CONNECTED_ROOT;ACTUAL_LOADING_EXCEEDS_DESIGN_FLOOD_FRACTION,1.3901137666677452,0.04860598564009309,0.002521480469867663,1.1190756113205746,0.002821727298250045,0.0005181159739710477,3.4158084845824432,0.15861643862417907,,0,1.2671090369478832,2578.905239687849
1.1,60,0.4,0.3,0.4,false,NO_DILUTE_CONNECTED_ROOT;ACTUAL_LOADING_EXCEEDS_DESIGN_FLOOD_FRACTION,1.2522875739164214,0.06310378902034625,0.0020537591190971935,1.1017597847057539,0.0022627492048940025,0.00041477201025603565,4.2668861353386065,0.15842110593632375,,0,1.3823007675795091,2813.351170568563
1.1,65,0.4,0.3,0.4,false,NO_DILUTE_CONNECTED_ROOT;ACTUAL_LOADING_EXCEEDS_DESIGN_FLOOD_FRACTION,1.1375998960851084,0.08023091694311384,0.00169948015076211,1.0859769395511698,0.001845596252952597,0.0003378749558031084,5.237987928644574,0.1582752572979837,,0,1.4974924982111348,3047.7971014492764
1.1,70,0.4,0.3,0.4,false,NO_DILUTE_CONNECTED_ROOT;ACTUAL_LOADING_EXCEEDS_DESIGN_FLOOD_FRACTION,1.0408015340575765,0.10020647978693874,0.0014255839110413522,1.0715029375912168,0.0015275173484635847,0.0002793714548893921,6.334881065743416,0.1581640184620728,,0,1.6126842288427607,3282.24303232999
1.1,30,0.5,0.3,0.2,false,NO_DILUTE_CONNECTED_ROOT;ACTUAL_LOADING_EXCEEDS_DESIGN_FLOOD_FRACTION,1.841280865460507,0.02407218514264917,0.004360141133673712,0.7340157816281052,0.003200412402242363,0.000589243953259589,3.003484261650674,0.15892928218403024,,0,0.8639379797371932,2197.9306020066897
1.1,35,0.5,0.3,0.2,false,NO_DILUTE_CONNECTED_ROOT;ACTUAL_LOADING_EXCEEDS_DESIGN_FLOOD_FRACTION,1.5303257728644208,0.0382257384441142,0.0030432970932115296,0.7030748211788378,0.002139665559603773,0.0003924894207206839,4.509127753401213,0.1585027035505977,,0,1.0079276430267254,2564.252369007804
1.1,40,0.5,0.3,0.2,false,NO_DILUTE_CONNECTED_ROOT;ACTUAL_LOADING_EXCEEDS_DESIGN_FLOOD_FRACTION,1.3037477024006503,0.05705999441220543,0.0022230800727237924,0.6766153305940912,0.001504170058343145,0.00027529919222352384,6.428587478204652,0.15824598791480665,,0,1.1519173063162575,2930.5741360089187
1.1,45,0.5,0.3,0.2,false,NO_DILUTE_CONNECTED_ROOT;ACTUAL_LOADING_EXCEEDS_DESIGN_FLOOD_FRACTION,1.1319064355340376,0.08124362485644093,0.0016827300327351493,0.6536065676932143,0.001099843401050311,0.0002010084470908659,8.804530185181568,0.15808211097731922,,0,1.2959069696057899,3296.895903010034
1.1,50,0.5,0.3,0.2,false,NO_DILUTE_CONNECTED_ROOT;ACTUAL_LOADING_EXCEEDS_DESIGN_FLOOD_FRACTION,0.9974738994291033,0.11144530158633874,0.001310524356923752,0.6333280717815395,0.0008299918639932619,0.00015154378573732993,11.6783735557165,0.15797244218729578,,0,1.439896632895322,3663.2176700111495
1.1,55,0.5,0.3,0.2,false,NO_DILUTE_CONNECTED_ROOT;ACTUAL_LOADING_EXCEEDS_DESIGN_FLOOD_FRACTION,0.889672810667357,0.14833369641141686,0.0010446928730059796,0.6152578592992428,0.0006427555006708347,0.0001172783950403881,15.090460090953036,0.15789617092158525,,0,1.583886296184854,4029.5394370122635
1.1,60,0.5,0.3,0.2,false,NO_DILUTE_CONNECTED_ROOT;ACTUAL_LOADING_EXCEEDS_DESIGN_FLOOD_FRACTION,0.8014640473065098,0.19257748114119336,0.0008490712006314562,0.599006489475908,0.0005085991592053429,0.00009275510860784235,19.080188320089654,0.15784140860771584,,0,1.7278759594743864,4395.861204013379
1.1,65,0.5,0.3,0.2,false,NO_DILUTE_CONNECTED_ROOT;ACTUAL_LOADING_EXCEEDS_DESIGN_FLOOD_FRACTION,0.7280639334944695,0.24484532758518618,0.0007014573616796857,0.5842762331181912,0.00040984486497523144,0.00007471824300355413,23.686115582292498,0.1578010244298732,,0,1.8718656227639185,4762.182971014493
1.1,70,0.5,0.3,0.2,false,NO_DILUTE_CONNECTED_ROOT;ACTUAL_LOADING_EXCEEDS_DESIGN_FLOOD_FRACTION,0.6661129817968491,0.3058059075529136,0.0005876664051535514,0.5708347363926128,0.0003354603974726219,0.00006114082923562041,28.94604083742016,0.15777054472643154,,0,2.015855286053451,5128.504738015608
1.1,30,0.5,0.3,0.3,false,NO_DILUTE_CONNECTED_ROOT;ACTUAL_LOADING_EXCEEDS_DESIGN_FLOOD_FRACTION,1.841280865460507,0.02407218514264917,0.004360141133673712,0.9412885797427739,0.004104151055193777,0.0007571829349993274,2.3373280855696685,0.15916667272259727,,0,0.8639379797371932,2197.9306020066897
1.1,35,0.5,0.3,0.3,false,NO_DILUTE_CONNECTED_ROOT;ACTUAL_LOADING_EXCEEDS_DESIGN_FLOOD_FRACTION,1.5303257728644208,0.0382257384441142,0.0030432970932115296,0.9103476192935065,0.0027704582636079644,0.0005089380892384551,3.47740712929583,0.15866981606892616,,0,1.0079276430267254,2564.252369007804
1.1,40,0.5,0.3,0.3,false,NO_DILUTE_CONNECTED_ROOT;ACTUAL_LOADING_EXCEEDS_DESIGN_FLOOD_FRACTION,1.3037477024006503,0.05705999441220543,0.0022230800727237924,0.8838881287087601,0.0019649540854495672,0.00036002010233992165,4.915794780306506,0.1583687195354263,,0,1.1519173063162575,2930.5741360089187
1.1,45,0.5,0.3,0.3,false,NO_DILUTE_CONNECTED_ROOT;ACTUAL_LOADING_EXCEEDS_DESIGN_FLOOD_FRACTION,1.1319064355340376,0.08124362485644093,0.0016827300327351493,0.8608793658078833,0.001448627563406914,0.0002649694792291273,6.679202997404895,0.15817536685121747,,0,1.2959069696057899,3296.895903010034
1.1,50,0.5,0.3,0.3,false,NO_DILUTE_CONNECTED_ROOT;ACTUAL_LOADING_EXCEEDS_DESIGN_FLOOD_FRACTION,0.9974738994291033,0.11144530158633874,0.001310524356923752,0.8406008698962084,0.001101627914450275,0.0002012693723256143,8.79311600885224,0.1580452739533068,,0,1.439896632895322,3663.2176700111495
1.1,55,0.5,0.3,0.3,false,NO_DILUTE_CONNECTED_ROOT;ACTUAL_LOADING_EXCEEDS_DESIGN_FLOOD_FRACTION,0.889672810667357,0.14833369641141686,0.0010446928730059796,0.8225306574139117,0.0008592919156292366,0.00015686851973026043,11.281963665694002,0.15795435505049438,,0,1.583886296184854,4029.5394370122635
1.1,60,0.5,0.3,0.3,false,NO_DILUTE_CONNECTED_ROOT;ACTUAL_LOADING_EXCEEDS_DESIGN_FLOOD_FRACTION,0.8014640473065098,0.19257748114119336,0.0008490712006314562,0.8062792875905769,0.0006845885227588063,0.00012490318191027262,14.169254240131137,0.1578887840992988,,0,1.7278759594743864,4395.861204013379
1.1,65,0.5,0.3,0.3,false,NO_DILUTE_CONNECTED_ROOT;ACTUAL_LOADING_EXCEEDS_DESIGN_FLOOD_FRACTION,0.7280639334944695,0.24484532758518618,0.0007014573616796857,0.7915490312328599,0.0005552378950887131,0.00010125972068393873,17.477679455703996,0.15784022082698518,,0,1.8718656227639185,4762.182971014493
1.1,70,0.5,0.3,0.3,false,NO_DILUTE_CONNECTED_ROOT;ACTUAL_LOADING_EXCEEDS_DESIGN_FLOOD_FRACTION,0.6661129817968491,0.3058059075529136,0.0005876664051535514,0.7781075345072817,0.00045726765762678714,0.00008336559889477072,21.22919961412302,0.15780342232917371,,0,2.015855286053451,5128.504738015608
1.1,30,0.5,0.3,0.4,false,NO_DILUTE_CONNECTED_ROOT;ACTUAL_LOADING_EXCEEDS_DESIGN_FLOOD_FRACTION,1.841280865460507,0.02407218514264917,0.004360141133673712,1.1508267436871726,0.0050177670228822155,0.0009275060401279439,1.9081114982753857,0.15938920723344713,,0,0.8639379797371932,2197.9306020066897
1.1,35,0.5,0.3,0.4,false,NO_DILUTE_CONNECTED_ROOT;ACTUAL_LOADING_EXCEEDS_DESIGN_FLOOD_FRACTION,1.5303257728644208,0.0382257384441142,0.0030432970932115296,1.1198857832379052,0.003408145148856834,0.0006269325092699577,2.822927370521681,0.15882635068840817,,0,1.0079276430267254,2564.252369007804
1.1,40,0.5,0.3,0.4,false,NO_DILUTE_CONNECTED_ROOT;ACTUAL_LOADING_EXCEEDS_DESIGN_FLOOD_FRACTION,1.3037477024006503,0.05705999441220543,0.0022230800727237924,1.0934262926531588,0.002430774202189491,0.0004458145324369984,3.969778486613384,0.15848355457238578,,0,1.1519173063162575,2930.5741360089187
1.1,45,0.5,0.3,0.4,false,NO_DILUTE_CONNECTED_ROOT;ACTUAL_LOADING_EXCEEDS_DESIGN_FLOOD_FRACTION,1.1319064355340376,0.08124362485644093,0.0016827300327351493,1.070417529752282,0.0018012237248803352,0.0003297148137490465,5.367623370525974,0.1582624993696371,,0,1.2959069696057899,3296.895903010034
1.1,50,0.5,0.3,0.4,false,NO_DILUTE_CONNECTED_ROOT;ACTUAL_LOADING_EXCEEDS_DESIGN_FLOOD_FRACTION,0.9974738994291033,0.11144530158633874,0.001310524356923752,1.0501390338406071,0.001376232782004492,0.00025159042113076133,7.0343891946831105,0.15811322894309277,,0,1.439896632895322,3663.2176700111495
1.1,55,0.5,0.3,0.4,false,NO_DILUTE_CONNECTED_ROOT;ACTUAL_LOADING_EXCEEDS_DESIGN_FLOOD_FRACTION,0.889672810667357,0.14833369641141686,0.0010446928730059796,1.0320688213583105,0.0010781949421247085,0.00019692450689626228,8.987123887126474,0.15800857185643302,,0,1.583886296184854,4029.5394370122635
1.1,60,0.5,0.3,0.4,false,NO_DILUTE_CONNECTED_ROOT;ACTUAL_LOADING_EXCEEDS_DESIGN_FLOOD_FRACTION,0.8014640473065098,0.19257748114119336,0.0008490712006314562,1.0158174515349756,0.0008625013431971878,0.00015742458396594144,11.242112860027573,0.15793285747155383,,0,1.7278759594743864,4395.861204013379
1.1,65,0.5,0.3,0.4,false,NO_DILUTE_CONNECTED_ROOT;ACTUAL_LOADING_EXCEEDS_DESIGN_FLOOD_FRACTION,0.7280639334944695,0.24484532758518618,0.0007014573616796857,1.0010871951772586,0.0007022199827403565,0.00012810630681170165,13.814971205823124,0.1578766394822036,,0,1.8718656227639185,4762.182971014493
1.1,70,0.5,0.3,0.4,false,NO_DILUTE_CONNECTED_ROOT;ACTUAL_LOADING_EXCEEDS_DESIGN_FLOOD_FRACTION,0.6661129817968491,0.3058059075529136,0.0005876664051535514,0.9876456984516804,0.0005804061971744674,0.00010584383519418033,16.72071818487271,0.15783394361689168,,0,2.015855286053451,5128.504738015608
1.2,30,0.33,0.2,0.2,true,,3.352469354560541,0.005381502836365982,0.013442107477472034,0.9248511896248666,0.012431949091605325,0.002356082904466526,0.6311793840592318,0.16239497546475068,0.05460276959245752,2,0.6220353454107791,1139.4072240802677
1.2,35,0.33,0.2,0.2,false,ACTUAL_LOADING_EXCEEDS_DESIGN_FLOOD_FRACTION,2.7863050946000203,0.008545627189229316,0.009577235072539072,0.893323756344814,0.0085555716103979,0.0016022225568999783,0.9281550493902473,0.16093811045734108,0.10914632689878276,2,0.7257079029792424,1329.3084280936457
1.2,40,0.33,0.2,0.2,false,NO_DILUTE_CONNECTED_ROOT;ACTUAL_LOADING_EXCEEDS_DESIGN_FLOOD_FRACTION,2.3737683372296163,0.012756154871386028,0.007090828432082051,0.8658809864869021,0.00613981351778058,0.001140984720660878,1.3033574679004531,0.16001706163748192,,0,0.8293804605477054,1519.2096321070233
1.2,45,0.33,0.2,0.2,false,NO_DILUTE_CONNECTED_ROOT;ACTUAL_LOADING_EXCEEDS_DESIGN_FLOOD_FRACTION,2.0608923432268775,0.01816257207273519,0.0054166114996184135,0.8416643754288717,0.004558968934767176,0.0008428436727534708,1.7643971290375258,0.15940916105039293,,0,0.9330530181161687,1709.1108361204015
1.2,50,0.33,0.2,0.2,false,NO_DILUTE_CONNECTED_ROOT;ACTUAL_LOADING_EXCEEDS_DESIGN_FLOOD_FRACTION,1.816127426585586,0.024914364983175844,0.00424567674727099,0.8200538439138167,0.003481683536615086,0.0006413807420165257,2.3186086812618254,0.15899262165049166,,0,1.0367255756846319,1899.0120401337797
1.2,55,0.33,0.2,0.2,false,NO_DILUTE_CONNECTED_ROOT;ACTUAL_LOADING_EXCEEDS_DESIGN_FLOOD_FRACTION,1.619851098926238,0.03316101979260704,0.0034002138877353397,0.8005881854324554,0.00272217106646427,0.0005001893496324188,2.973096003596482,0.15869784564060768,,0,1.140398133253095,2088.913244147157
1.2,60,0.33,0.2,0.2,false,NO_DILUTE_CONNECTED_ROOT;ACTUAL_LOADING_EXCEEDS_DESIGN_FLOOD_FRACTION,1.4592470425228363,0.04305202269092786,0.0027730406098728593,0.782915735759139,0.002171057129368581,0.0003981806552992381,3.7347644508648568,0.15848337392584338,,0,1.2440706908215582,2278.8144481605354
1.2,65,0.33,0.2,0.2,false,NO_DILUTE_CONNECTED_ROOT;ACTUAL_LOADING_EXCEEDS_DESIGN_FLOOD_FRACTION,1.3256054907139667,0.054736859868037314,0.002296921670285495,0.7667626300830248,0.0017611937010028006,0.0003225595757815619,4.610345089989648,0.1583235378925053,,0,1.3477432483900214,2468.715652173913
1.2,70,0.33,0.2,0.2,false,NO_DILUTE_CONNECTED_ROOT;ACTUAL_LOADING_EXCEEDS_DESIGN_FLOOD_FRACTION,1.212809734809454,0.06836501751383453,0.0019281958056578388,0.7519116900842785,0.0014498329670456025,0.0002652517382278652,5.606413614361166,0.158201919710585,,0,1.4514158059584847,2658.6168561872914
1.2,30,0.33,0.2,0.3,true,,3.352469354560541,0.005381502836365982,0.013442107477472034,1.1321239877395355,0.015218132321019068,0.0028994803795007688,0.5128887806751491,0.16305732321676158,0.04141133873284248,2,0.6220353454107791,1139.4072240802677
1.2,35,0.33,0.2,0.3,false,ACTUAL_LOADING_EXCEEDS_DESIGN_FLOOD_FRACTION,2.7863050946000203,0.008545627189229316,0.009577235072539072,1.1005965544594827,0.010540671922085016,0.001981918072118201,0.7503392684866627,0.16142422213230928,0.07074669278643636,2,0.7257079029792424,1329.3084280936457
1.2,40,0.33,0.2,0.3,false,NO_DILUTE_CONNECTED_ROOT;ACTUAL_LOADING_EXCEEDS_DESIGN_FLOOD_FRACTION,2.3737683372296163,0.012756154871386028,0.007090828432082051,1.0731537846015708,0.0076095493678492755,0.0014184798219551355,1.0483835817868286,0.1603834599638681,,0,0.8293804605477054,1519.2096321070233
1.2,45,0.33,0.2,0.3,false,NO_DILUTE_CONNECTED_ROOT;ACTUAL_LOADING_EXCEEDS_DESIGN_FLOOD_FRACTION,2.0608923432268775,0.01816257207273519,0.0054166114996184135,1.0489371735435407,0.005681685156593178,0.0010529459571496016,1.4123336020581543,0.15969224777306712,,0,0.9330530181161687,1709.1108361204015
1.2,50,0.33,0.2,0.3,false,NO_DILUTE_CONNECTED_ROOT;ACTUAL_LOADING_EXCEEDS_DESIGN_FLOOD_FRACTION,1.816127426585586,0.024914364983175844,0.00424567674727099,1.0273266420284857,0.00436169683591233,0.0008050405977173277,1.8472496426271339,0.1592162143660119,,0,1.0367255756846319,1899.0120401337797
1.2,55,0.33,0.2,0.3,false,NO_DILUTE_CONNECTED_ROOT;ACTUAL_LOADING_EXCEEDS_DESIGN_FLOOD_FRACTION,1.619851098926238,0.03316101979260704,0.0034002138877353397,1.0078609835471242,0.00342694291316353,0.000630671391150628,2.3579806810651567,0.15887787307551188,,0,1.140398133253095,2088.913244147157
1.2,60,0.33,0.2,0.3,false,NO_DILUTE_CONNECTED_ROOT;ACTUAL_LOADING_EXCEEDS_DESIGN_FLOOD_FRACTION,1.4592470425228363,0.04305202269092786,0.0027730406098728593,0.9901885338738077,0.002745833015862536,0.0005042433035367853,2.9491932684142843,0.15863076103725754,,0,1.2440706908215582,2278.8144481605354
1.2,65,0.33,0.2,0.3,false,NO_DILUTE_CONNECTED_ROOT;ACTUAL_LOADING_EXCEEDS_DESIGN_FLOOD_FRACTION,1.3256054907139667,0.054736859868037314,0.002296921670285495,0.9740354281976937,0.002237283082653094,0.0004101929700188888,3.625393571140891,0.1584459771182874,,0,1.3477432483900214,2468.715652173913
1.2,70,0.33,0.2,0.3,false,NO_DILUTE_CONNECTED_ROOT;ACTUAL_LOADING_EXCEEDS_DESIGN_FLOOD_FRACTION,1.212809734809454,0.06836501751383453,0.0019281958056578388,0.9591844881989473,0.001849495506997271,0.00033867675693941213,4.390944834456726,0.1583049277041565,,0,1.4514158059584847,2658.6168561872914
1.2,30,0.33,0.2,0.4,true,,3.352469354560541,0.005381502836365982,0.013442107477472034,1.3416621516839342,0.018034766841391832,0.00345308553056055,0.4306614890573708,0.16367828032214782,0.0334218193773553,2,0.6220353454107791,1139.4072240802677
1.2,35,0.33,0.2,0.4,true,,2.7863050946000203,0.008545627189229316,0.009577235072539072,1.3101347184038814,0.012547468174848754,0.0023680947531207227,0.6279778097873504,0.16188154300313623,0.05399899334798705,2,0.7257079029792424,1329.3084280936457
1.2,40,0.33,0.2,0.4,false,ACTUAL_LOADING_EXCEEDS_DESIGN_FLOOD_FRACTION,2.3737683372296163,0.012756154871386028,0.007090828432082051,1.2826919485459696,0.009095348538352489,0.0017003454537859862,0.8745934263666651,0.16072874432937995,0.09408126830344885,2,0.8293804605477054,1519.2096321070233
1.2,45,0.33,0.2,0.4,false,NO_DILUTE_CONNECTED_ROOT;ACTUAL_LOADING_EXCEEDS_DESIGN_FLOOD_FRACTION,2.0608923432268775,0.01816257207273519,0.0054166114996184135,1.2584753374879394,0.006816671985023336,0.0012661487366183476,1.1745152156495215,0.15995923077519442,,0,0.9330530181161687,1709.1108361204015
1.2,50,0.33,0.2,0.4,false,NO_DILUTE_CONNECTED_ROOT;ACTUAL_LOADING_EXCEEDS_DESIGN_FLOOD_FRACTION,1.816127426585586,0.024914364983175844,0.00424567674727099,1.2368648059728844,0.0052513281462369206,0.0009709933455291251,1.5315356827942974,0.1594271205759435,,0,1.0367255756846319,1899.0120401337797
1.2,55,0.33,0.2,0.4,false,NO_DILUTE_CONNECTED_ROOT;ACTUAL_LOADING_EXCEEDS_DESIGN_FLOOD_FRACTION,1.619851098926238,0.03316101979260704,0.0034002138877353397,1.217399147491523,0.00413941748821784,0.0007629075199389229,1.949267660322346,0.15904765696064121,,0,1.140398133253095,2088.913244147157
1.2,60,0.33,0.2,0.4,false,NO_DILUTE_CONNECTED_ROOT;ACTUAL_LOADING_EXCEEDS_DESIGN_FLOOD_FRACTION,1.4592470425228363,0.04305202269092786,0.0027730406098728593,1.1997266978182064,0.003326890853798551,0.0006116855498714206,2.431169016083944,0.158769708027527,,0,1.2440706908215582,2278.8144481605354
1.2,65,0.33,0.2,0.4,false,NO_DILUTE_CONNECTED_ROOT;ACTUAL_LOADING_EXCEEDS_DESIGN_FLOOD_FRACTION,1.3256054907139667,0.054736859868037314,0.002296921670285495,1.1835735921420925,0.002718575832168818,0.0004989364997539035,2.980561568791166,0.15856134548409268,,0,1.3477432483900214,2468.715652173913
1.2,70,0.33,0.2,0.4,false,NO_DILUTE_CONNECTED_ROOT;ACTUAL_LOADING_EXCEEDS_DESIGN_FLOOD_FRACTION,1.212809734809454,0.06836501751383453,0.0019281958056578388,1.168722652143346,0.0022535261158401054,0.00041301224338929183,3.6006461799534732,0.15840193441757716,,0,1.4514158059584847,2658.6168561872914
1.2,30,0.4,0.2,0.2,false,NO_DILUTE_CONNECTED_ROOT;ACTUAL_LOADING_EXCEEDS_DESIGN_FLOOD_FRACTION,2.2817744544477687,0.014081010773135108,0.006578716251148501,0.8456372145011671,0.00556320728561478,0.001031992261817634,1.4410097938277555,0.15980671911120975,,0,0.7539822368615503,1674.0602006688964
1.2,35,0.4,0.2,0.2,false,NO_DILUTE_CONNECTED_ROOT;ACTUAL_LOADING_EXCEEDS_DESIGN_FLOOD_FRACTION,1.8964289050121395,0.02236012358882103,0.004615864471929287,0.8140888459747568,0.0037577237811287937,0.0006929147248603578,2.146167346542337,0.1591070888427813,,0,0.8796459430051421,1953.0702341137123
1.2,40,0.4,0.2,0.2,false,NO_DILUTE_CONNECTED_ROOT;ACTUAL_LOADING_EXCEEDS_DESIGN_FLOOD_FRACTION,1.6156460745269077,0.03337721072150543,0.0033830412894340005,0.7869348617246636,0.002662233129309573,0.000489100247201147,3.040503383393465,0.1586800099879957,,0,1.0053096491487337,2232.080267558528
1.2,45,0.4,0.2,0.2,false,NO_DILUTE_CONNECTED_ROOT;ACTUAL_LOADING_EXCEEDS_DESIGN_FLOOD_FRACTION,1.4026948511087938,0.04752341135933099,0.0025664244086730137,0.7631939789461419,0.001958679656119657,0.0003589832307730126,4.142563855229152,0.1584046826273655,,0,1.1309733552923253,2511.0903010033444
1.2,50,0.4,0.2,0.2,false,NO_DILUTE_CONNECTED_ROOT;ACTUAL_LOADING_EXCEEDS_DESIGN_FLOOD_FRACTION,1.236101729719815,0.0651898646904403,0.002001821868680175,0.7421731726162684,0.0014856984872909924,0.00027185436009021587,5.470248687349228,0.1582190872781309,,0,1.2566370614359172,2790.100334448161
1.2,55,0.4,0.2,0.2,false,NO_DILUTE_CONNECTED_ROOT;ACTUAL_LOADING_EXCEEDS_DESIGN_FLOOD_FRACTION,1.102511154206671,0.08676770990297604,0.0015975186904266072,0.7233660093842056,0.001155590720010577,0.0002112102056224063,7.040904827734836,0.15808928582746462,,0,1.382300767579509,3069.1103678929762
1.2,60,0.4,0.2,0.2,false,NO_DILUTE_CONNECTED_ROOT;ACTUAL_LOADING_EXCEEDS_DESIGN_FLOOD_FRACTION,0.9932000183171057,0.11264808618508086,0.001299428956006299,0.7063918834505707,0.0009179060676434982,0.00016762987438733029,8.87139575728314,0.15799567511752832,,0,1.5079644737231006,3348.120401337793
1.2,65,0.4,0.2,0.2,false,NO_DILUTE_CONNECTED_ROOT;ACTUAL_LOADING_EXCEEDS_DESIGN_FLOOD_FRACTION,0.9022402371171938,0.1432221327248973,0.0010741734302511538,0.6909579753067554,0.0007422086984946494,0.00013546091140764725,10.978155550411534,0.1579263813163655,,0,1.6336281798666923,3627.130434782608
1.2,70,0.4,0.2,0.2,false,NO_DILUTE_CONNECTED_ROOT;ACTUAL_LOADING_EXCEEDS_DESIGN_FLOOD_FRACTION,0.8254686257546849,0.17888098871056823,0.0009003423778215206,0.676834489902983,0.0006093827740308677,0.00011116731271845881,13.377232210334252,0.15787393230634433,,0,1.7592918860102842,3906.1404682274247
1.2,30,0.4,0.2,0.3,false,NO_DILUTE_CONNECTED_ROOT;ACTUAL_LOADING_EXCEEDS_DESIGN_FLOOD_FRACTION,2.2817744544477687,0.014081010773135108,0.006578716251148501,1.052910012615836,0.006926796210992773,0.0012886726881514167,1.1539865553967066,0.16014956338036523,,0,0.7539822368615503,1674.0602006688964
1.2,35,0.4,0.2,0.3,false,NO_DILUTE_CONNECTED_ROOT;ACTUAL_LOADING_EXCEEDS_DESIGN_FLOOD_FRACTION,1.8964289050121395,0.02236012358882103,0.004615864471929287,1.0213616440894255,0.004714466925943665,0.0008711563140236194,1.707054098667014,0.15935080099278282,,0,0.8796459430051421,1953.0702341137123
1.2,40,0.4,0.2,0.3,false,NO_DILUTE_CONNECTED_ROOT;ACTUAL_LOADING_EXCEEDS_DESIGN_FLOOD_FRACTION,1.6156460745269077,0.03337721072150543,0.0033830412894340005,0.9942076598393323,0.003363445563508015,0.0006188902724534539,2.4028669097323903,0.15886003175329616,,0,1.0053096491487337,2232.080267558528
1.2,45,0.4,0.2,0.3,false,NO_DILUTE_CONNECTED_ROOT;ACTUAL_LOADING_EXCEEDS_DESIGN_FLOOD_FRACTION,1.4026948511087938,0.04752341135933099,0.0025664244086730137,0.9704667770608106,0.0024906296244550964,0.0004570246233226674,3.2538967936170504,0.1585419311347251,,0,1.1309733552923253,2511.0903010033444
1.2,50,0.4,0.2,0.3,false,NO_DILUTE_CONNECTED_ROOT;ACTUAL_LOADING_EXCEEDS_DESIGN_FLOOD_FRACTION,1.236101729719815,0.0651898646904403,0.002001821868680175,0.9494459707309371,0.0019006217073394673,0.00034810461076798785,4.272023151755462,0.158326508825692,,0,1.2566370614359172,2790.100334448161
1.2,55,0.4,0.2,0.3,false,NO_DILUTE_CONNECTED_ROOT;ACTUAL_LOADING_EXCEEDS_DESIGN_FLOOD_FRACTION,1.102511154206671,0.08676770990297604,0.0015975186904266072,0.9306388074988745,0.0014867128890157814,0.00027193537228883643,5.468619046933443,0.15817522665392392,,0,1.382300767579509,3069.1103678929762
1.2,60,0.4,0.2,0.3,false,NO_DILUTE_CONNECTED_ROOT;ACTUAL_LOADING_EXCEEDS_DESIGN_FLOOD_FRACTION,0.9932000183171057,0.11264808618508086,0.001299428956006299,0.9136646815652396,0.0011872423433061468,0.0002169502774617635,6.854616522423044,0.15806571310886597,,0,1.5079644737231006,3348.120401337793
1.2,65,0.4,0.2,0.3,false,NO_DILUTE_CONNECTED_ROOT;ACTUAL_LOADING_EXCEEDS_DESIGN_FLOOD_FRACTION,0.9022402371171938,0.1432221327248973,0.0010741734302511538,0.8982307734214243,0.0009648556310432383,0.00017618633348662132,8.440557942291202,0.15798435761766993,,0,1.6336281798666923,3627.130434782608
1.2,70,0.4,0.2,0.3,false,NO_DILUTE_CONNECTED_ROOT;ACTUAL_LOADING_EXCEEDS_DESIGN_FLOOD_FRACTION,0.8254686257546849,0.17888098871056823,0.0009003423778215206,0.8841072880176519,0.0007959992579431488,0.0001452733839169571,10.236637409669948,0.1579225769271893,,0,1.7592918860102842,3906.1404682274247
1.2,30,0.4,0.2,0.4,false,ACTUAL_LOADING_EXCEEDS_DESIGN_FLOOD_FRACTION,2.2817744544477687,0.014081010773135108,0.006578716251148501,1.2624481765602347,0.008305288335369608,0.0015493265332309624,0.9598434703964241,0.16047248313595186,0.12102252352677922,2,0.7539822368615503,1674.0602006688964
1.2,35,0.4,0.2,0.4,false,NO_DILUTE_CONNECTED_ROOT;ACTUAL_LOADING_EXCEEDS_DESIGN_FLOOD_FRACTION,1.8964289050121395,0.02236012358882103,0.004615864471929287,1.2308998080338243,0.005681666692407909,0.0010519410520121787,1.4136827853510283,0.1595804817746812,,0,0.8796459430051421,1953.0702341137123
1.2,40,0.4,0.2,0.4,false,NO_DILUTE_CONNECTED_ROOT;ACTUAL_LOADING_EXCEEDS_DESIGN_FLOOD_FRACTION,1.6156460745269077,0.03337721072150543,0.0033830412894340005,1.203745823783731,0.004072321823844107,0.0007504251497099861,1.9816912546286405,0.15902965485059323,,0,1.0053096491487337,2232.080267558528
1.2,45,0.4,0.2,0.4,false,NO_DILUTE_CONNECTED_ROOT;ACTUAL_LOADING_EXCEEDS_DESIGN_FLOOD_FRACTION,1.4026948511087938,0.04752341135933099,0.0025664244086730137,1.1800049410052094,0.003028393482950529,0.0005563278323323404,2.67308387250576,0.15867117857625002,,0,1.1309733552923253,2511.0903010033444
1.2,50,0.4,0.2,0.4,false,NO_DILUTE_CONNECTED_ROOT;ACTUAL_LOADING_EXCEEDS_DESIGN_FLOOD_FRACTION,1.236101729719815,0.0651898646904403,0.002001821868680175,1.1589841346753358,0.0023200797862464565,0.00042530501586466105,3.4965751659672186,0.15842758841520815,,0,1.2566370614359172,2790.100334448161
1.2,55,0.4,0.2,0.4,false,NO_DILUTE_CONNECTED_ROOT;ACTUAL_LOADING_EXCEEDS_DESIGN_FLOOD_FRACTION,1.102511154206671,0.08676770990297604,0.0015975186904266072,1.1401769714432732,0.001821454022274633,0.0003333990524261869,4.460453458435992,0.15825601674407175,,0,1.382300767579509,3069.1103678929762
1.2,60,0.4,0.2,0.4,false,NO_DILUTE_CONNECTED_ROOT;ACTUAL_LOADING_EXCEEDS_DESIGN_FLOOD_FRACTION,0.9932000183171057,0.11264808618508086,0.001299428956006299,1.1232028455096383,0.0014595223009238936,0.0002668594399428568,5.572637628079059,0.15813147927864057,,0,1.5079644737231006,3348.120401337793
1.2,65,0.4,0.2,0.4,false,NO_DILUTE_CONNECTED_ROOT;ACTUAL_LOADING_EXCEEDS_DESIGN_FLOOD_FRACTION,0.9022402371171938,0.1432221327248973,0.0010741734302511538,1.107768937365823,0.0011899359593759216,0.00021739093946965607,6.8407218813332475,0.15803875391465266,,0,1.6336281798666923,3627.130434782608
1.2,70,0.4,0.2,0.4,false,NO_DILUTE_CONNECTED_ROOT;ACTUAL_LOADING_EXCEEDS_DESIGN_FLOOD_FRACTION,0.8254686257546849,0.17888098871056823,0.0009003423778215206,1.0936454519620507,0.0009846553467132042,0.00017977621088760911,8.27201190352914,0.15796817881933506,,0,1.7592918860102842,3906.1404682274247
1.2,30,0.5,0.2,0.2,false,NO_DILUTE_CONNECTED_ROOT;ACTUAL_LOADING_EXCEEDS_DESIGN_FLOOD_FRACTION,1.4603356508465721,0.04297183463481173,0.002777091293681344,0.7547477344875668,0.002096003362371141,0.00038434940695613435,3.8691641759275335,0.15846365599735057,,0,0.9424777960769379,2615.71906354515
1.2,35,0.5,0.2,0.2,false,NO_DILUTE_CONNECTED_ROOT;ACTUAL_LOADING_EXCEEDS_DESIGN_FLOOD_FRACTION,1.213714499207769,0.06823768185065011,0.001931031192839826,0.7242693744365594,0.0013985867540555839,0.00025584566532500027,5.812531373336318,0.15818836548035298,,0,1.0995574287564276,3051.672240802676
1.2,40,0.5,0.2,0.2,false,NO_DILUTE_CONNECTED_ROOT;ACTUAL_LOADING_EXCEEDS_DESIGN_FLOOD_FRACTION,1.034013487697221,0.10185916357881294,0.00140724841620566,0.6983245017628386,0.0009827160491033611,0.00017950992053988169,8.284282851672684,0.15802372121974229,,0,1.2566370614359172,3487.6254180602004
1.2,45,0.5,0.2,0.2,false,NO_DILUTE_CONNECTED_ROOT;ACTUAL_LOADING_EXCEEDS_DESIGN_FLOOD_FRACTION,0.8977247047096281,0.14502994189248958,0.001063534886546282,0.675847232011241,0.0007187871092196939,0.00013117767408643978,11.336616286196179,0.157918989763624,,0,1.413716694115407,3923.5785953177256
1.2,50,0.5,0.2,0.2,false,NO_DILUTE_CONNECTED_ROOT;ACTUAL_LOADING_EXCEEDS_DESIGN_FLOOD_FRACTION,0.7911051070206815,0.1989436788648691,0.0008274008039898217,0.6560989461996061,0.0005428567955824288,0.00009900948069975909,15.019884418374554,0.1578490510250365,,0,1.5707963267948966,4359.531772575252
1.2,55,0.5,0.2,0.2,false,NO_DILUTE_CONNECTED_ROOT;ACTUAL_LOADING_EXCEEDS_DESIGN_FLOOD_FRACTION,0.7056071386922694,0.26479403656914074,0.0006590635530469816,0.638548147630778,0.0004208438109691091,0.00007672306406483122,19.382841060375984,0.15780046225629402,,0,1.7278759594743862,4795.484949832776
1.2,60,0.5,0.2,0.2,false,NO_DILUTE_CONNECTED_ROOT;ACTUAL_LOADING_EXCEEDS_DESIGN_FLOOD_FRACTION,0.6356480117229475,0.34377467707849385,0.0005353516905014105,0.6228005110372352,0.00033341730642892626,0.00006076579312294309,24.47283051872461,0.15776559271041907,,0,1.8849555921538759,5231.4381270903
1.2,65,0.5,0.2,0.2,false,NO_DILUTE_CONNECTED_ROOT;ACTUAL_LOADING_EXCEEDS_DESIGN_FLOOD_FRACTION,0.577433751755004,0.4370792624661174,0.0004420925743852557,0.6085559884625578,0.0002690380835969761,0.00004902142636571688,30.335938112842804,0.15773987068052958,,0,2.0420352248333655,5667.391304347826
1.2,70,0.5,0.2,0.2,false,NO_DILUTE_CONNECTED_ROOT;ACTUAL_LOADING_EXCEEDS_DESIGN_FLOOD_FRACTION,0.5282999204829983,0.5459014548052009,0.00037025606840564835,0.5955813600043068,0.00022051761277088372,0.000040173607491389756,37.0171127089444,0.15772046912092674,,0,2.199114857512855,6103.344481605352
1.2,30,0.5,0.2,0.3,false,NO_DILUTE_CONNECTED_ROOT;ACTUAL_LOADING_EXCEEDS_DESIGN_FLOOD_FRACTION,1.4603356508465721,0.04297183463481173,0.002777091293681344,0.9620205326022355,0.002671618845432358,0.0004905382450321507,3.0315902409122044,0.15861284349901084,,0,0.9424777960769379,2615.71906354515
1.2,35,0.5,0.2,0.3,false,NO_DILUTE_CONNECTED_ROOT;ACTUAL_LOADING_EXCEEDS_DESIGN_FLOOD_FRACTION,1.213714499207769,0.06823768185065011,0.001931031192839826,0.9315421725512281,0.001798836992642201,0.00032936482431485375,4.515087364071627,0.1582926382930679,,0,1.0995574287564276,3051.672240802676
1.2,40,0.5,0.2,0.3,false,NO_DILUTE_CONNECTED_ROOT;ACTUAL_LOADING_EXCEEDS_DESIGN_FLOOD_FRACTION,1.034013487697221,0.10185916357881294,0.00140724841620566,0.9055972998775073,0.0012744003659727443,0.00023294717958451485,6.383897667643294,0.1580999573279216,,0,1.2566370614359172,3487.6254180602004
1.2,45,0.5,0.2,0.3,false,NO_DILUTE_CONNECTED_ROOT;ACTUAL_LOADING_EXCEEDS_DESIGN_FLOOD_FRACTION,0.8977247047096281,0.14502994189248958,0.001063534886546282,0.8831200301259097,0.0009392289610467085,0.00017149528650337576,8.67143923751161,0.1579767325213432,,0,1.413716694115407,3923.5785953177256
1.2,50,0.5,0.2,0.3,false,NO_DILUTE_CONNECTED_ROOT;ACTUAL_LOADING_EXCEEDS_DESIGN_FLOOD_FRACTION,0.7911051070206815,0.1989436788648691,0.0008274008039898217,0.8633717443142749,0.0007143544753877258,0.00013034002933220764,11.409472316776558,0.15789403964391124,,0,1.5707963267948966,4359.531772575252
1.2,55,0.5,0.2,0.3,false,NO_DILUTE_CONNECTED_ROOT;ACTUAL_LOADING_EXCEEDS_DESIGN_FLOOD_FRACTION,0.7056071386922694,0.26479403656914074,0.0006590635530469816,0.8458209457454469,0.0005574497577445524,0.00010165962166363414,14.62833455503248,0.15783634433682897,,0,1.7278759594743862,4795.484949832776
1.2,60,0.5,0.2,0.3,false,NO_DILUTE_CONNECTED_ROOT;ACTUAL_LOADING_EXCEEDS_DESIGN_FLOOD_FRACTION,0.6356480117229475,0.34377467707849385,0.0005353516905014105,0.8300733091519039,0.0004443811492945717,0.00008101002540137042,18.357122455716585,0.15779476787506824,,0,1.8849555921538759,5231.4381270903
1.2,65,0.5,0.2,0.3,false,NO_DILUTE_CONNECTED_ROOT;ACTUAL_LOADING_EXCEEDS_DESIGN_FLOOD_FRACTION,0.577433751755004,0.4370792624661174,0.0004420925743852557,0.8158287865772266,0.00036067184851552544,0.00006573204457509642,22.62383539180344,0.1577639949579689,,0,2.0420352248333655,5667.391304347826
1.2,70,0.5,0.2,0.3,false,NO_DILUTE_CONNECTED_ROOT;ACTUAL_LOADING_EXCEEDS_DESIGN_FLOOD_FRACTION,0.5282999204829983,0.5459014548052009,0.00037025606840564835,0.8028541581189756,0.00029726162408825866,0.00005416442467658059,27.455492517705245,0.15774068337625125,,0,2.199114857512855,6103.344481605352
1.2,30,0.5,0.2,0.4,false,NO_DILUTE_CONNECTED_ROOT;ACTUAL_LOADING_EXCEEDS_DESIGN_FLOOD_FRACTION,1.4603356508465721,0.04297183463481173,0.002777091293681344,1.1715586965466342,0.003253525456216322,0.000598110945961793,2.4863463316865357,0.1587532062123978,,0,0.9424777960769379,2615.71906354515
1.2,35,0.5,0.2,0.4,false,NO_DILUTE_CONNECTED_ROOT;ACTUAL_LOADING_EXCEEDS_DESIGN_FLOOD_FRACTION,1.213714499207769,0.06823768185065011,0.001931031192839826,1.1410803364956268,0.00220346172330922,0.0004037968777332252,3.6828193540816607,0.15839062654926844,,0,1.0995574287564276,3051.672240802676
1.2,40,0.5,0.2,0.4,false,NO_DILUTE_CONNECTED_ROOT;ACTUAL_LOADING_EXCEEDS_DESIGN_FLOOD_FRACTION,1.034013487697221,0.10185916357881294,0.00140724841620566,1.115135463821906,0.0015692726153181413,0.0002870270073414987,5.181083725213128,0.15817149297028987,,0,1.2566370614359172,3487.6254180602004
1.2,45,0.5,0.2,0.4,false,NO_DILUTE_CONNECTED_ROOT;ACTUAL_LOADING_EXCEEDS_DESIGN_FLOOD_FRACTION,0.8977247047096281,0.14502994189248958,0.001063534886546282,1.0926581940703084,0.0011620801084644308,0.00021228713575740027,7.005186400616965,0.15803083866815487,,0,1.413716694115407,3923.5785953177256
1.2,50,0.5,0.2,0.4,false,NO_DILUTE_CONNECTED_ROOT;ACTUAL_LOADING_EXCEEDS_DESIGN_FLOOD_FRACTION,0.7911051070206815,0.1989436788648691,0.0008274008039898217,1.0729099082586737,0.0008877265207018725,0.00016203339402135424,9.177805386448195,0.15793614107671383,,0,1.5707963267948966,4359.531772575252
1.2,55,0.5,0.2,0.4,false,NO_DILUTE_CONNECTED_ROOT;ACTUAL_LOADING_EXCEEDS_DESIGN_FLOOD_FRACTION,0.7056071386922694,0.26479403656914074,0.0006590635530469816,1.0553591096898456,0.0006955487245726888,0.00012688168570240932,11.720453966237221,0.15786986571618689,,0,1.7278759594743862,4795.484949832776
1.2,60,0.5,0.2,0.4,false,NO_DILUTE_CONNECTED_ROOT;ACTUAL_LOADING_EXCEEDS_DESIGN_FLOOD_FRACTION,0.6356480117229475,0.34377467707849385,0.0005353516905014105,1.0396114730963026,0.0005565577595867672,0.00010148408130632247,14.653637667024144,0.15782199368867472,,0,1.8849555921538759,5231.4381270903
1.2,65,0.5,0.2,0.4,false,NO_DILUTE_CONNECTED_ROOT;ACTUAL_LOADING_EXCEEDS_DESIGN_FLOOD_FRACTION,0.577433751755004,0.4370792624661174,0.0004420925743852557,1.0253669505216254,0.0004533071148456645,0.00008263114716349198,17.996978227729382,0.15778646187545903,,0,2.0420352248333655,5667.391304347826
1.2,70,0.5,0.2,0.4,false,NO_DILUTE_CONNECTED_ROOT;ACTUAL_LOADING_EXCEEDS_DESIGN_FLOOD_FRACTION,0.5282999204829983,0.5459014548052009,0.00037025606840564835,1.0123923220633744,0.0003748444008512499,0.00006831225727518093,21.769313674457685,0.1577594955356253,,0,2.199114857512855,6103.344481605352
1.2,30,0.33,0.25,0.2,true,,3.6654628463335954,0.004305202269092786,0.01577235646618702,0.8997801046948251,0.014191652552429858,0.002705371051371519,0.549688352612393,0.16312524875000656,0.04537130663727377,2,0.6220353454107791,1139.4072240802677
1.2,35,0.33,0.25,0.2,false,ACTUAL_LOADING_EXCEEDS_DESIGN_FLOOD_FRACTION,3.0464403168705996,0.006836501751383453,0.011292764345960559,0.8683041567326328,0.009805554222599626,0.0018443391668659511,0.8063109991643705,0.16146660726975842,0.08029754298622946,2,0.7257079029792424,1329.3084280936457
1.2,40,0.33,0.25,0.2,false,NO_DILUTE_CONNECTED_ROOT;ACTUAL_LOADING_EXCEEDS_DESIGN_FLOOD_FRACTION,2.59538827225426,0.010204923897108824,0.008389142762432173,0.8408967780346925,0.007054403119402274,0.0013152696158958725,1.1306510379780563,0.16040824592252156,,0,0.8293804605477054,1519.2096321070233
1.2,45,0.33,0.25,0.2,false,NO_DILUTE_CONNECTED_ROOT;ACTUAL_LOADING_EXCEEDS_DESIGN_FLOOD_FRACTION,2.253301526564361,0.014530057658188154,0.006423505343477108,0.8167056775372751,0.005246113283708779,0.0009723332903529431,1.529425117074689,0.1597054083012024,,0,0.9330530181161687,1709.1108361204015
1.2,50,0.33,0.25,0.2,false,NO_DILUTE_CONNECTED_ROOT;ACTUAL_LOADING_EXCEEDS_DESIGN_FLOOD_FRACTION,1.9856848496768846,0.019931491986540675,0.005043433246675134,0.795114222721019,0.004010105505775444,0.000740182658048489,2.009113480656889,0.15922179060468633,,0,1.0367255756846319,1899.0120401337797
1.2,55,0.33,0.25,0.2,false,NO_DILUTE_CONNECTED_ROOT;ACTUAL_LOADING_EXCEEDS_DESIGN_FLOOD_FRACTION,1.7710837570012896,0.026528815834085635,0.004044132768746014,0.7756632538840175,0.0031368851825445136,0.0005772945784429619,2.576000211962146,0.15887856292178343,,0,1.140398133253095,2088.913244147157
1.2,60,0.33,0.25,0.2,false,NO_DILUTE_CONNECTED_ROOT;ACTUAL_LOADING_EXCEEDS_DESIGN_FLOOD_FRACTION,1.5954853728083631,0.03444161815274229,0.003301264863498374,0.7580023894764469,0.002502366654826404,0.000459523558018035,3.2362017800517267,0.1586283316494751,,0,1.2440706908215582,2278.8144481605354
1.2,65,0.33,0.25,0.2,false,NO_DILUTE_CONNECTED_ROOT;ACTUAL_LOADING_EXCEEDS_DESIGN_FLOOD_FRACTION,1.4493667685576195,0.04378948789442985,0.002736402780436507,0.7418586043384496,0.00203002394760248,0.00037217892313566597,3.99568826709617,0.15844158139314485,,0,1.3477432483900214,2468.715652173913
1.2,70,0.33,0.25,0.2,false,NO_DILUTE_CONNECTED_ROOT;ACTUAL_LOADING_EXCEEDS_DESIGN_FLOOD_FRACTION,1.3260401669498616,0.05469201401106762,0.0022984017019427056,0.7270152899930653,0.001670973179858431,0.0003059710367558179,4.86029975974643,0.15829933377319066,,0,1.4514158059584847,2658.6168561872914
1.2,30,0.33,0.25,0.3,true,,3.6654628463335954,0.004305202269092786,0.01577235646618702,1.1070529028094938,0.01746083301003843,0.003349047085365598,0.4440400264695973,0.16390055535462988,0.03475596588178417,2,0.6220353454107791,1139.4072240802677
1.2,35,0.33,0.25,0.3,true,,3.0464403168705996,0.006836501751383453,0.011292764345960559,1.0755769548473018,0.01214623708703644,0.0022953536768521216,0.6478787872347025,0.16204139842612575,0.056558395669406916,2,0.7257079029792424,1329.3084280936457
1.2,40,0.33,0.25,0.3,false,ACTUAL_LOADING_EXCEEDS_DESIGN_FLOOD_FRACTION,2.59538827225426,0.010204923897108824,0.008389142762432173,1.0481695761493612,0.008793244213555013,0.0016454507609369366,0.9037711682037155,0.16084438319399658,0.10167947905256014,2,0.8293804605477054,1519.2096321070233
1.2,45,0.33,0.25,0.3,false,NO_DILUTE_CONNECTED_ROOT;ACTUAL_LOADING_EXCEEDS_DESIGN_FLOOD_FRACTION,2.253301526564361,0.014530057658188154,0.006423505343477108,1.0239784756519439,0.0065775312099558055,0.00122260481683456,1.2163463908836374,0.16004392539582551,,0,0.9330530181161687,1709.1108361204015
1.2,50,0.33,0.25,0.3,false,NO_DILUTE_CONNECTED_ROOT;ACTUAL_LOADING_EXCEEDS_DESIGN_FLOOD_FRACTION,1.9856848496768846,0.019931491986540675,0.005043433246675134,1.0023870208356878,0.005055472026918348,0.0009352813194700199,1.5900146036022016,0.15949003452138422,,0,1.0367255756846319,1899.0120401337797
1.2,55,0.33,0.25,0.3,false,NO_DILUTE_CONNECTED_ROOT;ACTUAL_LOADING_EXCEEDS_DESIGN_FLOOD_FRACTION,1.7710837570012896,0.026528815834085635,0.004044132768746014,0.9829360519986863,0.003975123897469723,0.0007329268034305963,2.0290033731512835,0.15909505611637825,,0,1.140398133253095,2088.913244147157
1.2,60,0.33,0.25,0.3,false,NO_DILUTE_CONNECTED_ROOT;ACTUAL_LOADING_EXCEEDS_DESIGN_FLOOD_FRACTION,1.5954853728083631,0.03444161815274229,0.003301264863498374,0.9652751875911157,0.0031866290604013517,0.0005860805086407356,2.537383404683842,0.15880588866184636,,0,1.2440706908215582,2278.8144481605354
1.2,65,0.33,0.25,0.3,false,NO_DILUTE_CONNECTED_ROOT;ACTUAL_LOADING_EXCEEDS_DESIGN_FLOOD_FRACTION,1.4493667685576195,0.04378948789442985,0.002736402780436507,0.9491314024531186,0.002597205808672315,0.00047677751132410654,3.119087878754313,0.15858928479136392,,0,1.3477432483900214,2468.715652173913
1.2,70,0.33,0.25,0.3,false,NO_DILUTE_CONNECTED_ROOT;ACTUAL_LOADING_EXCEEDS_DESIGN_FLOOD_FRACTION,1.3260401669498616,0.05469201401106762,0.0022984017019427056,0.9342880881077341,0.0021473693318116126,0.0003936314043516893,3.777927624659264,0.15842374061003406,,0,1.4514158059584847,2658.6168561872914
1.2,30,0.33,0.25,0.4,true,,3.6654628463335954,0.004305202269092786,0.01577235646618702,1.3165910667538925,0.020765743625039825,0.004005483736639984,0.37126875409089455,0.1646240211850521,0.028182175628999023,2,0.6220353454107791,1139.4072240802677
1.2,35,0.33,0.25,0.4,true,,3.0464403168705996,0.006836501751383453,0.011292764345960559,1.2851151187917005,0.014512502193945783,0.002754490459197355,0.5398860437029811,0.16258005941479325,0.044121496409480876,2,0.7257079029792424,1329.3084280936457
1.2,40,0.33,0.25,0.4,false,ACTUAL_LOADING_EXCEEDS_DESIGN_FLOOD_FRACTION,2.59538827225426,0.010204923897108824,0.008389142762432173,1.25770774009376,0.010551089785062492,0.0019810988173420423,0.7506495604438664,0.16125403462053312,0.0707073465401404,2,0.8293804605477054,1519.2096321070233
1.2,45,0.33,0.25,0.4,false,NO_DILUTE_CONNECTED_ROOT;ACTUAL_LOADING_EXCEEDS_DESIGN_FLOOD_FRACTION,2.253301526564361,0.014530057658188154,0.006423505343477108,1.2335166395963426,0.007923500725715033,0.001476739900057921,1.0070229404483078,0.160362237972148,,0,0.9330530181161687,1709.1108361204015
1.2,50,0.33,0.25,0.4,false,NO_DILUTE_CONNECTED_ROOT;ACTUAL_LOADING_EXCEEDS_DESIGN_FLOOD_FRACTION,1.9856848496768846,0.019931491986540675,0.005043433246675134,1.2119251847800865,0.006112263769402794,0.001133224636175791,1.3122825863123755,0.15974236849268014,,0,1.0367255756846319,1899.0120401337797
1.2,55,0.33,0.25,0.4,false,NO_DILUTE_CONNECTED_ROOT;ACTUAL_LOADING_EXCEEDS_DESIGN_FLOOD_FRACTION,1.7710837570012896,0.026528815834085635,0.004044132768746014,1.192474215943085,0.00482252405258014,0.000890725805356128,1.6695496498376337,0.15929869708029532,,0,1.140398133253095,2088.913244147157
1.2,60,0.33,0.25,0.4,false,NO_DILUTE_CONNECTED_ROOT;ACTUAL_LOADING_EXCEEDS_DESIGN_FLOOD_FRACTION,1.5954853728083631,0.03444161815274229,0.003301264863498374,1.1748133515355144,0.003878370038592957,0.0007143348645749119,2.081812088674436,0.1589728677804984,,0,1.2440706908215582,2278.8144481605354
1.2,65,0.33,0.25,0.4,false,NO_DILUTE_CONNECTED_ROOT;ACTUAL_LOADING_EXCEEDS_DESIGN_FLOOD_FRACTION,1.4493667685576195,0.04378948789442985,0.002736402780436507,1.1586695663975173,0.003170586623097328,0.0005827371519718027,2.5519412163815938,0.15872812539193382,,0,1.3477432483900214,2468.715652173913
1.2,70,0.33,0.25,0.4,false,NO_DILUTE_CONNECTED_ROOT;ACTUAL_LOADING_EXCEEDS_DESIGN_FLOOD_FRACTION,1.3260401669498616,0.05469201401106762,0.0022984017019427056,1.1438262520521327,0.002628972204443368,0.00048240459992745355,3.0827047599821955,0.15854060698748512,,0,1.4514158059584847,2658.6168561872914
1.2,30,0.4,0.25,0.2,false,NO_DILUTE_CONNECTED_ROOT;ACTUAL_LOADING_EXCEEDS_DESIGN_FLOOD_FRACTION,2.494805649785804,0.011264808618508088,0.0077888167196117665,0.8206382932272708,0.00639180125904223,0.0011892909508921324,1.2504181212495808,0.16016449784980002,,0,0.7539822368615503,1674.0602006688964
1.2,35,0.4,0.25,0.2,false,NO_DILUTE_CONNECTED_ROOT;ACTUAL_LOADING_EXCEEDS_DESIGN_FLOOD_FRACTION,2.0734834406700524,0.017888098871056825,0.005480225288865655,0.7891256087570666,0.004324586117201982,0.0007991360025388657,1.8608984599731415,0.1593542061990178,,0,0.8796459430051421,1953.0702341137123
1.2,40,0.4,0.25,0.2,false,NO_DILUTE_CONNECTED_ROOT;ACTUAL_LOADING_EXCEEDS_DESIGN_FLOOD_FRACTION,1.7664861428030556,0.02670176857720435,0.004023810372588358,0.7619961538328881,0.003066128027665209,0.0005641690570697084,2.6359314425319873,0.15885729884594957,,0,1.0053096491487337,2232.080267558528
1.2,45,0.4,0.25,0.2,false,NO_DILUTE_CONNECTED_ROOT;ACTUAL_LOADING_EXCEEDS_DESIGN_FLOOD_FRACTION,1.5336533515178685,0.03801872908746479,0.003056235336244711,0.7382729522170084,0.002256335884359324,0.00041401107927942145,3.5919593239435925,0.15853605481255628,,0,1.1309733552923253,2511.0903010033444
1.2,50,0.4,0.25,0.2,false,NO_DILUTE_CONNECTED_ROOT;ACTUAL_LOADING_EXCEEDS_DESIGN_FLOOD_FRACTION,1.3515067508113299,0.05215189175235225,0.0023858989619264053,0.7172653677923391,0.0017113226964415031,0.0003134137095417749,4.744881640971902,0.1583191334694679,,0,1.2566370614359172,2790.100334448161
1.2,55,0.4,0.25,0.2,false,NO_DILUTE_CONNECTED_ROOT;ACTUAL_LOADING_EXCEEDS_DESIGN_FLOOD_FRACTION,1.205443882109003,0.06941416792238084,0.0019051864289333855,0.698468385833633,0.0013307124897292454,0.0002433842749864942,6.110135737061033,0.15816727187029006,,0,1.382300767579509,3069.1103678929762
1.2,60,0.4,0.25,0.2,false,NO_DILUTE_CONNECTED_ROOT;ACTUAL_LOADING_EXCEEDS_DESIGN_FLOOD_FRACTION,1.0859272318676922,0.0901184689480647,0.001550385697681028,0.6815022895537174,0.0010565914026609581,0.00019306218734652407,7.7027561785803105,0.1580576773405189,,0,1.5079644737231006,3348.120401337793
1.2,65,0.4,0.25,0.2,false,NO_DILUTE_CONNECTED_ROOT;ACTUAL_LOADING_EXCEEDS_DESIGN_FLOOD_FRACTION,0.9864752568495299,0.11457770617991787,0.001282063459228771,0.666074841399271,0.0008539502152696044,0.0001559238111703334,9.53742052141816,0.15797651790684003,,0,1.6336281798666923,3627.130434782608
1.2,70,0.4,0.25,0.2,false,NO_DILUTE_CONNECTED_ROOT;ACTUAL_LOADING_EXCEEDS_DESIGN_FLOOD_FRACTION,0.9025360886302498,0.1431047909684546,0.00107487225502973,0.6519566412739912,0.0007007701051877836,0.00012788517701093293,11.628485733780815,0.15791507704454388,,0,1.7592918860102842,3906.1404682274247
1.2,30,0.4,0.25,0.3,false,ACTUAL_LOADING_EXCEEDS_DESIGN_FLOOD_FRACTION,2.494805649785804,0.011264808618508088,0.0077888167196117665,1.0279110913419396,0.008006211094518477,0.0014947942757965321,0.9948599486315466,0.1605732667203753,0.1458403927054564,2,0.7539822368615503,1674.0602006688964
1.2,35,0.4,0.25,0.3,false,NO_DILUTE_CONNECTED_ROOT;ACTUAL_LOADING_EXCEEDS_DESIGN_FLOOD_FRACTION,2.0734834406700524,0.017888098871056825,0.005480225288865655,0.9963984068717354,0.005460487747123935,0.0010115578082342726,1.470119596060949,0.159646341734901,,0,0.8796459430051421,1953.0702341137123
1.2,40,0.4,0.25,0.3,false,NO_DILUTE_CONNECTED_ROOT;ACTUAL_LOADING_EXCEEDS_DESIGN_FLOOD_FRACTION,1.7664861428030556,0.02670176857720435,0.004023810372588358,0.9692689519475569,0.003900154462674426,0.0007189726712489254,2.0683831470957186,0.1590738278363784,,0,1.0053096491487337,2232.080267558528
1.2,45,0.4,0.25,0.3,false,NO_DILUTE_CONNECTED_ROOT;ACTUAL_LOADING_EXCEEDS_DESIGN_FLOOD_FRACTION,1.5336533515178685,0.03801872908746479,0.003056235336244711,0.9455457503316771,0.0028898103341996905,0.0005310094328818843,2.800535855573878,0.15870153435507683,,0,1.1309733552923253,2511.0903010033444
1.2,50,0.4,0.25,0.3,false,NO_DILUTE_CONNECTED_ROOT;ACTUAL_LOADING_EXCEEDS_DESIGN_FLOOD_FRACTION,1.3515067508113299,0.05215189175235225,0.0023858989619264053,0.924538165907008,0.002205854650298873,0.00040444093824079267,3.676954570677719,0.1584488686286854,,0,1.2566370614359172,2790.100334448161
1.2,55,0.4,0.25,0.3,false,NO_DILUTE_CONNECTED_ROOT;ACTUAL_LOADING_EXCEEDS_DESIGN_FLOOD_FRACTION,1.205443882109003,0.06941416792238084,0.0019051864289333855,0.9057411839483018,0.0017256058117843618,0.00031589694975084836,4.707582512609158,0.1582711891928837,,0,1.382300767579509,3069.1103678929762
1.2,60,0.4,0.25,0.3,false,NO_DILUTE_CONNECTED_ROOT;ACTUAL_LOADING_EXCEEDS_DESIGN_FLOOD_FRACTION,1.0859272318676922,0.0901184689480647,0.001550385697681028,0.8887750876683862,0.0013779441843762678,0.000251967908568507,5.901985553963275,0.15814243935375638,,0,1.5079644737231006,3348.120401337793
1.2,65,0.4,0.25,0.3,false,NO_DILUTE_CONNECTED_ROOT;ACTUAL_LOADING_EXCEEDS_DESIGN_FLOOD_FRACTION,0.9864752568495299,0.11457770617991787,0.001282063459228771,0.8733476395139397,0.0011196870958245233,0.0002045714539930405,7.26939623005397,0.1580467374157904,,0,1.6336281798666923,3627.130434782608
1.2,70,0.4,0.25,0.3,false,NO_DILUTE_CONNECTED_ROOT;ACTUAL_LOADING_EXCEEDS_DESIGN_FLOOD_FRACTION,0.9025360886302498,0.1431047909684546,0.00107487225502973,0.8592294393886601,0.0009235618851036198,0.0001686305999352029,8.81874912978485,0.15797403170384655,,0,1.7592918860102842,3906.1404682274247
1.2,30,0.4,0.25,0.4,false,ACTUAL_LOADING_EXCEEDS_DESIGN_FLOOD_FRACTION,2.494805649785804,0.011264808618508088,0.0077888167196117665,1.2374492552863383,0.009638265449245361,0.0018052645584589167,0.8237634475598169,0.1609570267077925,0.08330475574661292,2,0.7539822368615503,1674.0602006688964
1.2,35,0.4,0.25,0.4,false,NO_DILUTE_CONNECTED_ROOT;ACTUAL_LOADING_EXCEEDS_DESIGN_FLOOD_FRACTION,2.0734834406700524,0.017888098871056825,0.005480225288865655,1.2059365708161343,0.006608804092154507,0.0012271403510201629,1.2118507513809507,0.15992087075839123,,0,0.8796459430051421,1953.0702341137123
1.2,40,0.4,0.25,0.4,false,NO_DILUTE_CONNECTED_ROOT;ACTUAL_LOADING_EXCEEDS_DESIGN_FLOOD_FRACTION,1.7664861428030556,0.02670176857720435,0.004023810372588358,1.1788071158919555,0.004743296300207017,0.0008759317864823826,1.697747449496831,0.159277318336894,,0,1.0053096491487337,2232.080267558528
1.2,45,0.4,0.25,0.4,false,NO_DILUTE_CONNECTED_ROOT;ACTUAL_LOADING_EXCEEDS_DESIGN_FLOOD_FRACTION,1.5336533515178685,0.03801872908746479,0.003056235336244711,1.1550839142760758,0.0035302082751383994,0.0006495581928447064,2.2894191356758085,0.15885696830058005,,0,1.1309733552923253,2511.0903010033444
1.2,50,0.4,0.25,0.4,false,NO_DILUTE_CONNECTED_ROOT;ACTUAL_LOADING_EXCEEDS_DESIGN_FLOOD_FRACTION,1.3515067508113299,0.05215189175235225,0.0023858989619264053,1.1340763298514067,0.002705791538137779,0.0004966303712395033,2.9944019587889814,0.1585706295006868,,0,1.2566370614359172,2790.100334448161
1.2,55,0.4,0.25,0.4,false,NO_DILUTE_CONNECTED_ROOT;ACTUAL_LOADING_EXCEEDS_DESIGN_FLOOD_FRACTION,1.205443882109003,0.06941416792238084,0.0019051864289333855,1.1152793478927006,0.002124815078074849,0.000389309626244117,3.819866903319707,0.1583686312745181,,0,1.382300767579509,3069.1103678929762
1.2,60,0.4,0.25,0.4,false,NO_DILUTE_CONNECTED_ROOT;ACTUAL_LOADING_EXCEEDS_DESIGN_FLOOD_FRACTION,1.0859272318676922,0.0901184689480647,0.001550385697681028,1.098313251612785,0.001702809156874006,0.00031158898625809176,4.772668553829696,0.15822184594472982,,0,1.5079644737231006,3348.120401337793
1.2,65,0.4,0.25,0.4,false,NO_DILUTE_CONNECTED_ROOT;ACTUAL_LOADING_EXCEEDS_DESIGN_FLOOD_FRACTION,0.9864752568495299,0.11457770617991787,0.001282063459228771,1.0828858034583384,0.0013883283191315245,0.0002537999046365999,5.859383432641427,0.15811245912681965,,0,1.6336281798666923,3627.130434782608
1.2,70,0.4,0.25,0.4,false,NO_DILUTE_CONNECTED_ROOT;ACTUAL_LOADING_EXCEEDS_DESIGN_FLOOD_FRACTION,0.9025360886302498,0.1431047909684546,0.00107487225502973,1.0687676033330589,0.0011487886438973248,0.00020985597173956653,7.086340903747014,0.15802916115135596,,0,1.7592918860102842,3906.1404682274247
1.2,30,0.5,0.25,0.2,false,NO_DILUTE_CONNECTED_ROOT;ACTUAL_LOADING_EXCEEDS_DESIGN_FLOOD_FRACTION,1.5966756158629145,0.034377467707849385,0.003306067146642402,0.7297972442938698,0.002412758693070122,0.0004429763672162508,3.3570886992887696,0.15860444575877902,,0,0.9424777960769379,2615.71906354515
1.2,35,0.5,0.25,0.2,false,NO_DILUTE_CONNECTED_ROOT;ACTUAL_LOADING_EXCEEDS_DESIGN_FLOOD_FRACTION,1.3270294020288336,0.0545901454805201,0.0023017716348679744,0.6993439636233729,0.0016097300984844202,0.0002947144137128307,5.045939008204419,0.15828287918251605,,0,1.0995574287564276,3051.672240802676
1.2,40,0.5,0.25,0.2,false,NO_DILUTE_CONNECTED_ROOT;ACTUAL_LOADING_EXCEEDS_DESIGN_FLOOD_FRACTION,1.1305511313939556,0.08148733086305038,0.001678754479450256,0.6734163305900878,0.0011305006815130643,0.00020662623532569668,7.1971061859090355,0.15809027881781917,,0,1.2566370614359172,3487.6254180602004
1.2,45,0.5,0.25,0.2,false,NO_DILUTE_CONNECTED_ROOT;ACTUAL_LOADING_EXCEEDS_DESIGN_FLOOD_FRACTION,0.9815381449714358,0.11602395351399167,0.001269386396726042,0.6509514874696782,0.0008263089631225921,0.0001508650170951354,9.857228568077492,0.15796768003314055,,0,1.413716694115407,3923.5785953177256
1.2,50,0.5,0.25,0.2,false,NO_DILUTE_CONNECTED_ROOT;ACTUAL_LOADING_EXCEEDS_DESIGN_FLOOD_FRACTION,0.864964320519251,0.15915494309189532,0.0009878998088079943,0.6312124942449,0.0006235747023817539,0.00011376820235413934,13.07141121738539,0.15788578531273217,,0,1.5707963267948966,4359.531772575252
1.2,55,0.5,0.25,0.2,false,NO_DILUTE_CONNECTED_ROOT;ACTUAL_LOADING_EXCEEDS_DESIGN_FLOOD_FRACTION,0.7714840845497618,0.21183522925531262,0.0007871081025158823,0.6136688512535411,0.00048302372508327593,0.0000880810829002109,16.883431804743477,0.15782890043010606,,0,1.7278759594743862,4795.484949832776
1.2,60,0.5,0.25,0.2,false,NO_DILUTE_CONNECTED_ROOT;ACTUAL_LOADING_EXCEEDS_DESIGN_FLOOD_FRACTION,0.6949934283953231,0.2750197416627951,0.0006394799607360986,0.5979268580414521,0.0003823622437034066,0.00006969994623498712,21.335898185918342,0.15778807826971702,,0,1.8849555921538759,5231.4381270903
1.2,65,0.5,0.25,0.2,false,NO_DILUTE_CONNECTED_ROOT;ACTUAL_LOADING_EXCEEDS_DESIGN_FLOOD_FRACTION,0.6313441643836992,0.34966340997289386,0.0005281552262570992,0.5836868756605951,0.0003082772738778209,0.00005618020379114469,26.470373122214824,0.1577579831895733,,0,2.0420352248333655,5667.391304347826
1.2,70,0.5,0.25,0.2,false,NO_DILUTE_CONNECTED_ROOT;ACTUAL_LOADING_EXCEEDS_DESIGN_FLOOD_FRACTION,0.5776230967233599,0.4367211638441608,0.00044238159895899405,0.5707159617887593,0.0002524742397275315,0.000046001456387879076,32.32747554543744,0.15773528152484872,,0,2.199114857512855,6103.344481605352
1.2,30,0.5,0.25,0.3,false,NO_DILUTE_CONNECTED_ROOT;ACTUAL_LOADING_EXCEEDS_DESIGN_FLOOD_FRACTION,1.5966756158629145,0.034377467707849385,0.003306067146642402,0.9370700424085385,0.0030980164813096717,0.0005696762129805716,2.610449449263532,0.1587842493773004,,0,0.9424777960769379,2615.71906354515
1.2,35,0.5,0.25,0.3,false,NO_DILUTE_CONNECTED_ROOT;ACTUAL_LOADING_EXCEEDS_DESIGN_FLOOD_FRACTION,1.3270294020288336,0.0545901454805201,0.0023017716348679744,0.9066167617380416,0.002086824745864481,0.00038248338563917096,3.8880406633834435,0.15840886227805512,,0,1.0995574287564276,3051.672240802676
1.2,40,0.5,0.25,0.3,false,NO_DILUTE_CONNECTED_ROOT;ACTUAL_LOADING_EXCEEDS_DESIGN_FLOOD_FRACTION,1.1305511313939556,0.08148733086305038,0.001678754479450256,0.8806891287047566,0.001478460819816253,0.00027044330695598606,5.49879001692466,0.1581825298521236,,0,1.2566370614359172,3487.6254180602004
1.2,45,0.5,0.25,0.3,false,NO_DILUTE_CONNECTED_ROOT;ACTUAL_LOADING_EXCEEDS_DESIGN_FLOOD_FRACTION,0.9815381449714358,0.11602395351399167,0.001269386396726042,0.858224285584347,0.0010894182334606959,0.00019902527126270268,7.471970504040972,0.15803763798102444,,0,1.413716694115407,3923.5785953177256
1.2,50,0.5,0.25,0.3,false,NO_DILUTE_CONNECTED_ROOT;ACTUAL_LOADING_EXCEEDS_DESIGN_FLOOD_FRACTION,0.864964320519251,0.15915494309189532,0.0009878998088079943,0.8384852923595688,0.0008283394600103332,0.00015119929765199385,9.835435610663085,0.1579403438643654,,0,1.5707963267948966,4359.531772575252
1.2,55,0.5,0.25,0.3,false,NO_DILUTE_CONNECTED_ROOT;ACTUAL_LOADING_EXCEEDS_DESIGN_FLOOD_FRACTION,0.7714840845497618,0.21183522925531262,0.0007871081025158823,0.8209416493682098,0.0006461698239104704,0.0001178766765979676,12.615820188972888,0.1578724408063466,,0,1.7278759594743862,4795.484949832776
1.2,60,0.5,0.25,0.3,false,NO_DILUTE_CONNECTED_ROOT;ACTUAL_LOADING_EXCEEDS_DESIGN_FLOOD_FRACTION,0.6949934283953231,0.2750197416627951,0.0006394799607360986,0.8051996561561208,0.0005149090445034362,0.00009389100224640432,15.838695091686688,0.15782349264782475,,0,1.8849555921538759,5231.4381270903
1.2,65,0.5,0.25,0.3,false,NO_DILUTE_CONNECTED_ROOT;ACTUAL_LOADING_EXCEEDS_DESIGN_FLOOD_FRACTION,0.6313441643836992,0.34966340997289386,0.0005281552262570992,0.7909596737752638,0.0004177494854630158,0.00007615006288280325,19.528689801902946,0.15778726997315046,,0,2.0420352248333655,5667.391304347826
1.2,70,0.5,0.25,0.3,false,NO_DILUTE_CONNECTED_ROOT;ACTUAL_LOADING_EXCEEDS_DESIGN_FLOOD_FRACTION,0.5776230967233599,0.4367211638441608,0.00044238159895899405,0.7779887599034281,0.0003441679115782034,0.0000627219126713018,23.70959196073895,0.15775983114794284,,0,2.199114857512855,6103.344481605352
1.2,30,0.5,0.25,0.4,false,NO_DILUTE_CONNECTED_ROOT;ACTUAL_LOADING_EXCEEDS_DESIGN_FLOOD_FRACTION,1.5966756158629145,0.034377467707849385,0.003306067146642402,1.1466082063529373,0.0037907637210940178,0.0006980792791416595,2.130289497006961,0.15895296950133725,,0,0.9424777960769379,2615.71906354515
1.2,35,0.5,0.25,0.4,false,NO_DILUTE_CONNECTED_ROOT;ACTUAL_LOADING_EXCEEDS_DESIGN_FLOOD_FRACTION,1.3270294020288336,0.0545901454805201,0.0023017716348679744,1.1161549256824403,0.002569133748054013,0.000471368437189939,3.154880214931389,0.1585269498869183,,0,1.0995574287564276,3051.672240802676
1.2,40,0.5,0.25,0.4,false,NO_DILUTE_CONNECTED_ROOT;ACTUAL_LOADING_EXCEEDS_DESIGN_FLOOD_FRACTION,1.1305511313939556,0.08148733086305038,0.001678754479450256,1.0902272926491552,0.0018302239511536944,0.00033504205827344615,4.438579932612386,0.15826888386388682,,0,1.2566370614359172,3487.6254180602004
1.2,45,0.5,0.25,0.4,false,NO_DILUTE_CONNECTED_ROOT;ACTUAL_LOADING_EXCEEDS_DESIGN_FLOOD_FRACTION,0.9815381449714358,0.11602395351399167,0.001269386396726042,1.0677624495287459,0.001355403128366667,0.00024776031306090665,6.002216166348211,0.15810301797337067,,0,1.413716694115407,3923.5785953177256
1.2,50,0.5,0.25,0.4,false,NO_DILUTE_CONNECTED_ROOT;ACTUAL_LOADING_EXCEEDS_DESIGN_FLOOD_FRACTION,0.864964320519251,0.15915494309189532,0.0009878998088079943,1.0480234563039676,0.001035342172108983,0.00018906893645614326,7.865443072287131,0.1579912666805488,,0,1.5707963267948966,4359.531772575252
1.2,55,0.5,0.25,0.4,false,NO_DILUTE_CONNECTED_ROOT;ACTUAL_LOADING_EXCEEDS_DESIGN_FLOOD_FRACTION,0.7714840845497618,0.21183522925531262,0.0007871081025158823,1.0304798133126085,0.0008110990105374079,0.0001480166596383478,10.04691607057717,0.15791300872808028,,0,1.7278759594743862,4795.484949832776
1.2,60,0.5,0.25,0.4,false,NO_DILUTE_CONNECTED_ROOT;ACTUAL_LOADING_EXCEEDS_DESIGN_FLOOD_FRACTION,0.6949934283953231,0.2750197416627951,0.0006394799607360986,1.0147378201005195,0.0006489045013553145,0.00011835884585345849,12.564425968422146,0.15785646469392456,,0,1.8849555921538759,5231.4381270903
1.2,65,0.5,0.25,0.4,false,NO_DILUTE_CONNECTED_ROOT;ACTUAL_LOADING_EXCEEDS_DESIGN_FLOOD_FRACTION,0.6313441643836992,0.34966340997289386,0.0005281552262570992,1.0004978377196625,0.0005284181618505668,0.00009634664637847807,15.435004873878608,0.15781448818511118,,0,2.0420352248333655,5667.391304347826
1.2,70,0.5,0.25,0.4,false,NO_DILUTE_CONNECTED_ROOT;ACTUAL_LOADING_EXCEEDS_DESIGN_FLOOD_FRACTION,0.5776230967233599,0.4367211638441608,0.00044238159895899405,0.9875269238478268,0.0004368637395868584,0.00007963105885268776,18.67501170849336,0.15778262465861476,,0,2.199114857512855,6103.344481605352
1.2,30,0.33,0.3,0.2,true,,3.942768881555484,0.003587668557577322,0.017936336839003638,0.8689121171865355,0.015585100417349503,0.0029855224816985357,0.4981074386643421,0.1637408050236055,0.040089025934512273,2,0.6220353454107791,1139.4072240802677
1.2,35,0.33,0.3,0.2,false,ACTUAL_LOADING_EXCEEDS_DESIGN_FLOOD_FRACTION,3.2769149721127104,0.005697084792819543,0.012899027752237389,0.8374830401081421,0.010802716976383063,0.0020393815866714656,0.7291970105804599,0.16191617012786325,0.06774054130403655,2,0.7257079029792424,1329.3084280936457
1.2,40,0.33,0.3,0.2,false,NO_DILUTE_CONNECTED_ROOT;ACTUAL_LOADING_EXCEEDS_DESIGN_FLOOD_FRACTION,2.7917391457490264,0.008504103247590687,0.00961195514851329,0.8101078805945334,0.007786720613731816,0.0014558720852096898,1.021457153785237,0.16074278921756424,,0,0.8293804605477054,1519.2096321070233
1.2,45,0.33,0.3,0.2,false,NO_DILUTE_CONNECTED_ROOT;ACTUAL_LOADING_EXCEEDS_DESIGN_FLOOD_FRACTION,2.4237722525508505,0.01210838138182346,0.0073758987156867266,0.7859400042427913,0.005797013867901225,0.0010767566653658064,1.3811021600952447,0.15995947953645412,,0,0.9330530181161687,1709.1108361204015
1.2,50,0.33,0.3,0.2,false,NO_DILUTE_CONNECTED_ROOT;ACTUAL_LOADING_EXCEEDS_DESIGN_FLOOD_FRACTION,2.1359093686390267,0.016609576655450563,0.00580037499796221,0.7643659163530654,0.004433608950508794,0.0008197337479811457,1.8141389934184728,0.1594185932444639,,0,1.0367255756846319,1899.0120401337797
1.2,55,0.33,0.3,0.2,false,NO_DILUTE_CONNECTED_ROOT;ACTUAL_LOADING_EXCEEDS_DESIGN_FLOOD_FRACTION,1.905072897060688,0.0221073465284047,0.004656536154621695,0.7449283205832304,0.003468785657397433,0.0006392316193845621,2.3264039376922954,0.15903378905717908,,0,1.140398133253095,2088.913244147157
1.2,60,0.33,0.3,0.2,false,NO_DILUTE_CONNECTED_ROOT;ACTUAL_LOADING_EXCEEDS_DESIGN_FLOOD_FRACTION,1.7161898353922782,0.028701348460618576,0.0038045273536491393,0.7272780030979111,0.0027669490564933264,0.0005086594536660856,2.923588553629628,0.15875278512986046,,0,1.2440706908215582,2278.8144481605354
1.2,65,0.33,0.3,0.2,false,NO_DILUTE_CONNECTED_ROOT;ACTUAL_LOADING_EXCEEDS_DESIGN_FLOOD_FRACTION,1.5590168097722223,0.036491239912024874,0.003155688709112852,0.7111427031334967,0.0022441449988463685,0.00041179849555171956,3.61125883775089,0.1585428306100659,,0,1.3477432483900214,2468.715652173913
1.2,70,0.33,0.3,0.2,false,NO_DILUTE_CONNECTED_ROOT;ACTUAL_LOADING_EXCEEDS_DESIGN_FLOOD_FRACTION,1.4263600874231113,0.04557667834255635,0.0026519742670021683,0.6963063309830424,0.0018465864717177231,0.00033837428612120107,4.394869874660053,0.15838278353311314,,0,1.4514158059584847,2658.6168561872914
1.2,30,0.33,0.3,0.3,true,,3.942768881555484,0.003587668557577322,0.017936336839003638,1.0761849153012044,0.019302815141897002,0.0037232850850404805,0.3994082973685319,0.16462347491234025,0.030732537078747638,2,0.6220353454107791,1139.4072240802677
1.2,35,0.33,0.3,0.3,true,,3.2769149721127104,0.005697084792819543,0.012899027752237389,1.044755838222811,0.013476334551548076,0.0025577493045278303,0.5814138836050603,0.1625763958520839,0.048737591664104955,2,0.7257079029792424,1329.3084280936457
1.2,40,0.33,0.3,0.3,false,ACTUAL_LOADING_EXCEEDS_DESIGN_FLOOD_FRACTION,2.7917391457490264,0.008504103247590687,0.00961195514851329,1.0173806787092021,0.009779017452716861,0.0018360224167301557,0.809963398530897,0.16124675770935332,0.08084712804094066,2,0.8293804605477054,1519.2096321070233
1.2,45,0.33,0.3,0.3,false,NO_DILUTE_CONNECTED_ROOT;ACTUAL_LOADING_EXCEEDS_DESIGN_FLOOD_FRACTION,2.4237722525508505,0.01210838138182346,0.0073758987156867266,0.9932128023574601,0.007325837033312005,0.0013652364573708284,1.0892698831801966,0.16035228305525706,,0,0.9330530181161687,1709.1108361204015
1.2,50,0.33,0.3,0.3,false,NO_DILUTE_CONNECTED_ROOT;ACTUAL_LOADING_EXCEEDS_DESIGN_FLOOD_FRACTION,2.1359093686390267,0.016609576655450563,0.00580037499796221,0.9716387144677342,0.005635868906450788,0.0010447973436450593,1.423348714924444,0.15973078523805978,,0,1.0367255756846319,1899.0120401337797
1.2,55,0.33,0.3,0.3,false,NO_DILUTE_CONNECTED_ROOT;ACTUAL_LOADING_EXCEEDS_DESIGN_FLOOD_FRACTION,1.905072897060688,0.0221073465284047,0.004656536154621695,0.9522011186978991,0.0044339589356879915,0.0008188704058041442,1.8160516559067736,0.15928630945895605,,0,1.140398133253095,2088.913244147157
1.2,60,0.33,0.3,0.3,false,NO_DILUTE_CONNECTED_ROOT;ACTUAL_LOADING_EXCEEDS_DESIGN_FLOOD_FRACTION,1.7161898353922782,0.028701348460618576,0.0038045273536491393,0.93455080121258,0.00355552408658798,0.000654800380365801,2.271090550684929,0.15896024817529408,,0,1.2440706908215582,2278.8144481605354
1.2,65,0.33,0.3,0.3,false,NO_DILUTE_CONNECTED_ROOT;ACTUAL_LOADING_EXCEEDS_DESIGN_FLOOD_FRACTION,1.5590168097722223,0.036491239912024874,0.003155688709112852,0.9184155012481655,0.002898233427563056,0.0005326223838280004,2.7920549372065073,0.15871563891310708,,0,1.3477432483900214,2468.715652173913
1.2,70,0.33,0.3,0.3,false,NO_DILUTE_CONNECTED_ROOT;ACTUAL_LOADING_EXCEEDS_DESIGN_FLOOD_FRACTION,1.4263600874231113,0.04557667834255635,0.0026519742670021683,0.9035791290977112,0.00239626859856736,0.0004396581244501053,3.3824257388479877,0.15852848492125593,,0,1.4514158059584847,2658.6168561872914
1.2,30,0.33,0.3,0.4,true,,3.942768881555484,0.003587668557577322,0.017936336839003638,1.2857230792456031,0.023061162231030104,0.004476372166707482,0.3322134311114454,0.1654430451580986,0.02491582293852137,2,0.6220353454107791,1139.4072240802677
1.2,35,0.33,0.3,0.4,true,,3.2769149721127104,0.005697084792819543,0.012899027752237389,1.2542940021672098,0.016179173143419743,0.0030859059259344505,0.4819041772906127,0.16319251436562476,0.03828251895605489,2,0.7257079029792424,1329.3084280936457
1.2,40,0.33,0.3,0.4,true,,2.7917391457490264,0.008504103247590687,0.00961195514851329,1.2269188426536008,0.011793088886452247,0.002222757663286685,0.6690387265315951,0.16171835610928798,0.05916919781491857,2,0.8293804605477054,1519.2096321070233
1.2,45,0.33,0.3,0.4,false,ACTUAL_LOADING_EXCEEDS_DESIGN_FLOOD_FRACTION,2.4237722525508505,0.01210838138182346,0.0073758987156867266,1.202750966301859,0.00887136930763685,0.0016583577517316642,0.8967371213363463,0.16072038613707385,0.09966836486537561,2,0.9330530181161687,1709.1108361204015
1.2,50,0.33,0.3,0.4,false,NO_DILUTE_CONNECTED_ROOT;ACTUAL_LOADING_EXCEEDS_DESIGN_FLOOD_FRACTION,2.1359093686390267,0.016609576655450563,0.00580037499796221,1.181176878412133,0.006851268833712785,0.0012732666435021326,1.1679493561092233,0.16002352216373167,,0,1.0367255756846319,1899.0120401337797
1.2,55,0.33,0.3,0.4,false,NO_DILUTE_CONNECTED_ROOT;ACTUAL_LOADING_EXCEEDS_DESIGN_FLOOD_FRACTION,1.905072897060688,0.0221073465284047,0.004656536154621695,1.1617392826422979,0.005409680971868132,0.0010010939973656935,1.4854858388392027,0.15952312054808493,,0,1.140398133253095,2088.913244147157
1.2,60,0.33,0.3,0.4,false,NO_DILUTE_CONNECTED_ROOT;ACTUAL_LOADING_EXCEEDS_DESIGN_FLOOD_FRACTION,1.7161898353922782,0.028701348460618576,0.0038045273536491393,1.1440889651569788,0.004352717762947863,0.0008029592468039324,1.8520378990003614,0.15915475761479897,,0,1.2440706908215582,2278.8144481605354
1.2,65,0.33,0.3,0.4,false,NO_DILUTE_CONNECTED_ROOT;ACTUAL_LOADING_EXCEEDS_DESIGN_FLOOD_FRACTION,1.5590168097722223,0.036491239912024874,0.003155688709112852,1.1279536651925643,0.0035594706456506336,0.0006550592953426889,2.270192892470441,0.15887758635713878,,0,1.3477432483900214,2468.715652173913
1.2,70,0.33,0.3,0.4,false,NO_DILUTE_CONNECTED_ROOT;ACTUAL_LOADING_EXCEEDS_DESIGN_FLOOD_FRACTION,1.4263600874231113,0.04557667834255635,0.0026519742670021683,1.11311729304211,0.0029519584173027876,0.0005422571560187749,2.7424459777570527,0.15866496404720187,,0,1.4514158059584847,2658.6168561872914
1.2,30,0.4,0.3,0.2,false,NO_DILUTE_CONNECTED_ROOT;ACTUAL_LOADING_EXCEEDS_DESIGN_FLOOD_FRACTION,2.683547070008702,0.009387340515423405,0.00893000390111805,0.7898360016199144,0.007053238575709319,0.0013157351067633043,1.130251027573435,0.16047018513506028,,0,0.7539822368615503,1674.0602006688964
1.2,35,0.4,0.3,0.2,false,NO_DILUTE_CONNECTED_ROOT;ACTUAL_LOADING_EXCEEDS_DESIGN_FLOOD_FRACTION,2.2303502528942136,0.01490674905921402,0.00629954176537697,0.7583558029790964,0.004777294053882807,0.0008843897029623907,1.6815109351142097,0.15956590947763583,,0,0.8796459430051421,1953.0702341137123
1.2,40,0.4,0.3,0.2,false,NO_DILUTE_CONNECTED_ROOT;ACTUAL_LOADING_EXCEEDS_DESIGN_FLOOD_FRACTION,1.9001274560754315,0.022251473814336956,0.004633247426662828,0.7312486789102449,0.003388056059811485,0.0006242225347393679,2.3823410301177,0.15900923604518274,,0,1.0053096491487337,2232.080267558528
1.2,45,0.4,0.3,0.2,false,NO_DILUTE_CONNECTED_ROOT;ACTUAL_LOADING_EXCEEDS_DESIGN_FLOOD_FRACTION,1.6496799893924228,0.03168227423955399,0.0035231757118011097,0.7075415737613593,0.0024927932877655545,0.00045784593638499,3.2480597472928037,0.1586485371026536,,0,1.1309733552923253,2511.0903010033444
1.2,50,0.4,0.3,0.2,false,NO_DILUTE_CONNECTED_ROOT;ACTUAL_LOADING_EXCEEDS_DESIGN_FLOOD_FRACTION,1.453753314029938,0.04345990979362688,0.002752640756845952,0.6865460262126031,0.0018898145732034405,0.00034636170291379217,4.293520166702157,0.1584046659149832,,0,1.2566370614359172,2790.100334448161
1.2,55,0.4,0.3,0.2,false,NO_DILUTE_CONNECTED_ROOT;ACTUAL_LOADING_EXCEEDS_DESIGN_FLOOD_FRACTION,1.2966402405619313,0.05784513993531736,0.0021993154585722642,0.6677583130182798,0.0014686111804112396,0.0002687623502165851,5.5331818434957984,0.15823379299644297,,0,1.382300767579509,3069.1103678929762
1.2,60,0.4,0.3,0.2,false,NO_DILUTE_CONNECTED_ROOT;ACTUAL_LOADING_EXCEEDS_DESIGN_FLOOD_FRACTION,1.1680817067138696,0.07509872412338724,0.0017905102357703771,0.6507995267246294,0.001165263214034966,0.00021301764929617355,6.981163116517317,0.1581104335876135,,0,1.5079644737231006,3348.120401337793
1.2,65,0.4,0.3,0.2,false,NO_DILUTE_CONNECTED_ROOT;ACTUAL_LOADING_EXCEEDS_DESIGN_FLOOD_FRACTION,1.061105816151219,0.09548142181659822,0.0014811129499544503,0.635377959575169,0.000941066524042418,0.00017189488659323954,8.651280942129866,0.15801906915922848,,0,1.6336281798666923,3627.130434782608
1.2,70,0.4,0.3,0.2,false,NO_DILUTE_CONNECTED_ROOT;ACTUAL_LOADING_EXCEEDS_DESIGN_FLOOD_FRACTION,0.9708163345023553,0.11925399247371216,0.0012420664936800725,0.6212645710288864,0.0007716519073855034,0.00014086382141327634,10.557082304835927,0.15794990715103224,,0,1.7592918860102842,3906.1404682274247
1.2,30,0.4,0.3,0.3,false,ACTUAL_LOADING_EXCEEDS_DESIGN_FLOOD_FRACTION,2.683547070008702,0.009387340515423405,0.00893000390111805,0.9971087997345832,0.008904185471468965,0.0016675796202540193,0.8917780826603883,0.16094326310793466,0.09851241285411814,2,0.7539822368615503,1674.0602006688964
1.2,35,0.4,0.3,0.3,false,NO_DILUTE_CONNECTED_ROOT;ACTUAL_LOADING_EXCEEDS_DESIGN_FLOOD_FRACTION,2.2303502528942136,0.01490674905921402,0.00629954176537697,0.9656286010937652,0.006083017702432711,0.0011293655382198762,1.3167667208773481,0.15990566973378856,,0,0.8796459430051421,1953.0702341137123
1.2,40,0.4,0.3,0.3,false,NO_DILUTE_CONNECTED_ROOT;ACTUAL_LOADING_EXCEEDS_DESIGN_FLOOD_FRACTION,1.9001274560754315,0.022251473814336956,0.004633247426662828,0.9385214770249137,0.004348402218293478,0.0008029014127597166,1.8521713037248246,0.1592618795528749,,0,1.0053096491487337,2232.080267558528
1.2,45,0.4,0.3,0.3,false,NO_DILUTE_CONNECTED_ROOT;ACTUAL_LOADING_EXCEEDS_DESIGN_FLOOD_FRACTION,1.6496799893924228,0.03168227423955399,0.0035231757118011097,0.914814371876028,0.00322305177580021,0.0005929648412068351,2.5079243373131814,0.15884203826007143,,0,1.1309733552923253,2511.0903010033444
1.2,50,0.4,0.3,0.3,false,NO_DILUTE_CONNECTED_ROOT;ACTUAL_LOADING_EXCEEDS_DESIGN_FLOOD_FRACTION,1.453753314029938,0.04345990979362688,0.002752640756845952,0.893818824327272,0.002460362125079381,0.00045152826956511955,3.2935057595971764,0.15855660471428318,,0,1.2566370614359172,2790.100334448161
1.2,55,0.4,0.3,0.3,false,NO_DILUTE_CONNECTED_ROOT;ACTUAL_LOADING_EXCEEDS_DESIGN_FLOOD_FRACTION,1.2966402405619313,0.05784513993531736,0.0021993154585722642,0.8750311111329486,0.0019244694494463589,0.000352562184036515,4.218010392968428,0.15835564633983706,,0,1.382300767579509,3069.1103678929762
1.2,60,0.4,0.3,0.3,false,NO_DILUTE_CONNECTED_ROOT;ACTUAL_LOADING_EXCEEDS_DESIGN_FLOOD_FRACTION,1.1680817067138696,0.07509872412338724,0.0017905102357703771,0.8580723248392981,0.0015363872806560472,0.0002811068471094819,5.290198270604511,0.15820991518076516,,0,1.5079644737231006,3348.120401337793
1.2,65,0.4,0.3,0.3,false,NO_DILUTE_CONNECTED_ROOT;ACTUAL_LOADING_EXCEEDS_DESIGN_FLOOD_FRACTION,1.061105816151219,0.09548142181659822,0.0014811129499544503,0.8426507576898377,0.0012480609495033482,0.00022813580650948137,6.518533759284574,0.15810154870235543,,0,1.6336281798666923,3627.130434782608
1.2,70,0.4,0.3,0.3,false,NO_DILUTE_CONNECTED_ROOT;ACTUAL_LOADING_EXCEEDS_DESIGN_FLOOD_FRACTION,0.9708163345023553,0.11925399247371216,0.0012420664936800725,0.8285373691435551,0.0010290985049750474,0.00018797499494539502,7.91121689810743,0.1580192003849975,,0,1.7592918860102842,3906.1404682274247
1.2,30,0.4,0.3,0.4,false,ACTUAL_LOADING_EXCEEDS_DESIGN_FLOOD_FRACTION,2.683547070008702,0.009387340515423405,0.00893000390111805,1.206646963678982,0.01077536209292556,0.0020254050334969657,0.7342289230248897,0.16138575240064668,0.0682357991968348,2,0.7539822368615503,1674.0602006688964
1.2,35,0.4,0.3,0.4,false,NO_DILUTE_CONNECTED_ROOT;ACTUAL_LOADING_EXCEEDS_DESIGN_FLOOD_FRACTION,2.2303502528942136,0.01490674905921402,0.00629954176537697,1.1751667650381639,0.007403012117640858,0.001378131069167298,1.0790780279935335,0.16022390214960208,,0,0.8796459430051421,1953.0702341137123
1.2,40,0.4,0.3,0.4,false,NO_DILUTE_CONNECTED_ROOT;ACTUAL_LOADING_EXCEEDS_DESIGN_FLOOD_FRACTION,1.9001274560754315,0.022251473814336956,0.004633247426662828,1.1480596409693125,0.005319244377176517,0.0009841518643910684,1.5110584151093378,0.15949856544847252,,0,1.0053096491487337,2232.080267558528
1.2,45,0.4,0.3,0.4,false,NO_DILUTE_CONNECTED_ROOT;ACTUAL_LOADING_EXCEEDS_DESIGN_FLOOD_FRACTION,1.6496799893924228,0.03168227423955399,0.0035231757118011097,1.1243525358204267,0.003961291545704515,0.0007299247979677418,2.037348176927384,0.15902324756940445,,0,1.1309733552923253,2511.0903010033444
1.2,50,0.4,0.3,0.4,false,NO_DILUTE_CONNECTED_ROOT;ACTUAL_LOADING_EXCEEDS_DESIGN_FLOOD_FRACTION,1.453753314029938,0.04345990979362688,0.002752640756845952,1.1033569882716707,0.003037145415267402,0.0005580693426665928,2.6647422510756194,0.15869878536154158,,0,1.2566370614359172,2790.100334448161
1.2,55,0.4,0.3,0.4,false,NO_DILUTE_CONNECTED_ROOT;ACTUAL_LOADING_EXCEEDS_DESIGN_FLOOD_FRACTION,1.2966402405619313,0.05784513993531736,0.0021993154585722642,1.0845692750773472,0.002385309972570124,0.0004374228335924006,3.399710399707638,0.1584695730139291,,0,1.382300767579509,3069.1103678929762
1.2,60,0.4,0.3,0.4,false,NO_DILUTE_CONNECTED_ROOT;ACTUAL_LOADING_EXCEEDS_DESIGN_FLOOD_FRACTION,1.1680817067138696,0.07509872412338724,0.0017905102357703771,1.0676104887836968,0.0019115675079830244,0.00035003687777758827,4.24844080965255,0.15830284266348144,,0,1.5079644737231006,3348.120401337793
1.2,65,0.4,0.3,0.4,false,NO_DILUTE_CONNECTED_ROOT;ACTUAL_LOADING_EXCEEDS_DESIGN_FLOOD_FRACTION,1.061105816151219,0.09548142181659822,0.0014811129499544503,1.0521889216342364,0.0015584106376310759,0.0002850578515835342,5.2168742175406475,0.15817851185545295,,0,1.6336281798666923,3627.130434782608
1.2,70,0.4,0.3,0.4,false,NO_DILUTE_CONNECTED_ROOT;ACTUAL_LOADING_EXCEEDS_DESIGN_FLOOD_FRACTION,0.9708163345023553,0.11925399247371216,0.0012420664936800725,1.0380755330879539,0.001289358837557627,0.0002356479579032743,6.310731353946541,0.15808379544462214,,0,1.7592918860102842,3906.1404682274247
1.2,30,0.5,0.3,0.2,false,NO_DILUTE_CONNECTED_ROOT;ACTUAL_LOADING_EXCEEDS_DESIGN_FLOOD_FRACTION,1.717470124805569,0.028647889756541155,0.0038100398953962145,0.699039043072406,0.00266336664254546,0.0004894982877781471,3.0380309667347882,0.15872470295374713,,0,0.9424777960769379,2615.71906354515
1.2,35,0.5,0.3,0.2,false,NO_DILUTE_CONNECTED_ROOT;ACTUAL_LOADING_EXCEEDS_DESIGN_FLOOD_FRACTION,1.4274241618522967,0.04549178790043341,0.0026558517988792153,0.6686085940125217,0.0017757253371542586,0.00032533437590364517,4.571023127522522,0.15836340370054797,,0,1.0995574287564276,3051.672240802676
1.2,40,0.5,0.3,0.2,false,NO_DILUTE_CONNECTED_ROOT;ACTUAL_LOADING_EXCEEDS_DESIGN_FLOOD_FRACTION,1.216081571888276,0.06790610905254198,0.001938458626941883,0.6426966554959876,0.0012458408763528926,0.00022782048187900504,6.527556013262535,0.15814678217283096,,0,1.2566370614359172,3487.6254180602004
1.2,45,0.5,0.3,0.2,false,NO_DILUTE_CONNECTED_ROOT;ACTUAL_LOADING_EXCEEDS_DESIGN_FLOOD_FRACTION,1.0557951932111507,0.09668662792832637,0.001466490276761451,0.6202431252548732,0.0009095805124144064,0.00016612872944271435,8.951557996153,0.1580088620363559,,0,1.413716694115407,3923.5785953177256
1.2,50,0.5,0.3,0.2,false,NO_DILUTE_CONNECTED_ROOT;ACTUAL_LOADING_EXCEEDS_DESIGN_FLOOD_FRACTION,0.9304021209791602,0.13262911924324608,0.0011416862300029761,0.6005125917575833,0.0006855969569530316,0.00012511802382664123,11.88566531784543,0.15791673011870289,,0,1.5707963267948966,4359.531772575252
1.2,55,0.5,0.3,0.2,false,NO_DILUTE_CONNECTED_ROOT;ACTUAL_LOADING_EXCEEDS_DESIGN_FLOOD_FRACTION,0.829849753959636,0.1765293577127605,0.0009098588059851952,0.5829754630163835,0.0005304253586987529,0.0000967453257588173,15.371398512223559,0.1578527506017785,,0,1.7278759594743862,4795.484949832776
1.2,60,0.5,0.3,0.2,false,NO_DILUTE_CONNECTED_ROOT;ACTUAL_LOADING_EXCEEDS_DESIGN_FLOOD_FRACTION,0.7475722922968765,0.22918311805232924,0.000739339845350028,0.5672386073908404,0.00041938210426490925,0.00007646091326882916,19.449296285608437,0.157806859577318,,0,1.8849555921538759,5231.4381270903
1.2,65,0.5,0.3,0.2,false,NO_DILUTE_CONNECTED_ROOT;ACTUAL_LOADING_EXCEEDS_DESIGN_FLOOD_FRACTION,0.6791077223367801,0.29138617497741154,0.0006107128445786933,0.5530027582834257,0.0003377258875711345,0.00006155510051317615,24.159020845321255,0.15777304830269123,,0,2.0420352248333655,5667.391304347826
1.2,70,0.5,0.3,0.2,false,NO_DILUTE_CONNECTED_ROOT;ACTUAL_LOADING_EXCEEDS_DESIGN_FLOOD_FRACTION,0.6213224540815074,0.36393430320346726,0.0005115844018360629,0.5400352260736923,0.0002762735981013129,0.00005034322935946748,29.539443046356812,0.15774755118193795,,0,2.199114857512855,6103.344481605352
1.2,30,0.5,0.3,0.3,false,NO_DILUTE_CONNECTED_ROOT;ACTUAL_LOADING_EXCEEDS_DESIGN_FLOOD_FRACTION,1.717470124805569,0.028647889756541155,0.0038100398953962145,0.9063118411870748,0.003453084272592753,0.0006357954472082982,2.3389770451540577,0.15893489110550446,,0,0.9424777960769379,2615.71906354515
1.2,35,0.5,0.3,0.3,false,NO_DILUTE_CONNECTED_ROOT;ACTUAL_LOADING_EXCEEDS_DESIGN_FLOOD_FRACTION,1.4274241618522967,0.04549178790043341,0.0026558517988792153,0.8758813921271905,0.00232621117088583,0.0004267393386086661,3.4848227521798667,0.15851102144648216,,0,1.0995574287564276,3051.672240802676
1.2,40,0.5,0.3,0.3,false,NO_DILUTE_CONNECTED_ROOT;ACTUAL_LOADING_EXCEEDS_DESIGN_FLOOD_FRACTION,1.216081571888276,0.06790610905254198,0.001938458626941883,0.8499694536106565,0.0016476306199886557,0.0003015798739415296,4.931068300406509,0.15825505638700427,,0,1.2566370614359172,3487.6254180602004
1.2,45,0.5,0.3,0.3,false,NO_DILUTE_CONNECTED_ROOT;ACTUAL_LOADING_EXCEEDS_DESIGN_FLOOD_FRACTION,1.0557951932111507,0.09668662792832637,0.001466490276761451,0.8275159233695419,0.0012135440554867072,0.000221805925044881,6.7045592047767,0.1580910538222174,,0,1.413716694115407,3923.5785953177256
1.2,50,0.5,0.3,0.3,false,NO_DILUTE_CONNECTED_ROOT;ACTUAL_LOADING_EXCEEDS_DESIGN_FLOOD_FRACTION,0.9304021209791602,0.13262911924324608,0.0011416862300029761,0.8077853898722521,0.0009222374564147358,0.00016839894732124556,8.830880359345636,0.1579808887645125,,0,1.5707963267948966,4359.531772575252
1.2,55,0.5,0.3,0.3,false,NO_DILUTE_CONNECTED_ROOT;ACTUAL_LOADING_EXCEEDS_DESIGN_FLOOD_FRACTION,0.829849753959636,0.1765293577127605,0.0009098588059851952,0.7902482611310522,0.0007190143393045759,0.0001312017760101581,11.334533736178468,0.15790398859515214,,0,1.7278759594743862,4795.484949832776
1.2,60,0.5,0.3,0.3,false,NO_DILUTE_CONNECTED_ROOT;ACTUAL_LOADING_EXCEEDS_DESIGN_FLOOD_FRACTION,0.7475722922968765,0.22918311805232924,0.000739339845350028,0.7745114055055091,0.000572627142768276,0.00010443873442407779,14.239074847414297,0.15784856998252234,,0,1.8849555921538759,5231.4381270903
1.2,65,0.5,0.3,0.3,false,NO_DILUTE_CONNECTED_ROOT;ACTUAL_LOADING_EXCEEDS_DESIGN_FLOOD_FRACTION,0.6791077223367801,0.29138617497741154,0.0006107128445786933,0.7602755563980945,0.0004643100477115291,0.00008465260211221808,17.567220845288464,0.15780755510642736,,0,2.0420352248333655,5667.391304347826
1.2,70,0.5,0.3,0.3,false,NO_DILUTE_CONNECTED_ROOT;ACTUAL_LOADING_EXCEEDS_DESIGN_FLOOD_FRACTION,0.6213224540815074,0.36393430320346726,0.0005115844018360629,0.747308024188361,0.0003823111285416927,0.00006968348534990122,21.340938228999992,0.15777648909642833,,0,2.199114857512855,6103.344481605352
1.2,30,0.5,0.3,0.4,false,NO_DILUTE_CONNECTED_ROOT;ACTUAL_LOADING_EXCEEDS_DESIGN_FLOOD_FRACTION,1.717470124805569,0.028647889756541155,0.0038100398953962145,1.1158500051314735,0.004251433036828985,0.00078411816788493,1.8965393448859644,0.15913151255175645,,0,0.9424777960769379,2615.71906354515
1.2,35,0.5,0.3,0.4,false,NO_DILUTE_CONNECTED_ROOT;ACTUAL_LOADING_EXCEEDS_DESIGN_FLOOD_FRACTION,1.4274241618522967,0.04549178790043341,0.0026558517988792153,1.0854195560715891,0.0028827134805314092,0.000529463695974183,2.8087118488784553,0.15864896474310863,,0,1.0995574287564276,3051.672240802676
1.2,40,0.5,0.3,0.4,false,NO_DILUTE_CONNECTED_ROOT;ACTUAL_LOADING_EXCEEDS_DESIGN_FLOOD_FRACTION,1.216081571888276,0.06790610905254198,0.001938458626941883,1.059507617555055,0.002053811681560238,0.0003762591066967073,3.952358706981116,0.1583560919491761,,0,1.2566370614359172,3487.6254180602004
1.2,45,0.5,0.3,0.4,false,NO_DILUTE_CONNECTED_ROOT;ACTUAL_LOADING_EXCEEDS_DESIGN_FLOOD_FRACTION,1.0557951932111507,0.09668662792832637,0.001466490276761451,1.0370540873139407,0.0015208297355216148,0.0002781571670665761,5.3462974623901465,0.15816763125899264,,0,1.413716694115407,3923.5785953177256
1.2,50,0.5,0.3,0.4,false,NO_DILUTE_CONNECTED_ROOT;ACTUAL_LOADING_EXCEEDS_DESIGN_FLOOD_FRACTION,0.9304021209791602,0.13262911924324608,0.0011416862300029761,1.017323553816651,0.001161464292850162,0.00021219280890961476,7.00830044182654,0.1580405706235759,,0,1.5707963267948966,4359.531772575252
1.2,55,0.5,0.3,0.4,false,NO_DILUTE_CONNECTED_ROOT;ACTUAL_LOADING_EXCEEDS_DESIGN_FLOOD_FRACTION,0.829849753959636,0.1765293577127605,0.0009098588059851952,0.9997864250754509,0.0009096644829593566,0.00016606024215605608,8.955249836599338,0.15795157531578508,,0,1.7278759594743862,4795.484949832776
1.2,60,0.5,0.3,0.4,false,NO_DILUTE_CONNECTED_ROOT;ACTUAL_LOADING_EXCEEDS_DESIGN_FLOOD_FRACTION,0.7475722922968765,0.22918311805232924,0.000739339845350028,0.9840495694499078,0.0007275470564938565,0.00013273916660281937,11.203256691247613,0.1578872470665031,,0,1.8849555921538759,5231.4381270903
1.2,65,0.5,0.3,0.4,false,NO_DILUTE_CONNECTED_ROOT;ACTUAL_LOADING_EXCEEDS_DESIGN_FLOOD_FRACTION,0.6791077223367801,0.29138617497741154,0.0006107128445786933,0.9698137203424932,0.0005922776958618095,0.00010801404974856257,13.767754842035798,0.15783949807076242,,0,2.0420352248333655,5667.391304347826
1.2,70,0.5,0.3,0.4,false,NO_DILUTE_CONNECTED_ROOT;ACTUAL_LOADING_EXCEEDS_DESIGN_FLOOD_FRACTION,0.6213224540815074,0.36393430320346726,0.0005115844018360629,0.9568461881327597,0.0004895075848050148,0.00008924320251272209,16.66357677181825,0.15780325329762612,,0,2.199114857512855,6103.344481605352
1.3,30,0.33,0.2,0.2,true,,3.1445255772185594,0.006315791523235078,0.011966849782320928,0.8920105576585656,0.010674556347744377,0.0020127905550491585,0.6295360068042041,0.16177027443785763,0.054145836398521933,2,0.6738716241950107,1337.22097826087
1.3,35,0.33,0.2,0.2,false,ACTUAL_LOADING_EXCEEDS_DESIGN_FLOOD_FRACTION,2.6134788149473356,0.010029243020692743,0.008499024346529636,0.8603450429567013,0.00731209346650509,0.0013642295775051446,0.9288203022808941,0.1604882898491513,0.1090291656109594,2,0.7861835615608458,1560.0911413043482
1.3,40,0.33,0.2,0.2,false,NO_DILUTE_CONNECTED_ROOT;ACTUAL_LOADING_EXCEEDS_DESIGN_FLOOD_FRACTION,2.2265304947995763,0.014970765092112774,0.006279010574381395,0.8329188625457034,0.005229906345526195,0.0009691579913515889,1.3074484654372318,0.1596846021756051,,0,0.8984954989266809,1782.9613043478262
1.3,45,0.33,0.2,0.2,false,NO_DILUTE_CONNECTED_ROOT;ACTUAL_LOADING_EXCEEDS_DESIGN_FLOOD_FRACTION,1.9330612750732536,0.021315796390918386,0.0047893147346268015,0.8088154283178721,0.0038736716484362725,0.0007146032999347472,1.7731853864578713,0.15915722715080094,,0,1.0108074362925161,2005.8314673913046
1.3,50,0.33,0.2,0.2,false,NO_DILUTE_CONNECTED_ROOT;ACTUAL_LOADING_EXCEEDS_DESIGN_FLOOD_FRACTION,1.703478403648258,0.029239775570532766,0.003749993015400891,0.7873797093073205,0.0029526684103708357,0.0005430106749427037,2.3335160560012316,0.15879736266995403,,0,1.1231193736583511,2228.7016304347835
1.3,55,0.33,0.2,0.2,false,NO_DILUTE_CONNECTED_ROOT;ACTUAL_LOADING_EXCEEDS_DESIGN_FLOOD_FRACTION,1.5193765171723246,0.038918141284379114,0.0030009042955618137,0.7681285033755896,0.002305080125323274,0.0004229823962453564,2.995689985698254,0.1585434701250546,,0,1.2354313110241861,2451.571793478261
1.3,60,0.33,0.2,0.2,false,NO_DILUTE_CONNECTED_ROOT;ACTUAL_LOADING_EXCEEDS_DESIGN_FLOOD_FRACTION,1.368734256273343,0.050526332185880624,0.0024459629248119387,0.7506958251434657,0.001836174156112023,0.00033639689764651813,3.7667533126014257,0.1583591771595515,,0,1.3477432483900214,2674.44195652174
1.3,65,0.33,0.2,0.2,false,NO_DILUTE_CONNECTED_ROOT;ACTUAL_LOADING_EXCEEDS_DESIGN_FLOOD_FRACTION,1.2433820954040735,0.06423978692846048,0.002025104771218177,0.7347982390119647,0.001488043419705844,0.00027229058183049693,4.653573105762651,0.15822207925800785,,0,1.4600551857558564,2897.312119565218
1.3,70,0.33,0.2,0.2,false,NO_DILUTE_CONNECTED_ROOT;ACTUAL_LOADING_EXCEEDS_DESIGN_FLOOD_FRACTION,1.1375827272574448,0.08023394416554194,0.0016994295204640227,0.7202120421264805,0.0012239496053834192,0.00022376059528617537,5.6628564423431875,0.1581179151369302,,0,1.5723671231216916,3120.1822826086964
1.3,30,0.33,0.2,0.3,true,,3.1445255772185594,0.006315791523235078,0.011966849782320928,1.0992833557732344,0.01315495878674395,0.0024926423217720784,0.5083457492040159,0.16237191099800513,0.04072729921078798,2,0.6738716241950107,1337.22097826087
1.3,35,0.33,0.2,0.3,false,ACTUAL_LOADING_EXCEEDS_DESIGN_FLOOD_FRACTION,2.6134788149473356,0.010029243020692743,0.008499024346529636,1.0676178410713701,0.009073710024054982,0.0016990948832878393,0.7457641954090946,0.16092670997096797,0.06977327027251762,2,0.7861835615608458,1560.0911413043482
1.3,40,0.33,0.2,0.3,false,NO_DILUTE_CONNECTED_ROOT;ACTUAL_LOADING_EXCEEDS_DESIGN_FLOOD_FRACTION,2.2265304947995763,0.014970765092112774,0.006279010574381395,1.0401916606603723,0.0065313744366698205,0.0012137138940617792,1.0440056217189246,0.16001354860764866,,0,0.8984954989266809,1782.9613043478262
1.3,45,0.33,0.2,0.3,false,NO_DILUTE_CONNECTED_ROOT;ACTUAL_LOADING_EXCEEDS_DESIGN_FLOOD_FRACTION,1.9330612750732536,0.021315796390918386,0.0047893147346268015,1.0160882264325408,0.004866366314534181,0.000899685248950815,1.4084082517041883,0.15941061434677956,,0,1.0108074362925161,2005.8314673913046
1.3,50,0.33,0.2,0.3,false,NO_DILUTE_CONNECTED_ROOT;ACTUAL_LOADING_EXCEEDS_DESIGN_FLOOD_FRACTION,1.703478403648258,0.029239775570532766,0.003749993015400891,0.9946525074219892,0.0037299399555834425,0.0006871399110877735,1.8440554945396057,0.15899707966446225,,0,1.1231193736583511,2228.7016304347835
1.3,55,0.33,0.2,0.3,false,NO_DILUTE_CONNECTED_ROOT;ACTUAL_LOADING_EXCEEDS_DESIGN_FLOOD_FRACTION,1.5193765171723246,0.038918141284379114,0.0030009042955618137,0.9754013014902584,0.0029270859555387,0.0005378706620470346,2.3558156597283606,0.15870404661630955,,0,1.2354313110241861,2451.571793478261
1.3,60,0.33,0.2,0.3,false,NO_DILUTE_CONNECTED_ROOT;ACTUAL_LOADING_EXCEEDS_DESIGN_FLOOD_FRACTION,1.368734256273343,0.050526332185880624,0.0024459629248119387,0.9579686232581345,0.002343155735622533,0.0004297709275708652,2.9483709745581335,0.15849050314309704,,0,1.3477432483900214,2674.44195652174
1.3,65,0.33,0.2,0.3,false,NO_DILUTE_CONNECTED_ROOT;ACTUAL_LOADING_EXCEEDS_DESIGN_FLOOD_FRACTION,1.2433820954040735,0.06423978692846048,0.002025104771218177,0.9420710371266334,0.0019077925521116016,0.0003494319635750065,3.626239899736228,0.158331090740999,,0,1.4600551857558564,2897.312119565218
1.3,70,0.33,0.2,0.3,false,NO_DILUTE_CONNECTED_ROOT;ACTUAL_LOADING_EXCEEDS_DESIGN_FLOOD_FRACTION,1.1375827272574448,0.08023394416554194,0.0016994295204640227,0.9274848402411493,0.0015761951172886671,0.00028838945835890336,4.393794890317791,0.15820956949464288,,0,1.5723671231216916,3120.1822826086964
1.3,30,0.33,0.2,0.4,true,,3.1445255772185594,0.006315791523235078,0.011966849782320928,1.3088215197176332,0.015662470518329905,0.0029812513244453945,0.42503096540999924,0.16293602173162358,0.03270601745401695,2,0.6738716241950107,1337.22097826087
1.3,35,0.33,0.2,0.4,true,,2.6134788149473356,0.010029243020692743,0.008499024346529636,1.2771560050157689,0.010854579980945545,0.0020395095242804217,0.6212886546857047,0.16133894972798946,0.05296364586514744,2,0.7861835615608458,1560.0911413043482
1.3,40,0.33,0.2,0.4,false,ACTUAL_LOADING_EXCEEDS_DESIGN_FLOOD_FRACTION,2.2265304947995763,0.014970765092112774,0.006279010574381395,1.249729824604771,0.007847066783813163,0.0014620158568376708,0.8666965701039965,0.16032324008214038,0.09196425803918012,2,0.8984954989266809,1782.9613043478262
1.3,45,0.33,0.2,0.4,false,NO_DILUTE_CONNECTED_ROOT;ACTUAL_LOADING_EXCEEDS_DESIGN_FLOOD_FRACTION,1.9330612750732536,0.021315796390918386,0.0047893147346268015,1.2256263903769395,0.005869910530579737,0.0010874307889720111,1.1652457714175304,0.15964928176602422,,0,1.0108074362925161,2005.8314673913046
1.3,50,0.33,0.2,0.4,false,NO_DILUTE_CONNECTED_ROOT;ACTUAL_LOADING_EXCEEDS_DESIGN_FLOOD_FRACTION,1.703478403648258,0.029239775570532766,0.003749993015400891,1.204190671366388,0.004515706606834865,0.0008332441610428293,1.520711680683153,0.15918518610822763,,0,1.1231193736583511,2228.7016304347835
1.3,55,0.33,0.2,0.4,false,NO_DILUTE_CONNECTED_ROOT;ACTUAL_LOADING_EXCEEDS_DESIGN_FLOOD_FRACTION,1.5193765171723246,0.038918141284379114,0.0030009042955618137,1.184939465434657,0.0035558899318035814,0.0006542737446294542,1.936688028458939,0.158855219785548,,0,1.2354313110241861,2451.571793478261
1.3,60,0.33,0.2,0.4,false,NO_DILUTE_CONNECTED_ROOT;ACTUAL_LOADING_EXCEEDS_DESIGN_FLOOD_FRACTION,1.368734256273343,0.050526332185880624,0.0024459629248119387,1.1675067872025333,0.0028556783159636983,0.0005243391701868376,2.416611614400944,0.15861407267386785,,0,1.3477432483900214,2674.44195652174
1.3,65,0.33,0.2,0.4,false,NO_DILUTE_CONNECTED_ROOT;ACTUAL_LOADING_EXCEEDS_DESIGN_FLOOD_FRACTION,1.2433820954040735,0.06423978692846048,0.002025104771218177,1.1516092010710322,0.0023321292876677,0.0004275362888383062,2.963781465198829,0.1584335971576915,,0,1.4600551857558564,2897.312119565218
1.3,70,0.33,0.2,0.4,false,NO_DILUTE_CONNECTED_ROOT;ACTUAL_LOADING_EXCEEDS_DESIGN_FLOOD_FRACTION,1.1375827272574448,0.08023394416554194,0.0016994295204640227,1.137023004185548,0.0019322904587596083,0.0003538094778120861,3.5813741802356547,0.1582957031390292,,0,1.5723671231216916,3120.1822826086964
1.3,30,0.4,0.2,0.2,false,NO_DILUTE_CONNECTED_ROOT;ACTUAL_LOADING_EXCEEDS_DESIGN_FLOOD_FRACTION,2.140242720994382,0.016525630699026624,0.005822890317508257,0.8128117951769713,0.004732913932092491,0.0008756913439600905,1.4469985769513485,0.15950133564373925,,0,0.8168140899333463,1964.6956521739132
1.3,35,0.4,0.2,0.2,false,NO_DILUTE_CONNECTED_ROOT;ACTUAL_LOADING_EXCEEDS_DESIGN_FLOOD_FRACTION,1.7787990184235305,0.026242089489658026,0.00407833982461918,0.7815114151515039,0.0031872691278068714,0.0005866543416118956,2.1599160505269692,0.1588958010740371,,0,0.952949771588904,2292.1449275362324
1.3,40,0.4,0.2,0.2,false,NO_DILUTE_CONNECTED_ROOT;ACTUAL_LOADING_EXCEEDS_DESIGN_FLOOD_FRACTION,1.5154323180229619,0.03917186536065569,0.0029857010326616493,0.7546856244639948,0.002253265648297051,0.0004134183940039377,3.0649921409805385,0.15852790419076668,,0,1.0890854532444616,2619.594202898551
1.3,45,0.4,0.2,0.2,false,NO_DILUTE_CONNECTED_ROOT;ACTUAL_LOADING_EXCEEDS_DESIGN_FLOOD_FRACTION,1.3156898303467333,0.05577400360921486,0.0022632823081843033,0.7313140861561809,0.0016551702329232554,0.00030305656075071226,4.181147325832598,0.15829148740984805,,0,1.2252211349000195,2947.04347826087
1.3,50,0.4,0.2,0.2,false,NO_DILUTE_CONNECTED_ROOT;ACTUAL_LOADING_EXCEEDS_DESIGN_FLOOD_FRACTION,1.1594299884830956,0.07650754953253067,0.0017644415635736472,0.7106817880545186,0.0012539564853182303,0.0002292757594717338,5.526638016502054,0.15813248701805993,,0,1.3613568165555772,3274.4927536231894
1.3,55,0.4,0.2,0.2,false,NO_DILUTE_CONNECTED_ROOT;ACTUAL_LOADING_EXCEEDS_DESIGN_FLOOD_FRACTION,1.0341256420004137,0.1018315484277983,0.0014075504287882198,0.6922694820724666,0.0009744042063280992,0.00017798810757550045,7.119150519769225,0.15802147669688266,,0,1.4974924982111348,3601.942028985507
1.3,60,0.4,0.2,0.2,false,NO_DILUTE_CONNECTED_ROOT;ACTUAL_LOADING_EXCEEDS_DESIGN_FLOOD_FRACTION,0.9315947531760445,0.132205045592213,0.001144589554534976,0.6756889448366888,0.0007733865083748337,0.0001411700365437657,8.97587164798976,0.1579415237751669,,0,1.6336281798666925,3929.3913043478265
1.3,65,0.4,0.2,0.2,false,NO_DILUTE_CONNECTED_ROOT;ACTUAL_LOADING_EXCEEDS_DESIGN_FLOOD_FRACTION,0.8462769386843977,0.16808708632296981,0.0009459768152987881,0.6606428047019446,0.0006249527764420048,0.0001140162077612152,11.113543885029138,0.15788239474634908,,0,1.7697638615222502,4256.840579710146
1.3,70,0.4,0.2,0.2,false,NO_DILUTE_CONNECTED_ROOT;ACTUAL_LOADING_EXCEEDS_DESIGN_FLOOD_FRACTION,0.7742672437395987,0.2099367159172642,0.000792763369378869,0.6468985786541464,0.0005128374968602624,0.00009352498176515776,13.548509763312515,0.15783767721703285,,0,1.905899543177808,4584.289855072465
1.3,30,0.4,0.2,0.3,false,NO_DILUTE_CONNECTED_ROOT;ACTUAL_LOADING_EXCEEDS_DESIGN_FLOOD_FRACTION,2.140242720994382,0.016525630699026624,0.005822890317508257,1.02008459329164,0.00593984070131724,0.0011018789877578605,1.1499666865753113,0.15980886320439397,,0,0.8168140899333463,1964.6956521739132
1.3,35,0.4,0.2,0.3,false,NO_DILUTE_CONNECTED_ROOT;ACTUAL_LOADING_EXCEEDS_DESIGN_FLOOD_FRACTION,1.7787990184235305,0.026242089489658026,0.00407833982461918,0.9887842132661727,0.004032598034918176,0.000743642754313978,1.7039420087240769,0.15911363827089897,,0,0.952949771588904,2292.1449275362324
1.3,40,0.4,0.2,0.3,false,NO_DILUTE_CONNECTED_ROOT;ACTUAL_LOADING_EXCEEDS_DESIGN_FLOOD_FRACTION,1.5154323180229619,0.03917186536065569,0.0029857010326616493,0.9619584225786635,0.002872120255670687,0.0005276990660825536,2.401224883654873,0.1586884763317158,,0,1.0890854532444616,2619.594202898551
1.3,45,0.4,0.2,0.3,false,NO_DILUTE_CONNECTED_ROOT;ACTUAL_LOADING_EXCEEDS_DESIGN_FLOOD_FRACTION,1.3156898303467333,0.05577400360921486,0.0022632823081843033,0.9385868842708498,0.0021242870898640423,0.0003893662824686797,3.254324233020334,0.1584137522411574,,0,1.2252211349000195,2947.04347826087
1.3,50,0.4,0.2,0.3,false,NO_DILUTE_CONNECTED_ROOT;ACTUAL_LOADING_EXCEEDS_DESIGN_FLOOD_FRACTION,1.1594299884830956,0.07650754953253067,0.0017644415635736472,0.9179545861691873,0.0016196772253099611,0.0002963933043076153,4.275144242947422,0.15822809716856973,,0,1.3613568165555772,3274.4927536231894
1.3,55,0.4,0.2,0.3,false,NO_DILUTE_CONNECTED_ROOT;ACTUAL_LOADING_EXCEEDS_DESIGN_FLOOD_FRACTION,1.0341256420004137,0.1018315484277983,0.0014075504287882198,0.8995422801871353,0.0012661511221905353,0.00023143515675577218,5.4750719221800415,0.15809791945340473,,0,1.4974924982111348,3601.942028985507
1.3,60,0.4,0.2,0.3,false,NO_DILUTE_CONNECTED_ROOT;ACTUAL_LOADING_EXCEEDS_DESIGN_FLOOD_FRACTION,0.9315947531760445,0.132205045592213,0.001144589554534976,0.8829617429513577,0.0010106287880361205,0.00018457626356824965,6.865043771407411,0.15800378658804948,,0,1.6336281798666925,3929.3913043478265
1.3,65,0.4,0.2,0.3,false,NO_DILUTE_CONNECTED_ROOT;ACTUAL_LOADING_EXCEEDS_DESIGN_FLOOD_FRACTION,0.8462769386843977,0.16808708632296981,0.0009459768152987881,0.8679156028166133,0.0008210280379005877,0.00014985623566635126,8.455598280074675,0.15793391646452415,,0,1.7697638615222502,4256.840579710146
1.3,70,0.4,0.2,0.3,false,NO_DILUTE_CONNECTED_ROOT;ACTUAL_LOADING_EXCEEDS_DESIGN_FLOOD_FRACTION,0.7742672437395987,0.2099367159172642,0.000792763369378869,0.8541713767688153,0.0006771557786742334,0.0001235384828349865,10.256918326019875,0.15788090461122767,,0,1.905899543177808,4584.289855072465
1.3,30,0.4,0.2,0.4,false,ACTUAL_LOADING_EXCEEDS_DESIGN_FLOOD_FRACTION,2.140242720994382,0.016525630699026624,0.005822890317508257,1.2296227572360388,0.007159958447297537,0.0013314738478845192,0.9516703092382213,0.16009820623675097,0.11715838486332657,2,0.8168140899333463,1964.6956521739132
1.3,35,0.4,0.2,0.4,false,NO_DILUTE_CONNECTED_ROOT;ACTUAL_LOADING_EXCEEDS_DESIGN_FLOOD_FRACTION,1.7787990184235305,0.026242089489658026,0.00407833982461918,1.1983223772105713,0.0048871658737102,0.0009028195102863463,1.403518769944363,0.15931864177880756,,0,0.952949771588904,2292.1449275362324
1.3,40,0.4,0.2,0.4,false,NO_DILUTE_CONNECTED_ROOT;ACTUAL_LOADING_EXCEEDS_DESIGN_FLOOD_FRACTION,1.5154323180229619,0.03917186536065569,0.0029857010326616493,1.1714965865230622,0.003497738568141504,0.0006434865763708125,1.9691539421153021,0.15883951047040878,,0,1.0890854532444616,2619.594202898551
1.3,45,0.4,0.2,0.4,false,NO_DILUTE_CONNECTED_ROOT;ACTUAL_LOADING_EXCEEDS_DESIGN_FLOOD_FRACTION,1.3156898303467333,0.05577400360921486,0.0022632823081843033,1.1481250482152485,0.0025985311092088224,0.00047676915074952646,2.6577309512723826,0.1585286498454737,,0,1.2252211349000195,2947.04347826087
1.3,50,0.4,0.2,0.4,false,NO_DILUTE_CONNECTED_ROOT;ACTUAL_LOADING_EXCEEDS_DESIGN_FLOOD_FRACTION,1.1594299884830956,0.07650754953253067,0.0017644415635736472,1.127492750113586,0.0019893950709283675,0.00036433615202643104,3.4778984229567764,0.15831785670051712,,0,1.3613568165555772,3274.4927536231894
1.3,55,0.4,0.2,0.4,false,NO_DILUTE_CONNECTED_ROOT;ACTUAL_LOADING_EXCEEDS_DESIGN_FLOOD_FRACTION,1.0341256420004137,0.1018315484277983,0.0014075504287882198,1.109080444131534,0.00156108665469797,0.0002855250377508319,4.437873955084252,0.158169606586133,,0,1.4974924982111348,3601.942028985507
1.3,60,0.4,0.2,0.4,false,NO_DILUTE_CONNECTED_ROOT;ACTUAL_LOADING_EXCEEDS_DESIGN_FLOOD_FRACTION,0.9315947531760445,0.132205045592213,0.001144589554534976,1.0924999068957564,0.0012504639817633165,0.0002284958437536797,5.545501868842895,0.1580621230824773,,0,1.6336281798666925,3929.3913043478265
1.3,65,0.4,0.2,0.4,false,NO_DILUTE_CONNECTED_ROOT;ACTUAL_LOADING_EXCEEDS_DESIGN_FLOOD_FRACTION,0.8462769386843977,0.16808708632296981,0.0009459768152987881,1.077453766761012,0.0010192462829122654,0.00018611464843022138,6.808298751583428,0.15798214386517723,,0,1.7697638615222502,4256.840579710146
1.3,70,0.4,0.2,0.4,false,NO_DILUTE_CONNECTED_ROOT;ACTUAL_LOADING_EXCEEDS_DESIGN_FLOOD_FRACTION,0.7742672437395987,0.2099367159172642,0.000792763369378869,1.063709540713214,0.0008432699595362568,0.00015389878373291816,8.23349020586076,0.15792131669138282,,0,1.905899543177808,4584.289855072465
1.3,30,0.5,0.2,0.2,false,NO_DILUTE_CONNECTED_ROOT;ACTUAL_LOADING_EXCEEDS_DESIGN_FLOOD_FRACTION,1.3697553414364045,0.050432222592244336,0.0024495450477990378,0.723060306905797,0.0017711687940411476,0.000324438543662174,3.9055906066397426,0.15834188939779198,,0,1.0210176124166828,3069.8369565217395
1.3,35,0.5,0.2,0.2,false,NO_DILUTE_CONNECTED_ROOT;ACTUAL_LOADING_EXCEEDS_DESIGN_FLOOD_FRACTION,1.1384313717910595,0.08008450161638803,0.0017019330114741787,0.6931857792438036,0.001179755760779482,0.00021565874321080347,5.87559822381172,0.15810608482199828,,0,1.19118721448613,3581.476449275363
1.3,40,0.5,0.2,0.2,false,NO_DILUTE_CONNECTED_ROOT;ACTUAL_LOADING_EXCEEDS_DESIGN_FLOOD_FRACTION,0.9698766835346955,0.11954304614457915,0.0012396859519380316,0.6678467577871561,0.0008279202436760986,0.00015115614583065755,8.382881963518987,0.1579653868128082,,0,1.361356816555577,4093.1159420289855
1.3,45,0.5,0.2,0.2,false,NO_DILUTE_CONNECTED_ROOT;ACTUAL_LOADING_EXCEEDS_DESIGN_FLOOD_FRACTION,0.8420414914219092,0.17020875124882467,0.0009365986475755369,0.6459598560323975,0.000605005127548032,0.0001103707740046383,11.480612870447157,0.15787604429595792,,0,1.5315264186250241,4604.75543478261
1.3,50,0.5,0.2,0.2,false,NO_DILUTE_CONNECTED_ROOT;ACTUAL_LOADING_EXCEEDS_DESIGN_FLOOD_FRACTION,0.7420351926291813,0.23348251200113118,0.000728488022323673,0.6267787937538101,0.0004566008438961304,0.00008325360739710986,15.220050736238163,0.15781643543872947,,0,1.7016960206944713,5116.394927536233
1.3,55,0.5,0.2,0.2,false,NO_DILUTE_CONNECTED_ROOT;ACTUAL_LOADING_EXCEEDS_DESIGN_FLOOD_FRACTION,0.6618404108802647,0.3107652234735056,0.000580184437843961,0.6097691713904548,0.00035377858391774896,0.00006448207386266278,19.650796766519182,0.15777507323847362,,0,1.8718656227639183,5628.034420289856
1.3,60,0.5,0.2,0.2,false,NO_DILUTE_CONNECTED_ROOT;ACTUAL_LOADING_EXCEEDS_DESIGN_FLOOD_FRACTION,0.5962206420326684,0.4034577807379547,0.00047122509212155905,0.594536128114597,0.000280160341740396,0.000051050509705266866,24.8209887790432,0.15774540319959313,,0,2.0420352248333655,6139.673913043479
1.3,65,0.5,0.2,0.2,false,NO_DILUTE_CONNECTED_ROOT;ACTUAL_LOADING_EXCEEDS_DESIGN_FLOOD_FRACTION,0.5416172407580144,0.5129610788664852,0.00038910360243455587,0.580780259683064,0.00022598369126555705,0.00004117052755082811,30.777456688999308,0.15772353323715033,,0,2.2122048269028123,6651.313405797102
1.3,70,0.5,0.2,0.2,false,NO_DILUTE_CONNECTED_ROOT;ACTUAL_LOADING_EXCEEDS_DESIGN_FLOOD_FRACTION,0.4955310359933431,0.6406760129311042,0.00032585597003360087,0.5682695559359725,0.00018517402739007992,0.0000337307461808889,37.5658493222658,0.1577070424862767,,0,2.38237442897226,7162.952898550726
1.3,30,0.5,0.2,0.3,false,NO_DILUTE_CONNECTED_ROOT;ACTUAL_LOADING_EXCEEDS_DESIGN_FLOOD_FRACTION,1.3697553414364045,0.050432222592244336,0.0024495450477990378,0.930333105020466,0.0022788928502063847,0.00041792705346888146,3.0319265480458157,0.1584748422669056,,0,1.0210176124166828,3069.8369565217395
1.3,35,0.5,0.2,0.3,false,NO_DILUTE_CONNECTED_ROOT;ACTUAL_LOADING_EXCEEDS_DESIGN_FLOOD_FRACTION,1.1384313717910595,0.08008450161638803,0.0017019330114741787,0.9004585773584725,0.0015325201782714598,0.0002803721716094062,4.519436152615491,0.15819888433393797,,0,1.19118721448613,3581.476449275363
1.3,40,0.5,0.2,0.3,false,NO_DILUTE_CONNECTED_ROOT;ACTUAL_LOADING_EXCEEDS_DESIGN_FLOOD_FRACTION,0.9698766835346955,0.11954304614457915,0.0012396859519380316,0.8751195559018248,0.0010848734197177411,0.00019818721392460747,6.393571530002396,0.15803318119557636,,0,1.361356816555577,4093.1159420289855
1.3,45,0.5,0.2,0.3,false,NO_DILUTE_CONNECTED_ROOT;ACTUAL_LOADING_EXCEEDS_DESIGN_FLOOD_FRACTION,0.8420414914219092,0.17020875124882467,0.0009365986475755369,0.8532326541470663,0.0007991365499414281,0.00014585210547271465,8.687732854126763,0.15792735782993694,,0,1.5315264186250241,4604.75543478261
1.3,50,0.5,0.2,0.3,false,NO_DILUTE_CONNECTED_ROOT;ACTUAL_LOADING_EXCEEDS_DESIGN_FLOOD_FRACTION,0.7420351926291813,0.23348251200113118,0.000728488022323673,0.834051591868479,0.0006075965946761795,0.00011082432643093345,11.433628061331337,0.15785641819550839,,0,1.7016960206944713,5116.394927536233
1.3,55,0.5,0.2,0.3,false,NO_DILUTE_CONNECTED_ROOT;ACTUAL_LOADING_EXCEEDS_DESIGN_FLOOD_FRACTION,0.6618404108802647,0.3107652234735056,0.000580184437843961,0.8170419695051236,0.00047403503577225293,0.00008642519089330984,14.66151379547549,0.15780694215037322,,0,1.8718656227639183,5628.034420289856
1.3,60,0.5,0.2,0.3,false,NO_DILUTE_CONNECTED_ROOT;ACTUAL_LOADING_EXCEEDS_DESIGN_FLOOD_FRACTION,0.5962206420326684,0.4034577807379547,0.00047122509212155905,0.8018089262292658,0.00037783248512627415,0.00006886401441534526,18.400381379400187,0.1577713169815972,,0,2.0420352248333655,6139.673913043479
1.3,65,0.5,0.2,0.3,false,NO_DILUTE_CONNECTED_ROOT;ACTUAL_LOADING_EXCEEDS_DESIGN_FLOOD_FRACTION,0.5416172407580144,0.5129610788664852,0.00038910360243455587,0.7880530577977328,0.0003066342836986651,0.000055874340395458925,22.67810446782201,0.15774495472581263,,0,2.2122048269028123,6651.313405797102
1.3,70,0.5,0.2,0.3,false,NO_DILUTE_CONNECTED_ROOT;ACTUAL_LOADING_EXCEEDS_DESIGN_FLOOD_FRACTION,0.4955310359933431,0.6406760129311042,0.00032585597003360087,0.7755423540506412,0.000252715106081314,0.000046041146588878936,27.521558919319656,0.15772499174367355,,0,2.38237442897226,7162.952898550726
1.3,30,0.5,0.2,0.4,false,NO_DILUTE_CONNECTED_ROOT;ACTUAL_LOADING_EXCEEDS_DESIGN_FLOOD_FRACTION,1.3697553414364045,0.050432222592244336,0.0024495450477990378,1.1398712689648647,0.0027921660220212893,0.0005126133060508736,2.4718908260900876,0.15859967655266066,,0,1.0210176124166828,3069.8369565217395
1.3,35,0.5,0.2,0.4,false,NO_DILUTE_CONNECTED_ROOT;ACTUAL_LOADING_EXCEEDS_DESIGN_FLOOD_FRACTION,1.1384313717910595,0.08008450161638803,0.0017019330114741787,1.1099967413028713,0.0018891400966521206,0.00034587878135096536,3.663491942493882,0.1582858920999337,,0,1.19118721448613,3581.476449275363
1.3,40,0.5,0.2,0.4,false,NO_DILUTE_CONNECTED_ROOT;ACTUAL_LOADING_EXCEEDS_DESIGN_FLOOD_FRACTION,0.9698766835346955,0.11954304614457915,0.0012396859519380316,1.0846577198462235,0.0013446349379545002,0.00024577817789365525,5.155559941969834,0.15809664654338418,,0,1.361356816555577,4093.1159420289855
1.3,45,0.5,0.2,0.4,false,NO_DILUTE_CONNECTED_ROOT;ACTUAL_LOADING_EXCEEDS_DESIGN_FLOOD_FRACTION,0.8420414914219092,0.17020875124882467,0.0009365986475755369,1.062770818091465,0.000995389710907213,0.00018174751702944192,6.971892377234507,0.15797533467147262,,0,1.5315264186250241,4604.75543478261
1.3,50,0.5,0.2,0.4,false,NO_DILUTE_CONNECTED_ROOT;ACTUAL_LOADING_EXCEEDS_DESIGN_FLOOD_FRACTION,0.7420351926291813,0.23348251200113118,0.000728488022323673,1.0435897558128777,0.000760242637329368,0.0001387123229367279,9.134906702823004,0.157893723756162,,0,1.7016960206944713,5116.394927536233
1.3,55,0.5,0.2,0.4,false,NO_DILUTE_CONNECTED_ROOT;ACTUAL_LOADING_EXCEEDS_DESIGN_FLOOD_FRACTION,0.6618404108802647,0.3107652234735056,0.000580184437843961,1.0265801334495224,0.0005956058176271896,0.00010861826462778733,11.665847662923369,0.15783664177107248,,0,1.8718656227639183,5628.034420289856
1.3,60,0.5,0.2,0.4,false,NO_DILUTE_CONNECTED_ROOT;ACTUAL_LOADING_EXCEEDS_DESIGN_FLOOD_FRACTION,0.5962206420326684,0.4034577807379547,0.00047122509212155905,1.0113470901736645,0.0004765721257339558,0.00008687890114129652,14.584946539529346,0.15779542655228435,,0,2.0420352248333655,6139.673913043479
1.3,65,0.5,0.2,0.4,false,NO_DILUTE_CONNECTED_ROOT;ACTUAL_LOADING_EXCEEDS_DESIGN_FLOOD_FRACTION,0.5416172407580144,0.5129610788664852,0.00038910360243455587,0.9975912217421316,0.00038816633813695323,0.00007074342276199968,17.911546813642573,0.15776484224998938,,0,2.2122048269028123,6651.313405797102
1.3,70,0.5,0.2,0.4,false,NO_DILUTE_CONNECTED_ROOT;ACTUAL_LOADING_EXCEEDS_DESIGN_FLOOD_FRACTION,0.4955310359933431,0.6406760129311042,0.00032585597003360087,0.9850805179950399,0.0003209943677524757,0.000058489295960530906,21.664205522561453,0.1577416451069385,,0,2.38237442897226,7162.952898550726
1.3,30,0.33,0.25,0.2,true,,3.4381050066753676,0.005052633218588062,0.0140670467417338,0.8669806429493057,0.012195857228546306,0.0023116874244824017,0.5481381760955767,0.1624136476045011,0.04496056653138558,2,0.6738716241950107,1337.22097826087
1.3,35,0.33,0.25,0.2,false,ACTUAL_LOADING_EXCEEDS_DESIGN_FLOOD_FRACTION,2.857478617317639,0.008023394416554194,0.010035840035778414,0.8353575987583242,0.00838351523381051,0.0015701407572191572,0.8070130800266858,0.16094882149250123,0.08012696358654918,2,0.7861835615608458,1560.0911413043482
1.3,40,0.33,0.25,0.2,false,NO_DILUTE_CONNECTED_ROOT;ACTUAL_LOADING_EXCEEDS_DESIGN_FLOOD_FRACTION,2.434403999492018,0.011976612073690218,0.007437110159991885,0.807960612702284,0.0060088920816014245,0.0011167102662303144,1.1346937221561537,0.1600229092743507,,0,0.8984954989266809,1782.9613043478262
1.3,45,0.33,0.25,0.2,false,NO_DILUTE_CONNECTED_ROOT;ACTUAL_LOADING_EXCEEDS_DESIGN_FLOOD_FRACTION,2.11353588477353,0.01705263711273471,0.005684727115799196,0.7838782222707653,0.004456133785627089,0.0008238522260661025,1.5380478300209097,0.15941203920698116,,0,1.0108074362925161,2005.8314673913046
1.3,50,0.33,0.25,0.2,false,NO_DILUTE_CONNECTED_ROOT;ACTUAL_LOADING_EXCEEDS_DESIGN_FLOOD_FRACTION,1.8625186803304439,0.02339182045642621,0.004457849565170866,0.7624582397299029,0.0033989241324408914,0.0006261409575665098,2.0237042685780042,0.15899369559533066,,0,1.1231193736583511,2228.7016304347835
1.3,55,0.33,0.25,0.2,false,NO_DILUTE_CONNECTED_ROOT;ACTUAL_LOADING_EXCEEDS_DESIGN_FLOOD_FRACTION,1.6612286599162476,0.031134513027503283,0.0035713197447434994,0.7432191513634623,0.0026542732299358403,0.00048771325219810357,2.598092471032904,0.15869782544567196,,0,1.2354313110241861,2451.571793478261
1.3,60,0.33,0.25,0.2,false,NO_DILUTE_CONNECTED_ROOT;ACTUAL_LOADING_EXCEEDS_DESIGN_FLOOD_FRACTION,1.496522125116233,0.04042106574870449,0.0029133091423963315,0.7257960298782983,0.0021144682093594074,0.00038779969388314623,3.2674706776346274,0.15848269133122694,,0,1.3477432483900214,2674.44195652174
1.3,65,0.33,0.25,0.2,false,NO_DILUTE_CONNECTED_ROOT;ACTUAL_LOADING_EXCEEDS_DESIGN_FLOOD_FRACTION,1.3594668265349368,0.05139182954276838,0.0024135643678780835,0.7099061323079634,0.0017134041454766448,0.0003138040450065916,4.037947084245674,0.15832246428168412,,0,1.4600551857558564,2897.312119565218
1.3,70,0.33,0.25,0.2,false,NO_DILUTE_CONNECTED_ROOT;ACTUAL_LOADING_EXCEEDS_DESIGN_FLOOD_FRACTION,1.2437898099562503,0.06418715533243355,0.0020264124501127804,0.695326225864251,0.0014090177209812494,0.0002577815258529662,4.915496269044543,0.15820062760745413,,0,1.5723671231216916,3120.1822826086964
1.3,30,0.33,0.25,0.3,true,,3.4381050066753676,0.005052633218588062,0.0140670467417338,1.0742534410639744,0.015111573367915304,0.0028806376359571386,0.4398762665398011,0.1631209373253984,0.034154588612226616,2,0.6738716241950107,1337.22097826087
1.3,35,0.33,0.25,0.3,true,,2.857478617317639,0.008023394416554194,0.010035840035778414,1.042630396872993,0.010463671879457521,0.001968162969189564,0.643810572800601,0.1614689347788134,0.05580179593084999,2,0.7861835615608458,1560.0911413043482
1.3,40,0.33,0.25,0.3,false,ACTUAL_LOADING_EXCEEDS_DESIGN_FLOOD_FRACTION,2.434403999492018,0.011976612073690218,0.007437110159991885,1.0152334108169527,0.007550402714349974,0.0014078323495597806,0.9000532833011585,0.16041547475234436,0.10035043994466653,2,0.8984954989266809,1782.9613043478262
1.3,45,0.33,0.25,0.3,false,NO_DILUTE_CONNECTED_ROOT;ACTUAL_LOADING_EXCEEDS_DESIGN_FLOOD_FRACTION,2.11353588477353,0.01705263711273471,0.005684727115799196,0.9911510203854341,0.00563442308143712,0.0010443951707821302,1.2132611907903945,0.1597156730387821,,0,1.0108074362925161,2005.8314673913046
1.3,50,0.33,0.25,0.3,false,NO_DILUTE_CONNECTED_ROOT;ACTUAL_LOADING_EXCEEDS_DESIGN_FLOOD_FRACTION,1.8625186803304439,0.02339182045642621,0.004457849565170866,0.9697310378445717,0.004322915085388116,0.0007980024767070798,1.5878699196368335,0.15923371114278934,,0,1.1231193736583511,2228.7016304347835
1.3,55,0.33,0.25,0.3,false,NO_DILUTE_CONNECTED_ROOT;ACTUAL_LOADING_EXCEEDS_DESIGN_FLOOD_FRACTION,1.6612286599162476,0.031134513027503283,0.0035713197447434994,0.950491949478131,0.00339451066639099,0.0006247747459903797,2.0281295565976283,0.15889119730638646,,0,1.2354313110241861,2451.571793478261
1.3,60,0.33,0.25,0.3,false,NO_DILUTE_CONNECTED_ROOT;ACTUAL_LOADING_EXCEEDS_DESIGN_FLOOD_FRACTION,1.496522125116233,0.04042106574870449,0.0029133091423963315,0.9330688279929671,0.0027183179470769412,0.0004992352617649775,2.538130267639994,0.15864109365839307,,0,1.3477432483900214,2674.44195652174
1.3,65,0.33,0.25,0.3,false,NO_DILUTE_CONNECTED_ROOT;ACTUAL_LOADING_EXCEEDS_DESIGN_FLOOD_FRACTION,1.3594668265349368,0.05139182954276838,0.0024135643678780835,0.9171789304226321,0.0022136703854365967,0.0004058925268054394,3.1218217751672186,0.1584541145389689,,0,1.4600551857558564,2897.312119565218
1.3,70,0.33,0.25,0.3,false,NO_DILUTE_CONNECTED_ROOT;ACTUAL_LOADING_EXCEEDS_DESIGN_FLOOD_FRACTION,1.2437898099562503,0.06418715533243355,0.0020264124501127804,0.9025990239789197,0.0018290378996505268,0.00033494964383390044,3.7830287384548593,0.15831142963147532,,0,1.5723671231216916,3120.1822826086964
1.3,30,0.33,0.25,0.4,true,,3.4381050066753676,0.005052633218588062,0.0140670467417338,1.283791605008373,0.018059156514298243,0.0034605580817902077,0.3661617862236137,0.16378115414541355,0.027551922599099225,2,0.6738716241950107,1337.22097826087
1.3,35,0.33,0.25,0.4,true,,2.857478617317639,0.008023394416554194,0.010035840035778414,1.2521685608173918,0.012566563374194218,0.0023731404104833454,0.533944019056498,0.1619561681229575,0.04327803080521543,2,0.7861835615608458,1560.0911413043482
1.3,40,0.33,0.25,0.4,false,ACTUAL_LOADING_EXCEEDS_DESIGN_FLOOD_FRACTION,2.434403999492018,0.011976612073690218,0.007437110159991885,1.2247715747613515,0.009108761122326907,0.0017036349182138109,0.7437768004235267,0.1607838829063049,0.06939176424767715,2,0.8984954989266809,1782.9613043478262
1.3,45,0.33,0.25,0.4,false,ACTUAL_LOADING_EXCEEDS_DESIGN_FLOOD_FRACTION,2.11353588477353,0.01705263711273471,0.005684727115799196,1.2006891843298328,0.0068255903638066205,0.0012682512280878832,0.999111296323586,0.16000082895452705,0.15379931426641572,2,1.0108074362925161,2005.8314673913046
1.3,50,0.33,0.25,0.4,false,NO_DILUTE_CONNECTED_ROOT;ACTUAL_LOADING_EXCEEDS_DESIGN_FLOOD_FRACTION,1.8625186803304439,0.02339182045642621,0.004457849565170866,1.1792692017889705,0.005257004698414356,0.0009723090766893651,1.303211251378339,0.159459149878743,,0,1.1231193736583511,2228.7016304347835
1.3,55,0.33,0.25,0.4,false,NO_DILUTE_CONNECTED_ROOT;ACTUAL_LOADING_EXCEEDS_DESIGN_FLOOD_FRACTION,1.6612286599162476,0.031134513027503283,0.0035713197447434994,1.1600301134225297,0.004142838448562921,0.0007637033201893241,1.6591837367483768,0.15907278279884707,,0,1.2354313110241861,2451.571793478261
1.3,60,0.33,0.25,0.4,false,NO_DILUTE_CONNECTED_ROOT;ACTUAL_LOADING_EXCEEDS_DESIGN_FLOOD_FRACTION,1.496522125116233,0.04042106574870449,0.0029133091423963315,1.1426069919373658,0.0033287673957770993,0.0006121369630826802,2.070001004640716,0.15878977168580122,,0,1.3477432483900214,2674.44195652174
1.3,65,0.33,0.25,0.4,false,NO_DILUTE_CONNECTED_ROOT;ACTUAL_LOADING_EXCEEDS_DESIGN_FLOOD_FRACTION,1.3594668265349368,0.05139182954276838,0.0024135643678780835,1.1267170943670308,0.0027194042316433936,0.0004991591760659109,2.5385171490697966,0.15857760741937976,,0,1.4600551857558564,2897.312119565218
1.3,70,0.33,0.25,0.4,false,NO_DILUTE_CONNECTED_ROOT;ACTUAL_LOADING_EXCEEDS_DESIGN_FLOOD_FRACTION,1.2437898099562503,0.06418715533243355,0.0020264124501127804,1.1121371879233184,0.0022536486438412295,0.0004130829126706361,3.06748134500829,0.15841529800649895,,0,1.5723671231216916,3120.1822826086964
1.3,30,0.4,0.25,0.2,false,NO_DILUTE_CONNECTED_ROOT;ACTUAL_LOADING_EXCEEDS_DESIGN_FLOOD_FRACTION,2.340060220168423,0.013220504559221297,0.0069013110891172165,0.7878414086491625,0.005437138649976194,0.0010086348206914228,1.2562764070451649,0.15981007153487142,,0,0.8168140899333463,1964.6956521739132
1.3,35,0.4,0.25,0.2,false,NO_DILUTE_CONNECTED_ROOT;ACTUAL_LOADING_EXCEEDS_DESIGN_FLOOD_FRACTION,1.9448713839118188,0.02099367159172642,0.004845839388422813,0.7565704645903053,0.0036662189574290485,0.0006760447749323197,1.8743198313835343,0.15910766327452308,,0,0.952949771588904,2292.1449275362324
1.3,40,0.4,0.25,0.2,false,NO_DILUTE_CONNECTED_ROOT;ACTUAL_LOADING_EXCEEDS_DESIGN_FLOOD_FRACTION,1.656916222154255,0.03133749228852455,0.0035533070563256116,0.7297649082734188,0.002593078798026752,0.00047639212558792354,2.6598343265961537,0.15867923597007466,,0,1.0890854532444616,2619.594202898551
1.3,45,0.4,0.25,0.2,false,NO_DILUTE_CONNECTED_ROOT;ACTUAL_LOADING_EXCEEDS_DESIGN_FLOOD_FRACTION,1.4385253615739841,0.04461920288737188,0.002696463294747069,0.7064079552501408,0.0019048031224493346,0.0003491045609581825,3.629640715896139,0.1584032782986769,,0,1.2252211349000195,2947.04347826087
1.3,50,0.4,0.25,0.2,false,NO_DILUTE_CONNECTED_ROOT;ACTUAL_LOADING_EXCEEDS_DESIGN_FLOOD_FRACTION,1.2676767767999086,0.061206039626024535,0.0021037268315423165,0.6857865639679799,0.0014427075953306505,0.000263984016092926,4.800003224865022,0.1582174254564518,,0,1.3613568165555772,3274.4927536231894
1.3,55,0.4,0.25,0.2,false,NO_DILUTE_CONNECTED_ROOT;ACTUAL_LOADING_EXCEEDS_DESIGN_FLOOD_FRACTION,1.130673756655496,0.08146523874223863,0.0016791139938781559,0.6673826565721436,0.0011206115579218657,0.0002048138782739846,6.186710291495977,0.1580875662331805,,0,1.4974924982111348,3601.942028985507
1.3,60,0.4,0.25,0.2,false,NO_DILUTE_CONNECTED_ROOT;ACTUAL_LOADING_EXCEEDS_DESIGN_FLOOD_FRACTION,1.0185703714072363,0.10576403647377038,0.0013659621534046463,0.650808743040168,0.000888980112097719,0.00016234494287945176,7.805134586174082,0.15799398633759787,,0,1.6336281798666925,3929.3913043478265
1.3,65,0.4,0.25,0.2,false,NO_DILUTE_CONNECTED_ROOT;ACTUAL_LOADING_EXCEEDS_DESIGN_FLOOD_FRACTION,0.9252871088103416,0.13446966905837585,0.001129275037783392,0.6357679317848051,0.0007179568551877547,0.0001310328341410659,9.670279490365889,0.15792476513515763,,0,1.7697638615222502,4256.840579710146
1.3,70,0.4,0.25,0.2,false,NO_DILUTE_CONNECTED_ROOT;ACTUAL_LOADING_EXCEEDS_DESIGN_FLOOD_FRACTION,0.8465544394014731,0.16794937273381136,0.0009465928550193313,0.6220280655911765,0.0005888073225101036,0.00010741238163983992,11.796816244216679,0.15787241980752814,,0,1.905899543177808,4584.289855072465
1.3,30,0.4,0.25,0.3,false,ACTUAL_LOADING_EXCEEDS_DESIGN_FLOOD_FRACTION,2.340060220168423,0.013220504559221297,0.0069013110891172165,0.9951142067638313,0.006867592710077312,0.001277960451462996,0.9915206116967659,0.16017762396598717,0.14141913568450087,2,0.8168140899333463,1964.6956521739132
1.3,35,0.4,0.25,0.3,false,NO_DILUTE_CONNECTED_ROOT;ACTUAL_LOADING_EXCEEDS_DESIGN_FLOOD_FRACTION,1.9448713839118188,0.02099367159172642,0.004845839388422813,0.9638432627049741,0.00467062964668172,0.0008631923784763781,1.4679510155030182,0.15936927215149332,,0,0.952949771588904,2292.1449275362324
1.3,40,0.4,0.25,0.3,false,NO_DILUTE_CONNECTED_ROOT;ACTUAL_LOADING_EXCEEDS_DESIGN_FLOOD_FRACTION,1.656916222154255,0.03133749228852455,0.0035533070563256116,0.9370377063880876,0.0033295826941519583,0.0006127262343731113,2.068010242543764,0.15887265812519463,,0,1.0890854532444616,2619.594202898551
1.3,45,0.4,0.25,0.3,false,NO_DILUTE_CONNECTED_ROOT;ACTUAL_LOADING_EXCEEDS_DESIGN_FLOOD_FRACTION,1.4385253615739841,0.04461920288737188,0.002696463294747069,0.9136807533648096,0.0024637066145650585,0.0004521194369843309,2.8026313953911686,0.15855085751156783,,0,1.2252211349000195,2947.04347826087
1.3,50,0.4,0.25,0.3,false,NO_DILUTE_CONNECTED_ROOT;ACTUAL_LOADING_EXCEEDS_DESIGN_FLOOD_FRACTION,1.2676767767999086,0.061206039626024535,0.0021037268315423165,0.8930593620826487,0.0018787529421733329,0.0003441188198990114,3.6822285073822116,0.15833300252281723,,0,1.3613568165555772,3274.4927536231894
1.3,55,0.4,0.25,0.3,false,NO_DILUTE_CONNECTED_ROOT;ACTUAL_LOADING_EXCEEDS_DESIGN_FLOOD_FRACTION,1.130673756655496,0.08146523874223863,0.0016791139938781559,0.8746554546868124,0.001468646213786488,0.0002686422042953986,4.7167723771561105,0.15818007624008845,,0,1.4974924982111348,3601.942028985507
1.3,60,0.4,0.25,0.3,false,NO_DILUTE_CONNECTED_ROOT;ACTUAL_LOADING_EXCEEDS_DESIGN_FLOOD_FRACTION,1.0185703714072363,0.10576403647377038,0.0013659621534046463,0.8580815411548368,0.0011721069097526385,0.00021419146449594846,5.915847914578469,0.15806940096668803,,0,1.6336281798666925,3929.3913043478265
1.3,65,0.4,0.25,0.3,false,NO_DILUTE_CONNECTED_ROOT;ACTUAL_LOADING_EXCEEDS_DESIGN_FLOOD_FRACTION,0.9252871088103416,0.13446966905837585,0.001129275037783392,0.843040729899474,0.0009520248521101668,0.00017384777590415712,7.288699104539795,0.1579872239329801,,0,1.7697638615222502,4256.840579710146
1.3,70,0.4,0.25,0.3,false,NO_DILUTE_CONNECTED_ROOT;ACTUAL_LOADING_EXCEEDS_DESIGN_FLOOD_FRACTION,0.8465544394014731,0.16794937273381136,0.0009465928550193313,0.8293008637058454,0.0007850102722453136,0.00014327070660570036,8.844265227546867,0.15792484378334204,,0,1.905899543177808,4584.289855072465
1.3,30,0.4,0.25,0.4,false,ACTUAL_LOADING_EXCEEDS_DESIGN_FLOOD_FRACTION,2.340060220168423,0.013220504559221297,0.0069013110891172165,1.2046523707082302,0.008313680764500052,0.0015515394087364691,0.816688329941149,0.16052233843632552,0.0816854775025262,2,0.8168140899333463,1964.6956521739132
1.3,35,0.4,0.25,0.4,false,NO_DILUTE_CONNECTED_ROOT;ACTUAL_LOADING_EXCEEDS_DESIGN_FLOOD_FRACTION,1.9448713839118188,0.02099367159172642,0.004845839388422813,1.1733814266493727,0.005686017934901285,0.0010530541562651817,1.2032848652845312,0.1596147558032655,,0,0.952949771588904,2292.1449275362324
1.3,40,0.4,0.25,0.4,false,NO_DILUTE_CONNECTED_ROOT;ACTUAL_LOADING_EXCEEDS_DESIGN_FLOOD_FRACTION,1.656916222154255,0.03133749228852455,0.0035533070563256116,1.1465758703324864,0.004074136130665104,0.0007509176832586281,1.687434131341993,0.15905410597707875,,0,1.0890854532444616,2619.594202898551
1.3,45,0.4,0.25,0.4,false,NO_DILUTE_CONNECTED_ROOT;ACTUAL_LOADING_EXCEEDS_DESIGN_FLOOD_FRACTION,1.4385253615739841,0.04461920288737188,0.002696463294747069,1.1232189173092082,0.003028718582489823,0.0005564746053185148,2.2770565205461417,0.15868919622606753,,0,1.2252211349000195,2947.04347826087
1.3,50,0.4,0.25,0.4,false,NO_DILUTE_CONNECTED_ROOT;ACTUAL_LOADING_EXCEEDS_DESIGN_FLOOD_FRACTION,1.2676767767999086,0.061206039626024535,0.0021037268315423165,1.1025975260270475,0.0023195639998952774,0.0004252611425548754,2.979637690258418,0.15844124563518286,,0,1.3613568165555772,3274.4927536231894
1.3,55,0.4,0.25,0.4,false,NO_DILUTE_CONNECTED_ROOT;ACTUAL_LOADING_EXCEEDS_DESIGN_FLOOD_FRACTION,1.130673756655496,0.08146523874223863,0.0016791139938781559,1.084193618631211,0.001820484677117063,0.0003332525638657389,3.8022937133931998,0.15826661649345275,,0,1.4974924982111348,3601.942028985507
1.3,60,0.4,0.25,0.4,false,NO_DILUTE_CONNECTED_ROOT;ACTUAL_LOADING_EXCEEDS_DESIGN_FLOOD_FRACTION,1.0185703714072363,0.10576403647377038,0.0013659621534046463,1.0676197050992355,0.0014583281113945852,0.00026666076401460315,4.751820663385909,0.15813988301304122,,0,1.6336281798666925,3929.3913043478265
1.3,65,0.4,0.25,0.4,false,NO_DILUTE_CONNECTED_ROOT;ACTUAL_LOADING_EXCEEDS_DESIGN_FLOOD_FRACTION,0.9252871088103416,0.13446966905837585,0.001129275037783392,1.0525788938438727,0.0011886510701155403,0.0002171691479497071,5.834733619032803,0.1580455261802181,,0,1.7697638615222502,4256.840579710146
1.3,70,0.4,0.25,0.4,false,NO_DILUTE_CONNECTED_ROOT;ACTUAL_LOADING_EXCEEDS_DESIGN_FLOOD_FRACTION,0.8465544394014731,0.16794937273381136,0.0009465928550193313,1.0388390276502442,0.0009833576010889506,0.0001795480523526072,7.057298099064928,0.15797372840270058,,0,1.905899543177808,4584.289855072465
1.3,30,0.5,0.25,0.2,false,NO_DILUTE_CONNECTED_ROOT;ACTUAL_LOADING_EXCEEDS_DESIGN_FLOOD_FRACTION,1.4976385409077904,0.04034577807379547,0.002917560025802681,0.6981298714320783,0.0020368358057089968,0.0003734934210457339,3.3926277068310307,0.15846173350492793,,0,1.0210176124166828,3069.8369565217395
1.3,35,0.5,0.25,0.2,false,NO_DILUTE_CONNECTED_ROOT;ACTUAL_LOADING_EXCEEDS_DESIGN_FLOOD_FRACTION,1.2447176857035638,0.06406760129311041,0.002029389960700107,0.6682760318836516,0.0013561926700811871,0.00024808586230765117,5.107603136963544,0.15818626059641788,,0,1.19118721448613,3581.476449275363
1.3,40,0.5,0.25,0.2,false,NO_DILUTE_CONNECTED_ROOT;ACTUAL_LOADING_EXCEEDS_DESIGN_FLOOD_FRACTION,1.060426382178723,0.09563443691566331,0.0014792382379371983,0.6429512314975376,0.0009510780467599692,0.0001737276298258332,7.2937398030997835,0.15802171470395465,,0,1.361356816555577,4093.1159420289855
1.3,45,0.5,0.25,0.2,false,NO_DILUTE_CONNECTED_ROOT;ACTUAL_LOADING_EXCEEDS_DESIGN_FLOOD_FRACTION,0.9206562314073499,0.1361670009990597,0.0011180955342653706,0.6210745805365401,0.0006944207149436437,0.00012672880879160812,9.998706218745527,0.1579171750420486,,0,1.5315264186250241,4604.75543478261
1.3,50,0.5,0.25,0.2,false,NO_DILUTE_CONNECTED_ROOT;ACTUAL_LOADING_EXCEEDS_DESIGN_FLOOD_FRACTION,0.8113131371519415,0.18678600960090494,0.0008699296351894261,0.6019011837619767,0.0005236116772101401,0.00009549807889554545,13.268582396770816,0.15784743436504045,,0,1.7016960206944713,5116.394927536233
1.3,55,0.5,0.25,0.2,false,NO_DILUTE_CONNECTED_ROOT;ACTUAL_LOADING_EXCEEDS_DESIGN_FLOOD_FRACTION,0.7236312042595175,0.24861217877880443,0.0006929862751038347,0.5848974640723039,0.0004053259149451449,0.00007389310209540489,17.148070559046975,0.1577990332573605,,0,1.8718656227639183,5628.034420289856
1.3,60,0.5,0.25,0.2,false,NO_DILUTE_CONNECTED_ROOT;ACTUAL_LOADING_EXCEEDS_DESIGN_FLOOD_FRACTION,0.6518850377006312,0.32276622459036375,0.0005629344965440864,0.5696690760516414,0.00032068637452386563,0.00005844491355077081,21.680657076481435,0.1577643353397869,,0,2.0420352248333655,6139.673913043479
1.3,65,0.5,0.25,0.2,false,NO_DILUTE_CONNECTED_ROOT;ACTUAL_LOADING_EXCEEDS_DESIGN_FLOOD_FRACTION,0.5921837496386184,0.4103688630931881,0.00046488757121640527,0.5559169528499929,0.00025843888200845807,0.0000470896846059663,26.908741036637124,0.15773876601680525,,0,2.2122048269028123,6651.313405797102
1.3,70,0.5,0.25,0.2,false,NO_DILUTE_CONNECTED_ROOT;ACTUAL_LOADING_EXCEEDS_DESIGN_FLOOD_FRACTION,0.5417948412169428,0.5125408103448833,0.00038935808781311325,0.5434093132848726,0.000211580811120435,0.00003854517836474123,32.873738877751634,0.15771949267838015,,0,2.38237442897226,7162.952898550726
1.3,30,0.5,0.25,0.3,false,NO_DILUTE_CONNECTED_ROOT;ACTUAL_LOADING_EXCEEDS_DESIGN_FLOOD_FRACTION,1.4976385409077904,0.04034577807379547,0.002917560025802681,0.9054026695467471,0.002641566635924624,0.00048505959516306,2.612306077839574,0.15862215612857644,,0,1.0210176124166828,3069.8369565217395
1.3,35,0.5,0.25,0.3,false,NO_DILUTE_CONNECTED_ROOT;ACTUAL_LOADING_EXCEEDS_DESIGN_FLOOD_FRACTION,1.2447176857035638,0.06406760129311041,0.002029389960700107,0.8755488299983203,0.001776830005701316,0.0003253520120871576,3.8946251490198827,0.15829849045454641,,0,1.19118721448613,3581.476449275363
1.3,40,0.5,0.25,0.3,false,NO_DILUTE_CONNECTED_ROOT;ACTUAL_LOADING_EXCEEDS_DESIGN_FLOOD_FRACTION,1.060426382178723,0.09563443691566331,0.0014792382379371983,0.8502240296122064,0.0012576838954154246,0.00022989938302991723,5.511646494475245,0.15810381271549662,,0,1.361356816555577,4093.1159420289855
1.3,45,0.5,0.25,0.3,false,NO_DILUTE_CONNECTED_ROOT;ACTUAL_LOADING_EXCEEDS_DESIGN_FLOOD_FRACTION,0.9206562314073499,0.1361670009990597,0.0011180955342653706,0.828347378651209,0.0009261715048903428,0.00016911506890630626,7.492674288302963,0.15797939456112092,,0,1.5315264186250241,4604.75543478261
1.3,50,0.5,0.25,0.3,false,NO_DILUTE_CONNECTED_ROOT;ACTUAL_LOADING_EXCEEDS_DESIGN_FLOOD_FRACTION,0.8113131371519415,0.18678600960090494,0.0008699296351894261,0.8091739818766455,0.0007039244268587254,0.00012843912856410348,9.865561552190446,0.1578959418580156,,0,1.7016960206944713,5116.394927536233
1.3,55,0.5,0.25,0.3,false,NO_DILUTE_CONNECTED_ROOT;ACTUAL_LOADING_EXCEEDS_DESIGN_FLOOD_FRACTION,0.7236312042595175,0.24861217877880443,0.0006929862751038347,0.7921702621869727,0.0005489631192409784,0.0001001131821190709,12.656915919941436,0.15783773533804313,,0,1.8718656227639183,5628.034420289856
1.3,60,0.5,0.25,0.3,false,NO_DILUTE_CONNECTED_ROOT;ACTUAL_LOADING_EXCEEDS_DESIGN_FLOOD_FRACTION,0.6518850377006312,0.32276622459036375,0.0005629344965440864,0.7769418741663102,0.0004373673827778308,0.00007973216331179272,15.892258229640332,0.15779580795955445,,0,2.0420352248333655,6139.673913043479
1.3,65,0.5,0.25,0.3,false,NO_DILUTE_CONNECTED_ROOT;ACTUAL_LOADING_EXCEEDS_DESIGN_FLOOD_FRACTION,0.5921837496386184,0.4103688630931881,0.00046488757121640527,0.7631897509646617,0.00035479742970321475,0.0000646618970283067,19.59614837783312,0.15776479426578277,,0,2.2122048269028123,6651.313405797102
1.3,70,0.5,0.25,0.3,false,NO_DILUTE_CONNECTED_ROOT;ACTUAL_LOADING_EXCEEDS_DESIGN_FLOOD_FRACTION,0.5417948412169428,0.5125408103448833,0.00038935808781311325,0.7506821113995414,0.0002922841514500359,0.00005325776803314999,23.792287498232195,0.15774130463364117,,0,2.38237442897226,7162.952898550726
1.3,30,0.5,0.25,0.4,false,NO_DILUTE_CONNECTED_ROOT;ACTUAL_LOADING_EXCEEDS_DESIGN_FLOOD_FRACTION,1.4976385409077904,0.04034577807379547,0.002917560025802681,1.1149408334911457,0.00325290680692889,0.0005980966939952492,2.1185941023926307,0.15877239967716733,,0,1.0210176124166828,3069.8369565217395
1.3,35,0.5,0.25,0.4,false,NO_DILUTE_CONNECTED_ROOT;ACTUAL_LOADING_EXCEEDS_DESIGN_FLOOD_FRACTION,1.2447176857035638,0.06406760129311041,0.002029389960700107,1.085086993942719,0.002202064651993612,0.00040358601208556784,3.139663146427906,0.15840344042012783,,0,1.19118721448613,3581.476449275363
1.3,40,0.5,0.25,0.4,false,NO_DILUTE_CONNECTED_ROOT;ACTUAL_LOADING_EXCEEDS_DESIGN_FLOOD_FRACTION,1.060426382178723,0.09563443691566331,0.0014792382379371983,1.059762193556605,0.0015676407598291325,0.00028675113910939796,4.418898325894519,0.1581804806732064,,0,1.361356816555577,4093.1159420289855
1.3,45,0.5,0.25,0.4,false,NO_DILUTE_CONNECTED_ROOT;ACTUAL_LOADING_EXCEEDS_DESIGN_FLOOD_FRACTION,0.9206562314073499,0.1361670009990597,0.0011180955342653706,1.0378855425956077,0.00116045519025474,0.00021200252915975148,5.976929301650178,0.15803739707338893,,0,1.5315264186250241,4604.75543478261
1.3,50,0.5,0.25,0.4,false,NO_DILUTE_CONNECTED_ROOT;ACTUAL_LOADING_EXCEEDS_DESIGN_FLOOD_FRACTION,0.8113131371519415,0.18678600960090494,0.0008699296351894261,1.0187121458210442,0.0008862078853771384,0.00016176325020591132,7.833201465387967,0.15794107839866056,,0,1.7016960206944713,5116.394927536233
1.3,55,0.5,0.25,0.4,false,NO_DILUTE_CONNECTED_ROOT;ACTUAL_LOADING_EXCEEDS_DESIGN_FLOOD_FRACTION,0.7236312042595175,0.24861217877880443,0.0006929862751038347,1.0017084261313713,0.0006941701909649038,0.0001266344895979895,10.006153399294645,0.15787369479456287,,0,1.8718656227639183,5628.034420289856
1.3,60,0.5,0.25,0.4,false,NO_DILUTE_CONNECTED_ROOT;ACTUAL_LOADING_EXCEEDS_DESIGN_FLOOD_FRACTION,0.6518850377006312,0.32276622459036375,0.0005629344965440864,0.986480038110709,0.0005553236436046431,0.00010126175778114026,12.513353079427418,0.15782501930531784,,0,2.0420352248333655,6139.673913043479
1.3,65,0.5,0.25,0.4,false,NO_DILUTE_CONNECTED_ROOT;ACTUAL_LOADING_EXCEEDS_DESIGN_FLOOD_FRACTION,0.5921837496386184,0.4103688630931881,0.00046488757121640527,0.9727279149090604,0.0004522091178164712,0.00008243277780881279,15.37160535215396,0.1577889027099978,,0,2.2122048269028123,6651.313405797102
1.3,70,0.5,0.25,0.4,false,NO_DILUTE_CONNECTED_ROOT;ACTUAL_LOADING_EXCEEDS_DESIGN_FLOOD_FRACTION,0.5417948412169428,0.5125408103448833,0.00038935808781311325,0.9602202753439402,0.0003738695302872976,0.00006813580123314667,18.597038643796488,0.15776149442524284,,0,2.38237442897226,7162.952898550726
1.3,30,0.33,0.3,0.2,true,,3.6982105671590384,0.004210527682156719,0.016023262955778668,0.836150135730823,0.013397853495325001,0.0025506138469073678,0.4967918331092177,0.16295652796385318,0.03971958001775707,2,0.6738716241950107,1337.22097826087
1.3,35,0.33,0.3,0.2,false,ACTUAL_LOADING_EXCEEDS_DESIGN_FLOOD_FRACTION,3.0736576100722046,0.006686162013795161,0.011478367344955028,0.8045657555796728,0.009235101295714785,0.00173524055069624,0.7302296664577426,0.16134043103459933,0.06760952693966316,2,0.7861835615608458,1560.0911413043482
1.3,40,0.33,0.3,0.2,false,NO_DILUTE_CONNECTED_ROOT;ACTUAL_LOADING_EXCEEDS_DESIGN_FLOOD_FRACTION,2.6185758079452635,0.009980510061408515,0.00853008712451835,0.7771953472991162,0.006629544025231758,0.0012350558490098944,1.0259650440704189,0.160311777710118,,0,0.8984954989266809,1782.9613043478262
1.3,45,0.33,0.3,0.2,false,NO_DILUTE_CONNECTED_ROOT;ACTUAL_LOADING_EXCEEDS_DESIGN_FLOOD_FRACTION,2.273432814868451,0.014210530927278923,0.006533081837907231,0.7531321145881409,0.004920273739360451,0.0009113564680219015,1.3903715757997053,0.1596300423404784,,0,1.0108074362925161,2005.8314673913046
1.3,50,0.33,0.3,0.2,false,NO_DILUTE_CONNECTED_ROOT;ACTUAL_LOADING_EXCEEDS_DESIGN_FLOOD_FRACTION,2.0034252158545347,0.01949318371368851,0.0051304060098081245,0.7317264581167844,0.0037540538182579634,0.0006925634774430423,1.8296144250013175,0.15916174484803813,,0,1.1231193736583511,2228.7016304347835
1.3,55,0.33,0.3,0.2,false,NO_DILUTE_CONNECTED_ROOT;ACTUAL_LOADING_EXCEEDS_DESIGN_FLOOD_FRACTION,1.7869068491629705,0.025945427522919406,0.004114427677724781,0.7124984012641469,0.0029315231424958633,0.0005392737903860557,2.349686098506206,0.15882989003725645,,0,1.2354313110241861,2451.571793478261
1.3,60,0.33,0.3,0.2,false,NO_DILUTE_CONNECTED_ROOT;ACTUAL_LOADING_EXCEEDS_DESIGN_FLOOD_FRACTION,1.6097396462139897,0.03368422145725375,0.0033589880335381677,0.695083979990905,0.0023347787710935332,0.00042859911394948347,2.9564319834506554,0.15858825963504675,,0,1.3477432483900214,2674.44195652174
1.3,65,0.33,0.3,0.2,false,NO_DILUTE_CONNECTED_ROOT;ACTUAL_LOADING_EXCEEDS_DESIGN_FLOOD_FRACTION,1.4623155993875032,0.04282652461897365,0.0027844657132004005,0.6792010818851157,0.0018912121248777225,0.0003466283970035176,3.6555693056677234,0.1584081518492737,,0,1.4600551857558564,2897.312119565218
1.3,70,0.33,0.3,0.2,false,NO_DILUTE_CONNECTED_ROOT;ACTUAL_LOADING_EXCEEDS_DESIGN_FLOOD_FRACTION,1.337887181913888,0.05348929611036129,0.0023389131700464047,0.6646269020947014,0.0015545046144764395,0.00028457422312872595,4.4527017051213615,0.158271105457029,,0,1.5723671231216916,3120.1822826086964
1.3,30,0.33,0.3,0.3,true,,3.6982105671590384,0.004210527682156719,0.016023262955778668,1.043422933845492,0.016719040043096364,0.003203350110631288,0.39556217234998114,0.16376488709662523,0.030184215726124404,2,0.6738716241950107,1337.22097826087
1.3,35,0.33,0.3,0.3,true,,3.0736576100722046,0.006686162013795161,0.011478367344955028,1.0118385536943415,0.011614254613091655,0.0021930064249610598,0.5778022873696618,0.16193966990600772,0.04809375150405048,2,0.7861835615608458,1560.0911413043482
1.3,40,0.33,0.3,0.3,false,ACTUAL_LOADING_EXCEEDS_DESIGN_FLOOD_FRACTION,2.6185758079452635,0.009980510061408515,0.00853008712451835,0.9844681454137851,0.008397599051692586,0.0015703973594050856,0.8068812144710241,0.1607665132619523,0.07999678811105582,2,0.8984954989266809,1782.9613043478262
1.3,45,0.33,0.3,0.3,false,NO_DILUTE_CONNECTED_ROOT;ACTUAL_LOADING_EXCEEDS_DESIGN_FLOOD_FRACTION,2.273432814868451,0.014210530927278923,0.006533081837907231,0.9604049127028097,0.006274403892215606,0.0011656612081294654,1.0870432332497508,0.1599830671239849,,0,1.0108074362925161,2005.8314673913046
1.3,50,0.33,0.3,0.3,false,NO_DILUTE_CONNECTED_ROOT;ACTUAL_LOADING_EXCEEDS_DESIGN_FLOOD_FRACTION,2.0034252158545347,0.01949318371368851,0.0051304060098081245,0.9389992562314533,0.004817447427375207,0.0008908768731973208,1.4223336205947381,0.15944156254017644,,0,1.1231193736583511,2228.7016304347835
1.3,55,0.33,0.3,0.3,false,NO_DILUTE_CONNECTED_ROOT;ACTUAL_LOADING_EXCEEDS_DESIGN_FLOOD_FRACTION,1.7869068491629705,0.025945427522919406,0.004114427677724781,0.9197711993788157,0.003784332079898317,0.0006975129700253464,1.8166316369899471,0.15905577731908882,,0,1.2354313110241861,2451.571793478261
1.3,60,0.33,0.3,0.3,false,NO_DILUTE_CONNECTED_ROOT;ACTUAL_LOADING_EXCEEDS_DESIGN_FLOOD_FRACTION,1.6097396462139897,0.03368422145725375,0.0033589880335381677,0.9023567781055737,0.003031005619638678,0.0005573024738586833,2.2736739705917275,0.15877358566341881,,0,1.3477432483900214,2674.44195652174
1.3,65,0.33,0.3,0.3,false,NO_DILUTE_CONNECTED_ROOT;ACTUAL_LOADING_EXCEEDS_DESIGN_FLOOD_FRACTION,1.4623155993875032,0.04282652461897365,0.0027844657132004005,0.8864738799997847,0.0024683561245071265,0.00045301799672628804,2.7970723850170947,0.15856235347515002,,0,1.4600551857558564,2897.312119565218
1.3,70,0.33,0.3,0.3,false,NO_DILUTE_CONNECTED_ROOT;ACTUAL_LOADING_EXCEEDS_DESIGN_FLOOD_FRACTION,1.337887181913888,0.05348929611036129,0.0023389131700464047,0.8718997002093702,0.002039297691779208,0.000373746816869917,3.3903275462540967,0.15840102202020084,,0,1.5723671231216916,3120.1822826086964
1.3,30,0.33,0.3,0.4,true,,3.6982105671590384,0.004210527682156719,0.016023262955778668,1.2529610977898906,0.02007652514324853,0.003869291961233365,0.32748217018882175,0.16451583899868133,0.024339130483673508,2,0.6738716241950107,1337.22097826087
1.3,35,0.33,0.3,0.4,true,,3.0736576100722046,0.006686162013795161,0.011478367344955028,1.2213767176387402,0.014019410631632874,0.0026591598550238754,0.4765129580927311,0.1624987340124333,0.03754553573969244,2,0.7861835615608458,1560.0911413043482
1.3,40,0.33,0.3,0.4,true,,2.6185758079452635,0.009980510061408515,0.00853008712451835,1.1940063093581839,0.010184977846049917,0.001911373287493038,0.6629391217561841,0.16119169818859402,0.05813670529777459,2,0.8984954989266809,1782.9613043478262
1.3,45,0.33,0.3,0.4,false,ACTUAL_LOADING_EXCEEDS_DESIGN_FLOOD_FRACTION,2.273432814868451,0.014210530927278923,0.006533081837907231,1.1699430766472085,0.007643333865429185,0.0014239410103426228,0.8898712231442613,0.16031349179714988,0.09758398036064134,2,1.0108074362925161,2005.8314673913046
1.3,50,0.33,0.3,0.4,false,NO_DILUTE_CONNECTED_ROOT;ACTUAL_LOADING_EXCEEDS_DESIGN_FLOOD_FRACTION,2.0034252158545347,0.01949318371368851,0.0051304060098081245,1.148537420175852,0.00589246328295971,0.0010921126705119202,1.1602503686409107,0.1597035262896297,,0,1.1231193736583511,2228.7016304347835
1.3,55,0.33,0.3,0.4,false,NO_DILUTE_CONNECTED_ROOT;ACTUAL_LOADING_EXCEEDS_DESIGN_FLOOD_FRACTION,1.7869068491629705,0.025945427522919406,0.004114427677724781,1.1293093633232143,0.004646461701170784,0.0008579753332274761,1.476877107634644,0.15926723003847598,,0,1.2354313110241861,2451.571793478261
1.3,60,0.33,0.3,0.4,false,NO_DILUTE_CONNECTED_ROOT;ACTUAL_LOADING_EXCEEDS_DESIGN_FLOOD_FRACTION,1.6097396462139897,0.03368422145725375,0.0033589880335381677,1.1118949420499724,0.0037348418048974716,0.0006877455705777821,1.8424315368463091,0.15894698526363227,,0,1.3477432483900214,2674.44195652174
1.3,65,0.33,0.3,0.4,false,NO_DILUTE_CONNECTED_ROOT;ACTUAL_LOADING_EXCEEDS_DESIGN_FLOOD_FRACTION,1.4623155993875032,0.04282652461897365,0.0027844657132004005,1.0960120439441834,0.0030518079576172695,0.0005608013415788104,2.2594884045597343,0.1587065587251837,,0,1.4600551857558564,2897.312119565218
1.3,70,0.33,0.3,0.4,false,NO_DILUTE_CONNECTED_ROOT;ACTUAL_LOADING_EXCEEDS_DESIGN_FLOOD_FRACTION,1.337887181913888,0.05348929611036129,0.0023389131700464047,1.081437864153769,0.002529389263056105,0.00046405810947632183,2.7305290063539314,0.15852242570953928,,0,1.5723671231216916,3120.1822826086964
1.3,30,0.4,0.3,0.2,false,NO_DILUTE_CONNECTED_ROOT;ACTUAL_LOADING_EXCEEDS_DESIGN_FLOOD_FRACTION,2.517094567272621,0.011017087132684416,0.007920281472158938,0.7570650943266648,0.005996168639813742,0.001114820271626141,1.136617408930468,0.16007333664080303,,0,0.8168140899333463,1964.6956521739132
1.3,35,0.4,0.3,0.2,false,NO_DILUTE_CONNECTED_ROOT;ACTUAL_LOADING_EXCEEDS_DESIGN_FLOOD_FRACTION,2.0920082108553952,0.01749472632643868,0.005574405278362515,0.7258209480002062,0.004046020123678434,0.0007472398753672418,1.6957394410143307,0.15928859383430816,,0,0.952949771588904,2292.1449275362324
1.3,40,0.4,0.3,0.2,false,NO_DILUTE_CONNECTED_ROOT;ACTUAL_LOADING_EXCEEDS_DESIGN_FLOOD_FRACTION,1.7822681592827454,0.026114576907103795,0.0040937633469709965,0.6990338125239324,0.0028616790000038695,0.0005263275779698792,2.407481921138056,0.1588084015195121,,0,1.0890854532444616,2619.594202898551
1.3,45,0.4,0.3,0.2,false,NO_DILUTE_CONNECTED_ROOT;ACTUAL_LOADING_EXCEEDS_DESIGN_FLOOD_FRACTION,1.5473552096198397,0.037182669072809905,0.003109778814729537,0.6756901375613726,0.002101246875110043,0.0003854280964183733,3.2875759196948398,0.15849854098856736,,0,1.2252211349000195,2947.04347826087
1.3,50,0.4,0.3,0.2,false,NO_DILUTE_CONNECTED_ROOT;ACTUAL_LOADING_EXCEEDS_DESIGN_FLOOD_FRACTION,1.3635812875409927,0.051005033021687116,0.0024279232193657086,0.655078675561786,0.001590480726907796,0.0002912074018046919,4.351277202111452,0.1582896383379439,,0,1.3613568165555772,3274.4927536231894
1.3,55,0.4,0.3,0.2,false,NO_DILUTE_CONNECTED_ROOT;ACTUAL_LOADING_EXCEEDS_DESIGN_FLOOD_FRACTION,1.2162134742115471,0.06788769895186554,0.001938872912183829,0.6366824140186889,0.0012344462862046456,0.00022573050181088098,5.6134377870673084,0.15814359817298157,,0,1.4974924982111348,3601.942028985507
1.3,60,0.4,0.3,0.2,false,NO_DILUTE_CONNECTED_ROOT;ACTUAL_LOADING_EXCEEDS_DESIGN_FLOOD_FRACTION,1.095629046704397,0.08813669706147532,0.0015778766197252429,0.6201145305330281,0.0009784642192799604,0.00017875625159788518,7.088558398557603,0.15803834347912515,,0,1.6336281798666925,3929.3913043478265
1.3,65,0.4,0.3,0.2,false,NO_DILUTE_CONNECTED_ROOT;ACTUAL_LOADING_EXCEEDS_DESIGN_FLOOD_FRACTION,0.9952885548331195,0.11205805754864655,0.0013048452814813758,0.6050785705497685,0.0007895339177073612,0.00014414160260390672,8.790828641199814,0.15796048637821253,,0,1.7697638615222502,4256.840579710146
1.3,70,0.4,0.3,0.2,false,NO_DILUTE_CONNECTED_ROOT;ACTUAL_LOADING_EXCEEDS_DESIGN_FLOOD_FRACTION,0.9105994631901403,0.13995781061150944,0.0010940038703853897,0.5913426734530913,0.0006469311734817255,0.00011804596410321644,10.734158835374695,0.15790161056929686,,0,1.905899543177808,4584.289855072465
1.3,30,0.4,0.3,0.3,false,ACTUAL_LOADING_EXCEEDS_DESIGN_FLOOD_FRACTION,2.517094567272621,0.011017087132684416,0.007920281472158938,0.9643378924413335,0.0076378275424038924,0.001425138346928029,0.8891235937130082,0.16049969855149276,0.09752013025078977,2,0.8168140899333463,1964.6956521739132
1.3,35,0.4,0.3,0.3,false,NO_DILUTE_CONNECTED_ROOT;ACTUAL_LOADING_EXCEEDS_DESIGN_FLOOD_FRACTION,2.0920082108553952,0.01749472632643868,0.005574405278362515,0.9330937461148752,0.005201442703549812,0.0009631352183163358,1.315624332348613,0.15959339234149944,,0,0.952949771588904,2292.1449275362324
1.3,40,0.4,0.3,0.3,false,NO_DILUTE_CONNECTED_ROOT;ACTUAL_LOADING_EXCEEDS_DESIGN_FLOOD_FRACTION,1.7822681592827454,0.026114576907103795,0.0040937633469709965,0.9063066106386012,0.0037102047837498198,0.000683724223801764,1.8532678592447371,0.15903440559990006,,0,1.0890854532444616,2619.594202898551
1.3,45,0.4,0.3,0.3,false,NO_DILUTE_CONNECTED_ROOT;ACTUAL_LOADING_EXCEEDS_DESIGN_FLOOD_FRACTION,1.5473552096198397,0.037182669072809905,0.003109778814729537,0.8829629356760414,0.0027458194315567526,0.0005044184794319361,2.51204938008193,0.15867132243717785,,0,1.2252211349000195,2947.04347826087
1.3,50,0.4,0.3,0.3,false,NO_DILUTE_CONNECTED_ROOT;ACTUAL_LOADING_EXCEEDS_DESIGN_FLOOD_FRACTION,1.3635812875409927,0.051005033021687116,0.0024279232193657086,0.8623514736764548,0.0020937231661933013,0.0003838023287522986,3.3015019285530482,0.15842514909884908,,0,1.3613568165555772,3274.4927536231894
1.3,55,0.4,0.3,0.3,false,NO_DILUTE_CONNECTED_ROOT;ACTUAL_LOADING_EXCEEDS_DESIGN_FLOOD_FRACTION,1.2162134742115471,0.06788769895186554,0.001938872912183829,0.8439552121333577,0.0016363218999017244,0.00029950239900953114,4.230764537276848,0.1582521825686335,,0,1.4974924982111348,3601.942028985507
1.3,60,0.4,0.3,0.3,false,NO_DILUTE_CONNECTED_ROOT;ACTUAL_LOADING_EXCEEDS_DESIGN_FLOOD_FRACTION,1.095629046704397,0.08813669706147532,0.0015778766197252429,0.8273873286476969,0.0013055151213301266,0.00023869120953799332,5.308633405526282,0.15812694418326806,,0,1.6336281798666925,3929.3913043478265
1.3,65,0.4,0.3,0.3,false,NO_DILUTE_CONNECTED_ROOT;ACTUAL_LOADING_EXCEEDS_DESIGN_FLOOD_FRACTION,0.9952885548331195,0.11205805754864655,0.0013048452814813758,0.8123513686644372,0.0010599928503067285,0.00019364322021819355,6.543601821592788,0.15803391177536513,,0,1.7697638615222502,4256.840579710146
1.3,70,0.4,0.3,0.3,false,NO_DILUTE_CONNECTED_ROOT;ACTUAL_LOADING_EXCEEDS_DESIGN_FLOOD_FRACTION,0.9105994631901403,0.13995781061150944,0.0010940038703853897,0.7986154715677601,0.0008736884168447827,0.00015950922965096654,7.943892220729477,0.15796328151629635,,0,1.905899543177808,4584.289855072465
1.3,30,0.4,0.3,0.4,false,ACTUAL_LOADING_EXCEEDS_DESIGN_FLOOD_FRACTION,2.517094567272621,0.011017087132684416,0.007920281472158938,1.1738760563857322,0.009297428780002916,0.0017405738015355097,0.7279921870828032,0.16089810229291773,0.06705448893190195,2,0.8168140899333463,1964.6956521739132
1.3,35,0.4,0.3,0.4,false,NO_DILUTE_CONNECTED_ROOT;ACTUAL_LOADING_EXCEEDS_DESIGN_FLOOD_FRACTION,2.0920082108553952,0.01749472632643868,0.005574405278362515,1.142631910059274,0.006369493350659858,0.0011822796673324676,1.0717634444461255,0.15987845419081365,,0,0.952949771588904,2292.1449275362324
1.3,40,0.4,0.3,0.4,false,NO_DILUTE_CONNECTED_ROOT;ACTUAL_LOADING_EXCEEDS_DESIGN_FLOOD_FRACTION,1.7822681592827454,0.026114576907103795,0.0040937633469709965,1.115844774583,0.004568004439096999,0.0008433326170849663,1.5025200056162435,0.15924574054552193,,0,1.0890854532444616,2619.594202898551
1.3,45,0.4,0.3,0.4,false,NO_DILUTE_CONNECTED_ROOT;ACTUAL_LOADING_EXCEEDS_DESIGN_FLOOD_FRACTION,1.5473552096198397,0.037182669072809905,0.003109778814729537,1.0925010996204403,0.0033974367746683687,0.0006249974446399693,2.027406894901456,0.1588327825734684,,0,1.2252211349000195,2947.04347826087
1.3,50,0.4,0.3,0.4,false,NO_DILUTE_CONNECTED_ROOT;ACTUAL_LOADING_EXCEEDS_DESIGN_FLOOD_FRACTION,1.3635812875409927,0.051005033021687116,0.0024279232193657086,1.0718896376208535,0.0026024657397771653,0.000477586732397347,2.6531811765336717,0.15855166338139964,,0,1.3613568165555772,3274.4927536231894
1.3,55,0.4,0.3,0.4,false,NO_DILUTE_CONNECTED_ROOT;ACTUAL_LOADING_EXCEEDS_DESIGN_FLOOD_FRACTION,1.2162134742115471,0.06788769895186554,0.001938872912183829,1.0534933760777565,0.0020425897700422535,0.00037419459607319607,3.3862705176827386,0.1583534447182069,,0,1.4974924982111348,3601.942028985507
1.3,60,0.4,0.3,0.4,false,NO_DILUTE_CONNECTED_ROOT;ACTUAL_LOADING_EXCEEDS_DESIGN_FLOOD_FRACTION,1.095629046704397,0.08813669706147532,0.0015778766197252429,1.0369254925920957,0.0016361404911581483,0.0002993571392761764,4.23281746886905,0.15820947355384052,,0,1.6336281798666925,3929.3913043478265
1.3,65,0.4,0.3,0.4,false,NO_DILUTE_CONNECTED_ROOT;ACTUAL_LOADING_EXCEEDS_DESIGN_FLOOD_FRACTION,0.9952885548331195,0.11205805754864655,0.0013048452814813758,1.021889532608836,0.001333407734819848,0.00024373798688504458,5.198714179733031,0.15810223152686614,,0,1.7697638615222502,4256.840579710146
1.3,70,0.4,0.3,0.4,false,NO_DILUTE_CONNECTED_ROOT;ACTUAL_LOADING_EXCEEDS_DESIGN_FLOOD_FRACTION,0.9105994631901403,0.13995781061150944,0.0010940038703853897,1.008153635512159,0.0011029239791934035,0.00020146241709661754,6.289630328177668,0.15802059543176883,,0,1.905899543177808,4584.289855072465
1.3,30,0.5,0.3,0.2,false,NO_DILUTE_CONNECTED_ROOT;ACTUAL_LOADING_EXCEEDS_DESIGN_FLOOD_FRACTION,1.6109405230544773,0.03362148172816289,0.0033638720691232986,0.6673899275019896,0.0022450143363381657,0.0004120324636942076,3.0753016818093943,0.1585635884561118,,0,1.0210176124166828,3069.8369565217395
1.3,35,0.5,0.3,0.2,false,NO_DILUTE_CONNECTED_ROOT;ACTUAL_LOADING_EXCEEDS_DESIGN_FLOOD_FRACTION,1.3388852549474524,0.05338966774425868,0.002342341407234593,0.6375549218698577,0.0014933712928819835,0.00027334234000669455,4.635667231530363,0.15825417111314882,,0,1.19118721448613,3581.476449275363
1.3,40,0.5,0.3,0.2,false,NO_DILUTE_CONNECTED_ROOT;ACTUAL_LOADING_EXCEEDS_DESIGN_FLOOD_FRACTION,1.140651621940957,0.0796953640963861,0.0017084910900383881,0.6122430679735817,0.0010460118265706317,0.0001911484682735109,6.629004877746442,0.15806922005420337,,0,1.361356816555577,4093.1159420289855
1.3,45,0.5,0.3,0.2,false,NO_DILUTE_CONNECTED_ROOT;ACTUAL_LOADING_EXCEEDS_DESIGN_FLOOD_FRACTION,0.9903073341566975,0.11347250083254976,0.001291945229693348,0.5903757490665209,0.0007627331327331287,0.00013923792625946608,9.100423732235235,0.1579517076013382,,0,1.5315264186250241,4604.75543478261
1.3,50,0.5,0.3,0.2,false,NO_DILUTE_CONNECTED_ROOT;ACTUAL_LOADING_EXCEEDS_DESIGN_FLOOD_FRACTION,0.8726920240262355,0.1556550080007541,0.0010054955490748365,0.5712093307658853,0.0005743484396751137,0.0001047755873791305,12.09369625362992,0.1578733301436252,,0,1.7016960206944713,5116.394927536233
1.3,55,0.5,0.3,0.2,false,NO_DILUTE_CONNECTED_ROOT;ACTUAL_LOADING_EXCEEDS_DESIGN_FLOOD_FRACTION,0.77837662349539,0.2071768156490037,0.0008011497921564828,0.5542109847156067,0.000444006015215748,0.00008095896034434438,15.65143775524513,0.1578189668308287,,0,1.8718656227639183,5628.034420289856
1.3,60,0.5,0.3,0.2,false,NO_DILUTE_CONNECTED_ROOT;ACTUAL_LOADING_EXCEEDS_DESIGN_FLOOD_FRACTION,0.701202589890814,0.26897185382530314,0.0006509013058495078,0.5389868347172462,0.00035082723455314834,0.00006394693767327128,19.81524330427008,0.15778001304605577,,0,2.0420352248333655,6139.673913043479
1.3,65,0.5,0.3,0.2,false,NO_DILUTE_CONNECTED_ROOT;ACTUAL_LOADING_EXCEEDS_DESIGN_FLOOD_FRACTION,0.6369846750931965,0.3419740525776568,0.0005375965147730327,0.525238121074711,0.0002823661833157008,0.00005145515448197887,24.625795827756175,0.15775132917024015,,0,2.2122048269028123,6651.313405797102
1.3,70,0.5,0.3,0.2,false,NO_DILUTE_CONNECTED_ROOT;ACTUAL_LOADING_EXCEEDS_DESIGN_FLOOD_FRACTION,0.5827836564416897,0.4271173419540694,0.00045029490140334824,0.5127332710605362,0.0002308811777384204,0.00004206506901088018,30.122953756027876,0.1577297052945556,,0,2.38237442897226,7162.952898550726
1.3,30,0.5,0.3,0.3,false,NO_DILUTE_CONNECTED_ROOT;ACTUAL_LOADING_EXCEEDS_DESIGN_FLOOD_FRACTION,1.6109405230544773,0.03362148172816289,0.0033638720691232986,0.8746627256166584,0.0029422535126051325,0.0005408797653654306,2.3427094332189835,0.15875137380513815,,0,1.0210176124166828,3069.8369565217395
1.3,35,0.5,0.3,0.3,false,NO_DILUTE_CONNECTED_ROOT;ACTUAL_LOADING_EXCEEDS_DESIGN_FLOOD_FRACTION,1.3388852549474524,0.05338966774425868,0.002342341407234593,0.8448277199845264,0.0019788749504993483,0.0003626248209941945,3.494311627882613,0.15838581616047082,,0,1.19118721448613,3581.476449275363
1.3,40,0.5,0.3,0.3,false,NO_DILUTE_CONNECTED_ROOT;ACTUAL_LOADING_EXCEEDS_DESIGN_FLOOD_FRACTION,1.140651621940957,0.0796953640963861,0.0017084910900383881,0.8195158660882504,0.0014001355553568686,0.00025607799014969906,4.948196164059724,0.1581656718816845,,0,1.361356816555577,4093.1159420289855
1.3,45,0.5,0.3,0.3,false,NO_DILUTE_CONNECTED_ROOT;ACTUAL_LOADING_EXCEEDS_DESIGN_FLOOD_FRACTION,0.9903073341566975,0.11347250083254976,0.001291945229693348,0.7976485471811897,0.0010305182355025675,0.00018824372589893937,6.731295412411959,0.15802488311596785,,0,1.5315264186250241,4604.75543478261
1.3,50,0.5,0.3,0.3,false,NO_DILUTE_CONNECTED_ROOT;ACTUAL_LOADING_EXCEEDS_DESIGN_FLOOD_FRACTION,0.8726920240262355,0.1556550080007541,0.0010054955490748365,0.7784821288805541,0.0007827603156237004,0.00014286710296060703,8.8692505293416,0.15793041973277067,,0,1.7016960206944713,5116.394927536233
1.3,55,0.5,0.3,0.3,false,NO_DILUTE_CONNECTED_ROOT;ACTUAL_LOADING_EXCEEDS_DESIGN_FLOOD_FRACTION,0.77837662349539,0.2071768156490037,0.0008011497921564828,0.7614837828302756,0.0006100625743450076,0.00011128210823369224,11.386593484533078,0.15786454435313307,,0,1.8718656227639183,5628.034420289856
1.3,60,0.5,0.3,0.3,false,NO_DILUTE_CONNECTED_ROOT;ACTUAL_LOADING_EXCEEDS_DESIGN_FLOOD_FRACTION,0.701202589890814,0.26897185382530314,0.0006509013058495078,0.7462596328319151,0.00048574136951306775,0.00008856742341487554,14.306887111565697,0.15781710405686716,,0,2.0420352248333655,6139.673913043479
1.3,65,0.5,0.3,0.3,false,NO_DILUTE_CONNECTED_ROOT;ACTUAL_LOADING_EXCEEDS_DESIGN_FLOOD_FRACTION,0.6369846750931965,0.3419740525776568,0.0005375965147730327,0.7325109191893798,0.00039379531718940116,0.00007178020096061415,17.652836180468995,0.15778200799356884,,0,2.2122048269028123,6651.313405797102
1.3,70,0.5,0.3,0.3,false,NO_DILUTE_CONNECTED_ROOT;ACTUAL_LOADING_EXCEEDS_DESIGN_FLOOD_FRACTION,0.5827836564416897,0.4271173419540694,0.00045029490140334824,0.720006069175205,0.0003242150619290613,0.000059083363791474555,21.446377579837538,0.15775543809493697,,0,2.38237442897226,7162.952898550726
1.3,30,0.5,0.3,0.4,false,NO_DILUTE_CONNECTED_ROOT;ACTUAL_LOADING_EXCEEDS_DESIGN_FLOOD_FRACTION,1.6109405230544773,0.03362148172816289,0.0033638720691232986,1.084200889561057,0.003647113089713074,0.0006714730624132338,1.8870811049439526,0.15892666129727284,,0,1.0210176124166828,3069.8369565217395
1.3,35,0.5,0.3,0.4,false,NO_DILUTE_CONNECTED_ROOT;ACTUAL_LOADING_EXCEEDS_DESIGN_FLOOD_FRACTION,1.3388852549474524,0.05338966774425868,0.002342341407234593,1.0543658839289252,0.0024696848683022237,0.0004530494744794244,2.796878045195508,0.1585085282397567,,0,1.19118721448613,3581.476449275363
1.3,40,0.5,0.3,0.4,false,NO_DILUTE_CONNECTED_ROOT;ACTUAL_LOADING_EXCEEDS_DESIGN_FLOOD_FRACTION,1.140651621940957,0.0796953640963861,0.0017084910900383881,1.0290540300326492,0.001758129641478877,0.00032180650415182847,3.937534239398204,0.15825542954024724,,0,1.361356816555577,4093.1159420289855
1.3,45,0.5,0.3,0.4,false,NO_DILUTE_CONNECTED_ROOT;ACTUAL_LOADING_EXCEEDS_DESIGN_FLOOD_FRACTION,0.9903073341566975,0.11347250083254976,0.001291945229693348,1.0071867111255886,0.0013012300668492362,0.00023783653337593912,5.327710215805955,0.15809285465610168,,0,1.5315264186250241,4604.75543478261
1.3,50,0.5,0.3,0.4,false,NO_DILUTE_CONNECTED_ROOT;ACTUAL_LOADING_EXCEEDS_DESIGN_FLOOD_FRACTION,0.8726920240262355,0.1556550080007541,0.0010054955490748365,0.9880202928249529,0.0009934500068311067,0.00018140619979855333,6.985010049083063,0.1579833646485596,,0,1.7016960206944713,5116.394927536233
1.3,55,0.5,0.3,0.4,false,NO_DILUTE_CONNECTED_ROOT;ACTUAL_LOADING_EXCEEDS_DESIGN_FLOOD_FRACTION,0.77837662349539,0.2071768156490037,0.0008011497921564828,0.9710219467746743,0.0007779340308379137,0.00014195657467012317,8.926139078118723,0.15790674623797862,,0,1.8718656227639183,5628.034420289856
1.3,60,0.5,0.3,0.4,false,NO_DILUTE_CONNECTED_ROOT;ACTUAL_LOADING_EXCEEDS_DESIGN_FLOOD_FRACTION,0.701202589890814,0.26897185382530314,0.0006509013058495078,0.9557977967763138,0.0006221300340497852,0.00011347016263127284,11.1670248739878,0.15785139861197683,,0,2.0420352248333655,6139.673913043479
1.3,65,0.5,0.3,0.4,false,NO_DILUTE_CONNECTED_ROOT;ACTUAL_LOADING_EXCEEDS_DESIGN_FLOOD_FRACTION,0.6369846750931965,0.3419740525776568,0.0005375965147730327,0.9420490831337786,0.0005064423038378502,0.00009233638347259693,13.722912690585447,0.1578103227511634,,0,2.2122048269028123,6651.313405797102
1.3,70,0.5,0.3,0.4,false,NO_DILUTE_CONNECTED_ROOT;ACTUAL_LOADING_EXCEEDS_DESIGN_FLOOD_FRACTION,0.5827836564416897,0.4271173419540694,0.00045029490140334824,0.9295442331196038,0.0004185690288026429,0.00007629397693171227,16.608442494654824,0.157779155449907,,0,2.38237442897226,7162.952898550726
1.4,30,0.33,0.2,0.2,true,,2.963516740721494,0.0073248233050536935,0.010734276961632833,0.8614910581142875,0.009247483617768889,0.0017363564782603106,0.6292321470908593,0.16125584483889815,0.05389923578188369,2,0.7257079029792421,1550.8598327759194
1.4,35,0.33,0.2,0.2,false,ACTUAL_LOADING_EXCEEDS_DESIGN_FLOOD_FRACTION,2.463038709473051,0.01163154811867323,0.007603010271572745,0.8298500106501618,0.006309358154837932,0.0011735242108648646,0.9310172766914235,0.16012133784697852,0.1094880741686407,2,0.8466592201424492,1809.3364715719063
1.4,40,0.33,0.2,0.2,false,NO_DILUTE_CONNECTED_ROOT;ACTUAL_LOADING_EXCEEDS_DESIGN_FLOOD_FRACTION,2.098364358321401,0.01736254413049764,0.005606880660275382,0.8025628957142761,0.004499874378634983,0.0008319608646406633,1.3132484487749991,0.15941511242662632,,0,0.9676105373056562,2067.8131103678925
1.4,45,0.33,0.2,0.2,false,NO_DILUTE_CONNECTED_ROOT;ACTUAL_LOADING_EXCEEDS_DESIGN_FLOOD_FRACTION,1.821788154951889,0.02472127865455622,0.0042713173377386705,0.7786665840623417,0.003325932080823226,0.0006124843804089722,1.7838353921798284,0.15895393360180332,,0,1.088561854468863,2326.2897491638796
1.4,50,0.33,0.2,0.2,false,NO_DILUTE_CONNECTED_ROOT;ACTUAL_LOADING_EXCEEDS_DESIGN_FLOOD_FRACTION,1.605420799640791,0.03391121900487821,0.0033414500459716568,0.7574786157924489,0.0025310769555622254,0.00046484422381229076,2.3504031220834327,0.15864032564362196,,0,1.2095131716320704,2584.7663879598663
1.4,55,0.33,0.2,0.2,false,NO_DILUTE_CONNECTED_ROOT;ACTUAL_LOADING_EXCEEDS_DESIGN_FLOOD_FRACTION,1.431916399955663,0.0451358324954929,0.0026722509644184493,0.7384989228248642,0.0019734544587407294,0.00036173832761285065,3.0203360593301003,0.15841962599601367,,0,1.3304644887952772,2843.243026755852
1.4,60,0.33,0.2,0.2,false,NO_DILUTE_CONNECTED_ROOT;ACTUAL_LOADING_EXCEEDS_DESIGN_FLOOD_FRACTION,1.2899455839862952,0.05859858644042955,0.002177041885035565,0.721350822152647,0.0015704109536311532,0.0002874574810088443,3.800810161893969,0.15825973571129615,,0,1.4514158059584843,3101.7196655518387
1.4,65,0.33,0.2,0.2,false,NO_DILUTE_CONNECTED_ROOT;ACTUAL_LOADING_EXCEEDS_DESIGN_FLOOD_FRACTION,1.1718090899113183,0.07450294815371741,0.0018017977323210828,0.7057439407924113,0.0012716078321191114,0.00023252048822143672,4.698817395783065,0.1581409765634575,,0,1.5723671231216911,3360.196304347826
1.4,70,0.33,0.2,0.2,false,NO_DILUTE_CONNECTED_ROOT;ACTUAL_LOADING_EXCEEDS_DESIGN_FLOOD_FRACTION,1.0720998679759615,0.09305238494938584,0.0015116072575962712,0.6914500105891502,0.001045200854271578,0.0001909694073529469,5.721185032069475,0.15805084262802094,,0,1.6933184402848984,3618.6729431438125
1.4,30,0.33,0.2,0.3,true,,2.963516740721494,0.0073248233050536935,0.010734276961632833,1.0687638562289563,0.011472407239344352,0.0021638454667028246,0.5049211377352523,0.16180495020310504,0.04020031283995042,2,0.7257079029792421,1550.8598327759194
1.4,35,0.33,0.2,0.3,false,ACTUAL_LOADING_EXCEEDS_DESIGN_FLOOD_FRACTION,2.463038709473051,0.01163154811867323,0.007603010271572745,1.0371228087648308,0.007885255367921383,0.0014715447643952662,0.7424655650077028,0.16051910581435375,0.06905368804504676,2,0.8466592201424492,1809.3364715719063
1.4,40,0.33,0.2,0.3,false,NO_DILUTE_CONNECTED_ROOT;ACTUAL_LOADING_EXCEEDS_DESIGN_FLOOD_FRACTION,2.098364358321401,0.01736254413049764,0.005606880660275382,1.009835693828945,0.005662028221785283,0.0010494832212367868,1.041056486489887,0.15971244204845653,,0,0.9676105373056562,2067.8131103678925
1.4,45,0.33,0.2,0.3,false,NO_DILUTE_CONNECTED_ROOT;ACTUAL_LOADING_EXCEEDS_DESIGN_FLOOD_FRACTION,1.821788154951889,0.02472127865455622,0.0042713173377386705,0.9859393821770104,0.004211259977052018,0.0007770487228933059,1.40605251992786,0.15918240392720345,,0,1.088561854468863,2326.2897491638796
1.4,50,0.33,0.2,0.3,false,NO_DILUTE_CONNECTED_ROOT;ACTUAL_LOADING_EXCEEDS_DESIGN_FLOOD_FRACTION,1.605420799640791,0.03391121900487821,0.0033414500459716568,0.9647514139071177,0.0032236686563511595,0.0005929657555487647,1.842553814797837,0.1588201033440551,,0,1.2095131716320704,2584.7663879598663
1.4,55,0.33,0.2,0.3,false,NO_DILUTE_CONNECTED_ROOT;ACTUAL_LOADING_EXCEEDS_DESIGN_FLOOD_FRACTION,1.431916399955663,0.0451358324954929,0.0026722509644184493,0.9457717209395331,0.002527339393400364,0.00046384987164862834,2.355441667036816,0.1585639963961521,,0,1.3304644887952772,2843.243026755852
1.4,60,0.33,0.2,0.3,false,NO_DILUTE_CONNECTED_ROOT;ACTUAL_LOADING_EXCEEDS_DESIGN_FLOOD_FRACTION,1.2899455839862952,0.05859858644042955,0.002177041885035565,0.9286236202673159,0.0020216525167553083,0.0003704375230094562,2.9494077869184108,0.15837771708338416,,0,1.4514158059584843,3101.7196655518387
1.4,65,0.33,0.2,0.3,false,NO_DILUTE_CONNECTED_ROOT;ACTUAL_LOADING_EXCEEDS_DESIGN_FLOOD_FRACTION,1.1718090899113183,0.07450294815371741,0.0018017977323210828,0.91301673890708,0.001645071489733967,0.0003010686853854521,3.628976934389777,0.15823884603582933,,0,1.5723671231216911,3360.196304347826
1.4,70,0.33,0.2,0.3,false,NO_DILUTE_CONNECTED_ROOT;ACTUAL_LOADING_EXCEEDS_DESIGN_FLOOD_FRACTION,1.0720998679759615,0.09305238494938584,0.0015116072575962712,0.898722808703819,0.001358515920203998,0.00024839493179774127,4.398524990117344,0.1581331031164407,,0,1.6933184402848984,3618.6729431438125
1.4,30,0.33,0.2,0.4,true,,2.963516740721494,0.0073248233050536935,0.010734276961632833,1.278302020173355,0.013721647925155555,0.0025989241644220435,0.4203936882374663,0.1623197125453945,0.03212122404350443,2,0.7257079029792421,1550.8598327759194
1.4,35,0.33,0.2,0.4,true,,2.463038709473051,0.01163154811867323,0.007603010271572745,1.2466609727092295,0.00947837618067714,0.0017743717582120995,0.615751073513343,0.16089285759612915,0.052118672007384376,2,0.8466592201424492,1809.3364715719063
1.4,40,0.33,0.2,0.4,false,ACTUAL_LOADING_EXCEEDS_DESIGN_FLOOD_FRACTION,2.098364358321401,0.01736254413049764,0.005606880660275382,1.2193738577733437,0.006836883700794745,0.0012702555425389008,0.860119305401416,0.1599920656136094,0.0902609006043662,2,0.9676105373056562,2067.8131103678925
1.4,45,0.33,0.2,0.4,false,NO_DILUTE_CONNECTED_ROOT;ACTUAL_LOADING_EXCEEDS_DESIGN_FLOOD_FRACTION,1.821788154951889,0.02472127865455622,0.0042713173377386705,1.195477546121409,0.005106263969625656,0.0009439296492644894,1.1574711269872606,0.159397310266428,,0,1.088561854468863,2326.2897491638796
1.4,50,0.33,0.2,0.4,false,NO_DILUTE_CONNECTED_ROOT;ACTUAL_LOADING_EXCEEDS_DESIGN_FLOOD_FRACTION,1.605420799640791,0.03391121900487821,0.0033414500459716568,1.1742895778515163,0.003923829963895987,0.0007228094655693546,1.511561991056998,0.15898916372272875,,0,1.2095131716320704,2584.7663879598663
1.4,55,0.33,0.2,0.4,false,NO_DILUTE_CONNECTED_ROOT;ACTUAL_LOADING_EXCEEDS_DESIGN_FLOOD_FRACTION,1.431916399955663,0.0451358324954929,0.0026722509644184493,1.1553098848839318,0.0030872779540832545,0.0005672855045118957,1.925963745311859,0.15869968918054111,,0,1.3304644887952772,2843.243026755852
1.4,60,0.33,0.2,0.4,false,NO_DILUTE_CONNECTED_ROOT;ACTUAL_LOADING_EXCEEDS_DESIGN_FLOOD_FRACTION,1.2899455839862952,0.05859858644042955,0.002177041885035565,1.1381617842117147,0.002477825876175713,0.00045446364472777253,2.4040895847352486,0.1584885127570056,,0,1.4514158059584843,3101.7196655518387
1.4,65,0.33,0.2,0.4,false,NO_DILUTE_CONNECTED_ROOT;ACTUAL_LOADING_EXCEEDS_DESIGN_FLOOD_FRACTION,1.1718090899113183,0.07450294815371741,0.0018017977323210828,1.1225549028514787,0.002022616878363708,0.0003704619299013702,2.949213473086799,0.15833068676421191,,0,1.5723671231216911,3360.196304347826
1.4,70,0.33,0.2,0.4,false,NO_DILUTE_CONNECTED_ROOT;ACTUAL_LOADING_EXCEEDS_DESIGN_FLOOD_FRACTION,1.0720998679759615,0.09305238494938584,0.0015116072575962712,1.1082609726482178,0.0016752553295657487,0.00030651583373333903,3.5644857285949128,0.15821023376181892,,0,1.6933184402848984,3618.6729431438125
1.4,30,0.4,0.2,0.2,false,NO_DILUTE_CONNECTED_ROOT;ACTUAL_LOADING_EXCEEDS_DESIGN_FLOOD_FRACTION,2.017043581653567,0.019165820218989455,0.005197613882739085,0.7826593845732871,0.004067961282714146,0.000751070893744619,1.4546846696236868,0.15925426020867073,,0,0.879645943005142,2278.5819397993305
1.4,35,0.4,0.2,0.2,false,NO_DILUTE_CONNECTED_ROOT;ACTUAL_LOADING_EXCEEDS_DESIGN_FLOOD_FRACTION,1.6764057216350954,0.030434612662561956,0.003635044408705219,0.7517157072265173,0.002732519978489641,0.0005022125597928705,2.175515712672482,0.15872576980642972,,0,1.0262536001726656,2658.3455964325526
1.4,40,0.4,0.2,0.2,false,NO_DILUTE_CONNECTED_ROOT;ACTUAL_LOADING_EXCEEDS_DESIGN_FLOOD_FRACTION,1.4281992413825038,0.04543009237093795,0.00265867789271165,0.7252939855442433,0.0019283230850832029,0.0003534234332191922,3.0913946621452477,0.15840594727813023,,0,1.1728612573401893,3038.109253065774
1.4,45,0.4,0.2,0.2,false,NO_DILUTE_CONNECTED_ROOT;ACTUAL_LOADING_EXCEEDS_DESIGN_FLOOD_FRACTION,1.2399545629641298,0.0646846432390894,0.002014127408536271,0.7023450195764531,0.001414612354177878,0.0002588058416666662,4.221586761314514,0.15820096384639049,,0,1.319468914507713,3417.872909698996
1.4,50,0.4,0.2,0.2,false,NO_DILUTE_CONNECTED_ROOT;ACTUAL_LOADING_EXCEEDS_DESIGN_FLOOD_FRACTION,1.0926895317555132,0.0887306491619882,0.0015695226791155076,0.6821383054399219,0.0010706315406813786,0.00019563741523966944,5.584674657413473,0.15806337207746918,,0,1.4660765716752366,3797.636566332218
1.4,55,0.4,0.2,0.2,false,NO_DILUTE_CONNECTED_ROOT;ACTUAL_LOADING_EXCEEDS_DESIGN_FLOOD_FRACTION,0.9745980997198231,0.11810049403460629,0.0012516697546304436,0.6641461107420925,0.0008312915994713183,0.00015177439869814568,7.198653556215385,0.157967431464206,,0,1.6126842288427603,4177.400222965439
1.4,60,0.4,0.2,0.2,false,NO_DILUTE_CONNECTED_ROOT;ACTUAL_LOADING_EXCEEDS_DESIGN_FLOOD_FRACTION,0.8779692131006721,0.15332656175191564,0.0010175986993489364,0.6479755856429554,0.0006593791131601368,0.00012031394582923335,9.081003099022208,0.15789840904867275,,0,1.759291886010284,4557.163879598661
1.4,65,0.4,0.2,0.2,false,NO_DILUTE_CONNECTED_ROOT;ACTUAL_LOADING_EXCEEDS_DESIGN_FLOOD_FRACTION,0.7975625618208908,0.19494123620888804,0.0008408772387726718,0.6333269324055328,0.000532550202161531,0.00009712829629348605,11.248743740233111,0.15784741583715217,,0,1.9058995431778074,4936.927536231882
1.4,70,0.4,0.2,0.2,false,NO_DILUTE_CONNECTED_ROOT;ACTUAL_LOADING_EXCEEDS_DESIGN_FLOOD_FRACTION,0.7296979726411388,0.24347690130049565,0.0007045928340782029,0.6199665273887158,0.0004368239725664371,0.00007964228812484724,13.718482236699973,0.15780886240610903,,0,2.0525072003453313,5316.691192865105
1.4,30,0.4,0.2,0.3,false,NO_DILUTE_CONNECTED_ROOT;ACTUAL_LOADING_EXCEEDS_DESIGN_FLOOD_FRACTION,2.017043581653567,0.019165820218989455,0.005197613882739085,0.9899321826879559,0.005145285255709124,0.0009522384124374361,1.14737160427525,0.15953203342568478,,0,0.879645943005142,2278.5819397993305
1.4,35,0.4,0.2,0.3,false,NO_DILUTE_CONNECTED_ROOT;ACTUAL_LOADING_EXCEEDS_DESIGN_FLOOD_FRACTION,1.6764057216350954,0.030434612662561956,0.003635044408705219,0.9589885053411861,0.0034859658043530535,0.0006417781309361731,1.702412815683054,0.15892197717618173,,0,1.0262536001726656,2658.3455964325526
1.4,40,0.4,0.2,0.3,false,NO_DILUTE_CONNECTED_ROOT;ACTUAL_LOADING_EXCEEDS_DESIGN_FLOOD_FRACTION,1.4281992413825038,0.04543009237093795,0.00265867789271165,0.932566783658912,0.0024793946911911575,0.0004549962665826418,2.401275340426145,0.15855032645695527,,0,1.1728612573401893,3038.109253065774
1.4,45,0.4,0.2,0.3,false,NO_DILUTE_CONNECTED_ROOT;ACTUAL_LOADING_EXCEEDS_DESIGN_FLOOD_FRACTION,1.2399545629641298,0.0646846432390894,0.002014127408536271,0.9096178176911218,0.0018320861779046373,0.0003355059373608281,3.2564887629867054,0.1583107729817737,,0,1.319468914507713,3417.872909698996
1.4,50,0.4,0.2,0.3,false,NO_DILUTE_CONNECTED_ROOT;ACTUAL_LOADING_EXCEEDS_DESIGN_FLOOD_FRACTION,1.0926895317555132,0.0887306491619882,0.0015695226791155076,0.8894111035545909,0.0013959508980860816,0.0002552756774930748,4.279966370711122,0.15814916973046433,,0,1.4660765716752366,3797.636566332218
1.4,55,0.4,0.2,0.3,false,NO_DILUTE_CONNECTED_ROOT;ACTUAL_LOADING_EXCEEDS_DESIGN_FLOOD_FRACTION,0.9745980997198231,0.11810049403460629,0.0012516697546304436,0.8714189088567613,0.0010907286918290713,0.00019926181537204492,5.483094254114371,0.15803600308508192,,0,1.6126842288427603,4177.400222965439
1.4,60,0.4,0.2,0.3,false,NO_DILUTE_CONNECTED_ROOT;ACTUAL_LOADING_EXCEEDS_DESIGN_FLOOD_FRACTION,0.8779692131006721,0.15332656175191564,0.0010175986993489364,0.8552483837576242,0.0008702996429320384,0.00015887788281533497,6.87679931007617,0.15795424324188911,,0,1.759291886010284,4557.163879598661
1.4,65,0.4,0.2,0.3,false,NO_DILUTE_CONNECTED_ROOT;ACTUAL_LOADING_EXCEEDS_DESIGN_FLOOD_FRACTION,0.7975625618208908,0.19494123620888804,0.0008408772387726718,0.8405997305202016,0.0007068411803128793,0.0001289686653995321,8.47160286218502,0.15789360487053133,,0,1.9058995431778074,4936.927536231882
1.4,70,0.4,0.2,0.3,false,NO_DILUTE_CONNECTED_ROOT;ACTUAL_LOADING_EXCEEDS_DESIGN_FLOOD_FRACTION,0.7296979726411388,0.24347690130049565,0.0007045928340782029,0.8272393255033845,0.0005828669008173707,0.00010630541282887759,10.27766400465042,0.15784760872372522,,0,2.0525072003453313,5316.691192865105
1.4,30,0.4,0.2,0.4,false,ACTUAL_LOADING_EXCEEDS_DESIGN_FLOOD_FRACTION,2.017043581653567,0.019165820218989455,0.005197613882739085,1.1994703466323546,0.006234383725590189,0.0011563635221629434,0.9448337776058832,0.15979306287761857,0.11419660227620437,2,0.879645943005142,2278.5819397993305
1.4,35,0.4,0.2,0.4,false,NO_DILUTE_CONNECTED_ROOT;ACTUAL_LOADING_EXCEEDS_DESIGN_FLOOD_FRACTION,1.6764057216350954,0.030434612662561956,0.003635044408705219,1.1685266692855847,0.0042476463356094975,0.0007832500400206822,1.3949202159019465,0.15910632416472198,,0,1.0262536001726656,2658.3455964325526
1.4,40,0.4,0.2,0.4,false,NO_DILUTE_CONNECTED_ROOT;ACTUAL_LOADING_EXCEEDS_DESIGN_FLOOD_FRACTION,1.4281992413825038,0.04543009237093795,0.00265867789271165,1.1421049476033107,0.00303648917534952,0.000557886214730051,1.958412461328749,0.15868587008440727,,0,1.1728612573401893,3038.109253065774
1.4,45,0.4,0.2,0.4,false,NO_DILUTE_CONNECTED_ROOT;ACTUAL_LOADING_EXCEEDS_DESIGN_FLOOD_FRACTION,1.2399545629641298,0.0646846432390894,0.002014127408536271,1.1191559816355205,0.0022541227370394172,0.0004131642801385298,2.6443992558227203,0.15841377063552076,,0,1.319468914507713,3417.872909698996
1.4,50,0.4,0.2,0.4,false,NO_DILUTE_CONNECTED_ROOT;ACTUAL_LOADING_EXCEEDS_DESIGN_FLOOD_FRACTION,1.0926895317555132,0.0887306491619882,0.0015695226791155076,1.0989492674989896,0.0017248257985370387,0.00031563906935224903,3.4614577883942594,0.15822956891408446,,0,1.4660765716752366,3797.636566332218
1.4,55,0.4,0.2,0.4,false,NO_DILUTE_CONNECTED_ROOT;ACTUAL_LOADING_EXCEEDS_DESIGN_FLOOD_FRACTION,0.9745980997198231,0.11810049403460629,0.0012516697546304436,1.08095707280116,0.0013530012740790704,0.000247315078140805,4.41773030235067,0.15810016474133975,,0,1.6126842288427603,4177.400222965439
1.4,60,0.4,0.2,0.4,false,NO_DILUTE_CONNECTED_ROOT;ACTUAL_LOADING_EXCEEDS_DESIGN_FLOOD_FRACTION,0.8779692131006721,0.15332656175191564,0.0010175986993489364,1.064786547702023,0.0010835254060258229,0.0001978943547869086,5.520982728927928,0.15800643191629804,,0,1.759291886010284,4557.163879598661
1.4,65,0.4,0.2,0.4,false,NO_DILUTE_CONNECTED_ROOT;ACTUAL_LOADING_EXCEEDS_DESIGN_FLOOD_FRACTION,0.7975625618208908,0.19494123620888804,0.0008408772387726718,1.0501378944646005,0.0008830370530279407,0.00016117828319799546,6.778650902917957,0.1579367298764015,,0,1.9058995431778074,4936.927536231882
1.4,70,0.4,0.2,0.4,false,NO_DILUTE_CONNECTED_ROOT;ACTUAL_LOADING_EXCEEDS_DESIGN_FLOOD_FRACTION,0.7296979726411388,0.24347690130049565,0.0007045928340782029,1.0367774894477833,0.0007305059895984977,0.00013327489595122162,8.197877830876246,0.15788373974742648,,0,2.0525072003453313,5316.691192865105
1.4,30,0.5,0.2,0.2,false,NO_DILUTE_CONNECTED_ROOT;ACTUAL_LOADING_EXCEEDS_DESIGN_FLOOD_FRACTION,1.2909078922582828,0.058489441586271534,0.0021802369314438096,0.6942881040538535,0.0015137125655203141,0.00027704207035145526,3.9437018123089516,0.15824449083219078,,0,1.0995574287564276,3560.2842809364543
1.4,35,0.5,0.2,0.2,false,NO_DILUTE_CONNECTED_ROOT;ACTUAL_LOADING_EXCEEDS_DESIGN_FLOOD_FRACTION,1.0728996618464608,0.0928790669633849,0.0015138373502978702,0.6650653544853617,0.0010068007740090337,0.00018393649735223513,5.9399375907360215,0.1580404583014257,,0,1.2828170002158323,4153.664994425864
1.4,40,0.5,0.2,0.2,false,NO_DILUTE_CONNECTED_ROOT;ACTUAL_LOADING_EXCEEDS_DESIGN_FLOOD_FRACTION,0.9140475144848023,0.13864163931560655,0.0011022351094582862,0.6403571661837213,0.000705824151160912,0.00012881191155478676,8.481912128647837,0.1579189546413136,,0,1.4660765716752366,4747.045707915272
1.4,45,0.5,0.2,0.2,false,NO_DILUTE_CONNECTED_ROOT;ACTUAL_LOADING_EXCEEDS_DESIGN_FLOOD_FRACTION,0.7935709202970429,0.19740186535366638,0.000832534251189886,0.619070672439076,0.0005153975387126853,0.00009399535840807917,11.623673056146872,0.15784189022018275,,0,1.6493361431346414,5340.426421404682
1.4,50,0.5,0.2,0.2,false,NO_DILUTE_CONNECTED_ROOT;ACTUAL_LOADING_EXCEEDS_DESIGN_FLOOD_FRACTION,0.6993213003235286,0.27078445178829413,0.0006474302811080894,0.6004568526974539,0.0003887539489351912,0.00007086662024970856,15.417291117892013,0.1577905440495843,,0,1.8325957145940461,5933.807134894091
1.4,55,0.5,0.2,0.2,false,NO_DILUTE_CONNECTED_ROOT;ACTUAL_LOADING_EXCEEDS_DESIGN_FLOOD_FRACTION,0.6237427838206868,0.3604141053302194,0.0005155624948303998,0.5839815627723199,0.00030107899143785296,0.00005486690804455301,19.913119836161876,0.15775492717302525,,0,2.0158552860534504,6527.1878483835
1.4,60,0.5,0.2,0.2,false,NO_DILUTE_CONNECTED_ROOT;ACTUAL_LOADING_EXCEEDS_DESIGN_FLOOD_FRACTION,0.5619002963844302,0.4679155326901723,0.00041870018982085856,0.5692515060296821,0.0002383457136304375,0.000043424938766472696,25.15999667394822,0.15772939589569013,,0,2.199114857512855,7120.5685618729085
1.4,65,0.5,0.2,0.2,false,NO_DILUTE_CONNECTED_ROOT;ACTUAL_LOADING_EXCEEDS_DESIGN_FLOOD_FRACTION,0.5104400395653701,0.594913440578882,0.0003457081493410814,0.5559693577736888,0.00019220313776629154,0.00003501224752737645,31.20540359702887,0.15771058684088246,,0,2.3823744289722595,7713.949275362317
1.4,70,0.5,0.2,0.2,false,NO_DILUTE_CONNECTED_ROOT;ACTUAL_LOADING_EXCEEDS_DESIGN_FLOOD_FRACTION,0.46700670249032883,0.7430325357070792,0.00028949878671798786,0.5439053219655519,0.00015745993079848382,0.00002867972589309518,38.095598228639325,0.1576963987444161,,0,2.5656340004316647,8307.329988851729
1.4,30,0.5,0.2,0.3,false,NO_DILUTE_CONNECTED_ROOT;ACTUAL_LOADING_EXCEEDS_DESIGN_FLOOD_FRACTION,1.2909078922582828,0.058489441586271534,0.0021802369314438096,0.9015609021685222,0.0019656163748536116,0.00036012639320866956,3.033855156230621,0.158363941156848,,0,1.0995574287564276,3560.2842809364543
1.4,35,0.5,0.2,0.3,false,NO_DILUTE_CONNECTED_ROOT;ACTUAL_LOADING_EXCEEDS_DESIGN_FLOOD_FRACTION,1.0728996618464608,0.0928790669633849,0.0015138373502978702,0.8723381526000307,0.0013205780774957696,0.0002414384271673891,4.525258583520258,0.15812373503689947,,0,1.2828170002158323,4153.664994425864
1.4,40,0.5,0.2,0.3,false,NO_DILUTE_CONNECTED_ROOT;ACTUAL_LOADING_EXCEEDS_DESIGN_FLOOD_FRACTION,0.9140475144848023,0.13864163931560655,0.0011022351094582862,0.8476299642983902,0.0009342875064785594,0.0001705975611701555,6.40437827737243,0.1579797543520856,,0,1.4660765716752366,4747.045707915272
1.4,45,0.5,0.2,0.3,false,NO_DILUTE_CONNECTED_ROOT;ACTUAL_LOADING_EXCEEDS_DESIGN_FLOOD_FRACTION,0.7935709202970429,0.19740186535366638,0.000832534251189886,0.8263434705537448,0.0006879592424831135,0.0001255171984491605,8.704554662072015,0.15788790072029102,,0,1.6493361431346414,5340.426421404682
1.4,50,0.5,0.2,0.3,false,NO_DILUTE_CONNECTED_ROOT;ACTUAL_LOADING_EXCEEDS_DESIGN_FLOOD_FRACTION,0.6993213003235286,0.27078445178829413,0.0006474302811080894,0.8077296508121227,0.0005229486348846315,0.00009535940368827468,11.457405066231553,0.15782637619777906,,0,1.8325957145940461,5933.807134894091
1.4,55,0.5,0.2,0.3,false,NO_DILUTE_CONNECTED_ROOT;ACTUAL_LOADING_EXCEEDS_DESIGN_FLOOD_FRACTION,0.6237427838206868,0.3604141053302194,0.0005155624948303998,0.7912543608869886,0.00040794107234432936,0.00007435963405583191,14.69307008841001,0.15778348874874681,,0,2.0158552860534504,6527.1878483835
1.4,60,0.5,0.2,0.3,false,NO_DILUTE_CONNECTED_ROOT;ACTUAL_LOADING_EXCEEDS_DESIGN_FLOOD_FRACTION,0.5619002963844302,0.4679155326901723,0.00041870018982085856,0.776524304144351,0.00032513087354574987,0.00005924877377588586,18.440403831201863,0.15775261928965778,,0,2.199114857512855,7120.5685618729085
1.4,65,0.5,0.2,0.3,false,NO_DILUTE_CONNECTED_ROOT;ACTUAL_LOADING_EXCEEDS_DESIGN_FLOOD_FRACTION,0.5104400395653701,0.594913440578882,0.0003457081493410814,0.7632421558883578,0.0002638590332112613,0.000048073450439159346,22.727124950467022,0.15772977515761782,,0,2.3823744289722595,7713.949275362317
1.4,70,0.5,0.2,0.3,false,NO_DILUTE_CONNECTED_ROOT;ACTUAL_LOADING_EXCEEDS_DESIGN_FLOOD_FRACTION,0.46700670249032883,0.7430325357070792,0.00028949878671798786,0.7511781200802207,0.0002174651543723229,0.00003961471068880502,27.57993926835909,0.15771247902160918,,0,2.5656340004316647,8307.329988851729
1.4,30,0.5,0.2,0.4,false,NO_DILUTE_CONNECTED_ROOT;ACTUAL_LOADING_EXCEEDS_DESIGN_FLOOD_FRACTION,1.2909078922582828,0.058489441586271534,0.0021802369314438096,1.111099066112921,0.0024224592184321175,0.00044425976285484246,2.4593073833874195,0.15847587856256162,,0,1.0995574287564276,3560.2842809364543
1.4,35,0.5,0.2,0.4,false,NO_DILUTE_CONNECTED_ROOT;ACTUAL_LOADING_EXCEEDS_DESIGN_FLOOD_FRACTION,1.0728996618464608,0.0928790669633849,0.0015138373502978702,1.0818763165444294,0.0016377847763876388,0.00029963744990283905,3.6463109510681564,0.15820165712642176,,0,1.2828170002158323,4153.664994425864
1.4,40,0.5,0.2,0.4,false,NO_DILUTE_CONNECTED_ROOT;ACTUAL_LOADING_EXCEEDS_DESIGN_FLOOD_FRACTION,0.9140475144848023,0.13864163931560655,0.0011022351094582862,1.057168128242789,0.001165247827549502,0.0002128764914533569,5.132418838132956,0.15803654097143294,,0,1.4660765716752366,4747.045707915272
1.4,45,0.5,0.2,0.4,false,NO_DILUTE_CONNECTED_ROOT;ACTUAL_LOADING_EXCEEDS_DESIGN_FLOOD_FRACTION,0.7935709202970429,0.19740186535366638,0.000832534251189886,1.0358816344981436,0.0008624069408982672,0.00015740449874176977,6.941169557823617,0.15793081077826338,,0,1.6493361431346414,5340.426421404682
1.4,50,0.5,0.2,0.4,false,NO_DILUTE_CONNECTED_ROOT;ACTUAL_LOADING_EXCEEDS_DESIGN_FLOOD_FRACTION,0.6993213003235286,0.27078445178829413,0.0006474302811080894,1.0172678147565213,0.0006586099872700265,0.00012013257307346773,9.0947133402586,0.1578597292382033,,0,1.8325957145940461,5933.807134894091
1.4,55,0.5,0.2,0.4,false,NO_DILUTE_CONNECTED_ROOT;ACTUAL_LOADING_EXCEEDS_DESIGN_FLOOD_FRACTION,0.6237427838206868,0.3604141053302194,0.0005155624948303998,1.0007925248313874,0.0005159710909096849,0.00009407346518705685,11.614022219319505,0.15781003832516932,,0,2.0158552860534504,6527.1878483835
1.4,60,0.5,0.2,0.4,false,NO_DILUTE_CONNECTED_ROOT;ACTUAL_LOADING_EXCEEDS_DESIGN_FLOOD_FRACTION,0.5619002963844302,0.4679155326901723,0.00041870018982085856,0.9860624680887498,0.0004128645425639838,0.00007525087551968202,14.519051205525095,0.15777415686631807,,0,2.199114857512855,7120.5685618729085
1.4,65,0.5,0.2,0.4,false,NO_DILUTE_CONNECTED_ROOT;ACTUAL_LOADING_EXCEEDS_DESIGN_FLOOD_FRACTION,0.5104400395653701,0.594913440578882,0.0003457081493410814,0.9727803198327565,0.0003362980840848075,0.00006128103461597747,17.82886535414332,0.157747553538162,,0,2.3823744289722595,7713.949275362317
1.4,70,0.5,0.2,0.4,false,NO_DILUTE_CONNECTED_ROOT;ACTUAL_LOADING_EXCEEDS_DESIGN_FLOOD_FRACTION,0.46700670249032883,0.7430325357070792,0.00028949878671798786,0.9607162840246194,0.0002781261986053411,0.000050671754922667086,21.56174216974112,0.157727363217173,,0,2.5656340004316647,8307.329988851729
1.4,30,0.33,0.25,0.2,true,,3.2401968098008767,0.005859858644042955,0.01263797552773057,0.8364928050775453,0.010571575599692715,0.001994268821238757,0.5478555866165516,0.1618253473008079,0.04472994254067997,2,0.7257079029792421,1550.8598327759194
1.4,35,0.33,0.25,0.2,false,ACTUAL_LOADING_EXCEEDS_DESIGN_FLOOD_FRACTION,2.6929931115920303,0.009305238494938584,0.008988753484455377,0.8048872953495712,0.007234933480667322,0.0013502507451426313,0.809161793734427,0.16052521005327064,0.08027704357447019,2,0.8466592201424492,1809.3364715719063
1.4,40,0.33,0.25,0.2,false,NO_DILUTE_CONNECTED_ROOT;ACTUAL_LOADING_EXCEEDS_DESIGN_FLOOD_FRACTION,2.2942720067029434,0.013890035304398113,0.0066473376738842545,0.7776246091587611,0.005169133360600551,0.0009581022230545004,1.1403494205948719,0.15970990200081103,,0,0.9676105373056562,2067.8131103678925
1.4,45,0.33,0.25,0.2,false,NO_DILUTE_CONNECTED_ROOT;ACTUAL_LOADING_EXCEEDS_DESIGN_FLOOD_FRACTION,1.991874075383496,0.01977702292364497,0.00507370176682156,0.7537459061690591,0.0038242819358644733,0.0007055996002071011,1.5484296116525245,0.1591749631482135,,0,1.088561854468863,2326.2897491638796
1.4,50,0.33,0.25,0.2,false,NO_DILUTE_CONNECTED_ROOT;ACTUAL_LOADING_EXCEEDS_DESIGN_FLOOD_FRACTION,1.7553062150469314,0.027128975203902568,0.0039745862799404645,0.7325711055888443,0.002911667065354238,0.0005355291860381018,2.0401713733173152,0.15881005233469886,,0,1.2095131716320704,2584.7663879598663
1.4,55,0.33,0.25,0.2,false,NO_DILUTE_CONNECTED_ROOT;ACTUAL_LOADING_EXCEEDS_DESIGN_FLOOD_FRACTION,1.5656030847689164,0.03610866599639431,0.0031817554054499866,0.7136015521469946,0.0022705055958812006,0.00041667153123863443,2.622140542414752,0.15855273165517353,,0,1.3304644887952772,2843.243026755852
1.4,60,0.33,0.25,0.2,false,NO_DILUTE_CONNECTED_ROOT;ACTUAL_LOADING_EXCEEDS_DESIGN_FLOOD_FRACTION,1.4103775789812287,0.04687886915234364,0.0025940531375568602,0.6964614482034456,0.0018066580048995426,0.0003310092053577336,3.3007278868576386,0.15836603266057703,,0,1.4514158059584843,3101.7196655518387
1.4,65,0.33,0.25,0.2,false,NO_DILUTE_CONNECTED_ROOT;ACTUAL_LOADING_EXCEEDS_DESIGN_FLOOD_FRACTION,1.281211616811024,0.05960235852297393,0.0021481451393647825,0.6808610003438299,0.0014625882484716416,0.00026764471888815613,4.0821702721039825,0.1582272275891739,,0,1.5723671231216911,3360.196304347826
1.4,70,0.33,0.25,0.2,false,NO_DILUTE_CONNECTED_ROOT;ACTUAL_LOADING_EXCEEDS_DESIGN_FLOOD_FRACTION,1.172193335124512,0.07444190795950867,0.0018029632591838845,0.6665723337471352,0.001201805427334543,0.0002197197693410617,4.972567185044264,0.15812181494275485,,0,1.6933184402848984,3618.6729431438125
1.4,30,0.33,0.25,0.3,true,,3.2401968098008767,0.005859858644042955,0.01263797552773057,1.0437656031922142,0.01319108414983014,0.002501531147307298,0.4367610277836938,0.16247322478432674,0.03369137695643886,2,0.7257079029792421,1550.8598327759194
1.4,35,0.33,0.25,0.3,true,,2.6929931115920303,0.009305238494938584,0.008988753484455377,1.01216009346424,0.009098057566953368,0.0017046673633354043,0.6409293322734235,0.16099840261068216,0.05524286995290397,2,0.8466592201424492,1809.3364715719063
1.4,40,0.33,0.25,0.3,false,ACTUAL_LOADING_EXCEEDS_DESIGN_FLOOD_FRACTION,2.2942720067029434,0.013890035304398113,0.0066473376738842545,0.98489740727343,0.006546945640279595,0.0012171415260887597,0.8976534704569621,0.160065511654581,0.09945550558353912,2,0.9676105373056562,2067.8131103678925
1.4,45,0.33,0.25,0.3,false,NO_DILUTE_CONNECTED_ROOT;ACTUAL_LOADING_EXCEEDS_DESIGN_FLOOD_FRACTION,1.991874075383496,0.01977702292364497,0.00507370176682156,0.9610187042837279,0.004875922297872917,0.0009017494904231608,1.2116128997402051,0.15944922058728078,,0,1.088561854468863,2326.2897491638796
1.4,50,0.33,0.25,0.3,false,NO_DILUTE_CONNECTED_ROOT;ACTUAL_LOADING_EXCEEDS_DESIGN_FLOOD_FRACTION,1.7553062150469314,0.027128975203902568,0.0039745862799404645,0.9398439037035131,0.0037354906849456702,0.0006883365776918993,1.587263194111261,0.15902642076627976,,0,1.2095131716320704,2584.7663879598663
1.4,55,0.33,0.25,0.3,false,NO_DILUTE_CONNECTED_ROOT;ACTUAL_LOADING_EXCEEDS_DESIGN_FLOOD_FRACTION,1.5656030847689164,0.03610866599639431,0.0031817554054499866,0.9208743502616634,0.002929996941685292,0.0005385118874229092,2.028871303397672,0.158726802259615,,0,1.3304644887952772,2843.243026755852
1.4,60,0.33,0.25,0.3,false,NO_DILUTE_CONNECTED_ROOT;ACTUAL_LOADING_EXCEEDS_DESIGN_FLOOD_FRACTION,1.4103775789812287,0.04687886915234364,0.0025940531375568602,0.9037342463181144,0.002344334657179089,0.0004300545459462122,2.5405412528007743,0.15850848974790338,,0,1.4514158059584843,3101.7196655518387
1.4,65,0.33,0.25,0.3,false,NO_DILUTE_CONNECTED_ROOT;ACTUAL_LOADING_EXCEEDS_DESIGN_FLOOD_FRACTION,1.281211616811024,0.05960235852297393,0.0021481451393647825,0.8881337984584987,0.0019078403022642053,0.0003494848352219114,3.1262338299660737,0.15834553200988866,,0,1.5723671231216911,3360.196304347826
1.4,70,0.33,0.25,0.3,false,NO_DILUTE_CONNECTED_ROOT;ACTUAL_LOADING_EXCEEDS_DESIGN_FLOOD_FRACTION,1.172193335124512,0.07444190795950867,0.0018029632591838845,0.873845131861804,0.0015755106669635296,0.0002882939593236956,3.789782198329457,0.15822133488620743,,0,1.6933184402848984,3618.6729431438125
1.4,30,0.33,0.25,0.4,true,,3.2401968098008767,0.005859858644042955,0.01263797552773057,1.253303767136613,0.015839222337885046,0.00301831304779337,0.36198078119485183,0.16307800472721895,0.027038225438783113,2,0.7257079029792421,1550.8598327759194
1.4,35,0.33,0.25,0.4,true,,2.6929931115920303,0.009305238494938584,0.008988753484455377,1.2216982574086388,0.010981544468234964,0.002065105603594424,0.5290631689871844,0.16144144086593432,0.04259183491088673,2,0.8466592201424492,1809.3364715719063
1.4,40,0.33,0.25,0.4,false,ACTUAL_LOADING_EXCEEDS_DESIGN_FLOOD_FRACTION,2.2942720067029434,0.013890035304398113,0.0066473376738842545,1.1944355712178287,0.007939816571583732,0.0014802358519753838,0.7381062372410553,0.160398894985333,0.06832557591656493,2,0.9676105373056562,2067.8131103678925
1.4,45,0.33,0.25,0.4,false,ACTUAL_LOADING_EXCEEDS_DESIGN_FLOOD_FRACTION,1.991874075383496,0.01977702292364497,0.00507370176682156,1.1705568682281267,0.005939056450494158,0.0011007754939576539,0.992546909817824,0.15970643489443304,0.1421214495712544,2,1.088561854468863,2326.2897491638796
1.4,50,0.33,0.25,0.4,false,NO_DILUTE_CONNECTED_ROOT;ACTUAL_LOADING_EXCEEDS_DESIGN_FLOOD_FRACTION,1.7553062150469314,0.027128975203902568,0.0039745862799404645,1.1493820676479118,0.004568318196482993,0.0008432716829727839,1.2956338235848484,0.15922932286876296,,0,1.2095131716320704,2584.7663879598663
1.4,55,0.33,0.25,0.4,false,NO_DILUTE_CONNECTED_ROOT;ACTUAL_LOADING_EXCEEDS_DESIGN_FLOOD_FRACTION,1.5656030847689164,0.03610866599639431,0.0031817554054499866,1.1304125142060621,0.003596696127463448,0.0006619809038996046,1.6504574505015577,0.1588899819935602,,0,1.3304644887952772,2843.243026755852
1.4,60,0.33,0.25,0.4,false,NO_DILUTE_CONNECTED_ROOT;ACTUAL_LOADING_EXCEEDS_DESIGN_FLOOD_FRACTION,1.4103775789812287,0.04687886915234364,0.0025940531375568602,1.1132724102625131,0.0028878877887969605,0.000530381643879835,2.0599719608290115,0.15864193184063274,,0,1.4514158059584843,3101.7196655518387
1.4,65,0.33,0.25,0.4,false,NO_DILUTE_CONNECTED_ROOT;ACTUAL_LOADING_EXCEEDS_DESIGN_FLOOD_FRACTION,1.281211616811024,0.05960235852297393,0.0021481451393647825,1.0976719624028974,0.0023579586906527865,0.0004323569860423158,2.52701205300734,0.15845627697961018,,0,1.5723671231216911,3360.196304347826
1.4,70,0.33,0.25,0.4,false,NO_DILUTE_CONNECTED_ROOT;ACTUAL_LOADING_EXCEEDS_DESIGN_FLOOD_FRACTION,1.172193335124512,0.07444190795950867,0.0018029632591838845,1.0833832958062026,0.0019533002779521295,0.00035771503545705536,3.054306379755246,0.15831442525083356,,0,1.6933184402848984,3618.6729431438125
1.4,30,0.4,0.25,0.2,false,NO_DILUTE_CONNECTED_ROOT;ACTUAL_LOADING_EXCEEDS_DESIGN_FLOOD_FRACTION,2.2053589536707214,0.015332656175191563,0.006165732954559941,0.7577109424938893,0.004671843328165245,0.0008645502081729517,1.2637453610008167,0.15952278363410072,,0,0.879645943005142,2278.5819397993305
1.4,35,0.4,0.25,0.2,false,NO_DILUTE_CONNECTED_ROOT;ACTUAL_LOADING_EXCEEDS_DESIGN_FLOOD_FRACTION,1.8329184365773254,0.024347690130049563,0.004321934898857877,0.7267918960637956,0.003141147259805205,0.0005782312124127193,1.889505947581091,0.15890903393539402,,0,1.0262536001726656,2658.3455964325526
1.4,40,0.4,0.25,0.2,false,NO_DILUTE_CONNECTED_ROOT;ACTUAL_LOADING_EXCEEDS_DESIGN_FLOOD_FRACTION,1.5615388845621907,0.03634407389675036,0.003165658677972442,0.7003871057465895,0.0022171865192466933,0.0004068287552549267,2.685580359840179,0.15853637135620263,,0,1.1728612573401893,3038.109253065774
1.4,45,0.4,0.25,0.2,false,NO_DILUTE_CONNECTED_ROOT;ACTUAL_LOADING_EXCEEDS_DESIGN_FLOOD_FRACTION,1.3557192925578918,0.05174771459127152,0.002400520993742034,0.6774503441997668,0.0016262337734693072,0.0002977729022265565,3.669142849336875,0.158297062680404,,0,1.319468914507713,3417.872909698996
1.4,50,0.4,0.25,0.2,false,NO_DILUTE_CONNECTED_ROOT;ACTUAL_LOADING_EXCEEDS_DESIGN_FLOOD_FRACTION,1.1947052926163177,0.07098451932959055,0.0018718778099747944,0.657252756482147,0.001230296850403698,0.00022495719541044008,4.856796480492363,0.1581362391139477,,0,1.4660765716752366,3797.636566332218
1.4,55,0.4,0.25,0.2,false,NO_DILUTE_CONNECTED_ROOT;ACTUAL_LOADING_EXCEEDS_DESIGN_FLOOD_FRACTION,1.0655885995708436,0.09448039522768503,0.0014935106831816878,0.6392675894073616,0.0009547529741916993,0.0001744024849197733,6.2646545170124766,0.15802404767119593,,0,1.6126842288427603,4177.400222965439
1.4,60,0.4,0.25,0.2,false,NO_DILUTE_CONNECTED_ROOT;ACTUAL_LOADING_EXCEEDS_DESIGN_FLOOD_FRACTION,0.9599382396940987,0.1226612494015325,0.0012146433890197505,0.6231026067760022,0.0007568474620014442,0.00013815324790931871,7.908401224472132,0.157943298549581,,0,1.759291886010284,4557.163879598661
1.4,65,0.4,0.25,0.2,false,NO_DILUTE_CONNECTED_ROOT;ACTUAL_LOADING_EXCEEDS_DESIGN_FLOOD_FRACTION,0.872024656692003,0.1559529889671104,0.0010039699893958154,0.6084584125456766,0.0006108739859912776,0.00011144889461643675,9.803339177934951,0.15788363168294556,,0,1.9058995431778074,4936.927536231882
1.4,70,0.4,0.25,0.2,false,NO_DILUTE_CONNECTED_ROOT;ACTUAL_LOADING_EXCEEDS_DESIGN_FLOOD_FRACTION,0.7978240887191209,0.1947815210403965,0.0008414252836117462,0.5951016556918769,0.0005007335794183572,0.00009131831348220045,11.964427213647781,0.15783853343626436,,0,2.0525072003453313,5316.691192865105
1.4,30,0.4,0.25,0.3,false,ACTUAL_LOADING_EXCEEDS_DESIGN_FLOOD_FRACTION,2.2053589536707214,0.015332656175191563,0.006165732954559941,0.9649837406085582,0.005949832050084709,0.0011041685767486157,0.9894968376550732,0.15985545251721278,0.13908126434917706,2,0.879645943005142,2278.5819397993305
1.4,35,0.4,0.25,0.3,false,NO_DILUTE_CONNECTED_ROOT;ACTUAL_LOADING_EXCEEDS_DESIGN_FLOOD_FRACTION,1.8329184365773254,0.024347690130049563,0.004321934898857877,0.9340646941784645,0.004036966799560916,0.0007446493693961049,1.467229222012114,0.15914502200425173,,0,1.0262536001726656,2658.3455964325526
1.4,40,0.4,0.25,0.3,false,NO_DILUTE_CONNECTED_ROOT;ACTUAL_LOADING_EXCEEDS_DESIGN_FLOOD_FRACTION,1.5615388845621907,0.03634407389675036,0.003165658677972442,0.9076599038612583,0.002873341451306025,0.0005280243140877627,2.0691685700466858,0.15871049839975343,,0,1.1728612573401893,3038.109253065774
1.4,45,0.4,0.25,0.3,false,NO_DILUTE_CONNECTED_ROOT;ACTUAL_LOADING_EXCEEDS_DESIGN_FLOOD_FRACTION,1.3557192925578918,0.05174771459127152,0.002400520993742034,0.8847231423144357,0.002123796476775224,0.0003893306981650874,2.8062809330991327,0.1584297436934567,,0,1.319468914507713,3417.872909698996
1.4,50,0.4,0.25,0.3,false,NO_DILUTE_CONNECTED_ROOT;ACTUAL_LOADING_EXCEEDS_DESIGN_FLOOD_FRACTION,1.1947052926163177,0.07098451932959055,0.0018718778099747944,0.8645255545968158,0.001618286201805932,0.0002961697993966009,3.6890031230625113,0.15824006070950664,,0,1.4660765716752366,3797.636566332218
1.4,55,0.4,0.25,0.3,false,NO_DILUTE_CONNECTED_ROOT;ACTUAL_LOADING_EXCEEDS_DESIGN_FLOOD_FRACTION,1.0655885995708436,0.09448039522768503,0.0014935106831816878,0.8465403875220305,0.0012643171125089187,0.0002311185576974025,4.727319717706673,0.15810709047360205,,0,1.6126842288427603,4177.400222965439
1.4,60,0.4,0.25,0.3,false,NO_DILUTE_CONNECTED_ROOT;ACTUAL_LOADING_EXCEEDS_DESIGN_FLOOD_FRACTION,0.9599382396940987,0.1226612494015325,0.0012146433890197505,0.830375404890671,0.001008609995955052,0.00018421922103564053,5.930821489683102,0.15801097638095468,,0,1.759291886010284,4557.163879598661
1.4,65,0.4,0.25,0.3,false,NO_DILUTE_CONNECTED_ROOT;ACTUAL_LOADING_EXCEEDS_DESIGN_FLOOD_FRACTION,0.872024656692003,0.1559529889671104,0.0010039699893958154,0.8157312106603454,0.0008189696549165027,0.00014948809557159147,7.308751313964087,0.15793965600912385,,0,1.9058995431778074,4936.927536231882
1.4,70,0.4,0.25,0.3,false,NO_DILUTE_CONNECTED_ROOT;ACTUAL_LOADING_EXCEEDS_DESIGN_FLOOD_FRACTION,0.7978240887191209,0.1947815210403965,0.0008414252836117462,0.8023744538065458,0.0006751381523569927,0.00012317544986422513,8.870041198430261,0.15788555360181716,,0,2.0525072003453313,5316.691192865105
1.4,30,0.4,0.25,0.4,false,ACTUAL_LOADING_EXCEEDS_DESIGN_FLOOD_FRACTION,2.2053589536707214,0.015332656175191563,0.006165732954559941,1.174521904552957,0.0072417884127546715,0.0013474732137315208,0.8108297098576307,0.16016708494998816,0.0803764054823791,2,0.879645943005142,2278.5819397993305
1.4,35,0.4,0.25,0.4,false,NO_DILUTE_CONNECTED_ROOT;ACTUAL_LOADING_EXCEEDS_DESIGN_FLOOD_FRACTION,1.8329184365773254,0.024347690130049563,0.004321934898857877,1.1436028581228632,0.004942577102954817,0.000913427165451825,1.1961230804761755,0.15936612635024328,,0,1.0262536001726656,2658.3455964325526
1.4,40,0.4,0.25,0.4,false,NO_DILUTE_CONNECTED_ROOT;ACTUAL_LOADING_EXCEEDS_DESIGN_FLOOD_FRACTION,1.5615388845621907,0.03634407389675036,0.003165658677972442,1.117198067805657,0.003536667758363023,0.0006508400229224557,1.6787094776761025,0.15887354475700338,,0,1.1728612573401893,3038.109253065774
1.4,45,0.4,0.25,0.4,false,NO_DILUTE_CONNECTED_ROOT;ACTUAL_LOADING_EXCEEDS_DESIGN_FLOOD_FRACTION,1.3557192925578918,0.05174771459127152,0.002400520993742034,1.0942613062588344,0.0026267972383139135,0.0004820611373970542,2.266457986699209,0.15855386749169648,,0,1.319468914507713,3417.872909698996
1.4,50,0.4,0.25,0.4,false,NO_DILUTE_CONNECTED_ROOT;ACTUAL_LOADING_EXCEEDS_DESIGN_FLOOD_FRACTION,1.1947052926163177,0.07098451932959055,0.0018718778099747944,1.0740637185412145,0.0020105160412363125,0.0003682661125817118,2.9667984036636974,0.15833707796936997,,0,1.4660765716752366,3797.636566332218
1.4,55,0.4,0.25,0.4,false,NO_DILUTE_CONNECTED_ROOT;ACTUAL_LOADING_EXCEEDS_DESIGN_FLOOD_FRACTION,1.0655885995708436,0.09448039522768503,0.0014935106831816878,1.0560785514664293,0.001577264598894154,0.0002885219677019807,3.786787271807996,0.1581846046482553,,0,1.6126842288427603,4177.400222965439
1.4,60,0.4,0.25,0.4,false,NO_DILUTE_CONNECTED_ROOT;ACTUAL_LOADING_EXCEEDS_DESIGN_FLOOD_FRACTION,0.9599382396940987,0.1226612494015325,0.0012146433890197505,1.0399135688350696,0.0012631241415374526,0.00023083346569862634,4.733158217003541,0.1580740701364513,,0,1.759291886010284,4557.163879598661
1.4,65,0.4,0.25,0.4,false,NO_DILUTE_CONNECTED_ROOT;ACTUAL_LOADING_EXCEEDS_DESIGN_FLOOD_FRACTION,0.872024656692003,0.1559529889671104,0.0010039699893958154,1.025269374604744,0.0010293396831497794,0.00018797373606792628,5.812361544679018,0.15799183347863416,,0,1.9058995431778074,4936.927536231882
1.4,70,0.4,0.25,0.4,false,NO_DILUTE_CONNECTED_ROOT;ACTUAL_LOADING_EXCEEDS_DESIGN_FLOOD_FRACTION,0.7978240887191209,0.1947815210403965,0.0008414252836117462,1.0119126177509445,0.0008514488613813931,0.0001554023717468259,7.030596139876314,0.15792928315544597,,0,2.0525072003453313,5316.691192865105
1.4,30,0.5,0.25,0.2,false,NO_DILUTE_CONNECTED_ROOT;ACTUAL_LOADING_EXCEEDS_DESIGN_FLOOD_FRACTION,1.4114297303492618,0.046791553269017225,0.002597847711436581,0.6693730915233287,0.0017389293539111085,0.0003185486922301805,3.429840842483747,0.1583475246403499,,0,1.0995574287564276,3560.2842809364543
1.4,35,0.5,0.25,0.2,false,NO_DILUTE_CONNECTED_ROOT;ACTUAL_LOADING_EXCEEDS_DESIGN_FLOOD_FRACTION,1.1730677994094882,0.07430325357070791,0.001805617107485523,0.6401676529950414,0.0011558976659067025,0.00021130325583675253,5.17063170940892,0.15810919149521285,,0,1.2828170002158323,4153.664994425864
1.4,40,0.5,0.25,0.2,false,NO_DILUTE_CONNECTED_ROOT;ACTUAL_LOADING_EXCEEDS_DESIGN_FLOOD_FRACTION,0.9993848861198019,0.11091331145248523,0.0013155002526555708,0.6154713643537043,0.0008096527353095668,0.0001478232711903944,7.3910643847384545,0.15796714547511426,,0,1.4660765716752366,4747.045707915272
1.4,45,0.5,0.25,0.2,false,NO_DILUTE_CONNECTED_ROOT;ACTUAL_LOADING_EXCEEDS_DESIGN_FLOOD_FRACTION,0.8676603472370507,0.1579214922829331,0.0009940213438613577,0.5941934480901498,0.0005906409697841846,0.00010775127661471787,10.139752857291183,0.15787703799238406,,0,1.6493361431346414,5340.426421404682
1.4,50,0.5,0.25,0.2,false,NO_DILUTE_CONNECTED_ROOT;ACTUAL_LOADING_EXCEEDS_DESIGN_FLOOD_FRACTION,0.7646113872744432,0.21662756143063525,0.0007732282149913763,0.575586042555793,0.00044505936825936623,0.00008114960804146038,13.463667185831007,0.1578169897547977,,0,1.8325957145940461,5933.807134894091
1.4,55,0.5,0.25,0.2,false,NO_DILUTE_CONNECTED_ROOT;ACTUAL_LOADING_EXCEEDS_DESIGN_FLOOD_FRACTION,0.6819767037253399,0.28833128426417554,0.0006158599391621392,0.5591156917673814,0.0003443369559164569,0.00006276133871207258,17.40834942898843,0.15777535761012823,,0,2.0158552860534504,6527.1878483835
1.4,60,0.5,0.25,0.2,false,NO_DILUTE_CONNECTED_ROOT;ACTUAL_LOADING_EXCEEDS_DESIGN_FLOOD_FRACTION,0.6143604734042232,0.3743324261521378,0.0005002264850045221,0.5443895303682987,0.00027231806124939663,0.0000496215521810712,22.01808018709326,0.15774553131346392,,0,2.199114857512855,7120.5685618729085
1.4,65,0.5,0.25,0.2,false,NO_DILUTE_CONNECTED_ROOT;ACTUAL_LOADING_EXCEEDS_DESIGN_FLOOD_FRACTION,0.558095780282882,0.47593075246310557,0.00041306684341267327,0.531110515980693,0.00021938414433942104,0.000039968205610383145,27.336011168012618,0.1577235608635834,,0,2.3823744289722595,7713.949275362317
1.4,70,0.5,0.25,0.2,false,NO_DILUTE_CONNECTED_ROOT;ACTUAL_LOADING_EXCEEDS_DESIGN_FLOOD_FRACTION,0.5106074167802374,0.5944260285656633,0.0003459343276273591,0.5190490441655042,0.00017955688209901713,0.00003270753132301497,33.40427328925494,0.15770700065652649,,0,2.5656340004316647,8307.329988851729
1.4,30,0.5,0.25,0.3,false,NO_DILUTE_CONNECTED_ROOT;ACTUAL_LOADING_EXCEEDS_DESIGN_FLOOD_FRACTION,1.4114297303492618,0.046791553269017225,0.002597847711436581,0.8766458896379974,0.002277392518136357,0.0004177137249481476,2.6155983145310424,0.1584918161218532,,0,1.0995574287564276,3560.2842809364543
1.4,35,0.5,0.25,0.3,false,NO_DILUTE_CONNECTED_ROOT;ACTUAL_LOADING_EXCEEDS_DESIGN_FLOOD_FRACTION,1.1730677994094882,0.07430325357070791,0.001805617107485523,0.8474404511097102,0.0015301529760989416,0.0002799663679097188,3.9025091588257537,0.15820999297866745,,0,1.2828170002158323,4153.664994425864
1.4,40,0.5,0.25,0.3,false,NO_DILUTE_CONNECTED_ROOT;ACTUAL_LOADING_EXCEEDS_DESIGN_FLOOD_FRACTION,0.9993848861198019,0.11091331145248523,0.0013155002526555708,0.8227441624683731,0.0010823201535980409,0.0001977340939841601,5.525457410588893,0.15804083707538374,,0,1.4660765716752366,4747.045707915272
1.4,45,0.5,0.25,0.3,false,NO_DILUTE_CONNECTED_ROOT;ACTUAL_LOADING_EXCEEDS_DESIGN_FLOOD_FRACTION,0.8676603472370507,0.1579214922829331,0.0009940213438613577,0.8014662462048188,0.0007966745551120317,0.00014540980659239492,7.513738863524496,0.15793285627030418,,0,1.6493361431346414,5340.426421404682
1.4,50,0.5,0.25,0.3,false,NO_DILUTE_CONNECTED_ROOT;ACTUAL_LOADING_EXCEEDS_DESIGN_FLOOD_FRACTION,0.7646113872744432,0.21662756143063525,0.0007732282149913763,0.7828588406704619,0.0006053285439618395,0.00011041461468553141,9.895169385344305,0.15786048673982955,,0,1.8325957145940461,5933.807134894091
1.4,55,0.5,0.25,0.3,false,NO_DILUTE_CONNECTED_ROOT;ACTUAL_LOADING_EXCEEDS_DESIGN_FLOOD_FRACTION,0.6819767037253399,0.28833128426417554,0.0006158599391621392,0.7663884898820502,0.00047198796875332316,0.00008605433951979748,12.696295399251813,0.15781005714738722,,0,2.0158552860534504,6527.1878483835
1.4,60,0.5,0.25,0.3,false,NO_DILUTE_CONNECTED_ROOT;ACTUAL_LOADING_EXCEEDS_DESIGN_FLOOD_FRACTION,0.6143604734042232,0.3743324261521378,0.0005002264850045221,0.7516623284829675,0.0003760014044873493,0.00006853175223181294,15.942556250935585,0.15777373859471455,,0,2.199114857512855,7120.5685618729085
1.4,65,0.5,0.25,0.3,false,NO_DILUTE_CONNECTED_ROOT;ACTUAL_LOADING_EXCEEDS_DESIGN_FLOOD_FRACTION,0.558095780282882,0.47593075246310557,0.00041306684341267327,0.7383833140953618,0.00030500166478195957,0.00005557779810899214,19.65841310928234,0.157746883861691,,0,2.3823744289722595,7713.949275362317
1.4,70,0.5,0.25,0.3,false,NO_DILUTE_CONNECTED_ROOT;ACTUAL_LOADING_EXCEEDS_DESIGN_FLOOD_FRACTION,0.5106074167802374,0.5944260285656633,0.0003459343276273591,0.7263218422801732,0.00025125965815025645,0.00004577661831490997,23.86745362915974,0.15772654997436197,,0,2.5656340004316647,8307.329988851729
1.4,30,0.5,0.25,0.4,false,NO_DILUTE_CONNECTED_ROOT;ACTUAL_LOADING_EXCEEDS_DESIGN_FLOOD_FRACTION,1.4114297303492618,0.046791553269017225,0.002597847711436581,1.0861840535823961,0.0028217407577979365,0.0005181645239669144,2.1085413307851626,0.15862667124534346,,0,1.0995574287564276,3560.2842809364543
1.4,35,0.5,0.25,0.4,false,NO_DILUTE_CONNECTED_ROOT;ACTUAL_LOADING_EXCEEDS_DESIGN_FLOOD_FRACTION,1.1730677994094882,0.07430325357070791,0.001805617107485523,1.056978615054109,0.001908498669588054,0.00034947864159622105,3.1262892345598274,0.1583040502321446,,0,1.2828170002158323,4153.664994425864
1.4,40,0.5,0.25,0.4,false,NO_DILUTE_CONNECTED_ROOT;ACTUAL_LOADING_EXCEEDS_DESIGN_FLOOD_FRACTION,0.9993848861198019,0.11091331145248523,0.0013155002526555708,1.0322823264127718,0.0013579676612078817,0.00024824317576440974,4.401213896682265,0.15810947738371323,,0,1.4660765716752366,4747.045707915272
1.4,45,0.5,0.25,0.4,false,NO_DILUTE_CONNECTED_ROOT;ACTUAL_LOADING_EXCEEDS_DESIGN_FLOOD_FRACTION,0.8676603472370507,0.1579214922829331,0.0009940213438613577,1.0110044101492175,0.0010049599624262844,0.00018351017970525785,5.953736826402085,0.15798475403626844,,0,1.6493361431346414,5340.426421404682
1.4,50,0.5,0.25,0.4,false,NO_DILUTE_CONNECTED_ROOT;ACTUAL_LOADING_EXCEEDS_DESIGN_FLOOD_FRACTION,0.7646113872744432,0.21662756143063525,0.0007732282149913763,0.9923970046148606,0.0007673493644411373,0.00014001783182122297,7.803086940568191,0.15790086851558754,,0,1.8325957145940461,5933.807134894091
1.4,55,0.5,0.25,0.4,false,NO_DILUTE_CONNECTED_ROOT;ACTUAL_LOADING_EXCEEDS_DESIGN_FLOOD_FRACTION,0.6819767037253399,0.28833128426417554,0.0006158599391621392,0.9759266538264489,0.0006010341296522669,0.00010961358970094106,9.967480473103038,0.1578422061726803,,0,2.0158552860534504,6527.1878483835
1.4,60,0.5,0.25,0.4,false,NO_DILUTE_CONNECTED_ROOT;ACTUAL_LOADING_EXCEEDS_DESIGN_FLOOD_FRACTION,0.6143604734042232,0.3743324261521378,0.0005002264850045221,0.9612004924273663,0.00048081794371155717,0.00008765633952281008,12.464258955811717,0.15779985007355812,,0,2.199114857512855,7120.5685618729085
1.4,65,0.5,0.25,0.4,false,NO_DILUTE_CONNECTED_ROOT;ACTUAL_LOADING_EXCEEDS_DESIGN_FLOOD_FRACTION,0.558095780282882,0.47593075246310557,0.00041306684341267327,0.9479214780397606,0.00039155493273695957,0.00007136325647871533,15.309998013567759,0.15776843109431526,,0,2.3823744289722595,7713.949275362317
1.4,70,0.5,0.25,0.4,false,NO_DILUTE_CONNECTED_ROOT;ACTUAL_LOADING_EXCEEDS_DESIGN_FLOOD_FRACTION,0.5106074167802374,0.5944260285656633,0.0003459343276273591,0.9358600062245719,0.00032374610200663336,0.000058992235984403934,18.520595069827607,0.15774459796904355,,0,2.5656340004316647,8307.329988851729
1.4,30,0.33,0.3,0.2,true,,3.4853298716632417,0.004883215536702462,0.014415838323203931,0.8056911218157778,0.011614712950537056,0.0021996205391047485,0.49670899844185745,0.16230602610300193,0.0395157631179619,2,0.7257079029792421,1550.8598327759194
1.4,35,0.33,0.3,0.2,false,ACTUAL_LOADING_EXCEEDS_DESIGN_FLOOD_FRACTION,2.896728157877499,0.007754365412448819,0.01029227112726429,0.7741179647112473,0.007967431977294166,0.0014912153310070442,0.7326717290339453,0.1608682761045674,0.06774054123232219,2,0.8466592201424492,1809.3364715719063
1.4,40,0.33,0.3,0.2,false,NO_DILUTE_CONNECTED_ROOT;ACTUAL_LOADING_EXCEEDS_DESIGN_FLOOD_FRACTION,2.4678423034352472,0.01157502942033176,0.007630988373381449,0.7468775178096051,0.005699413654745093,0.0010586425511853942,1.0320493104187745,0.15996109550579962,,0,0.9676105373056562,2067.8131103678925
1.4,45,0.33,0.3,0.2,false,NO_DILUTE_CONNECTED_ROOT;ACTUAL_LOADING_EXCEEDS_DESIGN_FLOOD_FRACTION,2.1425668325228466,0.016480852436370808,0.005834981499479718,0.7230148452844247,0.004218778246083809,0.000779645955891683,1.4013685400077291,0.15936350304546676,,0,1.088561854468863,2326.2897491638796
1.4,50,0.33,0.3,0.2,false,NO_DILUTE_CONNECTED_ROOT;ACTUAL_LOADING_EXCEEDS_DESIGN_FLOOD_FRACTION,1.8881017247823213,0.02260747933658547,0.004576833910801602,0.7018520322237289,0.0032122601814465815,0.0005915556904474799,1.846945828725588,0.15895480874634077,,0,1.2095131716320704,2584.7663879598663
1.4,55,0.33,0.3,0.2,false,NO_DILUTE_CONNECTED_ROOT;ACTUAL_LOADING_EXCEEDS_DESIGN_FLOOD_FRACTION,1.684046839996906,0.030090554996995263,0.0036673224978512027,0.6828917095403215,0.00250438412999329,0.00046004504797508177,2.374922455398405,0.15866612472226743,,0,1.3304644887952772,2843.243026755852
1.4,60,0.33,0.3,0.2,false,NO_DILUTE_CONNECTED_ROOT;ACTUAL_LOADING_EXCEEDS_DESIGN_FLOOD_FRACTION,1.5170779415246216,0.039065724293619694,0.002992039870571065,0.6657588856089343,0.001991977129928892,0.00036525090260755664,2.9912898424915597,0.15845645429041394,,0,1.4514158059584843,3101.7196655518387
1.4,65,0.33,0.3,0.2,false,NO_DILUTE_CONNECTED_ROOT;ACTUAL_LOADING_EXCEEDS_DESIGN_FLOOD_FRACTION,1.3781400890484303,0.04966863210247827,0.0024790533957740717,0.6501642946396422,0.001611792002437459,0.0002951373169787322,3.7019084069588852,0.15830046321557006,,0,1.5723671231216911,3360.196304347826
1.4,70,0.33,0.3,0.2,false,NO_DILUTE_CONNECTED_ROOT;ACTUAL_LOADING_EXCEEDS_DESIGN_FLOOD_FRACTION,1.2608741647780004,0.06203492329959055,0.0020815687664407995,0.635880419892391,0.0013236288212392618,0.00024211988013142418,4.512522120603247,0.15818196140816826,,0,1.6933184402848984,3618.6729431438125
1.4,30,0.33,0.3,0.3,true,,3.4853298716632417,0.004883215536702462,0.014415838323203931,1.0129639199304468,0.014602724096956213,0.00278204181586376,0.39272282274867243,0.16304893540404164,0.029763613003872817,2,0.7257079029792421,1550.8598327759194
1.4,35,0.33,0.3,0.3,true,,2.896728157877499,0.007754365412448819,0.01029227112726429,0.9813907628259162,0.010100739812797055,0.0018990535089781113,0.5753241337147869,0.16141487117998765,0.04762288897964618,2,0.8466592201424492,1809.3364715719063
1.4,40,0.33,0.3,0.3,false,ACTUAL_LOADING_EXCEEDS_DESIGN_FLOOD_FRACTION,2.4678423034352472,0.01157502942033176,0.007630988373381449,0.9541503159242739,0.007281109967276371,0.0013571469630396567,0.8050501122470791,0.16037386860405523,0.07943326584929482,2,0.9676105373056562,2067.8131103678925
1.4,45,0.33,0.3,0.3,false,NO_DILUTE_CONNECTED_ROOT;ACTUAL_LOADING_EXCEEDS_DESIGN_FLOOD_FRACTION,2.1425668325228466,0.016480852436370808,0.005834981499479718,0.9302876433990936,0.005428211188428297,0.0010058916174596254,1.086172004982149,0.15968292086887037,,0,1.088561854468863,2326.2897491638796
1.4,50,0.33,0.3,0.3,false,NO_DILUTE_CONNECTED_ROOT;ACTUAL_LOADING_EXCEEDS_DESIGN_FLOOD_FRACTION,1.8881017247823213,0.02260747933658547,0.004576833910801602,0.9091248303383976,0.004160913352644531,0.0007679238601202979,1.4227599527376362,0.15920741644959585,,0,1.2095131716320704,2584.7663879598663
1.4,55,0.33,0.3,0.3,false,NO_DILUTE_CONNECTED_ROOT;ACTUAL_LOADING_EXCEEDS_DESIGN_FLOOD_FRACTION,1.684046839996906,0.030090554996995263,0.0036673224978512027,0.8901645076549904,0.0032645203257117856,0.0006007379127722282,1.8187154359693463,0.1588697276392802,,0,1.3304644887952772,2843.243026755852
1.4,60,0.33,0.3,0.3,false,NO_DILUTE_CONNECTED_ROOT;ACTUAL_LOADING_EXCEEDS_DESIGN_FLOOD_FRACTION,1.5170779415246216,0.039065724293619694,0.002992039870571065,0.8730316837236032,0.0026121456059728086,0.00047966189604991785,2.277794679811622,0.15862330128903485,,0,1.4514158059584843,3101.7196655518387
1.4,65,0.33,0.3,0.3,false,NO_DILUTE_CONNECTED_ROOT;ACTUAL_LOADING_EXCEEDS_DESIGN_FLOOD_FRACTION,1.3781400890484303,0.04966863210247827,0.0024790533957740717,0.857437092754311,0.0021256323364552223,0.00038969932100938967,2.803626426910128,0.1584391753001504,,0,1.5723671231216911,3360.196304347826
1.4,70,0.33,0.3,0.3,false,NO_DILUTE_CONNECTED_ROOT;ACTUAL_LOADING_EXCEEDS_DESIGN_FLOOD_FRACTION,1.2608741647780004,0.06203492329959055,0.0020815687664407995,0.8431532180070598,0.0017550814039275458,0.00032137040904354423,3.399725936754867,0.15829874856530396,,0,1.6933184402848984,3618.6729431438125
1.4,30,0.33,0.3,0.4,true,,3.4853298716632417,0.004883215536702462,0.014415838323203931,1.2225020838748455,0.017623392390919663,0.0033759408761693983,0.3236346118035614,0.16373921615196907,0.02387048320241108,2,0.7257079029792421,1550.8598327759194
1.4,35,0.33,0.3,0.4,true,,2.896728157877499,0.007754365412448819,0.01029227112726429,1.190928926770315,0.01225736340762196,0.0023141540184079203,0.4721255829300937,0.1619245694556497,0.03694884942578647,2,0.8466592201424492,1809.3364715719063
1.4,40,0.33,0.3,0.4,true,,2.4678423034352472,0.01157502942033176,0.007630988373381449,1.1636884798686726,0.008880093260115773,0.0016605285729307572,0.6579659830860481,0.16075943419137234,0.05730402311765758,2,0.9676105373056562,2067.8131103678925
1.4,45,0.33,0.3,0.4,false,ACTUAL_LOADING_EXCEEDS_DESIGN_FLOOD_FRACTION,2.1425668325228466,0.016480852436370808,0.005834981499479718,1.1398258073434924,0.006650862498478812,0.0012355831406626217,0.884255602860469,0.15998147011655844,0.09593427293883039,2,1.088561854468863,2326.2897491638796
1.4,50,0.33,0.3,0.4,false,NO_DILUTE_CONNECTED_ROOT;ACTUAL_LOADING_EXCEEDS_DESIGN_FLOOD_FRACTION,1.8881017247823213,0.02260747933658547,0.004576833910801602,1.1186629942827964,0.005119934726992362,0.0009468308604389148,1.1539244870244127,0.15944352603250495,,0,1.2095131716320704,2584.7663879598663
1.4,55,0.33,0.3,0.4,false,NO_DILUTE_CONNECTED_ROOT;ACTUAL_LOADING_EXCEEDS_DESIGN_FLOOD_FRACTION,1.684046839996906,0.030090554996995263,0.0036673224978512027,1.0997026715993892,0.0040329643485035125,0.0007433666816088102,1.4697609429659826,0.1590599613397864,,0,1.3304644887952772,2843.243026755852
1.4,60,0.33,0.3,0.4,false,NO_DILUTE_CONNECTED_ROOT;ACTUAL_LOADING_EXCEEDS_DESIGN_FLOOD_FRACTION,1.5170779415246216,0.039065724293619694,0.002992039870571065,1.082569847668002,0.003239092146900706,0.0005955912290502059,1.8344315054356835,0.15877909974977228,,0,1.4514158059584843,3101.7196655518387
1.4,65,0.33,0.3,0.4,false,NO_DILUTE_CONNECTED_ROOT;ACTUAL_LOADING_EXCEEDS_DESIGN_FLOOD_FRACTION,1.3781400890484303,0.04966863210247827,0.0024790533957740717,1.0669752566987096,0.002645088633325848,0.0004854802015906794,2.2504961301223827,0.15856860588378469,,0,1.5723671231216911,3360.196304347826
1.4,70,0.33,0.3,0.4,false,NO_DILUTE_CONNECTED_ROOT;ACTUAL_LOADING_EXCEEDS_DESIGN_FLOOD_FRACTION,1.2608741647780004,0.06203492329959055,0.0020815687664407995,1.0526913819514585,0.002191249501371558,0.0004016185816294315,2.720420231798339,0.15840764495856174,,0,1.6933184402848984,3618.6729431438125
1.4,30,0.4,0.3,0.2,false,NO_DILUTE_CONNECTED_ROOT;ACTUAL_LOADING_EXCEEDS_DESIGN_FLOOD_FRACTION,2.3722026439007937,0.012777213479326302,0.007081978110289413,0.7269546058219964,0.005148276605605448,0.0009545711213040661,1.1445677441386097,0.15975117492103874,,0,0.879645943005142,2278.5819397993305
1.4,35,0.4,0.3,0.2,false,NO_DILUTE_CONNECTED_ROOT;ACTUAL_LOADING_EXCEEDS_DESIGN_FLOOD_FRACTION,1.971585602455373,0.020289741775041302,0.004974778974654173,0.6960579827327962,0.003462734617639312,0.0006382880249693411,1.7117214677235055,0.15906498228437665,,0,1.0262536001726656,2658.3455964325526
1.4,40,0.4,0.3,0.2,false,NO_DILUTE_CONNECTED_ROOT;ACTUAL_LOADING_EXCEEDS_DESIGN_FLOOD_FRACTION,1.6796751677756154,0.030286728247291964,0.0036488394459943366,0.6696686062865269,0.0024435132263623304,0.00044878953584906353,2.4344848256406557,0.1586471971401171,,0,1.1728612573401893,3038.109253065774
1.4,45,0.4,0.3,0.2,false,NO_DILUTE_CONNECTED_ROOT;ACTUAL_LOADING_EXCEEDS_DESIGN_FLOOD_FRACTION,1.4582845503858626,0.04312309549272626,0.0027694615027648224,0.6467429553246394,0.0017911297169559382,0.0003281999954378888,3.328980286770373,0.15837852127998775,,0,1.319468914507713,3417.872909698996
1.4,50,0.4,0.3,0.2,false,NO_DILUTE_CONNECTED_ROOT;ACTUAL_LOADING_EXCEEDS_DESIGN_FLOOD_FRACTION,1.2850892364299675,0.059153766107992126,0.002160951810246167,0.626553676059566,0.0013539523004973096,0.0002477011818012485,4.4108441751703875,0.15819783158706496,,0,1.4660765716752366,3797.636566332218
1.4,55,0.4,0.3,0.2,false,NO_DILUTE_CONNECTED_ROOT;ACTUAL_LOADING_EXCEEDS_DESIGN_FLOOD_FRACTION,1.1462043804728939,0.07873366268973751,0.0017249455711876326,0.6085749067485855,0.001049758590131899,0.00019183741884224568,5.695298245382023,0.15807174972618393,,0,1.6126842288427603,4177.400222965439
1.4,60,0.4,0.3,0.2,false,NO_DILUTE_CONNECTED_ROOT;ACTUAL_LOADING_EXCEEDS_DESIGN_FLOOD_FRACTION,1.0325611739501954,0.10221770783461041,0.001403340411246799,0.5924149698346064,0.0008313598673964566,0.00015180499929916077,7.1972024635218865,0.1579809929178415,,0,1.759291886010284,4557.163879598661
1.4,65,0.4,0.3,0.2,false,NO_DILUTE_CONNECTED_ROOT;ACTUAL_LOADING_EXCEEDS_DESIGN_FLOOD_FRACTION,0.9379965981085878,0.12996082413925866,0.0011602354197131786,0.5777748349674582,0.0006703548281481814,0.00012233340206924232,8.931095648860058,0.15791395007913278,,0,1.9058995431778074,4936.927536231882
1.4,70,0.4,0.3,0.2,false,NO_DILUTE_CONNECTED_ROOT;ACTUAL_LOADING_EXCEEDS_DESIGN_FLOOD_FRACTION,0.8581824784020267,0.16231793420033042,0.0009725828185737091,0.5644213993056406,0.0005489465553999969,0.00010013275618255015,10.911227819785683,0.15786328016803342,,0,2.0525072003453313,5316.691192865105
1.4,30,0.4,0.3,0.3,false,ACTUAL_LOADING_EXCEEDS_DESIGN_FLOOD_FRACTION,2.3722026439007937,0.012777213479326302,0.007081978110289413,0.9342274039366654,0.00661617802471197,0.001230762994396318,0.8877186914989738,0.1601378276012385,0.09691282589862561,2,0.879645943005142,2278.5819397993305
1.4,35,0.4,0.3,0.3,false,NO_DILUTE_CONNECTED_ROOT;ACTUAL_LOADING_EXCEEDS_DESIGN_FLOOD_FRACTION,1.971585602455373,0.020289741775041302,0.004974778974654173,0.9033307808474649,0.004493870975717905,0.0008303195166745207,1.3158444345698046,0.15934036184447897,,0,1.0262536001726656,2658.3455964325526
1.4,40,0.4,0.3,0.3,false,NO_DILUTE_CONNECTED_ROOT;ACTUAL_LOADING_EXCEEDS_DESIGN_FLOOD_FRACTION,1.6796751677756154,0.030286728247291964,0.0036488394459943366,0.8769414044011956,0.003199818388204754,0.0005887356347527525,1.8557927369042275,0.15885091036475724,,0,1.1728612573401893,3038.109253065774
1.4,45,0.4,0.3,0.3,false,NO_DILUTE_CONNECTED_ROOT;ACTUAL_LOADING_EXCEEDS_DESIGN_FLOOD_FRACTION,1.4582845503858626,0.04312309549272626,0.0027694615027648224,0.8540157534393082,0.0023651637519048587,0.0004339720853813662,2.5176073570970074,0.1585340314428655,,0,1.319468914507713,3417.872909698996
1.4,50,0.4,0.3,0.3,false,NO_DILUTE_CONNECTED_ROOT;ACTUAL_LOADING_EXCEEDS_DESIGN_FLOOD_FRACTION,1.2850892364299675,0.059153766107992126,0.002160951810246167,0.8338264741742349,0.0018018588287979918,0.00032999617609858785,3.3108605313185433,0.15831967855900125,,0,1.4660765716752366,3797.636566332218
1.4,55,0.4,0.3,0.3,false,NO_DILUTE_CONNECTED_ROOT;ACTUAL_LOADING_EXCEEDS_DESIGN_FLOOD_FRACTION,1.1462043804728939,0.07873366268973751,0.0017249455711876326,0.8158477048632544,0.0014072928852674655,0.00025739525637737983,4.244722029099813,0.15816930861384837,,0,1.6126842288427603,4177.400222965439
1.4,60,0.4,0.3,0.3,false,NO_DILUTE_CONNECTED_ROOT;ACTUAL_LOADING_EXCEEDS_DESIGN_FLOOD_FRACTION,1.0325611739501954,0.10221770783461041,0.001403340411246799,0.7996877679492752,0.0011222341611429707,0.0002050617521255116,5.328011214212834,0.15806056739942326,,0,1.759291886010284,4557.163879598661
1.4,65,0.4,0.3,0.3,false,NO_DILUTE_CONNECTED_ROOT;ACTUAL_LOADING_EXCEEDS_DESIGN_FLOOD_FRACTION,0.9379965981085878,0.12996082413925866,0.0011602354197131786,0.785047633082127,0.0009108400700638791,0.00016631629902951134,6.569237779497433,0.1579798660607556,,0,1.9058995431778074,4936.927536231882
1.4,70,0.4,0.3,0.3,false,NO_DILUTE_CONNECTED_ROOT;ACTUAL_LOADING_EXCEEDS_DESIGN_FLOOD_FRACTION,0.8581824784020267,0.16231793420033042,0.0009725828185737091,0.7716941974203094,0.0007505365176040208,0.00013697146484738712,7.976634521271969,0.15791863266943285,,0,2.0525072003453313,5316.691192865105
1.4,30,0.4,0.3,0.4,false,ACTUAL_LOADING_EXCEEDS_DESIGN_FLOOD_FRACTION,2.3722026439007937,0.012777213479326302,0.007081978110289413,1.143765567881064,0.008100122715036436,0.001511385249706199,0.7228939908889842,0.1604987049011557,0.06610225758802245,2,0.879645943005142,2278.5819397993305
1.4,35,0.4,0.3,0.4,false,NO_DILUTE_CONNECTED_ROOT;ACTUAL_LOADING_EXCEEDS_DESIGN_FLOOD_FRACTION,1.971585602455373,0.020289741775041302,0.004974778974654173,1.1128689447918636,0.005536277028096139,0.0010251711380631539,1.065745293020093,0.15959747872432883,,0,1.0262536001726656,2658.3455964325526
1.4,40,0.4,0.3,0.4,false,NO_DILUTE_CONNECTED_ROOT;ACTUAL_LOADING_EXCEEDS_DESIGN_FLOOD_FRACTION,1.6796751677756154,0.030286728247291964,0.0036488394459943366,1.0864795683455943,0.003964389506246304,0.0007306076441569452,1.4954282557385314,0.15904103176102302,,0,1.1728612573401893,3038.109253065774
1.4,45,0.4,0.3,0.4,false,NO_DILUTE_CONNECTED_ROOT;ACTUAL_LOADING_EXCEEDS_DESIGN_FLOOD_FRACTION,1.4582845503858626,0.04312309549272626,0.0027694615027648224,1.063553917383707,0.0029454716303088948,0.0005411316912518248,2.0190488426271296,0.15867904018632373,,0,1.319468914507713,3417.872909698996
1.4,50,0.4,0.3,0.4,false,NO_DILUTE_CONNECTED_ROOT;ACTUAL_LOADING_EXCEEDS_DESIGN_FLOOD_FRACTION,1.2850892364299675,0.059153766107992126,0.002160951810246167,1.0433646381186337,0.0022546607034892984,0.0004133328511750713,2.643320780878577,0.1584331673958409,,0,1.4660765716752366,3797.636566332218
1.4,55,0.4,0.3,0.4,false,NO_DILUTE_CONNECTED_ROOT;ACTUAL_LOADING_EXCEEDS_DESIGN_FLOOD_FRACTION,1.1462043804728939,0.07873366268973751,0.0017249455711876326,1.0253858688076531,0.0017687348131581442,0.00032376082623811864,3.3746248044452947,0.15826007610664156,,0,1.6126842288427603,4177.400222965439
1.4,60,0.4,0.3,0.4,false,NO_DILUTE_CONNECTED_ROOT;ACTUAL_LOADING_EXCEEDS_DESIGN_FLOOD_FRACTION,1.0325611739501954,0.10221770783461041,0.001403340411246799,1.009225931893674,0.0014162875343046025,0.00025896123227836515,4.219053583110929,0.15813449097131105,,0,1.759291886010284,4557.163879598661
1.4,65,0.4,0.3,0.4,false,NO_DILUTE_CONNECTED_ROOT;ACTUAL_LOADING_EXCEEDS_DESIGN_FLOOD_FRACTION,0.9379965981085878,0.12996082413925866,0.0011602354197131786,0.9945857970265257,0.0011539536696538373,0.00021082151352634233,5.182446974484606,0.15804102588771812,,0,1.9058995431778074,4936.927536231882
1.4,70,0.4,0.3,0.4,false,NO_DILUTE_CONNECTED_ROOT;ACTUAL_LOADING_EXCEEDS_DESIGN_FLOOD_FRACTION,0.8581824784020267,0.16231793420033042,0.0009725828185737091,0.9812323613647081,0.000954329735691824,0.00017424211579095657,6.270420385859228,0.15796992798148957,,0,2.0525072003453313,5316.691192865105
1.4,30,0.5,0.3,0.2,false,NO_DILUTE_CONNECTED_ROOT;ACTUAL_LOADING_EXCEEDS_DESIGN_FLOOD_FRACTION,1.5182096920965078,0.038992961057514354,0.0029964029280602576,0.638647188236443,0.0019136443048291282,0.000350820982016598,3.1143271666663503,0.15843464691562448,,0,1.0995574287564276,3560.2842809364543
1.4,35,0.5,0.3,0.2,false,NO_DILUTE_CONNECTED_ROOT;ACTUAL_LOADING_EXCEEDS_DESIGN_FLOOD_FRACTION,1.2618147855714386,0.061919377975589926,0.0020846259931019675,0.6094575092253848,0.0012704909654224193,0.00023236944251107583,4.701871739778267,0.1581670536207257,,0,1.2828170002158323,4153.664994425864
1.4,40,0.5,0.3,0.2,false,NO_DILUTE_CONNECTED_ROOT;ACTUAL_LOADING_EXCEEDS_DESIGN_FLOOD_FRACTION,1.0749921073763937,0.0924277595437377,0.0015196792877996536,0.5847720537228627,0.0008886659781267007,0.00016230690144020484,6.73151483538961,0.15800751467428087,,0,1.4660765716752366,4747.045707915272
1.4,45,0.5,0.3,0.2,false,NO_DILUTE_CONNECTED_ROOT;ACTUAL_LOADING_EXCEEDS_DESIGN_FLOOD_FRACTION,0.933302112246952,0.1316012435691109,0.001148752167549123,0.5635019461732527,0.0006473240820846733,0.0001181225634865121,9.249471757829012,0.15790631683927603,,0,1.6493361431346414,5340.426421404682
1.4,50,0.5,0.3,0.2,false,NO_DILUTE_CONNECTED_ROOT;ACTUAL_LOADING_EXCEEDS_DESIGN_FLOOD_FRACTION,0.8224571113151793,0.1805229678588627,0.0008938293541738333,0.5449003799650549,0.0004870479547132414,0.00008882277934688551,12.30057562896075,0.15783892246842685,,0,1.8325957145940461,5933.807134894091
1.4,55,0.5,0.3,0.2,false,NO_DILUTE_CONNECTED_ROOT;ACTUAL_LOADING_EXCEEDS_DESIGN_FLOOD_FRACTION,0.7335708035026521,0.24027607022014627,0.0007120516751436086,0.5284345256372459,0.00037627268918371913,0.0000685923991544171,15.928460418350895,0.15779220117263115,,0,2.0158552860534504,6527.1878483835
1.4,60,0.5,0.3,0.2,false,NO_DILUTE_CONNECTED_ROOT;ACTUAL_LOADING_EXCEEDS_DESIGN_FLOOD_FRACTION,0.660839151328125,0.31194368846011483,0.0005784379099398666,0.5137119104568274,0.00029715044379586316,0.00005415283005837897,20.175701136081372,0.15775875690339075,,0,2.199114857512855,7120.5685618729085
1.4,65,0.5,0.3,0.2,false,NO_DILUTE_CONNECTED_ROOT;ACTUAL_LOADING_EXCEEDS_DESIGN_FLOOD_FRACTION,0.6003178227894962,0.3966089603859213,0.0004777006566508914,0.5004357490608539,0.0002390584859379506,0.00004355663315793513,25.083924897712485,0.15773414463185886,,0,2.3823744289722595,7713.949275362317
1.4,70,0.5,0.3,0.2,false,NO_DILUTE_CONNECTED_ROOT;ACTUAL_LOADING_EXCEEDS_DESIGN_FLOOD_FRACTION,0.549236786177297,0.4953550238047194,0.0004000958282338572,0.4883766114376355,0.00019539744484318544,0.000035595713564155,30.693901190144448,0.15771560278177899,,0,2.5656340004316647,8307.329988851729
1.4,30,0.5,0.3,0.3,false,NO_DILUTE_CONNECTED_ROOT;ACTUAL_LOADING_EXCEEDS_DESIGN_FLOOD_FRACTION,1.5182096920965078,0.038992961057514354,0.0029964029280602576,0.8459199863511118,0.0025347171240071645,0.0004653647374891928,2.3477741799382277,0.158603731080661,,0,1.0995574287564276,3560.2842809364543
1.4,35,0.5,0.3,0.3,false,NO_DILUTE_CONNECTED_ROOT;ACTUAL_LOADING_EXCEEDS_DESIGN_FLOOD_FRACTION,1.2618147855714386,0.061919377975589926,0.0020846259931019675,0.8167303073400536,0.0017025772280352344,0.0003117200561862282,3.5049759976885566,0.15828541191301038,,0,1.2828170002158323,4153.664994425864
1.4,40,0.5,0.3,0.3,false,NO_DILUTE_CONNECTED_ROOT;ACTUAL_LOADING_EXCEEDS_DESIGN_FLOOD_FRACTION,1.0749921073763937,0.0924277595437377,0.0015196792877996536,0.7920448518375316,0.0012036541563458423,0.0002200042858994098,4.966136502587967,0.15809415452003922,,0,1.4660765716752366,4747.045707915272
1.4,45,0.5,0.3,0.3,false,NO_DILUTE_CONNECTED_ROOT;ACTUAL_LOADING_EXCEEDS_DESIGN_FLOOD_FRACTION,0.933302112246952,0.1316012435691109,0.001148752167549123,0.7707747442879214,0.0008854291581928708,0.00016166517445060852,6.758235461927871,0.15797201303516317,,0,1.6493361431346414,5340.426421404682
1.4,50,0.5,0.3,0.3,false,NO_DILUTE_CONNECTED_ROOT;ACTUAL_LOADING_EXCEEDS_DESIGN_FLOOD_FRACTION,0.8224571113151793,0.1805229678588627,0.0008938293541738333,0.7521731780797236,0.0006723144659898791,0.0001226652648705514,8.906933157351824,0.15789015458327488,,0,1.8325957145940461,5933.807134894091
1.4,55,0.5,0.3,0.3,false,NO_DILUTE_CONNECTED_ROOT;ACTUAL_LOADING_EXCEEDS_DESIGN_FLOOD_FRACTION,0.7335708035026521,0.24027607022014627,0.0007120516751436086,0.7357073237519147,0.000523861632292972,0.00009553156956541618,11.436756664850034,0.1578331053697098,,0,2.0158552860534504,6527.1878483835
1.4,60,0.5,0.3,0.3,false,NO_DILUTE_CONNECTED_ROOT;ACTUAL_LOADING_EXCEEDS_DESIGN_FLOOD_FRACTION,0.660839151328125,0.31194368846011483,0.0005784379099398666,0.7209847085714962,0.0004170448879247001,0.00007602482859743306,14.371243383082724,0.15779204150606524,,0,2.199114857512855,7120.5685618729085
1.4,65,0.5,0.3,0.3,false,NO_DILUTE_CONNECTED_ROOT;ACTUAL_LOADING_EXCEEDS_DESIGN_FLOOD_FRACTION,0.6003178227894962,0.3966089603859213,0.0004777006566508914,0.7077085471755227,0.0003380728377031955,0.000061612131557191,17.733054957150557,0.15776166989462675,,0,2.3823744289722595,7713.949275362317
1.4,70,0.5,0.3,0.3,false,NO_DILUTE_CONNECTED_ROOT;ACTUAL_LOADING_EXCEEDS_DESIGN_FLOOD_FRACTION,0.549236786177297,0.4953550238047194,0.0004000958282338572,0.6956494095523043,0.0002783264266752229,0.000050713320386311516,21.544069814560274,0.15773868626435383,,0,2.5656340004316647,8307.329988851729
1.4,30,0.5,0.3,0.4,false,NO_DILUTE_CONNECTED_ROOT;ACTUAL_LOADING_EXCEEDS_DESIGN_FLOOD_FRACTION,1.5182096920965078,0.038992961057514354,0.0029964029280602576,1.0554581502955105,0.003162577891990531,0.0005814320514503024,1.8791040366721945,0.1587612303985525,,0,1.0995574287564276,3560.2842809364543
1.4,35,0.5,0.3,0.4,false,NO_DILUTE_CONNECTED_ROOT;ACTUAL_LOADING_EXCEEDS_DESIGN_FLOOD_FRACTION,1.2618147855714386,0.061919377975589926,0.0020846259931019675,1.0262684712844523,0.0021393859311405893,0.0003920712300613248,2.786665358638956,0.15839547450135993,,0,1.2828170002158323,4153.664994425864
1.4,40,0.5,0.3,0.4,false,NO_DILUTE_CONNECTED_ROOT;ACTUAL_LOADING_EXCEEDS_DESIGN_FLOOD_FRACTION,1.0749921073763937,0.0924277595437377,0.0015196792877996536,1.0015830157819303,0.0015220849640957131,0.0002784036980636983,3.924413801000875,0.15817457210502678,,0,1.4660765716752366,4747.045707915272
1.4,45,0.5,0.3,0.4,false,NO_DILUTE_CONNECTED_ROOT;ACTUAL_LOADING_EXCEEDS_DESIGN_FLOOD_FRACTION,0.933302112246952,0.1316012435691109,0.001148752167549123,0.9803129082323201,0.0011261365782082623,0.0002057247124505702,5.310841375915749,0.15803287260852816,,0,1.6493361431346414,5340.426421404682
1.4,50,0.5,0.3,0.4,false,NO_DILUTE_CONNECTED_ROOT;ACTUAL_LOADING_EXCEEDS_DESIGN_FLOOD_FRACTION,0.8224571113151793,0.1805229678588627,0.0008938293541738333,0.9617113420241223,0.0008596058277430718,0.00015690255911899486,6.9633747280199065,0.15793753539385103,,0,1.8325957145940461,5933.807134894091
1.4,55,0.5,0.3,0.4,false,NO_DILUTE_CONNECTED_ROOT;ACTUAL_LOADING_EXCEEDS_DESIGN_FLOOD_FRACTION,0.7335708035026521,0.24027607022014627,0.0007120516751436086,0.9452454876963134,0.0006730636329360972,0.0001227810301493159,8.898535169497807,0.15787084905516047,,0,2.0158552860534504,6527.1878483835
1.4,60,0.5,0.3,0.4,false,NO_DILUTE_CONNECTED_ROOT;ACTUAL_LOADING_EXCEEDS_DESIGN_FLOOD_FRACTION,0.660839151328125,0.31194368846011483,0.0005784379099398666,0.9305228725158949,0.0005382497055293352,0.00009814636110804655,11.132061368307658,0.1578227029148433,,0,2.199114857512855,7120.5685618729085
1.4,65,0.5,0.3,0.4,false,NO_DILUTE_CONNECTED_ROOT;ACTUAL_LOADING_EXCEEDS_DESIGN_FLOOD_FRACTION,0.6003178227894962,0.3966089603859213,0.0004777006566508914,0.9172467111199214,0.0004381693562128569,0.00007987212718663484,13.679006099059801,0.1577869795654087,,0,2.3823744289722595,7713.949275362317
1.4,70,0.5,0.3,0.4,false,NO_DILUTE_CONNECTED_ROOT;ACTUAL_LOADING_EXCEEDS_DESIGN_FLOOD_FRACTION,0.549236786177297,0.4953550238047194,0.0004000958282338572,0.905187573496703,0.0003621617719251589,0.00006600118238643178,16.553814271598018,0.1577598860754149,,0,2.5656340004316647,8307.329988851729
1.5,30,0.33,0.2,0.2,true,,2.8043796447829115,0.008408598181821842,0.009692908955290895,0.8331048489571342,0.008075209451152875,0.001510881575120775,0.6299309143679692,0.16082801225796356,0.05381033318835235,2,0.7775441817634738,1780.3237876254182
1.5,35,0.33,0.2,0.2,false,ACTUAL_LOADING_EXCEEDS_DESIGN_FLOOD_FRACTION,2.3307766500002813,0.013352542483170797,0.00684949431745434,0.8016101784784874,0.005490624362301959,0.00101863023069715,0.9343439684351107,0.1598185642518406,0.11039613403233861,2,0.9071348787240529,2077.044418896321
1.5,40,0.33,0.2,0.2,false,NO_DILUTE_CONNECTED_ROOT;ACTUAL_LOADING_EXCEEDS_DESIGN_FLOOD_FRACTION,1.9856848496768857,0.019931491986540654,0.0050434332466751395,0.7745518643668481,0.003906400624021975,0.0007208685097413638,1.3202837955274542,0.15919395260129993,,0,1.0367255756846316,2373.7650501672238
1.5,45,0.33,0.2,0.2,false,NO_DILUTE_CONNECTED_ROOT;ACTUAL_LOADING_EXCEEDS_DESIGN_FLOOD_FRACTION,1.7239604381684268,0.02837901886364872,0.0038380410937833807,0.7509297424063006,0.0028820992098995504,0.0005299884498421177,1.7957957619662688,0.15878773329696716,,0,1.1663162726452108,2670.485681438127
1.5,50,0.33,0.2,0.2,false,NO_DILUTE_CONNECTED_ROOT;ACTUAL_LOADING_EXCEEDS_DESIGN_FLOOD_FRACTION,1.5192117358269543,0.038928695286212234,0.003000268413153454,0.7300400770862403,0.0021903161836179597,0.00040181409365798367,2.3686352149898933,0.1585122936294615,,0,1.2959069696057899,2967.2063127090305
1.5,55,0.33,0.2,0.2,false,NO_DILUTE_CONNECTED_ROOT;ACTUAL_LOADING_EXCEEDS_DESIGN_FLOOD_FRACTION,1.3550243026765714,0.051814093425948476,0.0023981057312394225,0.7113700998375871,0.001705940713452878,0.0003124273418822601,3.046311524412674,0.1583188760554337,,0,1.4254976665663686,3263.9269439799327
1.5,60,0.33,0.2,0.2,false,NO_DILUTE_CONNECTED_ROOT;ACTUAL_LOADING_EXCEEDS_DESIGN_FLOOD_FRACTION,1.2206771397309744,0.06726878545457474,0.0019529175111324356,0.6945353506414998,0.0013563702483682914,0.0002481024899513457,3.83612035616487,0.15817897168400125,,0,1.5550883635269477,3560.6475752508363
1.5,65,0.33,0.2,0.2,false,NO_DILUTE_CONNECTED_ROOT;ACTUAL_LOADING_EXCEEDS_DESIGN_FLOOD_FRACTION,1.1088844257781503,0.08552634354380824,0.0016158127841505736,0.6792406259086354,0.0010975256868576105,0.00020057265340491355,4.745168376449428,0.15807518648386365,,0,1.6846790604875266,3857.368206521739
1.5,70,0.33,0.2,0.2,false,NO_DILUTE_CONNECTED_ROOT;ACTUAL_LOADING_EXCEEDS_DESIGN_FLOOD_FRACTION,1.0145294627875987,0.10682033986536638,0.0013552572458888934,0.6652546479900417,0.0009015911820497692,0.00016465161496910803,5.780392814829755,0.1579965045982129,,0,1.8142697574481057,4154.088837792642
1.5,30,0.33,0.2,0.3,true,,2.8043796447829115,0.008408598181821842,0.009692908955290895,1.0403776470718031,0.01008428581218675,0.0018946581065462697,0.5023339085976167,0.1613313998408924,0.0397907056258415,2,0.7775441817634738,1780.3237876254182
1.5,35,0.33,0.2,0.3,false,ACTUAL_LOADING_EXCEEDS_DESIGN_FLOOD_FRACTION,2.3307766500002813,0.013352542483170797,0.00684949431745434,1.0088829765931562,0.006910338215151243,0.001285955750446515,0.7401117898396398,0.16018141002387565,0.06852006975744343,2,0.9071348787240529,2077.044418896321
1.5,40,0.33,0.2,0.3,false,NO_DILUTE_CONNECTED_ROOT;ACTUAL_LOADING_EXCEEDS_DESIGN_FLOOD_FRACTION,1.9856848496768857,0.019931491986540654,0.0050434332466751395,0.9818246624815168,0.004951767145164879,0.0009158944622137585,1.039149215748201,0.15946432850804648,,0,1.0367255756846316,2373.7650501672238
1.5,45,0.33,0.2,0.3,false,NO_DILUTE_CONNECTED_ROOT;ACTUAL_LOADING_EXCEEDS_DESIGN_FLOOD_FRACTION,1.7239604381684268,0.02837901886364872,0.0038380410937833807,0.9582025405209693,0.0036776207266871154,0.0006774898008625424,1.4048196901353065,0.15899507727956763,,0,1.1663162726452108,2670.485681438127
1.5,50,0.33,0.2,0.3,false,NO_DILUTE_CONNECTED_ROOT;ACTUAL_LOADING_EXCEEDS_DESIGN_FLOOD_FRACTION,1.5192117358269543,0.038928695286212234,0.003000268413153454,0.9373128752009091,0.002812190212707333,0.000516628596626326,1.8422344762420158,0.15867522542614232,,0,1.2959069696057899,2967.2063127090305
1.5,55,0.33,0.2,0.3,false,NO_DILUTE_CONNECTED_ROOT;ACTUAL_LOADING_EXCEEDS_DESIGN_FLOOD_FRACTION,1.3550243026765714,0.051814093425948476,0.0023981057312394225,0.918642897952256,0.002203002798541697,0.0004039206135432164,2.356282349070351,0.15844959683453125,,0,1.4254976665663686,3263.9269439799327
1.5,60,0.33,0.2,0.3,false,NO_DILUTE_CONNECTED_ROOT;ACTUAL_LOADING_EXCEEDS_DESIGN_FLOOD_FRACTION,1.2206771397309744,0.06726878545457474,0.0019529175111324356,0.9018081487561687,0.0017611569253878463,0.0003224461063615207,2.9516591868858275,0.15828571652594903,,0,1.5550883635269477,3560.6475752508363
1.5,65,0.33,0.2,0.3,false,NO_DILUTE_CONNECTED_ROOT;ACTUAL_LOADING_EXCEEDS_DESIGN_FLOOD_FRACTION,1.1088844257781503,0.08552634354380824,0.0016158127841505736,0.8865134240233044,0.0014324397238579534,0.0002619817182243763,3.632890945857576,0.15816368754899274,,0,1.6846790604875266,3857.368206521739
1.5,70,0.33,0.2,0.3,false,NO_DILUTE_CONNECTED_ROOT;ACTUAL_LOADING_EXCEEDS_DESIGN_FLOOD_FRACTION,1.0145294627875987,0.10682033986536638,0.0013552572458888934,0.8725274461047106,0.00118249914357034,0.00021609331016858674,4.40435204299028,0.15807086153954092,,0,1.8142697574481057,4154.088837792642
1.5,30,0.33,0.2,0.4,true,,2.8043796447829115,0.008408598181821842,0.009692908955290895,1.2499158110162019,0.012115320157958624,0.002285073319180671,0.41650786612781615,0.16180312747548475,0.0316352886803928,2,0.7775441817634738,1780.3237876254182
1.5,35,0.33,0.2,0.4,true,,2.3307766500002813,0.013352542483170797,0.00684949431745434,1.218421140537555,0.008345568678378218,0.001557486818659219,0.6110812629135914,0.1605220594726544,0.051415748628303726,2,0.9071348787240529,2077.044418896321
1.5,40,0.33,0.2,0.4,false,ACTUAL_LOADING_EXCEEDS_DESIGN_FLOOD_FRACTION,1.9856848496768857,0.019931491986540654,0.0050434332466751395,1.1913628264259155,0.006008558887649325,0.0011137699008298891,0.8545310942667613,0.15971831824061772,0.08885548513648048,2,1.0367255756846316,2373.7650501672238
1.5,45,0.33,0.2,0.4,false,NO_DILUTE_CONNECTED_ROOT;ACTUAL_LOADING_EXCEEDS_DESIGN_FLOOD_FRACTION,1.7239604381684268,0.02837901886364872,0.0038380410937833807,1.167740704465368,0.004481836810621637,0.0008270274325135683,1.1508094830964786,0.1591898280583956,,0,1.1663162726452108,2670.485681438127
1.5,50,0.33,0.2,0.4,false,NO_DILUTE_CONNECTED_ROOT;ACTUAL_LOADING_EXCEEDS_DESIGN_FLOOD_FRACTION,1.5192117358269543,0.038928695286212234,0.003000268413153454,1.1468510391453077,0.0034408609473398823,0.0006329606665086511,1.5036495353926373,0.15882818875939386,,0,1.2959069696057899,2967.2063127090305
1.5,55,0.33,0.2,0.4,false,NO_DILUTE_CONNECTED_ROOT;ACTUAL_LOADING_EXCEEDS_DESIGN_FLOOD_FRACTION,1.3550243026765714,0.051814093425948476,0.0023981057312394225,1.1281810618966546,0.002705497470410145,0.0004965832680036098,1.9165990347275026,0.15857222735831794,,0,1.4254976665663686,3263.9269439799327
1.5,60,0.33,0.2,0.4,false,NO_DILUTE_CONNECTED_ROOT;ACTUAL_LOADING_EXCEEDS_DESIGN_FLOOD_FRACTION,1.2206771397309744,0.06726878545457474,0.0019529175111324356,1.1113463127005674,0.0021703676750054017,0.00039771536104872074,2.39304564351729,0.15838577754022093,,0,1.5550883635269477,3560.6475752508363
1.5,65,0.33,0.2,0.4,false,NO_DILUTE_CONNECTED_ROOT;ACTUAL_LOADING_EXCEEDS_DESIGN_FLOOD_FRACTION,1.1088844257781503,0.08552634354380824,0.0016158127841505736,1.096051587967703,0.0017710141679267517,0.00032413975695175283,2.936236582232066,0.15824658485271903,,0,1.6846790604875266,3857.368206521739
1.5,70,0.33,0.2,0.4,false,NO_DILUTE_CONNECTED_ROOT;ACTUAL_LOADING_EXCEEDS_DESIGN_FLOOD_FRACTION,1.0145294627875987,0.10682033986536638,0.0013552572458888934,1.0820656100491093,0.0014664772585462412,0.00026815217214613813,3.5492944342023085,0.15814043525625754,,0,1.8142697574481057,4154.088837792642
1.5,30,0.4,0.2,0.2,false,NO_DILUTE_CONNECTED_ROOT;ACTUAL_LOADING_EXCEEDS_DESIGN_FLOOD_FRACTION,1.9087308957303688,0.02200157933302362,0.004673795591397883,0.7548996930809118,0.00352824685746918,0.0006502902169475628,1.463578856506607,0.15905182195104223,,0,0.942477796076938,2615.719063545151
1.5,35,0.4,0.2,0.2,false,NO_DILUTE_CONNECTED_ROOT;ACTUAL_LOADING_EXCEEDS_DESIGN_FLOOD_FRACTION,1.5863848574064408,0.034937693107532884,0.003264653390583525,0.7243880595287776,0.002364875934638844,0.0004341196696790141,2.192370165630291,0.15858708626250184,,0,1.0995574287564278,3051.6722408026767
1.5,40,0.4,0.2,0.2,false,NO_DILUTE_CONNECTED_ROOT;ACTUAL_LOADING_EXCEEDS_DESIGN_FLOOD_FRACTION,1.3515067508113296,0.05215189175235228,0.002385898961926405,0.6984203145518425,0.0016663603034775543,0.000305146240379405,3.1189996341891133,0.15830677395099285,,0,1.2566370614359172,3487.6254180602014
1.5,45,0.4,0.2,0.2,false,NO_DILUTE_CONNECTED_ROOT;ACTUAL_LOADING_EXCEEDS_DESIGN_FLOOD_FRACTION,1.173370573228385,0.07425533024895473,0.0018065364093969819,0.6759265580482431,0.0012210859371925337,0.0002232558956323068,4.263049848793431,0.15812751555417504,,0,1.4137166941154071,3923.5785953177265
1.5,50,0.4,0.2,0.2,false,NO_DILUTE_CONNECTED_ROOT;ACTUAL_LOADING_EXCEEDS_DESIGN_FLOOD_FRACTION,1.0340134876972205,0.10185916357881307,0.0014072484162056585,0.6561659435070721,0.0009233884847684189,0.00016864845213088197,5.643402000386744,0.15800736614528743,,0,1.5707963267948968,4359.531772575253
1.5,55,0.4,0.2,0.2,false,NO_DILUTE_CONNECTED_ROOT;ACTUAL_LOADING_EXCEEDS_DESIGN_FLOOD_FRACTION,0.922263416009241,0.13557454672340016,0.0011219693376994288,0.6386056514376022,0.0007164959597945588,0.0001307649821125681,7.278332446053787,0.15792370329544042,,0,1.7278759594743864,4795.484949832777
1.5,60,0.4,0.2,0.2,false,NO_DILUTE_CONNECTED_ROOT;ACTUAL_LOADING_EXCEEDS_DESIGN_FLOOD_FRACTION,0.830823378229394,0.17601263466418895,0.0009119803063348951,0.6228505276152944,0.0005680274149754472,0.00010361353254664158,9.185585982112107,0.15786356712399285,,0,1.884955592153876,5231.438127090302
1.5,65,0.4,0.2,0.2,false,NO_DILUTE_CONNECTED_ROOT;ACTUAL_LOADING_EXCEEDS_DESIGN_FLOOD_FRACTION,0.7547344622952531,0.22378458238265223,0.0007534934986887155,0.6085999814411052,0.00045857612931794566,0.00008361577608789609,11.382433514903646,0.15781915350644854,,0,2.0420352248333655,5667.391304347828
1.5,70,0.4,0.2,0.2,false,NO_DILUTE_CONNECTED_ROOT;ACTUAL_LOADING_EXCEEDS_DESIGN_FLOOD_FRACTION,0.6905141156098094,0.2795015448602631,0.0006313024115429186,0.5956204247393029,0.00037601661050213936,0.00006854171769042131,13.885718715370833,0.15778560179162698,,0,2.1991148575128556,6103.344481605353
1.5,30,0.4,0.2,0.3,false,NO_DILUTE_CONNECTED_ROOT;ACTUAL_LOADING_EXCEEDS_DESIGN_FLOOD_FRACTION,1.9087308957303688,0.02200157933302362,0.004673795591397883,0.9621724911955807,0.004496997547514223,0.00083064038191196,1.1458039277199792,0.15930427511104045,,0,0.942477796076938,2615.719063545151
1.5,35,0.4,0.2,0.3,false,NO_DILUTE_CONNECTED_ROOT;ACTUAL_LOADING_EXCEEDS_DESIGN_FLOOD_FRACTION,1.5863848574064408,0.034937693107532884,0.003264653390583525,0.9316608576434464,0.003041549777779632,0.000559199567530043,1.701988104750125,0.15876499568345065,,0,1.0995574287564278,3051.6722408026767
1.5,40,0.4,0.2,0.3,false,NO_DILUTE_CONNECTED_ROOT;ACTUAL_LOADING_EXCEEDS_DESIGN_FLOOD_FRACTION,1.3515067508113296,0.05215189175235228,0.002385898961926405,0.9056931126665113,0.002160892257334924,0.00039615782915468654,2.402454128316419,0.15843749240839905,,0,1.2566370614359172,3487.6254180602014
1.5,45,0.4,0.2,0.3,false,NO_DILUTE_CONNECTED_ROOT;ACTUAL_LOADING_EXCEEDS_DESIGN_FLOOD_FRACTION,1.173370573228385,0.07425533024895473,0.0018065364093969819,0.8831993561629119,0.001595531793664273,0.0002919716131301271,3.259738170824734,0.1582268504668865,,0,1.4137166941154071,3923.5785953177265
1.5,50,0.4,0.2,0.3,false,NO_DILUTE_CONNECTED_ROOT;ACTUAL_LOADING_EXCEEDS_DESIGN_FLOOD_FRACTION,1.0340134876972205,0.10185916357881307,0.0014072484162056585,0.863438741621741,0.0012150728016378017,0.00022207341862473306,4.285749361682261,0.1580849456146876,,0,1.5707963267948968,4359.531772575253
1.5,55,0.4,0.2,0.3,false,NO_DILUTE_CONNECTED_ROOT;ACTUAL_LOADING_EXCEEDS_DESIGN_FLOOD_FRACTION,0.922263416009241,0.13557454672340016,0.0011219693376994288,0.8458784495522709,0.000949049683818381,0.00017330211217408346,5.491860429037964,0.15798567118222584,,0,1.7278759594743864,4795.484949832777
1.5,60,0.4,0.2,0.3,false,NO_DILUTE_CONNECTED_ROOT;ACTUAL_LOADING_EXCEEDS_DESIGN_FLOOD_FRACTION,0.830823378229394,0.17601263466418895,0.0009119803063348951,0.8301233257299632,0.0007570561248949537,0.00013815563787416573,6.888977002765654,0.15791400084719953,,0,1.884955592153876,5231.438127090302
1.5,65,0.4,0.2,0.3,false,NO_DILUTE_CONNECTED_ROOT;ACTUAL_LOADING_EXCEEDS_DESIGN_FLOOD_FRACTION,0.7547344622952531,0.22378458238265223,0.0007534934986887155,0.8158727795557739,0.0006147548351523671,0.0001121343929603012,8.487592316609717,0.15786087405962806,,0,2.0420352248333655,5667.391304347828
1.5,70,0.4,0.2,0.3,false,NO_DILUTE_CONNECTED_ROOT;ACTUAL_LOADING_EXCEEDS_DESIGN_FLOOD_FRACTION,0.6905141156098094,0.2795015448602631,0.0006313024115429186,0.8028932228539717,0.0005068684277991783,0.00009242246937051457,10.29783145375667,0.15782060436544793,,0,2.1991148575128556,6103.344481605353
1.5,30,0.4,0.2,0.4,false,ACTUAL_LOADING_EXCEEDS_DESIGN_FLOOD_FRACTION,1.9087308957303688,0.02200157933302362,0.004673795591397883,1.1717106551399794,0.0054763360943871605,0.0010135852106925316,0.9389945730041424,0.1595411973136811,0.11182873423446055,2,0.942477796076938,2615.719063545151
1.5,35,0.4,0.2,0.4,false,NO_DILUTE_CONNECTED_ROOT;ACTUAL_LOADING_EXCEEDS_DESIGN_FLOOD_FRACTION,1.5863848574064408,0.034937693107532884,0.003264653390583525,1.1411990215878451,0.00372561925515736,0.000685957771087426,1.3874775565393307,0.15893187524130536,,0,1.0995574287564278,3051.6722408026767
1.5,40,0.4,0.2,0.4,false,NO_DILUTE_CONNECTED_ROOT;ACTUAL_LOADING_EXCEEDS_DESIGN_FLOOD_FRACTION,1.3515067508113296,0.05215189175235228,0.002385898961926405,1.11523127661091,0.0026608291451738295,0.0004883326427803555,1.9489809378678589,0.15856000422355165,,0,1.2566370614359172,3487.6254180602014
1.5,45,0.4,0.2,0.4,false,NO_DILUTE_CONNECTED_ROOT;ACTUAL_LOADING_EXCEEDS_DESIGN_FLOOD_FRACTION,1.173370573228385,0.07425533024895473,0.0018065364093969819,1.0927375201073106,0.001974070115988023,0.00036153580037445244,2.632522176591621,0.15831983575078323,,0,1.4137166941154071,3923.5785953177265
1.5,50,0.4,0.2,0.4,false,NO_DILUTE_CONNECTED_ROOT;ACTUAL_LOADING_EXCEEDS_DESIGN_FLOOD_FRACTION,1.0340134876972205,0.10185916357881307,0.0014072484162056585,1.0729769055661396,0.0015099450509831983,0.0002761417550834534,3.4466030384644895,0.15815747605405855,,0,1.5707963267948968,4359.531772575253
1.5,55,0.4,0.2,0.4,false,NO_DILUTE_CONNECTED_ROOT;ACTUAL_LOADING_EXCEEDS_DESIGN_FLOOD_FRACTION,0.922263416009241,0.13557454672340016,0.0011219693376994288,1.0554166134966696,0.0011841450788418323,0.00021634209408412022,4.399287231395099,0.15804353710392072,,0,1.7278759594743864,4795.484949832777
1.5,60,0.4,0.2,0.4,false,NO_DILUTE_CONNECTED_ROOT;ACTUAL_LOADING_EXCEEDS_DESIGN_FLOOD_FRACTION,0.830823378229394,0.17601263466418895,0.0009119803063348951,1.039661489674362,0.000948150803837818,0.0001731004070681993,5.498259814851677,0.1579610389735414,,0,1.884955592153876,5231.438127090302
1.5,65,0.4,0.2,0.4,false,NO_DILUTE_CONNECTED_ROOT;ACTUAL_LOADING_EXCEEDS_DESIGN_FLOOD_FRACTION,0.7547344622952531,0.22378458238265223,0.0007534934986887155,1.0254109435001726,0.0007726404794116418,0.00014098189540216489,6.750873999832268,0.15789974576623883,,0,2.0420352248333655,5667.391304347828
1.5,70,0.4,0.2,0.4,false,NO_DILUTE_CONNECTED_ROOT;ACTUAL_LOADING_EXCEEDS_DESIGN_FLOOD_FRACTION,0.6905141156098094,0.2795015448602631,0.0006313024115429186,1.0124313867983705,0.0006391503760075527,0.00011657631001892757,8.164188864470141,0.1578531496646568,,0,2.1991148575128556,6103.344481605353
1.5,30,0.5,0.2,0.2,false,NO_DILUTE_CONNECTED_ROOT;ACTUAL_LOADING_EXCEEDS_DESIGN_FLOOD_FRACTION,1.2215877732674363,0.06714349161689333,0.001955788692525277,0.6680673920509188,0.0013065986512180382,0.00023897009387531643,3.9827201667089236,0.1581654567596038,,0,1.1780972450961724,4087.0610367892978
1.5,35,0.5,0.2,0.2,false,NO_DILUTE_CONNECTED_ROOT;ACTUAL_LOADING_EXCEEDS_DESIGN_FLOOD_FRACTION,1.0152863087401225,0.1066213778916408,0.0013572591287632373,0.6395210514849465,0.0008679957851642079,0.00015850350068032296,6.004605627209975,0.1579873319586918,,0,1.3744467859455345,4768.23787625418
1.5,40,0.5,0.2,0.2,false,NO_DILUTE_CONNECTED_ROOT;ACTUAL_LOADING_EXCEEDS_DESIGN_FLOOD_FRACTION,0.8649643205192512,0.15915494309189526,0.000987899808807995,0.615451645405478,0.0006080045628266376,0.00011092323153071538,8.580267622783792,0.15788142722417253,,0,1.5707963267948966,5449.414715719063
1.5,45,0.5,0.2,0.2,false,NO_DILUTE_CONNECTED_ROOT;ACTUAL_LOADING_EXCEEDS_DESIGN_FLOOD_FRACTION,0.7509571668661666,0.22660928420701498,0.0007460124911667203,0.594762968789351,0.000443700604000258,0.00008089995675669655,11.764542903031472,0.1578143294226615,,0,1.7671458676442586,6130.591555183946
1.5,50,0.5,0.2,0.2,false,NO_DILUTE_CONNECTED_ROOT;ACTUAL_LOADING_EXCEEDS_DESIGN_FLOOD_FRACTION,0.6617686321262213,0.31084949822635805,0.0005800591455116956,0.5767069682264994,0.0003345241512001038,0.00006096971093166256,15.610226743313747,0.15776965444003266,,0,1.9634954084936207,6811.7683946488305
1.5,55,0.5,0.2,0.2,false,NO_DILUTE_CONNECTED_ROOT;ACTUAL_LOADING_EXCEEDS_DESIGN_FLOOD_FRACTION,0.5902485862459145,0.41374068213928245,0.00046186460916778163,0.5607520948034799,0.00025899154710642405,0.00004719034979981879,20.16833984394839,0.15773868789039958,,0,2.1598449493429825,7492.945234113711
1.5,60,0.5,0.2,0.2,false,NO_DILUTE_CONNECTED_ROOT;ACTUAL_LOADING_EXCEEDS_DESIGN_FLOOD_FRACTION,0.5317269620668124,0.5371479329351466,0.00037506191266352146,0.5465081445060642,0.00020497438996463664,0.00003734064976327489,25.488335584712008,0.15771649753204303,,0,2.356194490192345,8174.1220735785955
1.5,65,0.5,0.2,0.2,false,NO_DILUTE_CONNECTED_ROOT;ACTUAL_LOADING_EXCEEDS_DESIGN_FLOOD_FRACTION,0.4830300558689622,0.6829363476033082,0.0003096593853605472,0.5336808977653096,0.0001652592987806708,0.000030101303478386588,31.618265727294034,0.15770016303485218,,0,2.5525440310417067,8855.298913043478
1.5,70,0.5,0.2,0.2,false,NO_DILUTE_CONNECTED_ROOT;ACTUAL_LOADING_EXCEEDS_DESIGN_FLOOD_FRACTION,0.441929033990278,0.8529710231331264,0.0002592997376149587,0.5220434754922294,0.0001353657362187362,0.000024653622187305287,38.60491593838189,0.15768784408399628,,0,2.748893571891069,9536.47575250836
1.5,30,0.5,0.2,0.3,false,NO_DILUTE_CONNECTED_ROOT;ACTUAL_LOADING_EXCEEDS_DESIGN_FLOOD_FRACTION,1.2215877732674363,0.06714349161689333,0.001955788692525277,0.8753401901655876,0.001711980446038782,0.0003134090757204974,3.0367691488498316,0.1582735302669,,0,1.1780972450961724,4087.0610367892978
1.5,35,0.5,0.2,0.3,false,NO_DILUTE_CONNECTED_ROOT;ACTUAL_LOADING_EXCEEDS_DESIGN_FLOOD_FRACTION,1.0152863087401225,0.1066213778916408,0.0013572591287632373,0.8467938495996153,0.0011493186825496417,0.00021001459470536401,4.531832720734425,0.15806261493745322,,0,1.3744467859455345,4768.23787625418
1.5,40,0.5,0.2,0.3,false,NO_DILUTE_CONNECTED_ROOT;ACTUAL_LOADING_EXCEEDS_DESIGN_FLOOD_FRACTION,0.8649643205192512,0.15915494309189526,0.000987899808807995,0.8227244435201468,0.0008127693204552171,0.00014835202124243075,6.415490696700621,0.15793635739816425,,0,1.5707963267948966,5449.414715719063
1.5,45,0.5,0.2,0.3,false,NO_DILUTE_CONNECTED_ROOT;ACTUAL_LOADING_EXCEEDS_DESIGN_FLOOD_FRACTION,0.7509571668661666,0.22660928420701498,0.0007460124911667203,0.8020357669040198,0.0005983287004728788,0.000109133375177705,8.720989436712498,0.15785588708358683,,0,1.7671458676442586,6130.591555183946
1.5,50,0.5,0.2,0.3,false,NO_DILUTE_CONNECTED_ROOT;ACTUAL_LOADING_EXCEEDS_DESIGN_FLOOD_FRACTION,0.6617686321262213,0.31084949822635805,0.0005800591455116956,0.7839797663411682,0.00045475463336231683,0.00008290640645266781,11.479824694378866,0.1578020113811815,,0,1.9634954084936207,6811.7683946488305
1.5,55,0.5,0.2,0.3,false,NO_DILUTE_CONNECTED_ROOT;ACTUAL_LOADING_EXCEEDS_DESIGN_FLOOD_FRACTION,0.5902485862459145,0.41374068213928245,0.00046186460916778163,0.7680248929181488,0.0003547235169987681,0.00006464824466472195,14.721993103656697,0.15776447490781287,,0,2.1598449493429825,7492.945234113711
1.5,60,0.5,0.2,0.3,false,NO_DILUTE_CONNECTED_ROOT;ACTUAL_LOADING_EXCEEDS_DESIGN_FLOOD_FRACTION,0.5317269620668124,0.5371479329351466,0.00037506191266352146,0.7537809426207331,0.0002827145220686443,0.00005151230841032209,18.47618640066292,0.157737455750582,,0,2.356194490192345,8174.1220735785955
1.5,65,0.5,0.2,0.3,false,NO_DILUTE_CONNECTED_ROOT;ACTUAL_LOADING_EXCEEDS_DESIGN_FLOOD_FRACTION,0.4830300558689622,0.6829363476033082,0.0003096593853605472,0.7409536958799784,0.0002294432660468199,0.00004179856324315631,22.769945621836126,0.15771748000454638,,0,2.5525440310417067,8855.298913043478
1.5,70,0.5,0.2,0.3,false,NO_DILUTE_CONNECTED_ROOT;ACTUAL_LOADING_EXCEEDS_DESIGN_FLOOD_FRACTION,0.441929033990278,0.8529710231331264,0.0002592997376149587,0.7293162736068982,0.00018911151838458813,0.00003444655720278326,27.629786237117667,0.15770235915631486,,0,2.748893571891069,9536.47575250836
1.5,30,0.5,0.2,0.4,false,NO_DILUTE_CONNECTED_ROOT;ACTUAL_LOADING_EXCEEDS_DESIGN_FLOOD_FRACTION,1.2215877732674363,0.06714349161689333,0.001955788692525277,1.0848783541099865,0.002121792817733745,0.00038877622303769884,2.4480689808678395,0.15837461979910272,,0,1.1780972450961724,4087.0610367892978
1.5,35,0.5,0.2,0.4,false,NO_DILUTE_CONNECTED_ROOT;ACTUAL_LOADING_EXCEEDS_DESIGN_FLOOD_FRACTION,1.0152863087401225,0.1066213778916408,0.0013572591287632373,1.0563320135440142,0.0014337162683874648,0.0002621443277493519,3.6306374442233196,0.15813290071688052,,0,1.3744467859455345,4768.23787625418
1.5,40,0.5,0.2,0.4,false,NO_DILUTE_CONNECTED_ROOT;ACTUAL_LOADING_EXCEEDS_DESIGN_FLOOD_FRACTION,0.8649643205192512,0.15915494309189526,0.000987899808807995,1.0322626074645456,0.0010197720325538669,0.0001862195129992395,5.110909145817787,0.15798755151983712,,0,1.5707963267948966,5449.414715719063
1.5,45,0.5,0.2,0.4,false,NO_DILUTE_CONNECTED_ROOT;ACTUAL_LOADING_EXCEEDS_DESIGN_FLOOD_FRACTION,0.7509571668661666,0.22660928420701498,0.0007460124911667203,1.0115739308484186,0.0007546467881515403,0.00013769231293452163,6.912157925403898,0.1578945451338314,,0,1.7671458676442586,6130.591555183946
1.5,50,0.5,0.2,0.4,false,NO_DILUTE_CONNECTED_ROOT;ACTUAL_LOADING_EXCEEDS_DESIGN_FLOOD_FRACTION,0.6617686321262213,0.31084949822635805,0.0005800591455116956,0.9935179302855669,0.0005762991616919944,0.00010509312031379325,9.056263714273141,0.1578320491266137,,0,1.9634954084936207,6811.7683946488305
1.5,55,0.5,0.2,0.4,false,NO_DILUTE_CONNECTED_ROOT;ACTUAL_LOADING_EXCEEDS_DESIGN_FLOOD_FRACTION,0.5902485862459145,0.41374068213928245,0.00046186460916778163,0.9775630568625475,0.0004515017791946824,0.00008230345837900193,11.56392490501186,0.15778837746223784,,0,2.1598449493429825,7492.945234113711
1.5,60,0.5,0.2,0.4,false,NO_DILUTE_CONNECTED_ROOT;ACTUAL_LOADING_EXCEEDS_DESIGN_FLOOD_FRACTION,0.5317269620668124,0.5371479329351466,0.00037506191266352146,0.9633191065651319,0.00036130430661363304,0.00006584315390577346,14.454821126575666,0.15775686357655566,,0,2.356194490192345,8174.1220735785955
1.5,65,0.5,0.2,0.4,false,NO_DILUTE_CONNECTED_ROOT;ACTUAL_LOADING_EXCEEDS_DESIGN_FLOOD_FRACTION,0.4830300558689622,0.6829363476033082,0.0003096593853605472,0.9504918598243771,0.00029432872510341997,0.00005362659886542645,17.74774146139538,0.15773348557589267,,0,2.5525440310417067,8855.298913043478
1.5,70,0.5,0.2,0.4,false,NO_DILUTE_CONNECTED_ROOT;ACTUAL_LOADING_EXCEEDS_DESIGN_FLOOD_FRACTION,0.441929033990278,0.8529710231331264,0.0002592997376149587,0.9388544375512969,0.00024344470931569092,0.00004434857941314294,21.46068768632284,0.1577157475284614,,0,2.748893571891069,9536.47575250836
1.5,30,0.33,0.25,0.2,true,,3.0662023445441573,0.0067268785454574756,0.011427416136413904,0.8081314083869418,0.009234853896543832,0.0017351087907261896,0.5485252666602041,0.16133446421965053,0.044634998591336475,2,0.7775441817634738,1780.3237876254182
1.5,35,0.33,0.25,0.2,false,ACTUAL_LOADING_EXCEEDS_DESIGN_FLOOD_FRACTION,2.5483827919428728,0.01068203398653664,0.00810633775751381,0.7766668426010392,0.00629592375118584,0.001171553823492677,0.8123835141266956,0.16017486729079988,0.08067019781426454,2,0.9071348787240529,2077.044418896321
1.5,40,0.33,0.25,0.2,false,NO_DILUTE_CONNECTED_ROOT;ACTUAL_LOADING_EXCEEDS_DESIGN_FLOOD_FRACTION,2.1710725054404656,0.01594519358923253,0.005984160787535154,0.7496292225443477,0.004485901798740349,0.0008296434464254085,1.1471807753297516,0.15945261783073683,,0,1.0367255756846316,2373.7650501672238
1.5,45,0.33,0.25,0.2,false,NO_DILUTE_CONNECTED_ROOT;ACTUAL_LOADING_EXCEEDS_DESIGN_FLOOD_FRACTION,1.8849129600719932,0.02270321509091898,0.0045619269189768235,0.7260220172167533,0.003312059384110962,0.0006100717426271735,1.5600640803637098,0.15898092176813144,,0,1.1663162726452108,2670.485681438127
1.5,50,0.33,0.25,0.2,false,NO_DILUTE_CONNECTED_ROOT;ACTUAL_LOADING_EXCEEDS_DESIGN_FLOOD_FRACTION,1.6610484942427262,0.03114295622896979,0.0035705663730475797,0.7051435064972624,0.002517761692471983,0.00046247876754040526,2.0579345018999082,0.15866022982393108,,0,1.2959069696057899,2967.2063127090305
1.5,55,0.33,0.25,0.2,false,NO_DILUTE_CONNECTED_ROOT;ACTUAL_LOADING_EXCEEDS_DESIGN_FLOOD_FRACTION,1.4815321818179996,0.0414512747407588,0.0028565129768922263,0.6864821186338623,0.0019609450802820965,0.0003594923846144752,2.6474858796750835,0.15843462487746712,,0,1.4254976665663686,3263.9269439799327
1.5,60,0.33,0.25,0.2,false,NO_DILUTE_CONNECTED_ROOT;ACTUAL_LOADING_EXCEEDS_DESIGN_FLOOD_FRACTION,1.3346420891114064,0.053815028363659805,0.002327783142377706,0.6696541436188452,0.001558809626739327,0.0002853626842327041,3.3352328973098144,0.15827125257595026,,0,1.5550883635269477,3560.6475752508363
1.5,65,0.33,0.25,0.2,false,NO_DILUTE_CONNECTED_ROOT;ACTUAL_LOADING_EXCEEDS_DESIGN_FLOOD_FRACTION,1.212412175532199,0.06842107483504661,0.0019269505472974736,0.654364868826816,0.0012609287421180726,0.00023058596139374806,4.127532337028703,0.1581499700712627,,0,1.6846790604875266,3857.368206521739
1.5,70,0.33,0.25,0.2,false,NO_DILUTE_CONNECTED_ROOT;ACTUAL_LOADING_EXCEEDS_DESIGN_FLOOD_FRACTION,1.1092480375100087,0.08545627189229311,0.0016168595316636725,0.6403833498095359,0.00103540992305826,0.0001891923547412497,5.030599748172787,0.15805797200643268,,0,1.8142697574481057,4154.088837792642
1.5,30,0.33,0.25,0.3,true,,3.0662023445441573,0.0067268785454574756,0.011427416136413904,1.0154042065016105,0.011603446414359059,0.0021907978163794796,0.4344312400723562,0.16193025612542689,0.03333179140477943,2,0.7775441817634738,1780.3237876254182
1.5,35,0.33,0.25,0.3,true,,2.5483827919428728,0.01068203398653664,0.00810633775751381,0.9839396407157082,0.007976147060648317,0.0014896076104414515,0.638927329214901,0.16060753948235057,0.05482991323271702,2,0.9071348787240529,2077.044418896321
1.5,40,0.33,0.25,0.3,false,ACTUAL_LOADING_EXCEEDS_DESIGN_FLOOD_FRACTION,2.1710725054404656,0.01594519358923253,0.005984160787535154,0.9569020206590166,0.005726255549540841,0.0010619666078307195,0.8962155731635388,0.1597765861317128,0.09886916253564135,2,1.0367255756846316,2373.7650501672238
1.5,45,0.33,0.25,0.3,false,NO_DILUTE_CONNECTED_ROOT;ACTUAL_LOADING_EXCEEDS_DESIGN_FLOOD_FRACTION,1.8849129600719932,0.02270321509091898,0.0045619269189768235,0.9332948153314221,0.004257622741401918,0.0007859258556434554,1.2109933847873309,0.15923018670333494,,0,1.1663162726452108,2670.485681438127
1.5,50,0.33,0.25,0.3,false,NO_DILUTE_CONNECTED_ROOT;ACTUAL_LOADING_EXCEEDS_DESIGN_FLOOD_FRACTION,1.6610484942427262,0.03114295622896979,0.0035705663730475797,0.9124163046119311,0.0032578429754676987,0.0005994408578385008,1.5877312993802712,0.15885655209113003,,0,1.2959069696057899,2967.2063127090305
1.5,55,0.33,0.25,0.3,false,NO_DILUTE_CONNECTED_ROOT;ACTUAL_LOADING_EXCEEDS_DESIGN_FLOOD_FRACTION,1.4815321818179996,0.0414512747407588,0.0028565129768922263,0.8937549167485311,0.0025530225178534106,0.0004686793671724373,2.030708153122895,0.15859240068859748,,0,1.4254976665663686,3263.9269439799327
1.5,60,0.33,0.25,0.3,false,NO_DILUTE_CONNECTED_ROOT;ACTUAL_LOADING_EXCEEDS_DESIGN_FLOOD_FRACTION,1.3346420891114064,0.053815028363659805,0.002327783142377706,0.876926941733514,0.002041295752064111,0.00037411052753203323,2.5440369678879287,0.15840026799353862,,0,1.5550883635269477,3560.6475752508363
1.5,65,0.33,0.25,0.3,false,NO_DILUTE_CONNECTED_ROOT;ACTUAL_LOADING_EXCEEDS_DESIGN_FLOOD_FRACTION,1.212412175532199,0.06842107483504661,0.0019269505472974736,0.8616376669414849,0.0016603331738850127,0.00030391021045916795,3.1316848837674063,0.15825704007193248,,0,1.6846790604875266,3857.368206521739
1.5,70,0.33,0.25,0.3,false,NO_DILUTE_CONNECTED_ROOT;ACTUAL_LOADING_EXCEEDS_DESIGN_FLOOD_FRACTION,1.1092480375100087,0.08545627189229311,0.0016168595316636725,0.8476561479242047,0.0013705409223445624,0.000250626402850794,3.797489016686544,0.15814800322946704,,0,1.8142697574481057,4154.088837792642
1.5,30,0.33,0.25,0.4,true,,3.0662023445441573,0.0067268785454574756,0.011427416136413904,1.2249423704460092,0.013997926210211823,0.00265481869821073,0.35849943830778336,0.1624862934746567,0.02661264608692212,2,0.7775441817634738,1780.3237876254182
1.5,35,0.33,0.25,0.4,true,,2.5483827919428728,0.01068203398653664,0.00810633775751381,1.193477804660107,0.009674734190670916,0.0018129261187174472,0.5249805837597302,0.16101232606142962,0.0420233882055516,2,0.9071348787240529,2077.044418896321
1.5,40,0.33,0.25,0.4,false,ACTUAL_LOADING_EXCEEDS_DESIGN_FLOOD_FRACTION,2.1710725054404656,0.01594519358923253,0.005984160787535154,1.1664401846034154,0.0069801656137090246,0.0012978396937373378,0.7333347999064719,0.16007996839389393,0.06744303897495707,2,1.0367255756846316,2373.7650501672238
1.5,45,0.33,0.25,0.4,false,ACTUAL_LOADING_EXCEEDS_DESIGN_FLOOD_FRACTION,1.8849129600719932,0.02270321509091898,0.0045619269189768235,1.1428329792758207,0.005213520532052849,0.0009643033978552582,0.9869829498002091,0.15946362980161743,0.13646701479748946,2,1.1663162726452108,2670.485681438127
1.5,50,0.33,0.25,0.4,false,NO_DILUTE_CONNECTED_ROOT;ACTUAL_LOADING_EXCEEDS_DESIGN_FLOOD_FRACTION,1.6610484942427262,0.03114295622896979,0.0035705663730475797,1.1219544685563299,0.0040060128975177,0.0007382742470198928,1.2891564563702063,0.15904036428578133,,0,1.2959069696057899,2967.2063127090305
1.5,55,0.33,0.25,0.4,false,NO_DILUTE_CONNECTED_ROOT;ACTUAL_LOADING_EXCEEDS_DESIGN_FLOOD_FRACTION,1.4815321818179996,0.0414512747407588,0.0028565129768922263,1.10329308069293,0.0031515710023147566,0.0005793020136816363,1.6429271599953315,0.1587400280398521,,0,1.4254976665663686,3263.9269439799327
1.5,60,0.33,0.25,0.4,false,NO_DILUTE_CONNECTED_ROOT;ACTUAL_LOADING_EXCEEDS_DESIGN_FLOOD_FRACTION,1.3346420891114064,0.053815028363659805,0.002327783142377706,1.0864651056779127,0.002529055157778658,0.0004639905512654848,2.051229296634916,0.1585208800442866,,0,1.5550883635269477,3560.6475752508363
1.5,65,0.33,0.25,0.4,false,NO_DILUTE_CONNECTED_ROOT;ACTUAL_LOADING_EXCEEDS_DESIGN_FLOOD_FRACTION,1.212412175532199,0.06842107483504661,0.0019269505472974736,1.0711758308858836,0.0020641028535773793,0.0003781476787983475,2.516876515391971,0.1583570641464005,,0,1.6846790604875266,3857.368206521739
1.5,70,0.33,0.25,0.4,false,NO_DILUTE_CONNECTED_ROOT;ACTUAL_LOADING_EXCEEDS_DESIGN_FLOOD_FRACTION,1.1092480375100087,0.08545627189229311,0.0016168595316636725,1.0571943118686034,0.0017093346999653685,0.0003128109778624333,3.0425754831919756,0.1582320268515896,,0,1.8142697574481057,4154.088837792642
1.5,30,0.4,0.25,0.2,false,NO_DILUTE_CONNECTED_ROOT;ACTUAL_LOADING_EXCEEDS_DESIGN_FLOOD_FRACTION,2.0869339707553665,0.017601263466418902,0.005548538402064167,0.729968448320823,0.004050257967803278,0.0007480126592074582,1.2723728674939219,0.15928704625081974,,0,0.942477796076938,2615.719063545151
1.5,35,0.4,0.25,0.2,false,NO_DILUTE_CONNECTED_ROOT;ACTUAL_LOADING_EXCEEDS_DESIGN_FLOOD_FRACTION,1.7344930377661172,0.027950154486026318,0.0038836802740830523,0.6994776800870475,0.002716547668315442,0.0004993684476776685,1.9059093872344173,0.15874688954674243,,0,1.0995574287564278,3051.6722408026767
1.5,40,0.4,0.25,0.2,false,NO_DILUTE_CONNECTED_ROOT;ACTUAL_LOADING_EXCEEDS_DESIGN_FLOOD_FRACTION,1.4776862240154165,0.04172151340188183,0.002842024885388917,0.6735242779917451,0.0019141727589661423,0.0003508734518016729,2.7125193064065543,0.1584201439243712,,0,1.2566370614359172,3487.6254180602014
1.5,45,0.4,0.25,0.2,false,NO_DILUTE_CONNECTED_ROOT;ACTUAL_LOADING_EXCEEDS_DESIGN_FLOOD_FRACTION,1.2829188834489997,0.059404264199163795,0.002153779301599888,0.651040860085455,0.0014021983289478417,0.0002565569291148761,3.709706907551075,0.1582108577154845,,0,1.4137166941154071,3923.5785953177265
1.5,50,0.4,0.25,0.2,false,NO_DILUTE_CONNECTED_ROOT;ACTUAL_LOADING_EXCEEDS_DESIGN_FLOOD_FRACTION,1.130551131393955,0.08148733086305048,0.0016787544794502536,0.6312879767074625,0.00105977751872074,0.00019366614627644747,4.914390204052372,0.1580704708991712,,0,1.5707963267948968,4359.531772575253
1.5,55,0.4,0.25,0.2,false,NO_DILUTE_CONNECTED_ROOT;ACTUAL_LOADING_EXCEEDS_DESIGN_FLOOD_FRACTION,1.008367841249876,0.10845963737872015,0.0013390127979677538,0.6137336378712419,0.0008217971956528998,0.00015004785491336273,6.342983128063284,0.15797266071046645,,0,1.7278759594743864,4795.484949832777
1.5,60,0.4,0.25,0.2,false,NO_DILUTE_CONNECTED_ROOT;ACTUAL_LOADING_EXCEEDS_DESIGN_FLOOD_FRACTION,0.9083907719014507,0.14081010773135122,0.0010887470476675114,0.5979832091788879,0.0006510524535482581,0.00011879873804835543,8.011457257484922,0.15790234005770998,,0,1.884955592153876,5231.438127090302
1.5,65,0.4,0.25,0.2,false,NO_DILUTE_CONNECTED_ROOT;ACTUAL_LOADING_EXCEEDS_DESIGN_FLOOD_FRACTION,0.8251980369716028,0.17902766590612182,0.0008997562269380145,0.5837364403144865,0.0005252204970635899,0.00009579402598046917,9.935390045216325,0.15785041773594577,,0,2.0420352248333655,5667.391304347828
1.5,70,0.4,0.25,0.2,false,NO_DILUTE_CONNECTED_ROOT;ACTUAL_LOADING_EXCEEDS_DESIGN_FLOOD_FRACTION,0.7549819455302494,0.22360123588821054,0.0007539849242292505,0.5707599740410181,0.000430344415780406,0.00007846254960628843,12.130003637318316,0.1578111989190707,,0,2.1991148575128556,6103.344481605353
1.5,30,0.4,0.25,0.3,false,ACTUAL_LOADING_EXCEEDS_DESIGN_FLOOD_FRACTION,2.0869339707553665,0.017601263466418902,0.005548538402064167,0.9372412464354918,0.005200319047845812,0.0009628986202983421,0.9884228641044882,0.15958991777827175,0.1378427003235877,2,0.942477796076938,2615.719063545151
1.5,35,0.4,0.25,0.3,false,NO_DILUTE_CONNECTED_ROOT;ACTUAL_LOADING_EXCEEDS_DESIGN_FLOOD_FRACTION,1.7344930377661172,0.027950154486026318,0.0038836802740830523,0.9067504782017164,0.003521528945707381,0.000648544728491289,1.4675179217501433,0.1589611422310706,,0,1.0995574287564278,3051.6722408026767
1.5,40,0.4,0.25,0.3,false,NO_DILUTE_CONNECTED_ROOT;ACTUAL_LOADING_EXCEEDS_DESIGN_FLOOD_FRACTION,1.4776862240154165,0.04172151340188183,0.002842024885388917,0.8807970761064139,0.0025032472092722242,0.00045948399977537567,2.071347451886948,0.15857797079191244,,0,1.2566370614359172,3487.6254180602014
1.5,45,0.4,0.25,0.3,false,NO_DILUTE_CONNECTED_ROOT;ACTUAL_LOADING_EXCEEDS_DESIGN_FLOOD_FRACTION,1.2829188834489997,0.059404264199163795,0.002153779301599888,0.8583136582001238,0.0018486181913119077,0.00033859327630821274,2.8108975538285437,0.15833098833188786,,0,1.4137166941154071,3923.5785953177265
1.5,50,0.4,0.25,0.3,false,NO_DILUTE_CONNECTED_ROOT;ACTUAL_LOADING_EXCEEDS_DESIGN_FLOOD_FRACTION,1.130551131393955,0.08148733086305048,0.0016787544794502536,0.8385607748221313,0.0014077376570239284,0.00025746551469214466,3.696615499188581,0.15816439499105978,,0,1.5707963267948968,4359.531772575253
1.5,55,0.4,0.25,0.3,false,NO_DILUTE_CONNECTED_ROOT;ACTUAL_LOADING_EXCEEDS_DESIGN_FLOOD_FRACTION,1.008367841249876,0.10845963737872015,0.0013390127979677538,0.8210064359859108,0.001099338124999028,0.00020085542507001489,4.7384879536402,0.15804775832258844,,0,1.7278759594743864,4795.484949832777
1.5,60,0.4,0.25,0.3,false,NO_DILUTE_CONNECTED_ROOT;ACTUAL_LOADING_EXCEEDS_DESIGN_FLOOD_FRACTION,0.9083907719014507,0.14081010773135122,0.0010887470476675114,0.8052560072935567,0.0008767201005573879,0.00016006305556862693,5.94610048356527,0.15796351943773923,,0,1.884955592153876,5231.438127090302
1.5,65,0.4,0.25,0.3,false,NO_DILUTE_CONNECTED_ROOT;ACTUAL_LOADING_EXCEEDS_DESIGN_FLOOD_FRACTION,0.8251980369716028,0.17902766590612182,0.0008997562269380145,0.7910092384291553,0.000711715487842129,0.00012986655748736185,7.328684385971872,0.1579010565360095,,0,2.0420352248333655,5667.391304347828
1.5,70,0.4,0.25,0.3,false,NO_DILUTE_CONNECTED_ROOT;ACTUAL_LOADING_EXCEEDS_DESIGN_FLOOD_FRACTION,0.7549819455302494,0.22360123588821054,0.0007539849242292505,0.7780327721556868,0.0005866249807616792,0.0001069965689573444,8.895154502542745,0.1578536857621719,,0,2.1991148575128556,6103.344481605353
1.5,30,0.4,0.25,0.4,false,ACTUAL_LOADING_EXCEEDS_DESIGN_FLOOD_FRACTION,2.0869339707553665,0.017601263466418902,0.005548538402064167,1.1467794103798905,0.0063629495971893255,0.0011810131515562184,0.8058767261511247,0.1598732643925656,0.07929305754374581,2,0.942477796076938,2615.719063545151
1.5,35,0.4,0.25,0.4,false,NO_DILUTE_CONNECTED_ROOT;ACTUAL_LOADING_EXCEEDS_DESIGN_FLOOD_FRACTION,1.7344930377661172,0.027950154486026318,0.0038836802740830523,1.1162886421461151,0.004335308179685823,0.0007997943771257412,1.189994627791583,0.15916156011066335,,0,1.0995574287564278,3051.6722408026767
1.5,40,0.4,0.25,0.4,false,NO_DILUTE_CONNECTED_ROOT;ACTUAL_LOADING_EXCEEDS_DESIGN_FLOOD_FRACTION,1.4776862240154165,0.04172151340188183,0.002842024885388917,1.0903352400508126,0.003098759885640908,0.0005695227018611411,1.6711379704572333,0.1587254776226899,,0,1.2566370614359172,3487.6254180602014
1.5,45,0.4,0.25,0.4,false,NO_DILUTE_CONNECTED_ROOT;ACTUAL_LOADING_EXCEEDS_DESIGN_FLOOD_FRACTION,1.2829188834489997,0.059404264199163795,0.002153779301599888,1.0678518221445226,0.0022999171517105975,0.0004216661464129162,2.257119809626704,0.15844314867900433,,0,1.4137166941154071,3923.5785953177265
1.5,50,0.4,0.25,0.4,false,NO_DILUTE_CONNECTED_ROOT;ACTUAL_LOADING_EXCEEDS_DESIGN_FLOOD_FRACTION,1.130551131393955,0.08148733086305048,0.0016787544794502536,1.04809893876653,0.0017595007883613692,0.00032204776624554754,2.9553100871126,0.15825199106025695,,0,1.5707963267948968,4359.531772575253
1.5,55,0.4,0.25,0.4,false,NO_DILUTE_CONNECTED_ROOT;ACTUAL_LOADING_EXCEEDS_DESIGN_FLOOD_FRACTION,1.008367841249876,0.10845963737872015,0.0013390127979677538,1.0305445999303096,0.0013799124081832433,0.0002522730086752191,3.7727025063662243,0.15811770212520554,,0,1.7278759594743864,4795.484949832777
1.5,60,0.4,0.25,0.4,false,NO_DILUTE_CONNECTED_ROOT;ACTUAL_LOADING_EXCEEDS_DESIGN_FLOOD_FRACTION,0.9083907719014507,0.14081010773135122,0.0010887470476675114,1.0147941712379556,0.001104854157925523,0.00020181466637509617,4.715965540128817,0.15802041912987885,,0,1.884955592153876,5231.438127090302
1.5,65,0.4,0.25,0.4,false,NO_DILUTE_CONNECTED_ROOT;ACTUAL_LOADING_EXCEEDS_DESIGN_FLOOD_FRACTION,0.8251980369716028,0.17902766590612182,0.0008997562269380145,1.000547402373554,0.0009002487556322605,0.0001643363343023644,5.791482548018926,0.15794808679524758,,0,2.0420352248333655,5667.391304347828
1.5,70,0.4,0.25,0.4,false,NO_DILUTE_CONNECTED_ROOT;ACTUAL_LOADING_EXCEEDS_DESIGN_FLOOD_FRACTION,0.7549819455302494,0.22360123588821054,0.0007539849242292505,0.9875709361000855,0.000744613597426433,0.00013585993300990512,7.00538408220883,0.15789309952392117,,0,2.1991148575128556,6103.344481605353
1.5,30,0.5,0.25,0.2,false,NO_DILUTE_CONNECTED_ROOT;ACTUAL_LOADING_EXCEEDS_DESIGN_FLOOD_FRACTION,1.3356377412834348,0.053714793293514675,0.0023311953649286688,0.643164466098002,0.0014993420222544844,0.00027443679955863645,3.4680152721799806,0.15825483310375632,,0,1.1780972450961724,4087.0610367892978
1.5,35,0.5,0.25,0.2,false,NO_DILUTE_CONNECTED_ROOT;ACTUAL_LOADING_EXCEEDS_DESIGN_FLOOD_FRACTION,1.1100755441703154,0.08529710231331267,0.0016192429324961388,0.6146327900436976,0.0009952398013586404,0.00018183452145296015,5.234160183184805,0.15804679978313924,,0,1.3744467859455345,4768.23787625418
1.5,40,0.5,0.25,0.2,false,NO_DILUTE_CONNECTED_ROOT;ACTUAL_LOADING_EXCEEDS_DESIGN_FLOOD_FRACTION,0.9457191833698667,0.12732395447351624,0.001179246608981599,0.5905734643929789,0.0006964317552399354,0.00012710240328852015,7.488064643097974,0.15792304676384672,,0,1.5707963267948966,5449.414715719063
1.5,45,0.5,0.25,0.2,false,NO_DILUTE_CONNECTED_ROOT;ACTUAL_LOADING_EXCEEDS_DESIGN_FLOOD_FRACTION,0.8210680854073602,0.18128742736561204,0.0008908331005636357,0.5698920539243538,0.0005076787053840108,0.00009258989152350708,10.279210791341225,0.1578446521873289,,0,1.7671458676442586,6130.591555183946
1.5,50,0.5,0.25,0.2,false,NO_DILUTE_CONNECTED_ROOT;ACTUAL_LOADING_EXCEEDS_DESIGN_FLOOD_FRACTION,0.7235527240921314,0.24867959858108646,0.0006928367532109921,0.5518414869585693,0.0003823360641115012,0.00006969787022215239,13.655381564515125,0.15779245226055355,,0,1.9634954084936207,6811.7683946488305
1.5,55,0.5,0.25,0.2,false,NO_DILUTE_CONNECTED_ROOT;ACTUAL_LOADING_EXCEEDS_DESIGN_FLOOD_FRACTION,0.6453554183999208,0.330992545711426,0.0005517600058214853,0.5358907975722823,0.0002956831095881629,0.00005388424176934707,17.66288215006426,0.15775628424774074,,0,2.1598449493429825,7492.945234113711
1.5,60,0.5,0.25,0.2,false,NO_DILUTE_CONNECTED_ROOT;ACTUAL_LOADING_EXCEEDS_DESIGN_FLOOD_FRACTION,0.5813700940169285,0.4297183463481174,0.0004481204124904495,0.5216501470945389,0.00023376207909170846,0.00004259020483812245,22.346711309207794,0.15773038570351572,,0,2.356194490192345,8174.1220735785955
1.5,65,0.5,0.25,0.2,false,NO_DILUTE_CONNECTED_ROOT;ACTUAL_LOADING_EXCEEDS_DESIGN_FLOOD_FRACTION,0.5281267436618259,0.5463490780826468,0.00037001403291676794,0.5088255551133476,0.00018827259569860293,0.000034296471043193415,27.750698050504962,0.157711315286377,,0,2.5525440310417067,8855.298913043478
1.5,70,0.5,0.25,0.2,false,NO_DILUTE_CONNECTED_ROOT;ACTUAL_LOADING_EXCEEDS_DESIGN_FLOOD_FRACTION,0.4831884451393597,0.6823768185065013,0.00030986203440532537,0.4971903048474988,0.00015406039934664988,0.000028060671739916013,33.917613268099046,0.15769695249276944,,0,2.748893571891069,9536.47575250836
1.5,30,0.5,0.25,0.3,false,NO_DILUTE_CONNECTED_ROOT;ACTUAL_LOADING_EXCEEDS_DESIGN_FLOOD_FRACTION,1.3356377412834348,0.053714793293514675,0.0023311953649286688,0.8504372642126709,0.001982535408495196,0.00036329464683789716,2.6197771434331667,0.15838551740205264,,0,1.1780972450961724,4087.0610367892978
1.5,35,0.5,0.25,0.3,false,NO_DILUTE_CONNECTED_ROOT;ACTUAL_LOADING_EXCEEDS_DESIGN_FLOOD_FRACTION,1.1100755441703154,0.08529710231331267,0.0016192429324961388,0.8219055881583666,0.0013308648148045172,0.00024334959992076898,3.911044079905713,0.15813800208734669,,0,1.3744467859455345,4768.23787625418
1.5,40,0.5,0.25,0.3,false,NO_DILUTE_CONNECTED_ROOT;ACTUAL_LOADING_EXCEEDS_DESIGN_FLOOD_FRACTION,0.9457191833698667,0.12732395447351624,0.001179246608981599,0.7978462625076477,0.0009408574995507862,0.0001718122329603229,5.539483398352305,0.15798968176968375,,0,1.5707963267948966,5449.414715719063
1.5,45,0.5,0.25,0.3,false,NO_DILUTE_CONNECTED_ROOT;ACTUAL_LOADING_EXCEEDS_DESIGN_FLOOD_FRACTION,0.8210680854073602,0.18128742736561204,0.0008908331005636357,0.7771648520390226,0.0006923241747910017,0.00012632158885955266,7.534349597009318,0.15789509600170076,,0,1.7671458676442586,6130.591555183946
1.5,50,0.5,0.25,0.3,false,NO_DILUTE_CONNECTED_ROOT;ACTUAL_LOADING_EXCEEDS_DESIGN_FLOOD_FRACTION,0.7235527240921314,0.24867959858108646,0.0006928367532109921,0.7591142850732381,0.0005259422765862258,0.00009590985476666446,9.923391234748788,0.1578317474556073,,0,1.9634954084936207,6811.7683946488305
1.5,55,0.5,0.25,0.3,false,NO_DILUTE_CONNECTED_ROOT;ACTUAL_LOADING_EXCEEDS_DESIGN_FLOOD_FRACTION,0.6453554183999208,0.330992545711426,0.0005517600058214853,0.7431635956869511,0.00041004794988254813,0.00007474641360677922,12.733065925068372,0.15778762931148066,,0,2.1598449493429825,7492.945234113711
1.5,60,0.5,0.25,0.3,false,NO_DILUTE_CONNECTED_ROOT;ACTUAL_LOADING_EXCEEDS_DESIGN_FLOOD_FRACTION,0.5813700940169285,0.4297183463481174,0.0004481204124904495,0.7289229452092078,0.0003266452508809035,0.00005952645546597447,15.988706276347523,0.15775587189514728,,0,2.356194490192345,8174.1220735785955
1.5,65,0.5,0.25,0.3,false,NO_DILUTE_CONNECTED_ROOT;ACTUAL_LOADING_EXCEEDS_DESIGN_FLOOD_FRACTION,0.5281267436618259,0.5463490780826468,0.00037001403291676794,0.7160983532280164,0.0002649664396429546,0.00004827632914830468,19.714651650372428,0.15773238329679218,,0,2.5525440310417067,8855.298913043478
1.5,70,0.5,0.25,0.3,false,NO_DILUTE_CONNECTED_ROOT;ACTUAL_LOADING_EXCEEDS_DESIGN_FLOOD_FRACTION,0.4831884451393597,0.6823768185065013,0.00030986203440532537,0.7044631029621676,0.00021828637024734547,0.0000397650576627279,23.934355136359603,0.15771460709359902,,0,2.748893571891069,9536.47575250836
1.5,30,0.5,0.25,0.4,false,NO_DILUTE_CONNECTED_ROOT;ACTUAL_LOADING_EXCEEDS_DESIGN_FLOOD_FRACTION,1.3356377412834348,0.053714793293514675,0.0023311953649286688,1.0599754281570695,0.0024710098050580416,0.00045328807411856343,2.0996603847746598,0.15850740003706104,,0,1.1780972450961724,4087.0610367892978
1.5,35,0.5,0.25,0.4,false,NO_DILUTE_CONNECTED_ROOT;ACTUAL_LOADING_EXCEEDS_DESIGN_FLOOD_FRACTION,1.1100755441703154,0.08529710231331267,0.0016192429324961388,1.0314437521027653,0.0016701580058597022,0.00030561714898187875,3.1141937397432513,0.15822290374985293,,0,1.3744467859455345,4768.23787625418
1.5,40,0.5,0.25,0.4,false,NO_DILUTE_CONNECTED_ROOT;ACTUAL_LOADING_EXCEEDS_DESIGN_FLOOD_FRACTION,0.9457191833698667,0.12732395447351624,0.001179246608981599,1.0073844264520464,0.0011879546688344487,0.00021705348181606622,4.384868669944087,0.15805158788558737,,0,1.5707963267948966,5449.414715719063
1.5,45,0.5,0.25,0.4,false,NO_DILUTE_CONNECTED_ROOT;ACTUAL_LOADING_EXCEEDS_DESIGN_FLOOD_FRACTION,0.8210680854073602,0.18128742736561204,0.0008908331005636357,0.9867030159834214,0.0008789877070640019,0.00016044645230370416,5.931891908186334,0.15794187850426422,,0,1.7671458676442586,6130.591555183946
1.5,50,0.5,0.25,0.4,false,NO_DILUTE_CONNECTED_ROOT;ACTUAL_LOADING_EXCEEDS_DESIGN_FLOOD_FRACTION,0.7235527240921314,0.24867959858108646,0.0006928367532109921,0.9686524490176368,0.0006711180177672556,0.00012242317619902125,7.774271520045372,0.15786814564399737,,0,1.9634954084936207,6811.7683946488305
1.5,55,0.5,0.25,0.4,false,NO_DILUTE_CONNECTED_ROOT;ACTUAL_LOADING_EXCEEDS_DESIGN_FLOOD_FRACTION,0.6453554183999208,0.330992545711426,0.0005517600058214853,0.9527017596313498,0.0005256627284403329,0.00009584603387084774,9.929998912631369,0.1578165970371877,,0,2.1598449493429825,7492.945234113711
1.5,60,0.5,0.25,0.4,false,NO_DILUTE_CONNECTED_ROOT;ACTUAL_LOADING_EXCEEDS_DESIGN_FLOOD_FRACTION,0.5813700940169285,0.4297183463481174,0.0004481204124904495,0.9384611091536065,0.0004205435793401589,0.00007665404129954658,12.416188318086462,0.15777938628153226,,0,2.356194490192345,8174.1220735785955
1.5,65,0.5,0.25,0.4,false,NO_DILUTE_CONNECTED_ROOT;ACTUAL_LOADING_EXCEEDS_DESIGN_FLOOD_FRACTION,0.5281267436618259,0.5463490780826468,0.00037001403291676794,0.9256365171724151,0.0003424985007339964,0.00006241323105898999,15.24918668636139,0.15775179515850352,,0,2.5525440310417067,8855.298913043478
1.5,70,0.5,0.25,0.4,false,NO_DILUTE_CONNECTED_ROOT;ACTUAL_LOADING_EXCEEDS_DESIGN_FLOOD_FRACTION,0.4831884451393597,0.6823768185065013,0.00030986203440532537,0.9140012669065664,0.00028321429201271344,0.000051600349279936815,18.444662204788717,0.15773085150513227,,0,2.748893571891069,9536.47575250836
1.5,30,0.33,0.3,0.2,true,,3.298172071424378,0.005605732121214563,0.01305102297914134,0.7773523137443132,0.01014524290956572,0.00191285058133127,0.49755638072638453,0.16176177082915844,0.03943734696885617,2,0.7775441817634738,1780.3237876254182
1.5,35,0.33,0.3,0.2,false,ACTUAL_LOADING_EXCEEDS_DESIGN_FLOOD_FRACTION,2.7411775242556633,0.008901694988780535,0.009290801337158499,0.745915154481553,0.006930149514664001,0.0012928479999890614,0.7361662098913406,0.16047705867708595,0.06807086094532762,2,0.9071348787240529,2077.044418896321
1.5,40,0.33,0.3,0.2,false,NO_DILUTE_CONNECTED_ROOT;ACTUAL_LOADING_EXCEEDS_DESIGN_FLOOD_FRACTION,2.3353222970500447,0.01328766132436044,0.0068748456163136235,0.7188963737500339,0.0049423015836591805,0.000915767081027583,1.0392937591178608,0.15967245383077816,,0,1.0367255756846316,2373.7650501672238
1.5,45,0.33,0.3,0.2,false,NO_DILUTE_CONNECTED_ROOT;ACTUAL_LOADING_EXCEEDS_DESIGN_FLOOD_FRACTION,2.027513706992331,0.01891934590909915,0.005249545848396385,0.6953027481340711,0.00365002365484581,0.000673275582493239,1.4136128457133001,0.15914516646670268,,0,1.1663162726452108,2670.485681438127
1.5,50,0.33,0.3,0.2,false,NO_DILUTE_CONNECTED_ROOT;ACTUAL_LOADING_EXCEEDS_DESIGN_FLOOD_FRACTION,1.7867130532793771,0.025952463524141496,0.004113563419703896,0.6744343922705437,0.0027743286450343367,0.0005101623972878931,1.865584404450841,0.15878588708533303,,0,1.2959069696057899,2967.2063127090305
1.5,55,0.33,0.3,0.2,false,NO_DILUTE_CONNECTED_ROOT;ACTUAL_LOADING_EXCEEDS_DESIGN_FLOOD_FRACTION,1.593615657389039,0.034542728950632325,0.003293727607776092,0.6557808239583249,0.002159963404521688,0.000396316643776582,2.4014914010376103,0.15853280206656767,,0,1.4254976665663686,3263.9269439799327
1.5,60,0.33,0.3,0.2,false,NO_DILUTE_CONNECTED_ROOT;ACTUAL_LOADING_EXCEEDS_DESIGN_FLOOD_FRACTION,1.435612777313018,0.044845856969716505,0.002685780260378156,0.6389590159801831,0.0017161035123102266,0.00031437236823806015,3.027463951274588,0.1583493665279912,,0,1.5550883635269477,3560.6475752508363
1.5,65,0.33,0.3,0.2,false,NO_DILUTE_CONNECTED_ROOT;ACTUAL_LOADING_EXCEEDS_DESIGN_FLOOD_FRACTION,1.3041357115620007,0.05701756236253885,0.0022243809099716976,0.6236747026714313,0.0013872901026546064,0.00025383424090665176,3.749498132001649,0.1582131207733134,,0,1.6846790604875266,3857.368206521739
1.5,70,0.33,0.3,0.2,false,NO_DILUTE_CONNECTED_ROOT;ACTUAL_LOADING_EXCEEDS_DESIGN_FLOOD_FRACTION,1.1931668189177211,0.07121355991024428,0.0018671288177225394,0.6096972429210261,0.0011383832923438275,0.00020810257695689423,4.5734705741519495,0.15810975056722693,,0,1.8142697574481057,4154.088837792642
1.5,30,0.33,0.3,0.3,true,,3.298172071424378,0.005605732121214563,0.01305102297914134,0.9846251118589819,0.012850364960711185,0.0024364009490630343,0.39063808954907925,0.16244691385345805,0.02943904330083573,2,0.7775441817634738,1780.3237876254182
1.5,35,0.33,0.3,0.3,true,,2.7411775242556633,0.008901694988780535,0.009290801337158499,0.9531879525962217,0.008855879904544348,0.001659010228304293,0.5736860423641575,0.1609779496215168,0.04728030238322917,2,0.9071348787240529,2077.044418896321
1.5,40,0.33,0.3,0.3,false,ACTUAL_LOADING_EXCEEDS_DESIGN_FLOOD_FRACTION,2.3353222970500447,0.01328766132436044,0.0068748456163136235,0.9261691718647027,0.00636727007115887,0.0011835748900592773,0.8041324804295912,0.16004918644873983,0.07907785244648821,2,1.0367255756846316,2373.7650501672238
1.5,45,0.33,0.3,0.3,false,NO_DILUTE_CONNECTED_ROOT;ACTUAL_LOADING_EXCEEDS_DESIGN_FLOOD_FRACTION,2.027513706992331,0.01891934590909915,0.005249545848396385,0.9025755462487399,0.0047381117116741716,0.0008761632092026115,1.0862713728686777,0.1594359081923442,,0,1.1663162726452108,2670.485681438127
1.5,50,0.33,0.3,0.3,false,NO_DILUTE_CONNECTED_ROOT;ACTUAL_LOADING_EXCEEDS_DESIGN_FLOOD_FRACTION,1.7867130532793771,0.025952463524141496,0.004113563419703896,0.8817071903852125,0.0036269584452585093,0.0006682738615517742,1.4241930844153043,0.1590153883000469,,0,1.2959069696057899,2967.2063127090305
1.5,55,0.33,0.3,0.3,false,NO_DILUTE_CONNECTED_ROOT;ACTUAL_LOADING_EXCEEDS_DESIGN_FLOOD_FRACTION,1.593615657389039,0.034542728950632325,0.003293727607776092,0.8630536220729939,0.002842663542012973,0.000522418674118488,1.8218165989634665,0.15871753819540757,,0,1.4254976665663686,3263.9269439799327
1.5,60,0.33,0.3,0.3,false,NO_DILUTE_CONNECTED_ROOT;ACTUAL_LOADING_EXCEEDS_DESIGN_FLOOD_FRACTION,1.435612777313018,0.044845856969716505,0.002685780260378156,0.8462318140948519,0.002272792701999951,0.00041690200567264635,2.282913008734401,0.15850061287604866,,0,1.5550883635269477,3560.6475752508363
1.5,65,0.33,0.3,0.3,false,NO_DILUTE_CONNECTED_ROOT;ACTUAL_LOADING_EXCEEDS_DESIGN_FLOOD_FRACTION,1.3041357115620007,0.05701756236253885,0.0022243809099716976,0.8309475007861,0.0018483437579372931,0.0003385660663295744,2.8111234608818503,0.1583387802207451,,0,1.6846790604875266,3857.368206521739
1.5,70,0.33,0.3,0.3,false,NO_DILUTE_CONNECTED_ROOT;ACTUAL_LOADING_EXCEEDS_DESIGN_FLOOD_FRACTION,1.1931668189177211,0.07121355991024428,0.0018671288177225394,0.8169700410356949,0.0015253883068337116,0.0002791080500137966,3.4099733492835522,0.15821549519564604,,0,1.8142697574481057,4154.088837792642
1.5,30,0.33,0.3,0.4,true,,3.298172071424378,0.005605732121214563,0.01305102297914134,1.1941632758033807,0.015585052353356619,0.0029700072328753763,0.3204541058292714,0.1630834417358114,0.02348362173042463,2,0.7775441817634738,1780.3237876254182
1.5,35,0.33,0.3,0.4,true,,2.7411775242556633,0.008901694988780535,0.009290801337158499,1.1627261165406204,0.010802657358304704,0.0020315200721250856,0.46849205438662567,0.16144470620970608,0.0364573730926917,2,0.9071348787240529,2077.044418896321
1.5,40,0.33,0.3,0.4,true,,2.3353222970500447,0.01328766132436044,0.0068748456163136235,1.1357073358091014,0.007807812599002426,0.0014556478294573921,0.6538332918562606,0.16040067767000277,0.05661921991871899,2,1.0367255756846316,2373.7650501672238
1.5,45,0.33,0.3,0.4,false,ACTUAL_LOADING_EXCEEDS_DESIGN_FLOOD_FRACTION,2.027513706992331,0.01891934590909915,0.005249545848396385,1.1121137101931386,0.005838091910289092,0.0010820697239850455,0.8795653283897821,0.1597072521033836,0.09459343364801565,2,1.1663162726452108,2670.485681438127
1.5,50,0.33,0.3,0.4,false,NO_DILUTE_CONNECTED_ROOT;ACTUAL_LOADING_EXCEEDS_DESIGN_FLOOD_FRACTION,1.7867130532793771,0.025952463524141496,0.004113563419703896,1.0912453543296112,0.0044889069714921055,0.000828614583511406,1.1486051911907322,0.15922953141592427,,0,1.2959069696057899,2967.2063127090305
1.5,55,0.33,0.3,0.4,false,NO_DILUTE_CONNECTED_ROOT;ACTUAL_LOADING_EXCEEDS_DESIGN_FLOOD_FRACTION,1.593615657389039,0.034542728950632325,0.003293727607776092,1.0725917860173926,0.0035328251774793522,0.0006502244179419052,1.4637269623463791,0.15888982094709314,,0,1.4254976665663686,3263.9269439799327
1.5,60,0.33,0.3,0.4,false,NO_DILUTE_CONNECTED_ROOT;ACTUAL_LOADING_EXCEEDS_DESIGN_FLOOD_FRACTION,1.435612777313018,0.044845856969716505,0.002685780260378156,1.0557699780392507,0.002835566166517699,0.0005207706920212306,1.827581748933649,0.15864155290327475,,0,1.5550883635269477,3560.6475752508363
1.5,65,0.33,0.3,0.4,false,NO_DILUTE_CONNECTED_ROOT;ACTUAL_LOADING_EXCEEDS_DESIGN_FLOOD_FRACTION,1.3041357115620007,0.05701756236253885,0.0022243809099716976,1.0404856647304987,0.0023144364497257337,0.0004243748574093281,2.2427130059676035,0.15845577382885523,,0,1.6846790604875266,3857.368206521739
1.5,70,0.33,0.3,0.4,false,NO_DILUTE_CONNECTED_ROOT;ACTUAL_LOADING_EXCEEDS_DESIGN_FLOOD_FRACTION,1.1931668189177211,0.07121355991024428,0.0018671288177225394,1.0265082049800935,0.0019166230511469683,0.00035099645639730375,2.7115687203412415,0.1583138533182617,,0,1.8142697574481057,4154.088837792642
1.5,30,0.4,0.3,0.2,false,NO_DILUTE_CONNECTED_ROOT;ACTUAL_LOADING_EXCEEDS_DESIGN_FLOOD_FRACTION,2.244818366113216,0.014667719555349085,0.006377566645542022,0.6992277676376367,0.004459371688522599,0.0008249758922676743,1.1536713024442407,0.15948654183716993,,0,0.942477796076938,2615.719063545151
1.5,35,0.4,0.3,0.2,false,NO_DILUTE_CONNECTED_ROOT;ACTUAL_LOADING_EXCEEDS_DESIGN_FLOOD_FRACTION,1.8657139524465103,0.02329179540502193,0.004472633884766048,0.6687559946427539,0.002991100722279603,0.0005504831865681803,1.7289374777292454,0.15888233783582656,,0,1.0995574287564278,3051.6722408026767
1.5,40,0.4,0.3,0.2,false,NO_DILUTE_CONNECTED_ROOT;ACTUAL_LOADING_EXCEEDS_DESIGN_FLOOD_FRACTION,1.589478738429686,0.03476792783490153,0.003277078974338281,0.6428156499309208,0.0021065576507642175,0.000386461139763991,2.4627340609169,0.15851602835310147,,0,1.2566370614359172,3487.6254180602014
1.5,45,0.4,0.3,0.2,false,NO_DILUTE_CONNECTED_ROOT;ACTUAL_LOADING_EXCEEDS_DESIGN_FLOOD_FRACTION,1.3799765168216547,0.04950355349930317,0.002485538523796559,0.620341644012616,0.001541883054108648,0.00028228844953995545,3.371554924293264,0.1582811356995496,,0,1.4137166941154071,3923.5785953177265
1.5,50,0.4,0.3,0.2,false,NO_DILUTE_CONNECTED_ROOT;ACTUAL_LOADING_EXCEEDS_DESIGN_FLOOD_FRACTION,1.2160815718882756,0.06790610905254206,0.0019384586269418818,0.6005957988829247,0.0011642301076496568,0.00021285320146440754,4.471396274848585,0.15812348900153472,,0,1.5707963267948968,4359.531772575253
1.5,55,0.4,0.3,0.2,false,NO_DILUTE_CONNECTED_ROOT;ACTUAL_LOADING_EXCEEDS_DESIGN_FLOOD_FRACTION,1.0846546568104145,0.09038303114893347,0.0015467970185722864,0.5830468797142028,0.0009018551752298033,0.00016472469140429202,5.77782847248818,0.15801364813507035,,0,1.7278759594743864,4795.484949832777
1.5,60,0.4,0.3,0.2,false,NO_DILUTE_CONNECTED_ROOT;ACTUAL_LOADING_EXCEEDS_DESIGN_FLOOD_FRACTION,0.9771139465586726,0.11734175644279268,0.0012580782790672514,0.5673007253450855,0.0007137087202557486,0.00013026890106416212,7.3060492899128375,0.15793468372030733,,0,1.884955592153876,5231.438127090302
1.5,65,0.4,0.3,0.2,false,NO_DILUTE_CONNECTED_ROOT;ACTUAL_LOADING_EXCEEDS_DESIGN_FLOOD_FRACTION,0.8876273686818863,0.14918972158843485,0.0010399325627949811,0.5530573952445004,0.0005751423944093301,0.00010492325747968843,9.070925121647049,0.15787639047825414,,0,2.0420352248333655,5667.391304347828
1.5,70,0.4,0.3,0.2,false,NO_DILUTE_CONNECTED_ROOT;ACTUAL_LOADING_EXCEEDS_DESIGN_FLOOD_FRACTION,0.8120991661258739,0.18633436324017544,0.0008716049767663997,0.5400837424159779,0.00047073967776038863,0.00008584368716007321,11.08702391059708,0.15783238429579705,,0,2.1991148575128556,6103.344481605353
1.5,30,0.4,0.3,0.3,false,ACTUAL_LOADING_EXCEEDS_DESIGN_FLOOD_FRACTION,2.244818366113216,0.014667719555349085,0.006377566645542022,0.9065005657523055,0.005781267772306876,0.0010727381385872287,0.8872165329844443,0.15983914247578596,0.0965804259621661,2,0.942477796076938,2615.719063545151
1.5,35,0.4,0.3,0.3,false,NO_DILUTE_CONNECTED_ROOT;ACTUAL_LOADING_EXCEEDS_DESIGN_FLOOD_FRACTION,1.8657139524465103,0.02329179540502193,0.004472633884766048,0.8760287927574227,0.003918156062517543,0.0007226571057710263,1.3170160571549259,0.15913268146084175,,0,1.0995574287564278,3051.6722408026767
1.5,40,0.4,0.3,0.3,false,NO_DILUTE_CONNECTED_ROOT;ACTUAL_LOADING_EXCEEDS_DESIGN_FLOOD_FRACTION,1.589478738429686,0.03476792783490153,0.003277078974338281,0.8500884480455896,0.002785806979418062,0.0005118956722721851,1.8592675493679156,0.15870087598374122,,0,1.2566370614359172,3487.6254180602014
1.5,45,0.4,0.3,0.3,false,NO_DILUTE_CONNECTED_ROOT;ACTUAL_LOADING_EXCEEDS_DESIGN_FLOOD_FRACTION,1.3799765168216547,0.04950355349930317,0.002485538523796559,0.8276144421272849,0.002057067578757764,0.00037707282895444333,2.5240508968959277,0.15842207077665083,,0,1.4137166941154071,3923.5785953177265
1.5,50,0.4,0.3,0.3,false,NO_DILUTE_CONNECTED_ROOT;ACTUAL_LOADING_EXCEEDS_DESIGN_FLOOD_FRACTION,1.2160815718882756,0.06790610905254206,0.0019384586269418818,0.8078685969975936,0.0015660198512854196,0.00028658864830672276,3.3209654944145997,0.1582338263087269,,0,1.5707963267948968,4359.531772575253
1.5,55,0.4,0.3,0.3,false,NO_DILUTE_CONNECTED_ROOT;ACTUAL_LOADING_EXCEEDS_DESIGN_FLOOD_FRACTION,1.0846546568104145,0.09038303114893347,0.0015467970185722864,0.7903196778288717,0.0012224641213847086,0.000223457680183435,4.259200271551467,0.15810194645110293,,0,1.7278759594743864,4795.484949832777
1.5,60,0.4,0.3,0.3,false,NO_DILUTE_CONNECTED_ROOT;ACTUAL_LOADING_EXCEEDS_DESIGN_FLOOD_FRACTION,0.9771139465586726,0.11734175644279268,0.0012580782790672514,0.7745735234597543,0.000974474125405305,0.00017797766938242685,5.347586668710031,0.15800666701350385,,0,1.884955592153876,5231.438127090302
1.5,65,0.4,0.3,0.3,false,NO_DILUTE_CONNECTED_ROOT;ACTUAL_LOADING_EXCEEDS_DESIGN_FLOOD_FRACTION,0.8876273686818863,0.14918972158843485,0.0010399325627949811,0.7603301933591693,0.0007906921265504044,0.00014432190168266754,6.594640182958791,0.15793600827324267,,0,2.0420352248333655,5667.391304347828
1.5,70,0.4,0.3,0.3,false,NO_DILUTE_CONNECTED_ROOT;ACTUAL_LOADING_EXCEEDS_DESIGN_FLOOD_FRACTION,0.8120991661258739,0.18633436324017544,0.0008716049767663997,0.7473565405306468,0.0006513996801454313,0.00011884121360473321,8.008593847611474,0.15788242840338734,,0,2.1991148575128556,6103.344481605353
1.5,30,0.4,0.3,0.4,false,ACTUAL_LOADING_EXCEEDS_DESIGN_FLOOD_FRACTION,2.244818366113216,0.014667719555349085,0.006377566645542022,1.1160387296967043,0.00711761137764679,0.0013243759608298916,0.7186411111850393,0.160167824973259,0.06531829719526924,2,0.942477796076938,2615.719063545151
1.5,35,0.4,0.3,0.4,false,NO_DILUTE_CONNECTED_ROOT;ACTUAL_LOADING_EXCEEDS_DESIGN_FLOOD_FRACTION,1.8657139524465103,0.02329179540502193,0.004472633884766048,1.0855669567018214,0.004855343554726923,0.0008973050673487319,1.0606771841038265,0.1593660394239687,,0,1.0995574287564278,3051.6722408026767
1.5,40,0.4,0.3,0.4,false,NO_DILUTE_CONNECTED_ROOT;ACTUAL_LOADING_EXCEEDS_DESIGN_FLOOD_FRACTION,1.589478738429686,0.03476792783490153,0.003277078974338281,1.0596266119899882,0.003472480090801698,0.0006390251004411378,1.4893796995775683,0.15887304653532647,,0,1.2566370614359172,3487.6254180602014
1.5,45,0.4,0.3,0.4,false,NO_DILUTE_CONNECTED_ROOT;ACTUAL_LOADING_EXCEEDS_DESIGN_FLOOD_FRACTION,1.3799765168216547,0.04950355349930317,0.002485538523796559,1.0371526060716836,0.0025778827574471663,0.0004730817726246152,2.0118107845020496,0.15855319792284667,,0,1.4137166941154071,3923.5785953177265
1.5,50,0.4,0.3,0.4,false,NO_DILUTE_CONNECTED_ROOT;ACTUAL_LOADING_EXCEEDS_DESIGN_FLOOD_FRACTION,1.2160815718882756,0.06790610905254206,0.0019384586269418818,1.0174067609419923,0.0019722009128570017,0.00036124564602696863,2.6346366318460617,0.15833634926510692,,0,1.5707963267948968,4359.531772575253
1.5,55,0.4,0.3,0.4,false,NO_DILUTE_CONNECTED_ROOT;ACTUAL_LOADING_EXCEEDS_DESIGN_FLOOD_FRACTION,1.0846546568104145,0.09038303114893347,0.0015467970185722864,0.9998578417732704,0.0015465771286510156,0.000282906654668693,3.364187432183687,0.1581838880179126,,0,1.7278759594743864,4795.484949832777
1.5,60,0.4,0.3,0.4,false,NO_DILUTE_CONNECTED_ROOT;ACTUAL_LOADING_EXCEEDS_DESIGN_FLOOD_FRACTION,0.9771139465586726,0.11734175644279268,0.0012580782790672514,0.984111687404153,0.0012380895380993857,0.0002262570678653733,4.206502899983902,0.1580733735697593,,0,1.884955592153876,5231.438127090302
1.5,65,0.4,0.3,0.4,false,NO_DILUTE_CONNECTED_ROOT;ACTUAL_LOADING_EXCEEDS_DESIGN_FLOOD_FRACTION,0.8876273686818863,0.14918972158843485,0.0010399325627949811,0.969868357303568,0.001008597686384458,0.0001841848714896321,5.167368005960913,0.15799118101846243,,0,2.0420352248333655,5667.391304347828
1.5,70,0.4,0.3,0.4,false,NO_DILUTE_CONNECTED_ROOT;ACTUAL_LOADING_EXCEEDS_DESIGN_FLOOD_FRACTION,0.8120991661258739,0.18633436324017544,0.0008716049767663997,0.9568947044750455,0.000834034186661863,0.00015222312765641717,6.252341722118236,0.15792868911570634,,0,2.1991148575128556,6103.344481605353
1.5,30,0.5,0.3,0.2,false,NO_DILUTE_CONNECTED_ROOT;ACTUAL_LOADING_EXCEEDS_DESIGN_FLOOD_FRACTION,1.4366837543124589,0.04476232774459556,0.002689706175891172,0.6124495661145462,0.0016473093804001634,0.00030171888159828035,3.1544297363024953,0.1583299989578147,,0,1.1780972450961724,4087.0610367892978
1.5,35,0.5,0.3,0.2,false,NO_DILUTE_CONNECTED_ROOT;ACTUAL_LOADING_EXCEEDS_DESIGN_FLOOD_FRACTION,1.194056929565767,0.07108091859442722,0.0018698757265097473,0.5839312402472645,0.0010918788520890915,0.00019957817374325807,4.768813113511609,0.15809655960326124,,0,1.3744467859455345,4768.23787625418
1.5,40,0.5,0.3,0.2,false,NO_DILUTE_CONNECTED_ROOT;ACTUAL_LOADING_EXCEEDS_DESIGN_FLOOD_FRACTION,1.0172663925949992,0.10610329539459687,0.0013625032835206865,0.5598810915546415,0.0007628398256243451,0.0001392647310004284,6.83411374351931,0.15795767763189228,,0,1.5707963267948966,5449.414715719063
1.5,45,0.5,0.3,0.2,false,NO_DILUTE_CONNECTED_ROOT;ACTUAL_LOADING_EXCEEDS_DESIGN_FLOOD_FRACTION,0.8831849707658592,0.15107285613801005,0.0010296304138078785,0.5392062959962354,0.0005551832016744173,0.00010127613484826844,9.397584273367634,0.15786971514717513,,0,1.7671458676442586,6130.591555183946
1.5,50,0.5,0.3,0.2,false,NO_DILUTE_CONNECTED_ROOT;ACTUAL_LOADING_EXCEEDS_DESIGN_FLOOD_FRACTION,0.7782922060084965,0.20723299881757207,0.0008009770772230711,0.5211606756347901,0.00041743775473355516,0.00007610933901416685,12.505048978817044,0.15781119706862584,,0,1.9634954084936207,6811.7683946488305
1.5,55,0.5,0.3,0.2,false,NO_DILUTE_CONNECTED_ROOT;ACTUAL_LOADING_EXCEEDS_DESIGN_FLOOD_FRACTION,0.6941789803586654,0.27582712142618837,0.0006379892264314907,0.5052137952858685,0.00032232095843694875,0.00005874610737961083,16.201090669164476,0.15777066325815392,,0,2.1598449493429825,7492.945234113711
1.5,60,0.5,0.3,0.2,false,NO_DILUTE_CONNECTED_ROOT;ACTUAL_LOADING_EXCEEDS_DESIGN_FLOOD_FRACTION,0.6253529257975506,0.3580986219567645,0.0005182173834757349,0.4909761488774568,0.0002544323752202685,0.00004636085537016075,20.529194392951666,0.15774166272983553,,0,2.356194490192345,8174.1220735785955
1.5,65,0.5,0.3,0.2,false,NO_DILUTE_CONNECTED_ROOT;ACTUAL_LOADING_EXCEEDS_DESIGN_FLOOD_FRACTION,0.5680815159564074,0.45529089840220566,0.0004279332872440148,0.47815397371978297,0.00020461800178269498,0.00003727699244256298,25.531861605627693,0.15772033116943052,,0,2.5525440310417067,8855.298913043478
1.5,70,0.5,0.3,0.2,false,NO_DILUTE_CONNECTED_ROOT;ACTUAL_LOADING_EXCEEDS_DESIGN_FLOOD_FRACTION,0.5197434663205593,0.5686473487554178,0.00035839125314202113,0.46652070079238295,0.00016719693857367602,0.000030455347111776804,31.250703156475073,0.15770426882683314,,0,2.748893571891069,9536.47575250836
1.5,30,0.5,0.3,0.3,false,NO_DILUTE_CONNECTED_ROOT;ACTUAL_LOADING_EXCEEDS_DESIGN_FLOOD_FRACTION,1.4366837543124589,0.04476232774459556,0.002689706175891172,0.8197223642292151,0.0022048123055834323,0.0004043711748357553,2.353656915590294,0.15848328347052104,,0,1.1780972450961724,4087.0610367892978
1.5,35,0.5,0.3,0.3,false,NO_DILUTE_CONNECTED_ROOT;ACTUAL_LOADING_EXCEEDS_DESIGN_FLOOD_FRACTION,1.194056929565767,0.07108091859442722,0.0018698757265097473,0.7912040383619332,0.0014794532260494658,0.00027067515614039706,3.516211187198435,0.158203729614793,,0,1.3744467859455345,4768.23787625418
1.5,40,0.5,0.3,0.3,false,NO_DILUTE_CONNECTED_ROOT;ACTUAL_LOADING_EXCEEDS_DESIGN_FLOOD_FRACTION,1.0172663925949992,0.10610329539459687,0.0013625032835206865,0.7671538896693104,0.0010452496936401018,0.00019095351964976815,4.984202510973214,0.15803607255821733,,0,1.5707963267948966,5449.414715719063
1.5,45,0.5,0.3,0.3,false,NO_DILUTE_CONNECTED_ROOT;ACTUAL_LOADING_EXCEEDS_DESIGN_FLOOD_FRACTION,0.8831849707658592,0.15107285613801005,0.0010296304138078785,0.7464790941109041,0.0007685975785683405,0.0001402805692377187,6.784624679592761,0.15792913341524395,,0,1.7671458676442586,6130.591555183946
1.5,50,0.5,0.3,0.3,false,NO_DILUTE_CONNECTED_ROOT;ACTUAL_LOADING_EXCEEDS_DESIGN_FLOOD_FRACTION,0.7782922060084965,0.20723299881757207,0.0008009770772230711,0.7284334737494589,0.0005834585147552903,0.00010642263234514236,8.943126016944364,0.15785752287195493,,0,1.9634954084936207,6811.7683946488305
1.5,55,0.5,0.3,0.3,false,NO_DILUTE_CONNECTED_ROOT;ACTUAL_LOADING_EXCEEDS_DESIGN_FLOOD_FRACTION,0.6941789803586654,0.27582712142618837,0.0006379892264314907,0.7124865934005373,0.00045455877056641686,0.00008287482186056061,11.484199793743112,0.15780764031298383,,0,2.1598449493429825,7492.945234113711
1.5,60,0.5,0.3,0.3,false,NO_DILUTE_CONNECTED_ROOT;ACTUAL_LOADING_EXCEEDS_DESIGN_FLOOD_FRACTION,0.6253529257975506,0.3580986219567645,0.0005182173834757349,0.6982489469921256,0.0003618447423249464,0.0000659503274970009,14.431331097799754,0.1577717418872256,,0,2.356194490192345,8174.1220735785955
1.5,65,0.5,0.3,0.3,false,NO_DILUTE_CONNECTED_ROOT;ACTUAL_LOADING_EXCEEDS_DESIGN_FLOOD_FRACTION,0.5680815159564074,0.45529089840220566,0.0004279332872440148,0.6854267718344518,0.00029331693163617024,0.00005344779846727343,17.80711347166737,0.15774520935534597,,0,2.5525440310417067,8855.298913043478
1.5,70,0.5,0.3,0.3,false,NO_DILUTE_CONNECTED_ROOT;ACTUAL_LOADING_EXCEEDS_DESIGN_FLOOD_FRACTION,0.5197434663205593,0.5686473487554178,0.00035839125314202113,0.6737934989070518,0.00024148169643224533,0.000043994632850008535,21.633343670860132,0.15772513346226502,,0,2.748893571891069,9536.47575250836
1.5,30,0.5,0.3,0.4,false,NO_DILUTE_CONNECTED_ROOT;ACTUAL_LOADING_EXCEEDS_DESIGN_FLOOD_FRACTION,1.4366837543124589,0.04476232774459556,0.002689706175891172,1.0292605281736138,0.0027684083992295786,0.0005083669276506215,1.8721733463582912,0.15862575700677434,,0,1.1780972450961724,4087.0610367892978
1.5,35,0.5,0.3,0.4,false,NO_DILUTE_CONNECTED_ROOT;ACTUAL_LOADING_EXCEEDS_DESIGN_FLOOD_FRACTION,1.194056929565767,0.07108091859442722,0.0018698757265097473,1.000742202306332,0.0018712635525865169,0.00034265755355588804,2.7775573666503606,0.15830315585432525,,0,1.3744467859455345,4768.23787625418
1.5,40,0.5,0.3,0.4,false,NO_DILUTE_CONNECTED_ROOT;ACTUAL_LOADING_EXCEEDS_DESIGN_FLOOD_FRACTION,1.0172663925949992,0.10610329539459687,0.0013625032835206865,0.9766920536137091,0.001330746130037241,0.00024326519251542054,3.9124011219040966,0.15810865255959433,,0,1.5707963267948966,5449.414715719063
1.5,45,0.5,0.3,0.4,false,NO_DILUTE_CONNECTED_ROOT;ACTUAL_LOADING_EXCEEDS_DESIGN_FLOOD_FRACTION,0.8831849707658592,0.15107285613801005,0.0010296304138078785,0.9560172580553028,0.0009843444450189547,0.00017974455040895566,5.295020126908542,0.15798403201671773,,0,1.7671458676442586,6130.591555183946
1.5,50,0.5,0.3,0.4,false,NO_DILUTE_CONNECTED_ROOT;ACTUAL_LOADING_EXCEEDS_DESIGN_FLOOD_FRACTION,0.7782922060084965,0.20723299881757207,0.0008009770772230711,0.9379716376938576,0.0007512937808781634,0.0001370874179646204,6.942657657781372,0.15790024207675868,,0,1.9634954084936207,6811.7683946488305
1.5,55,0.5,0.3,0.4,false,NO_DILUTE_CONNECTED_ROOT;ACTUAL_LOADING_EXCEEDS_DESIGN_FLOOD_FRACTION,0.6941789803586654,0.27582712142618837,0.0006379892264314907,0.922024757344936,0.0005882418616891787,0.00010728008370160236,8.871646807853224,0.15784166217288348,,0,2.1598449493429825,7492.945234113711
1.5,60,0.5,0.3,0.4,false,NO_DILUTE_CONNECTED_ROOT;ACTUAL_LOADING_EXCEEDS_DESIGN_FLOOD_FRACTION,0.6253529257975506,0.3580986219567645,0.0005182173834757349,0.9077871109365243,0.00047043106138252227,0.00008576238249576653,11.097534658211348,0.15779937960093304,,0,2.356194490192345,8174.1220735785955
1.5,65,0.5,0.3,0.4,false,NO_DILUTE_CONNECTED_ROOT;ACTUAL_LOADING_EXCEEDS_DESIGN_FLOOD_FRACTION,0.5680815159564074,0.45529089840220566,0.0004279332872440148,0.8949649357788505,0.0003829852869359721,0.00006980113227136056,13.63518013457858,0.15776801385054423,,0,2.5525440310417067,8855.298913043478
1.5,70,0.5,0.3,0.4,false,NO_DILUTE_CONNECTED_ROOT;ACTUAL_LOADING_EXCEEDS_DESIGN_FLOOD_FRACTION,0.5197434663205593,0.5686473487554178,0.00035839125314202113,0.8833316628514505,0.00031657834158935666,0.00005768595993663231,16.498832873077614,0.157744227435964,,0,2.748893571891069,9536.47575250836
