"trialKey","diameterM","hcToColumn","rotorToColumn","freeArea","rpm","maxLoading","marginAbsolute","marginPercentagePoints","controllingScenario","controllingCapacityMS","controllingPhiOperating","controllingPhiTurning","controllingSeparationPP","controllingD32MM","controllingAreaM2M3","minSeparationPP","worstSeparationScenarios","worstSeparationDiffersFromControlling","d32MinMM","d32MaxMM","phiMin","phiMax","minAreaM2M3","maxAreaM2M3","minRootDistance","maxOperatingResidualMS","maxVelocityClosureMS","maxForceResidualN","allSixTwoDistinctRoots","allSixContinuation16Monotone","allSixSignedDirectionsValid","branchStatuses","rotorRe","powerVolumeWM3","paretoWithinDiameter2D","paretoGlobal2D","paretoGlobal3D","selectedBestMargin"
"0.3|0.3|0.33|0.4|30","0.3","0.3","0.33","0.4","30","0.674354050911411","0.02564594908858897","2.564594908858897","0.36/SN","0.035283802730599216","0.07282611628924014","0.19327465390555387","12.044853761631373","11.952240223390644","36.55856053497926","12.044853761631373","0.36/SN","false","11.952240223390644","14.27628693349438","0.030786361434867578","0.07282611628924014","12.938810313193414","36.55856053497926","0.2979312624630229","5.551115123125783e-17","5.551115123125783e-17","8.673617379884035e-19","true","true","true","LOWER_QUASI_STEADY_ADMISSIBLE","71.21295150501673","0.1948552485334183","true","false","false","true"
"0.4|0.2|0.33|0.4|30","0.4","0.2","0.33","0.4","30","0.6537341156178873","0.046265884382112654","4.626588438211265","0.36/SN","0.020473153057421374","0.06560266386297214","0.1826630505730421","11.706038671006997","8.073499456299725","48.75407316348992","11.706038671006997","0.36/SN","false","8.073499456299725","9.64334657280245","0.02926530431441321","0.06560266386297214","18.20859849439701","48.75407316348992","0.2945643334282307","2.7755575615628914e-17","2.7755575615628914e-17","2.168404344971009e-19","true","true","true","LOWER_QUASI_STEADY_ADMISSIBLE","126.6008026755853","0.5196139960891152","true","false","false","false"
"0.4|0.25|0.33|0.3|30","0.4","0.25","0.33","0.3","30","0.6700148545968493","0.02998514540315067","2.998514540315067","0.36/SN","0.019975674443749782","0.06829685690359553","0.18335550602109452","11.505864911749898","8.827258109519795","46.42224531529705","11.505864911749898","0.36/SN","false","8.827258109519795","10.543669408593088","0.030148549941867497","0.06829685690359553","17.15638954914298","46.42224531529705","0.28726020352463655","2.7755575615628914e-17","2.7755575615628914e-17","4.336808689942018e-19","true","true","true","LOWER_QUASI_STEADY_ADMISSIBLE","126.6008026755853","0.4156911968712922","false","false","false","false"
"0.4|0.25|0.33|0.4|30","0.4","0.25","0.33","0.4","30","0.5794834885860894","0.12051651141391051","12.051651141391051","0.36/SN","0.023096427890567324","0.05611267723594654","0.18493891508751276","12.882623785156621","8.827258109519795","38.14050288759422","12.882623785156621","0.36/SN","false","8.827258109519795","10.543669408593088","0.025757388990667818","0.05611267723594654","14.657547382702772","38.14050288759422","0.33412098398761964","5.551115123125783e-17","5.551115123125783e-17","4.336808689942018e-19","true","true","true","LOWER_QUASI_STEADY_ADMISSIBLE","126.6008026755853","0.4156911968712922","true","false","false","false"
"0.4|0.3|0.33|0.3|30","0.4","0.3","0.33","0.3","30","0.6154923484826151","0.08450765151738482","8.450765151738482","0.36/SN","0.021745190888073314","0.06102620615079801","0.18507857802449434","12.405237187369632","9.495073348918465","38.56286554610925","12.405237187369632","0.36/SN","false","9.495073348918465","11.341337611208166","0.027443499787880833","0.06102620615079801","14.518657707937157","38.56286554610925","0.3166668900974673","2.7755575615628914e-17","2.7755575615628914e-17","8.673617379884035e-19","true","true","true","LOWER_QUASI_STEADY_ADMISSIBLE","126.6008026755853","0.3464093307260768","false","false","false","false"
"0.4|0.3|0.33|0.4|30","0.4","0.3","0.33","0.4","30","0.5305906609972023","0.16940933900279764","16.940933900279763","0.36/SN","0.02522471575875245","0.05042053113951332","0.18673705121136924","13.63165200718559","9.495073348918465","31.861068969155333","13.63165200718559","0.36/SN","false","9.495073348918465","11.341337611208166","0.023413902834451585","0.05042053113951332","12.386847285797725","31.861068969155333","0.3605379763913314","2.7755575615628914e-17","2.7755575615628914e-17","8.673617379884035e-19","true","true","true","LOWER_QUASI_STEADY_ADMISSIBLE","126.6008026755853","0.3464093307260768","true","false","false","true"
"0.5|0.2|0.33|0.3|30","0.5","0.2","0.33","0.3","30","0.6626097559756621","0.03739024402433788","3.739024402433788","0.36/SN","0.012927306052784028","0.06441686110055382","0.17634286526044646","11.192600415989263","6.753576287464906","57.22911094092402","11.192600415989263","0.36/SN","false","6.753576287464906","8.066771676694191","0.028269091277655034","0.06441686110055382","21.026323102210224","57.22911094092402","0.28253226326076014","1.3877787807814457e-17","1.3877787807814457e-17","2.710505431213761e-19","true","true","true","LOWER_QUASI_STEADY_ADMISSIBLE","197.81375418060202","0.8118968688892428","true","false","false","false"
"0.5|0.2|0.33|0.4|30","0.5","0.2","0.33","0.4","30","0.5728765640574948","0.1271234359425052","12.71234359425052","0.36/SN","0.014952189784810698","0.05292396586063278","0.17769336556274234","12.476939970210957","6.753576287464906","47.01861379032312","12.476939970210957","0.36/SN","false","6.753576287464906","8.066771676694191","0.024160228942503484","0.05292396586063278","17.97018428993479","47.01861379032312","0.32752259151683427","2.7755575615628914e-17","2.7755575615628914e-17","2.710505431213761e-19","true","true","true","LOWER_QUASI_STEADY_ADMISSIBLE","197.81375418060202","0.8118968688892428","true","false","false","false"
"0.5|0.25|0.33|0.2|30","0.5","0.25","0.33","0.2","30","0.6924301586348149","0.007569841365185015","0.7569841365185015","0.36/SN","0.012370574854720437","0.06899601522025328","0.17675654808398367","10.776053286373038","7.384104176196774","56.063143401470874","10.776053286373038","0.36/SN","false","7.384104176196774","8.819902210457258","0.029978026330276568","0.06899601522025328","20.39344129784114","56.063143401470874","0.26819096422077354","1.3877787807814457e-17","1.3877787807814457e-17","2.168404344971009e-19","true","true","true","LOWER_QUASI_STEADY_ADMISSIBLE","197.81375418060202","0.6495174951113942","false","false","false","false"
"0.5|0.25|0.33|0.3|30","0.5","0.25","0.33","0.3","30","0.5840528488160727","0.11594715118392729","11.59471511839273","0.36/SN","0.014666068535444153","0.05455384233243585","0.17836249767770318","12.380865534526734","7.384104176196774","44.328065555977126","12.380865534526734","0.36/SN","false","7.384104176196774","8.819902210457258","0.02491555738734116","0.05455384233243585","16.949546690755955","44.328065555977126","0.32304518342640753","1.3877787807814457e-17","1.3877787807814457e-17","2.168404344971009e-19","true","true","true","LOWER_QUASI_STEADY_ADMISSIBLE","197.81375418060202","0.6495174951113942","false","false","false","false"
"0.5|0.25|0.33|0.4|30","0.5","0.25","0.33","0.4","30","0.5035020694834849","0.1964979305165151","19.64979305165151","0.36/SN","0.017012361275585357","0.04526624088354696","0.17982374853954863","13.455750765600166","7.384104176196774","36.78136694994051","13.455750765600166","0.36/SN","false","7.384104176196774","8.819902210457258","0.02129517645469095","0.04526624088354696","14.486675212413896","36.78136694994051","0.36357477607341854","2.7755575615628914e-17","2.7755575615628914e-17","2.168404344971009e-19","true","true","true","LOWER_QUASI_STEADY_ADMISSIBLE","197.81375418060202","0.6495174951113942","true","false","false","false"
"0.5|0.25|0.33|0.4|35","0.5","0.25","0.33","0.4","35","0.6927641780425516","0.0072358219574483185","0.7235821957448318","0.36/SN","0.012364610325639255","0.06833624793625703","0.17509656092821946","10.676031299196243","6.137078347101356","66.80988320952433","10.676031299196243","0.36/SN","false","6.137078347101356","7.330399136815509","0.02926524782769191","0.06833624793625703","23.953878047960206","66.80988320952433","0.26618189867318287","0","0","5.421010862427522e-20","true","true","true","LOWER_QUASI_STEADY_ADMISSIBLE","230.78271321070238","1.0314097260333714","true","false","false","false"
"0.5|0.3|0.33|0.2|30","0.5","0.3","0.33","0.2","30","0.6346606939389134","0.06533930606108651","6.533930606108651","0.36/SN","0.013496596198349706","0.061227470621350505","0.17826440178405145","11.703693116270095","7.94273939870754","46.25165264617412","11.703693116270095","0.36/SN","false","7.94273939870754","9.487160948456228","0.0274064545768929","0.061227470621350505","17.332764602050442","46.25165264617412","0.298496976154523","2.7755575615628914e-17","2.7755575615628914e-17","2.168404344971009e-19","true","true","true","LOWER_QUASI_STEADY_ADMISSIBLE","197.81375418060202","0.5412645792594952","false","false","false","false"
"0.5|0.3|0.33|0.3|30","0.5","0.3","0.33","0.3","30","0.5328532796728406","0.16714672032715938","16.71467203271594","0.36/SN","0.016075267687790343","0.04875041469129139","0.1799872603469056","13.123684565561422","7.94273939870754","36.826398735346274","13.123684565561422","0.36/SN","false","7.94273939870754","9.487160948456228","0.022728945639803568","0.04875041469129139","14.37455046665066","36.826398735346274","0.3497297290924154","1.3877787807814457e-17","1.3877787807814457e-17","2.168404344971009e-19","true","true","true","LOWER_QUASI_STEADY_ADMISSIBLE","197.81375418060202","0.5412645792594952","false","false","false","false"
"0.5|0.3|0.33|0.4|30","0.5","0.3","0.33","0.4","30","0.45778125491463784","0.24221874508536212","24.22187450853621","0.36/SN","0.01871146757779581","0.04057993509243352","0.18154328396725844","14.096334887482492","7.94273939870754","30.654362220951203","14.096334887482492","0.36/SN","false","7.94273939870754","9.487160948456228","0.019393931316466183","0.04057993509243352","12.265375124444583","30.654362220951203","0.3881804015166257","1.3877787807814457e-17","1.3877787807814457e-17","2.168404344971009e-19","true","true","true","LOWER_QUASI_STEADY_ADMISSIBLE","197.81375418060202","0.5412645792594952","true","false","false","true"
"0.5|0.3|0.33|0.4|35","0.5","0.3","0.33","0.4","35","0.6257476944221662","0.0742523055778338","7.4252305577833795","0.36/SN","0.013688838465426227","0.059414154018024024","0.17665734488190937","11.724319086388535","6.601371380649101","54.00164655985339","11.724319086388535","0.36/SN","false","6.601371380649101","7.88497137133087","0.02648020594637783","0.059414154018024024","20.14988110875666","54.00164655985339","0.3008562195939806","1.3877787807814457e-17","1.3877787807814457e-17","2.168404344971009e-19","true","true","true","LOWER_QUASI_STEADY_ADMISSIBLE","230.78271321070238","0.8595081050278096","true","false","false","false"
"0.6|0.2|0.33|0.3|30","0.6","0.2","0.33","0.3","30","0.6096967847898382","0.09030321521016171","9.030321521016171","0.36/SN","0.009756396907661393","0.05586039831155547","0.17271993728272522","11.685953897116976","5.836988170091345","57.42043329583923","11.685953897116976","0.36/SN","false","5.836988170091345","6.971958092053551","0.024698897296035947","0.05586039831155547","21.255633183613437","57.42043329583923","0.3038198261917721","1.3877787807814457e-17","1.3877787807814457e-17","1.0842021724855044e-19","true","true","true","LOWER_QUASI_STEADY_ADMISSIBLE","284.85180602006693","1.1691314912005097","true","false","false","false"
"0.6|0.2|0.33|0.4|30","0.6","0.2","0.33","0.4","30","0.5251666693427356","0.17483333065726436","17.483333065726438","0.36/SN","0.011326773333081774","0.04605841456293468","0.17392599875047665","12.786758418754196","5.836988170091345","47.34470574972629","12.786758418754196","0.36/SN","false","5.836988170091345","6.971958092053551","0.021062783927369075","0.04605841456293468","18.12642903121509","47.34470574972629","0.3452803189961271","2.7755575615628914e-17","2.7755575615628914e-17","1.0842021724855044e-19","true","true","true","LOWER_QUASI_STEADY_ADMISSIBLE","284.85180602006693","1.1691314912005097","true","false","false","false"
"0.6|0.25|0.33|0.2|30","0.6","0.25","0.33","0.2","30","0.6368651949143179","0.06313480508568203","6.313480508568203","0.36/SN","0.009340192984694285","0.05956016168098003","0.17308207326962455","11.352191158864452","6.3819414912334524","55.99565125703028","11.352191158864452","0.36/SN","false","6.3819414912334524","7.62287455897329","0.026258772687083952","0.05956016168098003","20.66840204487428","55.99565125703028","0.29126413641477505","1.3877787807814457e-17","1.3877787807814457e-17","1.0842021724855044e-19","true","true","true","LOWER_QUASI_STEADY_ADMISSIBLE","284.85180602006693","0.9353051929604078","false","false","false","false"
"0.6|0.25|0.33|0.3|30","0.6","0.25","0.33","0.3","30","0.5343460568113375","0.16565394318866244","16.565394318866243","0.36/SN","0.01113219373458369","0.0472951502926805","0.17453022748014452","12.723507718746403","6.3819414912334524","44.464666770431","12.723507718746403","0.36/SN","false","6.3819414912334524","7.62287455897329","0.02175099689362895","0.0472951502926805","17.12031076362764","44.464666770431","0.34171964330642","1.3877787807814457e-17","1.3877787807814457e-17","1.0842021724855044e-19","true","true","true","LOWER_QUASI_STEADY_ADMISSIBLE","284.85180602006693","0.9353051929604078","false","false","false","false"
"0.6|0.25|0.33|0.4|30","0.6","0.25","0.33","0.4","30","0.4588321448009254","0.24116785519907458","24.11678551990746","0.36/SN","0.012964313623483239","0.03929790359758428","0.1758587344578293","13.6560830860245","6.3819414912334524","36.9460331012741","13.6560830860245","0.36/SN","false","6.3819414912334524","7.62287455897329","0.018544525175286715","0.03929790359758428","14.596481968962983","36.9460331012741","0.379512803548175","1.3877787807814457e-17","1.3877787807814457e-17","1.0842021724855044e-19","true","true","true","LOWER_QUASI_STEADY_ADMISSIBLE","284.85180602006693","0.9353051929604078","true","false","false","false"
"0.6|0.25|0.33|0.4|35","0.6","0.25","0.33","0.4","35","0.6411881335780456","0.05881186642195435","5.881186642195435","0.36/SN","0.009277220700483573","0.05956492074791597","0.17160208688836742","11.203716614045145","5.304160667799447","67.37909103265665","11.203716614045145","0.36/SN","false","5.304160667799447","6.335525242093784","0.02565194856263961","0.05956492074791597","24.29343826984303","67.37909103265665","0.28750143611255585","1.3877787807814457e-17","1.3877787807814457e-17","8.131516293641283e-20","true","true","true","LOWER_QUASI_STEADY_ADMISSIBLE","332.32710702341143","1.4852300054880552","true","false","false","false"
"0.6|0.3|0.33|0.2|30","0.6","0.3","0.33","0.2","30","0.5811939253725281","0.11880607462747184","11.880607462747184","0.36/SN","0.01023486923391688","0.052873981016460195","0.1744359134246974","12.156193240823718","6.864759341569113","46.213402438991714","12.156193240823718","0.36/SN","false","6.864759341569113","8.19957365798533","0.024017312494995915","0.052873981016460195","17.57455704171117","46.213402438991714","0.3194272241608553","1.3877787807814457e-17","1.3877787807814457e-17","1.6263032587282567e-19","true","true","true","LOWER_QUASI_STEADY_ADMISSIBLE","284.85180602006693","0.7794209941336732","false","false","false","false"
"0.6|0.3|0.33|0.3|30","0.6","0.3","0.33","0.3","30","0.4852165726868943","0.21478342731310568","21.47834273131057","0.36/SN","0.01225935831662771","0.0421827622875813","0.17601117433826602","13.382841205068472","6.864759341569113","36.86896526625159","13.382841205068472","0.36/SN","false","6.864759341569113","8.19957365798533","0.019843760049093963","0.0421827622875813","14.520579393614224","36.86896526625159","0.36704555923594145","2.7755575615628914e-17","2.7755575615628914e-17","1.6263032587282567e-19","true","true","true","LOWER_QUASI_STEADY_ADMISSIBLE","284.85180602006693","0.7794209941336732","false","false","false","false"
"0.6|0.3|0.33|0.3|35","0.6","0.3","0.33","0.3","35","0.6750991547255275","0.02490084527447245","2.490084527447245","0.36/SN","0.008811215040186367","0.06432333592212472","0.17176189790426905","10.743856198214432","5.705440349692446","67.64421181855886","10.743856198214432","0.36/SN","false","5.705440349692446","6.81483152879931","0.027495424011395715","0.06432333592212472","24.207868290097032","67.64421181855886","0.271271499020715","1.3877787807814457e-17","1.3877787807814457e-17","8.131516293641283e-20","true","true","true","LOWER_QUASI_STEADY_ADMISSIBLE","332.32710702341143","1.2376916712400459","false","false","false","false"
"0.6|0.3|0.33|0.4|30","0.6","0.3","0.33","0.4","30","0.4151054672401397","0.28489453275986026","28.489453275986026","0.36/SN","0.014329957794300694","0.03512495499456153","0.17744622122133558","14.232126622677404","6.864759341569113","30.7002357229317","14.232126622677404","0.36/SN","false","6.864759341569113","8.19957365798533","0.016886280917614006","0.03512495499456153","12.356457753997203","30.7002357229317","0.4031152904821293","1.3877787807814457e-17","1.3877787807814457e-17","1.6263032587282567e-19","true","true","true","LOWER_QUASI_STEADY_ADMISSIBLE","284.85180602006693","0.7794209941336732","true","false","false","true"
"0.6|0.3|0.33|0.4|35","0.6","0.3","0.33","0.4","35","0.5767562332026697","0.12324376679733029","12.324376679733028","0.36/SN","0.010313618619609116","0.051835612405225065","0.17297903969588302","12.114342729065795","5.705440349692446","54.51177391559544","12.114342729065795","0.36/SN","false","5.705440349692446","6.81483152879931","0.023178002671914052","0.051835612405225065","20.40666969444311","54.51177391559544","0.31973111053210335","2.7755575615628914e-17","2.7755575615628914e-17","8.131516293641283e-20","true","true","true","LOWER_QUASI_STEADY_ADMISSIBLE","332.32710702341143","1.2376916712400459","true","false","false","false"
"0.7|0.2|0.33|0.2|30","0.7","0.2","0.33","0.2","30","0.6877831338314323","0.012216866168567653","1.2216866168567653","0.36/SN","0.006354161718647987","0.06487635528521195","0.1688186825959156","10.394232731070364","5.159782335945181","75.44080474083921","10.394232731070364","0.36/SN","false","5.159782335945181","6.1630733457123","0.027150396674578567","0.06487635528521195","26.432004117037465","75.44080474083921","0.26196400707612755","6.938893903907228e-18","6.938893903907228e-18","9.486769009248164e-20","true","true","true","LOWER_QUASI_STEADY_ADMISSIBLE","387.71495819397984","1.591317863022915","true","false","false","false"
"0.7|0.2|0.33|0.3|30","0.7","0.2","0.33","0.3","30","0.5762530032209234","0.12374699677907652","12.374699677907653","0.36/SN","0.007583969602407358","0.05075038304910766","0.1699734941893684","11.922311114026076","5.159782335945181","59.01456272163978","11.922311114026076","0.36/SN","false","5.159782335945181","6.1630733457123","0.022380620256315018","0.05075038304910766","21.78843476385242","59.01456272163978","0.31635343099437635","2.7755575615628914e-17","2.7755575615628914e-17","9.486769009248164e-20","true","true","true","LOWER_QUASI_STEADY_ADMISSIBLE","387.71495819397984","1.591317863022915","true","false","false","false"
"0.7|0.2|0.33|0.4|30","0.7","0.2","0.33","0.4","30","0.4943562190329497","0.20564378096705027","20.564378096705028","0.36/SN","0.008840356591998584","0.04181297507153085","0.1710462741167026","12.923329904517173","5.159782335945181","48.621789466091634","12.923329904517173","0.36/SN","false","5.159782335945181","6.1630733457123","0.01901778501194809","0.04181297507153085","18.514579280656054","48.621789466091634","0.3561479440851481","2.0816681711721685e-17","2.0816681711721685e-17","9.486769009248164e-20","true","true","true","LOWER_QUASI_STEADY_ADMISSIBLE","387.71495819397984","1.591317863022915","true","false","false","false"
"0.7|0.25|0.33|0.2|30","0.7","0.25","0.33","0.2","30","0.6030286163783707","0.09697138362162927","9.697138362162928","0.36/SN","0.007247226982311722","0.05412633637569625","0.17027339457583274","11.614705820013649","5.641510315924916","57.565793567273474","11.614705820013649","0.36/SN","false","5.641510315924916","6.738470655132538","0.023871184611643594","0.05412633637569625","21.255135623506614","57.565793567273474","0.3041160723955602","1.3877787807814457e-17","1.3877787807814457e-17","8.131516293641283e-20","true","true","true","LOWER_QUASI_STEADY_ADMISSIBLE","387.71495819397984","1.273054290418332","false","false","false","false"
"0.7|0.25|0.33|0.3|30","0.7","0.25","0.33","0.3","30","0.5030104633150079","0.19698953668499208","19.698953668499207","0.36/SN","0.008688259148570758","0.04289966593060181","0.17157287814714894","12.867321221654715","5.641510315924916","45.62572452575776","12.867321221654715","0.36/SN","false","5.641510315924916","6.738470655132538","0.019669069045251484","0.04289966593060181","17.513530934741112","45.62572452575776","0.35272806802680245","1.3877787807814457e-17","1.3877787807814457e-17","8.131516293641283e-20","true","true","true","LOWER_QUASI_STEADY_ADMISSIBLE","387.71495819397984","1.273054290418332","false","false","false","false"
"0.7|0.25|0.33|0.4|30","0.7","0.25","0.33","0.4","30","0.43008645747913754","0.2699135425208624","26.991354252086243","0.36/SN","0.01016141099940452","0.035578534490020214","0.17277199250931857","13.719345801929835","5.641510315924916","37.83937190321756","13.719345801929835","0.36/SN","false","5.641510315924916","6.738470655132538","0.01670615537784511","0.035578534490020214","14.875323704307073","37.83937190321756","0.3892237064417059","1.3877787807814457e-17","1.3877787807814457e-17","8.131516293641283e-20","true","true","true","LOWER_QUASI_STEADY_ADMISSIBLE","387.71495819397984","1.273054290418332","true","false","false","false"
"0.7|0.25|0.33|0.4|35","0.7","0.25","0.33","0.4","35","0.6079726522191794","0.09202734778082056","9.202734778082055","0.36/SN","0.007188292505873944","0.05427310002428554","0.16899315113918106","11.472005111489553","4.688773340498048","69.45070202756345","11.472005111489553","0.36/SN","false","4.688773340498048","5.6004792678171125","0.023305726174445235","0.05427310002428554","24.968284027087268","69.45070202756345","0.3003227497107851","1.3877787807814457e-17","1.3877787807814457e-17","2.710505431213761e-20","true","true","true","LOWER_QUASI_STEADY_ADMISSIBLE","452.33411789297656","2.021563063025407","true","false","false","false"
"0.7|0.3|0.33|0.2|30","0.7","0.3","0.33","0.2","30","0.5487224976623591","0.1512775023376408","15.12775023376408","0.36/SN","0.007964472530908626","0.04800634949193323","0.17146877077786576","12.346242128593254","6.068311766098486","47.46593584079949","12.346242128593254","0.36/SN","false","6.068311766098486","7.248261276173192","0.021820751037074045","0.04800634949193323","18.062884495185784","47.46593584079949","0.33107680398384903","6.938893903907228e-18","6.938893903907228e-18","1.0842021724855044e-19","true","true","true","LOWER_QUASI_STEADY_ADMISSIBLE","387.71495819397984","1.0608785753486099","false","false","false","false"
"0.7|0.3|0.33|0.3|30","0.7","0.3","0.33","0.3","30","0.455266488825213","0.24473351117478698","24.473351117478696","0.36/SN","0.009599400278726166","0.03818123687509365","0.17289875495661255","13.471751808151891","6.068311766098486","37.75142578046045","13.471751808151891","0.36/SN","false","6.068311766098486","7.248261276173192","0.017927362295448605","0.03818123687509365","14.839996748776342","37.75142578046045","0.37720502397265987","2.7755575615628914e-17","2.7755575615628914e-17","1.0842021724855044e-19","true","true","true","LOWER_QUASI_STEADY_ADMISSIBLE","387.71495819397984","1.0608785753486099","false","false","false","false"
"0.7|0.3|0.33|0.3|35","0.7","0.3","0.33","0.3","35","0.6414518062030604","0.05854819379693954","5.854819379693954","0.36/SN","0.0068131155255332755","0.05861810104348119","0.16911649050564165","11.049838946216045","5.043496659112002","69.73507271497068","11.049838946216045","0.36/SN","false","5.043496659112002","6.024176565050446","0.025037482785805525","0.05861810104348119","24.937000948207626","69.73507271497068","0.2846147561803949","1.3877787807814457e-17","1.3877787807814457e-17","8.131516293641283e-20","true","true","true","LOWER_QUASI_STEADY_ADMISSIBLE","452.33411789297656","1.6846358858545059","false","false","false","false"
"0.7|0.3|0.33|0.4|30","0.7","0.3","0.33","0.4","30","0.3877218488990188","0.31227815110098117","31.227815110098117","0.36/SN","0.011271702309615425","0.03171314375484263","0.17420968915511292","14.249654540027029","6.068311766098486","31.35614481643421","14.249654540027029","0.36/SN","false","6.068311766098486","7.248261276173192","0.015194438735093494","0.03171314375484263","12.577724358564168","31.35614481643421","0.4121527903420868","1.3877787807814457e-17","1.3877787807814457e-17","1.0842021724855044e-19","true","true","true","LOWER_QUASI_STEADY_ADMISSIBLE","387.71495819397984","1.0608785753486099","true","false","true","true"
"0.7|0.3|0.33|0.4|35","0.7","0.3","0.33","0.4","35","0.545353313019996","0.15464668698000394","15.464668698000395","0.36/SN","0.008013676923538174","0.04721046084088866","0.17019404705466618","12.298358621377751","5.043496659112002","56.163964049339825","12.298358621377751","0.36/SN","false","5.043496659112002","6.024176565050446","0.021013066689775175","0.04721046084088866","20.928735865761475","56.163964049339825","0.3310984727889501","1.3877787807814457e-17","1.3877787807814457e-17","8.131516293641283e-20","true","true","true","LOWER_QUASI_STEADY_ADMISSIBLE","452.33411789297656","1.6846358858545059","true","false","false","false"
"0.8|0.2|0.33|0.2|30","0.8","0.2","0.33","0.2","30","0.6649514699011724","0.03504853009882758","3.504853009882758","0.36/SN","0.005031945643300928","0.060832293652604286","0.1668412072497369","10.60089135971326","4.637007772260476","78.71320900066046","10.60089135971326","0.36/SN","false","4.637007772260476","5.538648172422235","0.025369878404312658","0.060832293652604286","27.483108817743414","78.71320900066046","0.2709703302937985","6.938893903907228e-18","6.938893903907228e-18","2.710505431213761e-20","true","true","true","LOWER_QUASI_STEADY_ADMISSIBLE","506.4032107023412","2.0784559843564607","true","false","false","false"
"0.8|0.2|0.33|0.3|30","0.8","0.2","0.33","0.3","30","0.5538727109266953","0.14612728907330463","14.612728907330464","0.36/SN","0.006041098588116924","0.04742594910438715","0.1678650337362042","12.043908463181706","4.637007772260476","61.366231975842915","12.043908463181706","0.36/SN","false","4.637007772260476","5.538648172422235","0.02078789492254958","0.04742594910438715","22.51946064318255","61.366231975842915","0.3243370858032749","6.938893903907228e-18","6.938893903907228e-18","2.710505431213761e-20","true","true","true","LOWER_QUASI_STEADY_ADMISSIBLE","506.4032107023412","2.0784559843564607","true","false","false","false"
"0.8|0.2|0.33|0.4|30","0.8","0.2","0.33","0.4","30","0.4731621249573228","0.22683787504267716","22.683787504267716","0.36/SN","0.007071571191962051","0.03896583721899849","0.16881961010407098","12.98537728850725","4.637007772260476","50.41937274994456","12.98537728850725","0.36/SN","false","4.637007772260476","5.538648172422235","0.017589343766843915","0.03896583721899849","19.054480320043343","50.41937274994456","0.363372427482202","1.3877787807814457e-17","1.3877787807814457e-17","2.710505431213761e-20","true","true","true","LOWER_QUASI_STEADY_ADMISSIBLE","506.4032107023412","2.0784559843564607","true","false","false","false"
"0.8|0.2|0.33|0.4|35","0.8","0.2","0.33","0.4","35","0.6779922498389656","0.0220077501610344","2.20077501610344","0.36/SN","0.004935159144917192","0.06217180497218597","0.16579860180273864","10.362679683055267","3.8539109572987846","96.792799306026","10.362679683055267","0.36/SN","false","3.8539109572987846","4.603282532329104","0.02510574794634144","0.06217180497218597","32.72327662274354","96.792799306026","0.2636452777026469","6.938893903907228e-18","6.938893903907228e-18","3.3881317890172014e-20","true","true","true","LOWER_QUASI_STEADY_ADMISSIBLE","590.8037458193982","3.3005111233067876","true","false","false","false"
"0.8|0.25|0.33|0.2|30","0.8","0.25","0.33","0.2","30","0.5815188598173551","0.11848114018264488","11.84811401826449","0.36/SN","0.005753897049919709","0.050728624551537496","0.16810429324765597","11.737566869611847","5.069928434769813","60.034722624845934","11.737566869611847","0.36/SN","false","5.069928434769813","6.05574785264172","0.02225555960991893","0.050728624551537496","22.050679933984014","60.034722624845934","0.3117125129623858","6.938893903907228e-18","6.938893903907228e-18","5.421010862427522e-20","true","true","true","LOWER_QUASI_STEADY_ADMISSIBLE","506.4032107023412","1.6627647874851688","false","false","false","false"
"0.8|0.25|0.33|0.3|30","0.8","0.25","0.33","0.3","30","0.48209430191300967","0.21790569808699028","21.79056980869903","0.36/SN","0.006940550092997185","0.040016900397574925","0.16926956066627563","12.92526602687007","5.069928434769813","47.357947054799155","12.92526602687007","0.36/SN","false","5.069928434769813","6.05574785264172","0.01822285879418961","0.040016900397574925","18.055103254908662","47.357947054799155","0.35970314284792376","6.938893903907228e-18","6.938893903907228e-18","5.421010862427522e-20","true","true","true","LOWER_QUASI_STEADY_ADMISSIBLE","506.4032107023412","1.6627647874851688","false","false","false","false"
"0.8|0.25|0.33|0.3|35","0.8","0.25","0.33","0.3","35","0.6887551694490455","0.011244830550954488","1.1244830550954488","0.36/SN","0.00485803925748","0.06383924821494812","0.1661614520546577","10.23222038397096","4.213720077064923","90.90197789229819","10.23222038397096","0.36/SN","false","4.213720077064923","5.033054536494214","0.025939511956638017","0.06383924821494812","30.922985358358044","90.90197789229819","0.25880384689290625","6.938893903907228e-18","6.938893903907228e-18","4.0657581468206416e-20","true","true","true","LOWER_QUASI_STEADY_ADMISSIBLE","590.8037458193982","2.6404088986454304","false","false","false","false"
"0.8|0.25|0.33|0.4|30","0.8","0.25","0.33","0.4","30","0.4103879625439884","0.28961203745601155","28.961203745601154","0.36/SN","0.00815325973801462","0.03307354314450673","0.1703493291835026","13.727578603899588","5.069928434769813","39.140840234769534","13.727578603899588","0.36/SN","false","5.069928434769813","6.05574785264172","0.015409167971932518","0.03307354314450673","15.267314637491573","39.140840234769534","0.39562885624613964","1.3877787807814457e-17","1.3877787807814457e-17","5.421010862427522e-20","true","true","true","LOWER_QUASI_STEADY_ADMISSIBLE","506.4032107023412","1.6627647874851688","true","false","false","false"
"0.8|0.25|0.33|0.4|35","0.8","0.25","0.33","0.4","35","0.5851964206621415","0.11480357933785845","11.480357933785845","0.36/SN","0.005717737726744468","0.05077981977477801","0.1670143259542834","11.623450617950539","4.213720077064923","72.30639745317228","11.623450617950539","0.36/SN","false","4.213720077064923","5.033054536494214","0.02168957168374208","0.05077981977477801","25.85655076034603","72.30639745317228","0.3087557533364073","6.938893903907228e-18","6.938893903907228e-18","4.0657581468206416e-20","true","true","true","LOWER_QUASI_STEADY_ADMISSIBLE","590.8037458193982","2.6404088986454304","true","false","false","false"
"0.8|0.3|0.33|0.2|30","0.8","0.3","0.33","0.2","30","0.5281429870934238","0.17185701290657618","17.18570129065762","0.36/SN","0.00633540486903005","0.04494292819046382","0.16915152017870577","12.420859198824195","5.453487568239414","49.446811011955475","12.420859198824195","0.36/SN","false","5.453487568239414","6.513887928730411","0.020322168810414563","0.04494292819046382","18.7189301069619","49.446811011955475","0.337893284890931","2.0816681711721685e-17","2.0816681711721685e-17","8.131516293641283e-20","true","true","true","LOWER_QUASI_STEADY_ADMISSIBLE","506.4032107023412","1.3856373229043073","false","false","false","false"
"0.8|0.3|0.33|0.3|30","0.8","0.3","0.33","0.3","30","0.4353339723058314","0.2646660276941686","26.46660276941686","0.36/SN","0.007686052237671716","0.03554783549248362","0.17044613949750492","13.489830400502129","5.453487568239414","39.1102043024843","13.489830400502129","0.36/SN","false","5.453487568239414","6.513887928730411","0.016585333794372863","0.03554783549248362","15.276898198896792","39.1102043024843","0.38358263068411047","1.3877787807814457e-17","1.3877787807814457e-17","8.131516293641283e-20","true","true","true","LOWER_QUASI_STEADY_ADMISSIBLE","506.4032107023412","1.3856373229043073","true","false","false","false"
"0.8|0.3|0.33|0.3|35","0.8","0.3","0.33","0.3","35","0.6193571568617048","0.08064284313829517","8.064284313829518","0.36/SN","0.005402375051141735","0.054984876581427033","0.16710282936264514","11.21179527812181","4.532503831557083","72.78741987852355","11.21179527812181","0.36/SN","false","4.532503831557083","5.413824021026516","0.02336737481093439","0.054984876581427033","25.89745221142637","72.78741987852355","0.29286625649259523","6.938893903907228e-18","6.938893903907228e-18","4.0657581468206416e-20","true","true","true","LOWER_QUASI_STEADY_ADMISSIBLE","590.8037458193982","2.2003407488711924","true","false","false","false"
"0.8|0.3|0.33|0.4|30","0.8","0.3","0.33","0.4","30","0.36901742601229026","0.3309825739877097","33.09825739877097","0.36/SN","0.009067321530404671","0.0294110304215454","0.17163841329945695","14.222738287791154","5.453487568239414","32.35840924200404","14.222738287791154","0.36/SN","false","5.453487568239414","6.513887928730411","0.013991502031026188","0.0294110304215454","12.88769673421741","32.35840924200404","0.41805664046842833","1.3877787807814457e-17","1.3877787807814457e-17","8.131516293641283e-20","true","true","true","LOWER_QUASI_STEADY_ADMISSIBLE","506.4032107023412","1.3856373229043073","true","false","true","true"
"0.8|0.3|0.33|0.4|35","0.8","0.3","0.33","0.4","35","0.5239322452691669","0.17606775473083303","17.606775473083303","0.36/SN","0.006386321289037603","0.044140860542845724","0.16805809340143996","12.391723285859424","4.532503831557083","58.43241905569228","12.391723285859424","0.36/SN","false","4.532503831557083","5.413824021026516","0.019510546267233336","0.044140860542845724","21.62302970113972","58.43241905569228","0.33854279884662075","1.3877787807814457e-17","1.3877787807814457e-17","4.0657581468206416e-20","true","true","true","LOWER_QUASI_STEADY_ADMISSIBLE","590.8037458193982","2.2003407488711924","true","false","false","false"
"0.9|0.2|0.33|0.2|30","0.9","0.2","0.33","0.2","30","0.6501614458122622","0.04983855418773775","4.983855418773775","0.36/SN","0.0040663020369267324","0.058219456959789306","0.16531281170026585","10.709335474047654","4.220032599519317","82.77583964600767","10.709335474047654","0.36/SN","false","4.220032599519317","5.0405944938702945","0.024139312393704603","0.058219456959789306","28.733887349668354","82.77583964600767","0.2764365743843304","6.938893903907228e-18","6.938893903907228e-18","5.421010862427522e-20","true","true","true","LOWER_QUASI_STEADY_ADMISSIBLE","640.9165635451507","2.6305458552011474","true","false","false","false"
"0.9|0.2|0.33|0.3|30","0.9","0.2","0.33","0.3","30","0.5382869596019336","0.16171304039806633","16.171304039806632","0.36/SN","0.004911419019685526","0.04514060044107081","0.16622410815046013","12.108350770938932","4.220032599519317","64.18045270012257","12.108350770938932","0.36/SN","false","4.220032599519317","5.0405944938702945","0.019649893437990045","0.04514060044107081","23.389971316144138","64.18045270012257","0.32968272236841967","6.938893903907228e-18","6.938893903907228e-18","5.421010862427522e-20","true","true","true","LOWER_QUASI_STEADY_ADMISSIBLE","640.9165635451507","2.6305458552011474","true","false","false","false"
"0.9|0.2|0.33|0.4|30","0.9","0.2","0.33","0.4","30","0.4578794462264758","0.24212055377352415","24.212055377352414","0.36/SN","0.005773905846234428","0.03694675356869496","0.1670758600770184","13.012910650832346","4.220032599519317","52.530523446055916","13.012910650832346","0.36/SN","false","4.220032599519317","5.0405944938702945","0.016550013189314615","0.03694675356869496","19.700072929223595","52.530523446055916","0.36846879005126204","6.938893903907228e-18","6.938893903907228e-18","5.421010862427522e-20","true","true","true","LOWER_QUASI_STEADY_ADMISSIBLE","640.9165635451507","2.6305458552011474","true","false","false","false"
"0.9|0.2|0.33|0.4|35","0.9","0.2","0.33","0.4","35","0.6600646494662199","0.039935350533780056","3.9935350533780056","0.36/SN","0.004005293744446968","0.05915745936529735","0.16443911563859476","10.528165627329741","3.5073544566256527","101.20013833254497","10.528165627329741","0.36/SN","false","3.5073544566256527","4.1893400454139735","0.023834326701967626","0.05915745936529735","34.13567737676317","101.20013833254497","0.27084957474058036","0","0","2.710505431213761e-20","true","true","true","LOWER_QUASI_STEADY_ADMISSIBLE","747.7359908026758","4.177209390435156","true","false","false","false"
"0.9|0.25|0.33|0.2|30","0.9","0.25","0.33","0.2","30","0.5675852150370637","0.13241478496293624","13.241478496293624","0.36/SN","0.004657895839067958","0.048506506744908306","0.1664091793134263","11.7902672568518","4.614023595118683","63.07705941888745","11.7902672568518","0.36/SN","false","4.614023595118683","5.511194849725093","0.021125582987473395","0.048506506744908306","22.999277176919815","63.07705941888745","0.316272058815692","6.938893903907228e-18","6.938893903907228e-18","2.710505431213761e-20","true","true","true","LOWER_QUASI_STEADY_ADMISSIBLE","640.9165635451507","2.1044366841609183","false","false","false","false"
"0.9|0.25|0.33|0.3|30","0.9","0.25","0.33","0.3","30","0.46756765131271694","0.23243234868728302","23.2432348687283","0.36/SN","0.00565426800595631","0.03802466699990697","0.16745597096206805","12.943130396216107","4.614023595118683","49.44664830947258","12.943130396216107","0.36/SN","false","4.614023595118683","5.511194849725093","0.017179455147388976","0.03802466699990697","18.70315488654434","49.44664830947258","0.36433065657154945","1.3877787807814457e-17","1.3877787807814457e-17","2.710505431213761e-20","true","true","true","LOWER_QUASI_STEADY_ADMISSIBLE","640.9165635451507","2.1044366841609183","false","false","false","false"
"0.9|0.25|0.33|0.3|35","0.9","0.25","0.33","0.3","35","0.6727464002226052","0.02725359977739472","2.725359977739472","0.36/SN","0.003929791092992603","0.060987948949754296","0.16473535249090637","10.374740354115207","3.8348083427504225","95.42268113354345","10.374740354115207","0.36/SN","false","3.8348083427504225","4.580465520507449","0.024679764398515908","0.060987948949754296","32.3282831686266","95.42268113354345","0.2651009147755155","6.938893903907228e-18","6.938893903907228e-18","4.0657581468206416e-20","true","true","true","LOWER_QUASI_STEADY_ADMISSIBLE","747.7359908026758","3.341767512348125","false","false","false","false"
"0.9|0.25|0.33|0.4|30","0.9","0.25","0.33","0.4","30","0.3962428534572965","0.30375714654270347","30.375714654270347","0.36/SN","0.006672051718713335","0.03129299724478775","0.16842881574648166","13.713581850169392","4.614023595118683","40.692896253794935","13.713581850169392","0.36/SN","false","4.614023595118683","5.511194849725093","0.014457553970307992","0.03129299724478775","15.739839760188291","40.692896253794935","0.4001058664538234","6.938893903907228e-18","6.938893903907228e-18","2.710505431213761e-20","true","true","true","LOWER_QUASI_STEADY_ADMISSIBLE","640.9165635451507","2.1044366841609183","true","false","false","false"
"0.9|0.25|0.33|0.4|35","0.9","0.25","0.33","0.4","35","0.568830777385023","0.131169222614977","13.116922261497699","0.36/SN","0.004647696496999074","0.04833119870110402","0.16548884995094815","11.715765124984411","3.8348083427504225","75.61973540472636","11.715765124984411","0.36/SN","false","3.8348083427504225","4.580465520507449","0.020527975699376984","0.04833119870110402","26.88981144925564","75.61973540472636","0.3146547895978308","6.938893903907228e-18","6.938893903907228e-18","4.0657581468206416e-20","true","true","true","LOWER_QUASI_STEADY_ADMISSIBLE","747.7359908026758","3.341767512348125","true","false","false","false"
"0.9|0.3|0.33|0.2|30","0.9","0.3","0.33","0.2","30","0.5148681627677573","0.1851318372322427","18.51318372322427","0.36/SN","0.005134815089800289","0.04293170814095565","0.16732417832695579","12.439247018600014","4.963091814664935","51.901165335004826","12.439247018600014","0.36/SN","false","4.963091814664935","5.928137445294228","0.01926637025279956","0.04293170814095565","19.499922628912653","51.901165335004826","0.3419014757152154","1.3877787807814457e-17","1.3877787807814457e-17","5.421010862427522e-20","true","true","true","LOWER_QUASI_STEADY_ADMISSIBLE","640.9165635451507","1.753697236800765","false","false","false","false"
"0.9|0.3|0.33|0.3|30","0.9","0.3","0.33","0.3","30","0.4215397095999815","0.27846029040001846","27.846029040001845","0.36/SN","0.006271657808813339","0.033724535682532225","0.1684963795405241","13.477184385799188","4.963091814664935","40.77039507858754","13.477184385799188","0.36/SN","false","4.963091814664935","5.928137445294228","0.015610267835960735","0.033724535682532225","15.799499907026155","40.77039507858754","0.38775835300357653","1.3877787807814457e-17","1.3877787807814457e-17","5.421010862427522e-20","true","true","true","LOWER_QUASI_STEADY_ADMISSIBLE","640.9165635451507","1.753697236800765","true","false","false","false"
"0.9|0.3|0.33|0.3|35","0.9","0.3","0.33","0.3","35","0.6043391270124449","0.0956608729875551","9.56608729875551","0.36/SN","0.004374617980647792","0.05254047094745184","0.1655470567612985","11.300658581384665","4.124926000995855","76.42387417582859","11.300658581384665","0.36/SN","false","4.124926000995855","4.926994945633938","0.022188626084249742","0.05254047094745184","27.020883515107585","76.42387417582859","0.298203479602845","6.938893903907228e-18","6.938893903907228e-18","1.3552527156068805e-20","true","true","true","LOWER_QUASI_STEADY_ADMISSIBLE","747.7359908026758","2.7848062602901043","true","false","false","false"
"0.9|0.3|0.33|0.4|30","0.9","0.3","0.33","0.4","30","0.35563658607790216","0.3443634139220978","34.436341392209776","0.36/SN","0.007433860617643308","0.027773522893709088","0.16957949560516583","14.180597271145674","4.963091814664935","33.57607386384906","14.180597271145674","0.36/SN","false","4.963091814664935","5.928137445294228","0.013103079986100613","0.027773522893709088","13.26191921865969","33.57607386384906","0.42213712028400235","1.3877787807814457e-17","1.3877787807814457e-17","5.421010862427522e-20","true","true","true","LOWER_QUASI_STEADY_ADMISSIBLE","640.9165635451507","1.753697236800765","true","false","true","true"
"0.9|0.3|0.33|0.4|35","0.9","0.3","0.33","0.4","35","0.5086297485929375","0.19137025140706243","19.137025140706243","0.36/SN","0.005197794306666593","0.04198454929711428","0.1663969214709014","12.441237217378712","4.124926000995855","61.06953087688585","12.441237217378712","0.36/SN","false","4.124926000995855","4.926994945633938","0.018424236255994396","0.04198454929711428","22.436681741256162","61.06953087688585","0.34371328538627066","0","0","1.3552527156068805e-20","true","true","true","LOWER_QUASI_STEADY_ADMISSIBLE","747.7359908026758","2.7848062602901043","true","false","false","false"
"0.9|0.3|0.33|0.4|40","0.9","0.3","0.33","0.4","40","0.6992723532970254","0.0007276467029745382","0.07276467029745382","0.36/SN","0.003780719771019835","0.06445189102874975","0.16421169142597442","9.975980039722467","3.514194749726338","110.04266232046842","9.975980039722467","0.36/SN","false","3.514194749726338","4.19751039550646","0.02542768483470435","0.06445189102874975","36.34680909225429","110.04266232046842","0.25179306380732963","6.938893903907228e-18","6.938893903907228e-18","1.3552527156068805e-20","true","true","true","LOWER_QUASI_STEADY_ADMISSIBLE","854.5554180602009","4.156911968712924","true","false","false","false"
"1|0.2|0.33|0.2|30","1","0.2","0.33","0.2","30","0.6406150593116412","0.059384940688358756","5.938494068835876","0.36/SN","0.003342787132674524","0.05649161295180258","0.16411442422149536","10.762281126969278","3.8789109858789588","87.3826903852009","10.762281126969278","0.36/SN","false","3.8789109858789588","4.633143677577646","0.023271619294611877","0.05649161295180258","30.13714347850185","87.3826903852009","0.27970873154513654","6.938893903907228e-18","6.938893903907228e-18","1.3552527156068805e-20","true","true","true","LOWER_QUASI_STEADY_ADMISSIBLE","791.2550167224081","3.2475874755569714","true","false","false","false"
"1|0.2|0.33|0.3|30","1","0.2","0.33","0.3","30","0.5271189932373317","0.17288100676266827","17.288100676266826","0.36/SN","0.0040625357931284274","0.043508338765032364","0.16492951526985772","12.142117650482536","3.8789109858789588","67.29982552848927","12.142117650482536","0.36/SN","false","3.8789109858789588","4.633143677577646","0.01881313747982442","0.043508338765032364","24.36333356662989","67.29982552848927","0.33338055389837906","6.938893903907228e-18","6.938893903907228e-18","1.3552527156068805e-20","true","true","true","LOWER_QUASI_STEADY_ADMISSIBLE","791.2550167224081","3.2475874755569714","true","false","false","false"
"1|0.2|0.33|0.4|30","1","0.2","0.33","0.4","30","0.446445395934054","0.25355460406594593","25.35546040659459","0.36/SN","0.004796644330454246","0.035454352375966766","0.1656925773815064","13.023822500553962","3.8789109858789588","54.841710735364295","13.023822500553962","0.36/SN","false","3.8789109858789588","4.633143677577646","0.015769744572702644","0.035454352375966766","20.422087899869616","54.841710735364295","0.37223019740394686","6.938893903907228e-18","6.938893903907228e-18","1.3552527156068805e-20","true","true","true","LOWER_QUASI_STEADY_ADMISSIBLE","791.2550167224081","3.2475874755569714","true","false","false","false"
"1|0.2|0.33|0.4|35","1","0.2","0.33","0.4","35","0.6466181792120534","0.05338182078794651","5.338182078794651","0.36/SN","0.0033117531274390794","0.05695869709488381","0.16338323120193243","10.642453410704862","3.2238413832932054","106.00775346465636","10.642453410704862","0.36/SN","false","3.2238413832932054","3.8506994300446618","0.022895490071904143","0.05695869709488381","35.67480218258208","106.00775346465636","0.27614085807818917","3.469446951953614e-18","3.469446951953614e-18","1.0164395367051604e-20","true","true","true","LOWER_QUASI_STEADY_ADMISSIBLE","923.1308528428095","5.157048630166857","true","false","false","false"
"1|0.25|0.33|0.2|30","1","0.25","0.33","0.2","30","0.5585882674585215","0.14141173254147843","14.141173254147843","0.36/SN","0.0038336640814309545","0.047021446869298614","0.16506821071106403","11.804676384176542","4.241054160161985","66.5232441183953","11.804676384176542","0.36/SN","false","4.241054160161985","5.065703580193482","0.020319259173847262","0.047021446869298614","24.06685529721166","66.5232441183953","0.31893463791386906","6.938893903907228e-18","6.938893903907228e-18","4.0657581468206416e-20","true","true","true","LOWER_QUASI_STEADY_ADMISSIBLE","791.2550167224081","2.598069980445577","false","false","false","false"
"1|0.25|0.33|0.3|30","1","0.25","0.33","0.3","30","0.4571903137490963","0.24280968625090366","24.280968625090367","0.36/SN","0.004683913269517981","0.03659655594159758","0.16601157552001694","12.941501957841936","4.241054160161985","51.77470679629301","12.941501957841936","0.36/SN","false","4.241054160161985","5.065703580193482","0.01640550904573313","0.03659655594159758","19.431270052844106","51.77470679629301","0.3674915939074672","6.938893903907228e-18","6.938893903907228e-18","4.0657581468206416e-20","true","true","true","LOWER_QUASI_STEADY_ADMISSIBLE","791.2550167224081","2.598069980445577","false","false","false","false"
"1|0.25|0.33|0.3|35","1","0.25","0.33","0.3","35","0.6615359384454003","0.03846406155459969","3.8464061554599693","0.36/SN","0.003237072474545878","0.05900459292048543","0.16362456330041686","10.461997037993143","3.5248259009016256","100.43831028146805","10.461997037993143","0.36/SN","false","3.5248259009016256","4.21020871496583","0.02377163821826162","0.05900459292048543","33.87713982030634","100.43831028146805","0.26933591109679433","1.734723475976807e-18","1.734723475976807e-18","2.710505431213761e-20","true","true","true","LOWER_QUASI_STEADY_ADMISSIBLE","923.1308528428095","4.125638904133486","false","false","false","false"
"1|0.25|0.33|0.4|30","1","0.25","0.33","0.4","30","0.3857076850456572","0.31429231495434273","31.429231495434273","0.36/SN","0.005551975914120024","0.029975611660939698","0.1668900451648095","13.691443350386978","4.241054160161985","42.40777485349744","13.691443350386978","0.36/SN","false","4.241054160161985","5.065703580193482","0.013738085071814008","0.029975611660939698","16.271877958507737","42.40777485349744","0.40337849793516795","1.3877787807814457e-17","1.3877787807814457e-17","4.0657581468206416e-20","true","true","true","LOWER_QUASI_STEADY_ADMISSIBLE","791.2550167224081","2.598069980445577","true","false","true","false"
"1|0.25|0.33|0.4|35","1","0.25","0.33","0.4","35","0.5566326803521451","0.14336731964785487","14.336731964785487","0.36/SN","0.0038471326834596427","0.04653804374879765","0.16429425502496142","11.775621127616377","3.5248259009016256","79.21760403013415","11.775621127616377","0.36/SN","false","3.5248259009016256","4.21020871496583","0.019665422613309017","0.04653804374879765","28.02534118093281","79.21760403013415","0.31897479961674213","6.938893903907228e-18","6.938893903907228e-18","2.710505431213761e-20","true","true","true","LOWER_QUASI_STEADY_ADMISSIBLE","923.1308528428095","4.125638904133486","true","false","false","false"
"1|0.3|0.33|0.2|30","1","0.3","0.33","0.2","30","0.5063540736652512","0.19364592633474875","19.364592633474874","0.36/SN","0.004229135082815941","0.04158482998816102","0.16586796868210812","12.42831386939471","4.561905840732744","54.69402233187904","12.42831386939471","0.36/SN","false","4.561905840732744","5.448943087541889","0.018507935620928742","0.04158482998816102","20.379661145565006","54.69402233187904","0.3441509106169074","6.938893903907228e-18","6.938893903907228e-18","6.776263578034403e-20","true","true","true","LOWER_QUASI_STEADY_ADMISSIBLE","791.2550167224081","2.165058317037981","false","false","false","false"
"1|0.3|0.33|0.3|30","1","0.3","0.33","0.3","30","0.4117295493552872","0.28827045064471274","28.827045064471275","0.36/SN","0.0052010835282959075","0.03241660586089158","0.1669312692356782","13.451466337478662","4.561905840732744","42.63560931676496","13.451466337478662","0.36/SN","false","4.561905840732744","5.448943087541889","0.01488252413300067","0.03241660586089158","16.387608268870096","42.63560931676496","0.39056082098456146","2.0816681711721685e-17","2.0816681711721685e-17","6.776263578034403e-20","true","true","true","LOWER_QUASI_STEADY_ADMISSIBLE","791.2550167224081","2.165058317037981","true","false","false","false"
"1|0.3|0.33|0.3|35","1","0.3","0.33","0.3","35","0.5939075594076884","0.1060924405923116","10.609244059231159","0.36/SN","0.0036056785998820535","0.05083603962479913","0.16432727669642289","11.349123707162375","3.791492222838064","80.44754408608004","11.349123707162375","0.36/SN","false","3.791492222838064","4.528726821723243","0.021334063439409454","0.05083603962479913","28.264981677068633","80.44754408608004","0.3017374458760178","6.938893903907228e-18","6.938893903907228e-18","4.0657581468206416e-20","true","true","true","LOWER_QUASI_STEADY_ADMISSIBLE","923.1308528428095","3.4380324201112384","true","false","false","false"
"1|0.3|0.33|0.4|30","1","0.3","0.33","0.4","30","0.345713720667535","0.354286279332465","35.428627933246496","0.36/SN","0.006194257413705183","0.026562174197569444","0.16791604143485406","14.13538672372846","4.561905840732744","34.93562794794944","14.13538672372846","0.36/SN","false","4.561905840732744","5.448943087541889","0.012427641050391236","0.026562174197569444","13.68446047323011","34.93562794794944","0.42508363160452345","6.938893903907228e-18","6.938893903907228e-18","6.776263578034403e-20","true","true","true","LOWER_QUASI_STEADY_ADMISSIBLE","791.2550167224081","2.165058317037981","true","false","true","true"
"1|0.3|0.33|0.4|35","1","0.3","0.33","0.4","35","0.4972976101953665","0.20270238980463345","20.270238980463347","0.36/SN","0.004306153364427396","0.040405280207854805","0.1650868802293935","12.46816000215387","3.791492222838064","63.940967565973345","12.46816000215387","0.36/SN","false","3.791492222838064","4.528726821723243","0.017613961140622213","0.040405280207854805","23.336308636854177","63.940967565973345","0.34746666340027277","3.469446951953614e-18","3.469446951953614e-18","4.0657581468206416e-20","true","true","true","LOWER_QUASI_STEADY_ADMISSIBLE","923.1308528428095","3.4380324201112384","true","false","false","false"
"1|0.3|0.33|0.4|40","1","0.3","0.33","0.4","40","0.6864462891969372","0.01355371080306278","1.355371080306278","0.36/SN","0.0031196028166598708","0.06217736603592296","0.163180352039192","10.100298600326905","3.230128748954291","115.49514747246904","10.100298600326905","0.36/SN","false","3.230128748954291","3.8582093390287366","0.024481474078677297","0.06217736603592296","38.07176634667561","115.49514747246904","0.257010478287079","3.469446951953614e-18","3.469446951953614e-18","1.3552527156068805e-20","true","true","true","LOWER_QUASI_STEADY_ADMISSIBLE","1055.0066889632108","5.131990084830768","true","false","false","false"
"1.1|0.2|0.33|0.2|30","1.1","0.2","0.33","0.2","30","0.6346398667960194","0.0653601332039806","6.53601332039806","0.36/SN","0.002788644446216031","0.05534639116330961","0.16316186284745476","10.781547168414516","3.5941455897486856","92.39423910011327","10.781547168414516","0.36/SN","false","3.5941455897486856","4.293007232199819","0.022653994195736084","0.05534639116330961","31.661713531464628","92.39423910011327","0.2815379066740299","3.469446951953614e-18","3.469446951953614e-18","2.0328790734103208e-20","true","true","true","LOWER_QUASI_STEADY_ADMISSIBLE","957.418570234114","3.9295808454239354","true","false","false","false"
"1.1|0.2|0.33|0.3|30","1.1","0.2","0.33","0.3","30","0.5189506747185119","0.1810493252814881","18.104932528148808","0.36/SN","0.0034103143633987254","0.04230977745903653","0.16389470633998654","12.158492888095001","3.5941455897486856","70.63115792478786","12.158492888095001","0.36/SN","false","3.5941455897486856","4.293007232199819","0.01818436629270117","0.04230977745903653","25.41486465195143","70.63115792478786","0.33599206498832346","6.938893903907228e-18","6.938893903907228e-18","2.0328790734103208e-20","true","true","true","LOWER_QUASI_STEADY_ADMISSIBLE","957.418570234114","3.9295808454239354","true","false","false","false"
"1.1|0.2|0.33|0.4|30","1.1","0.2","0.33","0.4","30","0.4376304512764604","0.26236954872353957","26.236954872353955","0.36/SN","0.004044016897649543","0.034314952497781326","0.16458143553693422","13.02664830391529","3.5941455897486856","57.28474538536555","13.02664830391529","0.36/SN","false","3.5941455897486856","4.293007232199819","0.015169049610750693","0.034314952497781326","21.200592671227973","57.28474538536555","0.3751081100608182","6.938893903907228e-18","6.938893903907228e-18","2.0328790734103208e-20","true","true","true","LOWER_QUASI_STEADY_ADMISSIBLE","957.418570234114","3.9295808454239354","true","false","true","false"
"1.1|0.2|0.33|0.4|35","1.1","0.2","0.33","0.4","35","0.6362231278642687","0.06377687213573124","6.377687213573124","0.36/SN","0.0027817048176619653","0.05529519392681298","0.1625495878015475","10.72543938747345","2.9871671023115716","111.06548518967755","10.72543938747345","0.36/SN","false","2.9871671023115716","3.5680051499832666","0.022182567982298285","0.05529519392681298","37.30247079223356","111.06548518967755","0.28017624872277685","1.0408340855860843e-17","1.0408340855860843e-17","1.3552527156068805e-20","true","true","true","LOWER_QUASI_STEADY_ADMISSIBLE","1116.9883319397995","6.240028842501899","true","false","false","false"
"1.1|0.25|0.33|0.2|30","1.1","0.25","0.33","0.2","30","0.5529535641649528","0.14704643583504717","14.704643583504717","0.36/SN","0.0032006031872869028","0.04602630078553848","0.16399462791948327","11.796832713394478","3.9297024760617094","70.2744816930752","11.796832713394478","0.36/SN","false","3.9297024760617094","4.693811290851486","0.019738049582528727","0.04602630078553848","25.23073258739568","70.2744816930752","0.32034439621390787","6.938893903907228e-18","6.938893903907228e-18","4.0657581468206416e-20","true","true","true","LOWER_QUASI_STEADY_ADMISSIBLE","957.418570234114","3.1436646763391485","false","false","false","false"
"1.1|0.25|0.33|0.3|30","1.1","0.25","0.33","0.3","30","0.44962758322525803","0.2503724167747419","25.037241677474192","0.36/SN","0.003936112920815536","0.035545264286888534","0.1648480704341691","12.930280614728057","3.9297024760617094","54.27168774748283","12.930280614728057","0.36/SN","false","3.9297024760617094","4.693811290851486","0.015819277456762086","0.035545264286888534","20.221448809748427","54.27168774748283","0.3696872325601216","1.3877787807814457e-17","1.3877787807814457e-17","4.0657581468206416e-20","true","true","true","LOWER_QUASI_STEADY_ADMISSIBLE","957.418570234114","3.1436646763391485","false","false","false","false"
"1.1|0.25|0.33|0.3|35","1.1","0.25","0.33","0.3","35","0.6535726934240973","0.04642730657590266","4.642730657590266","0.36/SN","0.0027078624270791005","0.05758804010026226","0.1627460423457608","10.515800224549853","3.2660552181985127","105.7937534785954","10.515800224549853","0.36/SN","false","3.2660552181985127","3.9011215106260013","0.023103461264650824","0.05758804010026226","35.53356828551103","105.7937534785954","0.27222806766645685","6.938893903907228e-18","6.938893903907228e-18","1.0164395367051604e-20","true","true","true","LOWER_QUASI_STEADY_ADMISSIBLE","1116.9883319397995","4.992023074001519","false","false","false","false"
"1.1|0.25|0.33|0.4|30","1.1","0.25","0.33","0.4","30","0.37762524020949595","0.322374759790504","32.2374759790504","0.36/SN","0.004686617184026612","0.028969856889409763","0.1656438431823135","13.667398629290375","3.9297024760617094","44.23213777513701","13.667398629290375","0.36/SN","false","3.9297024760617094","4.693811290851486","0.013180940255457428","0.028969856889409763","16.84891799695636","44.23213777513701","0.4058584716787077","6.938893903907228e-18","6.938893903907228e-18","4.0657581468206416e-20","true","true","true","LOWER_QUASI_STEADY_ADMISSIBLE","957.418570234114","3.1436646763391485","true","false","true","false"
"1.1|0.25|0.33|0.4|35","1.1","0.25","0.33","0.4","35","0.5472648257457811","0.1527351742542189","15.27351742542189","0.36/SN","0.00323387299279876","0.04517953465938489","0.16334488138033976","11.816534672095488","3.2660552181985127","82.99835423659181","11.816534672095488","0.36/SN","false","3.2660552181985127","3.9011215106260013","0.01900787966680926","0.04517953465938489","29.23448492701647","82.99835423659181","0.3222548163336955","6.938893903907228e-18","6.938893903907228e-18","1.0164395367051604e-20","true","true","true","LOWER_QUASI_STEADY_ADMISSIBLE","1116.9883319397995","4.992023074001519","true","false","false","false"
"1.1|0.3|0.33|0.2|30","1.1","0.3","0.33","0.2","30","0.5010853117369579","0.19891468826304204","19.891468826304205","0.36/SN","0.0035319034472458062","0.04068200898558251","0.164695160596513","12.40131516109305","4.226999232003001","57.745942337876855","12.40131516109305","0.36/SN","false","4.226999232003001","5.048915749336918","0.017957862307068112","0.04068200898558251","21.340655933218784","57.745942337876855","0.3452371092907174","6.938893903907228e-18","6.938893903907228e-18","9.486769009248164e-20","true","true","true","LOWER_QUASI_STEADY_ADMISSIBLE","957.418570234114","2.6197205636159566","false","false","false","false"
"1.1|0.3|0.33|0.3|30","1.1","0.3","0.33","0.3","30","0.4046210715782476","0.29537892842175234","29.537892842175236","0.36/SN","0.004373931720819318","0.03145412167831384","0.1656623568404823","13.420823516216846","4.226999232003001","44.64744839342072","13.420823516216846","0.36/SN","false","4.226999232003001","5.048915749336918","0.014328283741402638","0.03145412167831384","17.027359281981752","44.64744839342072","0.3924618112827578","1.3877787807814457e-17","1.3877787807814457e-17","9.486769009248164e-20","true","true","true","LOWER_QUASI_STEADY_ADMISSIBLE","957.418570234114","2.6197205636159566","true","false","false","false"
"1.1|0.3|0.33|0.3|35","1.1","0.3","0.33","0.3","35","0.5865774411741885","0.11342255882581143","11.342255882581142","0.36/SN","0.003017137747993364","0.049619244740612925","0.16335750033250157","11.373825559188864","3.513144565804455","84.74330129807949","11.373825559188864","0.36/SN","false","3.513144565804455","4.196256009155321","0.02070246603981294","0.049619244740612925","29.601338900169072","84.74330129807949","0.30409254357837073","6.938893903907228e-18","6.938893903907228e-18","2.0328790734103208e-20","true","true","true","LOWER_QUASI_STEADY_ADMISSIBLE","1116.9883319397995","4.160019228334599","true","false","false","false"
"1.1|0.3|0.33|0.4|30","1.1","0.3","0.33","0.4","30","0.3381383683685911","0.36186163163140883","36.18616316314088","0.36/SN","0.005233907493037966","0.025638237970383226","0.16655952722626471","14.092128925588149","4.226999232003001","36.39211160902102","14.092128925588149","0.36/SN","false","4.226999232003001","5.048915749336918","0.011902151519088801","0.025638237970383226","14.144206926786524","36.39211160902102","0.4272879195505471","1.3877787807814457e-17","1.3877787807814457e-17","9.486769009248164e-20","true","true","true","LOWER_QUASI_STEADY_ADMISSIBLE","957.418570234114","2.6197205636159566","true","false","true","true"
"1.1|0.3|0.33|0.4|35","1.1","0.3","0.33","0.4","35","0.48865684753799554","0.2113431524620044","21.13431524620044","0.36/SN","0.003621733633335387","0.039210518858488454","0.1640398677543447","12.482934889585625","3.513144565804455","66.96653347001084","12.482934889585625","0.36/SN","false","3.513144565804455","4.196256009155321","0.01699431739504128","0.039210518858488454","24.299257277863926","66.96653347001084","0.3502882356147077","6.938893903907228e-18","6.938893903907228e-18","2.0328790734103208e-20","true","true","true","LOWER_QUASI_STEADY_ADMISSIBLE","1116.9883319397995","4.160019228334599","true","false","false","false"
"1.1|0.3|0.33|0.4|40","1.1","0.3","0.33","0.4","40","0.6766738543422469","0.02332614565775304","2.332614565775304","0.36/SN","0.002615417942530527","0.0604775851631808","0.16236799638472582","10.189041122154501","2.9929928888903814","121.23834718284718","10.189041122154501","0.36/SN","false","2.9929928888903814","3.5749637283968445","0.023768254237417085","0.0604775851631808","39.89118107457114","121.23834718284718","0.2609105268050578","3.469446951953614e-18","3.469446951953614e-18","2.0328790734103208e-20","true","true","true","LOWER_QUASI_STEADY_ADMISSIBLE","1276.558093645485","6.20970800264523","true","false","false","false"
"1.2|0.2|0.33|0.2|30","1.2","0.2","0.33","0.2","30","0.6311793840592318","0.06882061594076816","6.882061594076816","0.36/SN","0.002356082904466526","0.05460276959245752","0.16239497546475068","10.779220587229316","3.352469354560541","97.72397087211877","10.779220587229316","0.36/SN","false","3.352469354560541","4.004338395725091","0.0222145249559665","0.05460276959245752","33.28568581468846","97.72397087211877","0.2823763371402262","3.469446951953614e-18","3.469446951953614e-18","1.3552527156068805e-20","true","true","true","LOWER_QUASI_STEADY_ADMISSIBLE","1139.4072240802677","4.676525964802039","false","false","false","false"
"1.2|0.2|0.33|0.3|30","1.2","0.2","0.33","0.3","30","0.5128887806751491","0.18711121932485086","18.711121932485085","0.36/SN","0.0028994803795007688","0.04141133873284248","0.16305732321676158","12.164598448391912","3.352469354560541","74.11493025552961","12.164598448391912","0.36/SN","false","3.352469354560541","4.004338395725091","0.017703839158059093","0.04141133873284248","26.52698759469355","74.11493025552961","0.33785801101851926","6.938893903907228e-18","6.938893903907228e-18","1.3552527156068805e-20","true","true","true","LOWER_QUASI_STEADY_ADMISSIBLE","1139.4072240802677","4.676525964802039","true","false","false","false"
"1.2|0.2|0.33|0.4|30","1.2","0.2","0.33","0.4","30","0.4306614890573708","0.2693385109426292","26.933851094262916","0.36/SN","0.00345308553056055","0.0334218193773553","0.16367828032214782","13.025646094479251","3.352469354560541","59.81588347447203","13.025646094479251","0.36/SN","false","3.352469354560541","4.004338395725091","0.014696811954249107","0.0334218193773553","22.02133361646804","59.81588347447203","0.3773765791929366","3.469446951953614e-18","3.469446951953614e-18","1.3552527156068805e-20","true","true","true","LOWER_QUASI_STEADY_ADMISSIBLE","1139.4072240802677","4.676525964802039","true","false","true","false"
"1.2|0.2|0.33|0.4|35","1.2","0.2","0.33","0.4","35","0.6279778097873504","0.07202219021264955","7.2022190212649555","0.36/SN","0.0023680947531207227","0.05399899334798705","0.16188154300313623","10.788254965514918","2.7863050946000203","116.28086267933709","10.788254965514918","0.36/SN","false","2.7863050946000203","3.3280866407722467","0.021628260178173476","0.05399899334798705","38.99224241317505","116.28086267933709","0.28335009687248003","3.469446951953614e-18","3.469446951953614e-18","1.3552527156068805e-20","true","true","true","LOWER_QUASI_STEADY_ADMISSIBLE","1329.3084280936457","7.426150027440276","true","false","false","false"
"1.2|0.25|0.33|0.2|30","1.2","0.25","0.33","0.2","30","0.549688352612393","0.15031164738760694","15.031164738760694","0.36/SN","0.002705371051371519","0.04537130663727377","0.16312524875000656","11.77539421127328","3.6654628463335954","74.26833969847502","11.77539421127328","0.36/SN","false","3.6654628463335954","4.378191733120684","0.01931864440707654","0.04537130663727377","26.47482648272228","74.26833969847502","0.32089190134980544","3.469446951953614e-18","3.469446951953614e-18","1.3552527156068805e-20","true","true","true","LOWER_QUASI_STEADY_ADMISSIBLE","1139.4072240802677","3.7412207718416313","false","false","false","false"
"1.2|0.25|0.33|0.3|30","1.2","0.25","0.33","0.3","30","0.4440400264695973","0.2559599735304027","25.595997353040268","0.36/SN","0.003349047085365598","0.03475596588178417","0.16390055535462988","12.91445894728457","3.6654628463335954","56.89207721728632","12.91445894728457","0.36/SN","false","3.6654628463335954","4.378191733120684","0.01536798018661098","0.03475596588178417","21.06072249465923","56.89207721728632","0.3712219388651815","1.3877787807814457e-17","1.3877787807814457e-17","1.3552527156068805e-20","true","true","true","LOWER_QUASI_STEADY_ADMISSIBLE","1139.4072240802677","3.7412207718416313","false","false","false","false"
"1.2|0.25|0.33|0.3|35","1.2","0.25","0.33","0.3","35","0.6478787872347025","0.052121212765297464","5.212121276529746","0.36/SN","0.0022953536768521216","0.056558395669406916","0.16204139842612575","10.548300275671883","3.0464403168705996","111.39242483668053","10.548300275671883","0.36/SN","false","3.0464403168705996","3.638803711817661","0.02260439964908186","0.056558395669406916","37.272248968533354","111.39242483668053","0.27420821053738587","3.469446951953614e-18","3.469446951953614e-18","1.3552527156068805e-20","true","true","true","LOWER_QUASI_STEADY_ADMISSIBLE","1329.3084280936457","5.940920021952221","false","false","false","false"
"1.2|0.25|0.33|0.4|30","1.2","0.25","0.33","0.4","30","0.37126875409089455","0.3287312459091054","32.87312459091054","0.36/SN","0.004005483736639984","0.028182175628999023","0.1646240211850521","13.644184555605307","3.6654628463335954","46.13143301756028","13.644184555605307","0.36/SN","false","3.6654628463335954","4.378191733120684","0.012740858576110656","0.028182175628999023","17.460439404323537","46.13143301756028","0.40779497083262817","6.938893903907228e-18","6.938893903907228e-18","1.3552527156068805e-20","true","true","true","LOWER_QUASI_STEADY_ADMISSIBLE","1139.4072240802677","3.7412207718416313","true","false","true","false"
"1.2|0.25|0.33|0.4|35","1.2","0.25","0.33","0.4","35","0.5398860437029811","0.16011395629701886","16.011395629701887","0.36/SN","0.002754490459197355","0.044121496409480876","0.16258005941479325","11.845856300531239","3.0464403168705996","86.89780560967078","11.845856300531239","0.36/SN","false","3.0464403168705996","3.638803711817661","0.01849546210463878","0.044121496409480876","30.497048320421598","86.89780560967078","0.32482066785226177","5.204170427930421e-18","5.204170427930421e-18","1.3552527156068805e-20","true","true","true","LOWER_QUASI_STEADY_ADMISSIBLE","1329.3084280936457","5.940920021952221","true","false","false","false"
"1.2|0.3|0.33|0.2|30","1.2","0.3","0.33","0.2","30","0.4981074386643421","0.20189256133565786","20.189256133565785","0.36/SN","0.0029855224816985357","0.040089025934512273","0.1637408050236055","12.365177908909322","3.942768881555484","61.00640510081817","12.365177908909322","0.36/SN","false","3.942768881555484","4.709418386302384","0.0175586464861288","0.040089025934512273","22.370464943865436","61.00640510081817","0.3455217818603351","3.469446951953614e-18","3.469446951953614e-18","4.0657581468206416e-20","true","true","true","LOWER_QUASI_STEADY_ADMISSIBLE","1139.4072240802677","3.1176839765346926","false","false","false","false"
"1.2|0.3|0.33|0.3|30","1.2","0.3","0.33","0.3","30","0.3994082973685319","0.30059170263146806","30.059170263146807","0.36/SN","0.0037232850850404805","0.030732537078747638","0.16462347491234025","13.389093783359263","3.942768881555484","46.767951156127374","13.389093783359263","0.36/SN","false","3.942768881555484","4.709418386302384","0.013899599212015348","0.030732537078747638","17.708682565698307","46.767951156127374","0.39374746604064387","6.938893903907228e-18","6.938893903907228e-18","4.0657581468206416e-20","true","true","true","LOWER_QUASI_STEADY_ADMISSIBLE","1139.4072240802677","3.1176839765346926","true","false","false","false"
"1.2|0.3|0.33|0.3|35","1.2","0.3","0.33","0.3","35","0.5814138836050603","0.11858611639493966","11.858611639493965","0.36/SN","0.0025577493045278303","0.048737591664104955","0.1625763958520839","11.383880418797892","3.2769149721127104","89.23806460443359","11.383880418797892","0.36/SN","false","3.2769149721127104","3.9140928833568487","0.020229173482248695","0.048737591664104955","31.009749771036894","89.23806460443359","0.3056454592929807","6.938893903907228e-18","6.938893903907228e-18","2.0328790734103208e-20","true","true","true","LOWER_QUASI_STEADY_ADMISSIBLE","1329.3084280936457","4.9507666849601835","true","false","false","false"
"1.2|0.3|0.33|0.4|30","1.2","0.3","0.33","0.4","30","0.3322134311114454","0.36778656888855454","36.77865688885545","0.36/SN","0.004476372166707482","0.02491582293852137","0.1654430451580986","14.052722221957723","3.942768881555484","37.916231491649114","14.052722221957723","0.36/SN","false","3.942768881555484","4.709418386302384","0.011485498914842532","0.02491582293852137","14.633015764641472","37.916231491649114","0.42898640579186076","1.3877787807814457e-17","1.3877787807814457e-17","4.0657581468206416e-20","true","true","true","LOWER_QUASI_STEADY_ADMISSIBLE","1139.4072240802677","3.1176839765346926","true","false","true","true"
"1.2|0.3|0.33|0.4|35","1.2","0.3","0.33","0.4","35","0.4819041772906127","0.21809582270938727","21.809582270938726","0.36/SN","0.0030859059259344505","0.03828251895605489","0.16319251436562476","12.490999540956988","3.2769149721127104","70.09492638383567","12.490999540956988","0.36/SN","false","3.2769149721127104","3.9140928833568487","0.01651053201567438","0.03828251895605489","25.309361593148136","70.09492638383567","0.35247159295698943","3.469446951953614e-18","3.469446951953614e-18","2.0328790734103208e-20","true","true","true","LOWER_QUASI_STEADY_ADMISSIBLE","1329.3084280936457","4.9507666849601835","true","false","false","false"
"1.2|0.3|0.33|0.4|40","1.2","0.3","0.33","0.4","40","0.6690387265315951","0.030961273468404826","3.0961273468404826","0.36/SN","0.002222757663286685","0.05916919781491857","0.16171835610928798","10.254915829436941","2.7917391457490264","127.16631760889697","10.254915829436941","0.36/SN","false","2.7917391457490264","3.3345773129780034","0.02321819411365377","0.05916919781491857","41.77715842416924","127.16631760889697","0.26391637656613676","3.469446951953614e-18","3.469446951953614e-18","6.776263578034403e-21","true","true","true","LOWER_QUASI_STEADY_ADMISSIBLE","1519.2096321070233","7.390065722156306","true","false","false","false"
"1.3|0.2|0.33|0.2|30","1.3","0.2","0.33","0.2","30","0.6295360068042041","0.07046399319579588","7.046399319579589","0.36/SN","0.0020127905550491585","0.054145836398521933","0.16177027443785763","10.76244380393357","3.1445255772185594","103.31447794375859","10.76244380393357","0.36/SN","false","3.1445255772185594","3.7559611061221685","0.02190533535059745","0.054145836398521933","34.992910839612314","103.31447794375859","0.2825124652351119","3.469446951953614e-18","3.469446951953614e-18","3.3881317890172014e-20","true","true","true","LOWER_QUASI_STEADY_ADMISSIBLE","1337.22097826087","5.488422833691283","false","false","false","false"
"1.3|0.2|0.33|0.3|30","1.3","0.2","0.33","0.3","30","0.5083457492040159","0.19165425079598408","19.165425079598407","0.36/SN","0.0024926423217720784","0.04072729921078798","0.16237191099800513","12.164461178721716","3.1445255772185594","77.7108626608393","12.164461178721716","0.36/SN","false","3.1445255772185594","3.7559611061221685","0.01733167509823682","0.04072729921078798","27.686668645188703","77.7108626608393","0.33919643652309905","3.469446951953614e-18","3.469446951953614e-18","3.3881317890172014e-20","true","true","true","LOWER_QUASI_STEADY_ADMISSIBLE","1337.22097826087","5.488422833691283","true","false","false","false"
"1.3|0.2|0.33|0.4|30","1.3","0.2","0.33","0.4","30","0.42503096540999924","0.2749690345900007","27.496903459000073","0.36/SN","0.0029812513244453945","0.03270601745401695","0.16293602173162358","13.023000427760662","3.1445255772185594","62.40563159854444","13.023000427760662","0.36/SN","false","3.1445255772185594","3.7559611061221685","0.014318821855344076","0.03270601745401695","22.87375420156175","62.40563159854444","0.3792107048071471","3.469446951953614e-18","3.469446951953614e-18","3.3881317890172014e-20","true","true","true","LOWER_QUASI_STEADY_ADMISSIBLE","1337.22097826087","5.488422833691283","true","false","true","false"
"1.3|0.2|0.33|0.4|35","1.3","0.2","0.33","0.4","35","0.6212886546857047","0.07871134531429524","7.871134531429524","0.36/SN","0.0020395095242804217","0.05296364586514744","0.16133894972798946","10.837530386284202","2.6134788149473356","121.59343836016069","10.837530386284202","0.36/SN","false","2.6134788149473356","3.121655251187095","0.02118831539751884","0.05296364586514744","40.72515449512512","121.59343836016069","0.2859127923521444","3.469446951953614e-18","3.469446951953614e-18","1.3552527156068805e-20","true","true","true","LOWER_QUASI_STEADY_ADMISSIBLE","1560.0911413043482","8.715412184981993","true","false","false","false"
"1.3|0.25|0.33|0.2|30","1.3","0.25","0.33","0.2","30","0.5481381760955767","0.15186182390442327","15.186182390442326","0.36/SN","0.0023116874244824017","0.04496056653138558","0.1624136476045011","11.745308107311553","3.4381050066753676","78.4628156105021","11.745308107311553","0.36/SN","false","3.4381050066753676","4.106625424640023","0.01901858808361867","0.04496056653138558","27.787177232438914","78.4628156105021","0.3208272797093007","3.469446951953614e-18","3.469446951953614e-18","2.0328790734103208e-20","true","true","true","LOWER_QUASI_STEADY_ADMISSIBLE","1337.22097826087","4.390738266953026","false","false","false","false"
"1.3|0.25|0.33|0.3|30","1.3","0.25","0.33","0.3","30","0.4398762665398011","0.26012373346019885","26.012373346019885","0.36/SN","0.0028806376359571386","0.034154588612226616","0.1631209373253984","12.896634871317177","3.4381050066753676","59.60479138230968","12.896634871317177","0.36/SN","false","3.4381050066753676","4.106625424640023","0.015016118981381027","0.034154588612226616","21.939355205785255","59.60479138230968","0.37229026803473597","3.469446951953614e-18","3.469446951953614e-18","2.0328790734103208e-20","true","true","true","LOWER_QUASI_STEADY_ADMISSIBLE","1337.22097826087","4.390738266953026","false","false","false","false"
"1.3|0.25|0.33|0.3|35","1.3","0.25","0.33","0.3","35","0.643810572800601","0.0561894271993989","5.61894271993989","0.36/SN","0.001968162969189564","0.05580179593084999","0.1614689347788134","10.566713884796341","2.857478617317639","117.17000209765074","10.566713884796341","0.36/SN","false","2.857478617317639","3.413099459573847","0.022227590452035494","0.05580179593084999","39.07461364424016","117.17000209765074","0.27554960853991917","3.469446951953614e-18","3.469446951953614e-18","1.3552527156068805e-20","true","true","true","LOWER_QUASI_STEADY_ADMISSIBLE","1560.0911413043482","6.972329747985594","false","false","false","false"
"1.3|0.25|0.33|0.4|30","1.3","0.25","0.33","0.4","30","0.3661617862236137","0.33383821377638623","33.383821377638625","0.36/SN","0.0034605580817902077","0.027551922599099225","0.16378115414541355","13.622923154631433","3.4381050066753676","48.082165982024755","13.622923154631433","0.36/SN","false","3.4381050066753676","4.106625424640023","0.012387319829396773","0.027551922599099225","18.098538651816703","48.082165982024755","0.40934652144384354","6.938893903907228e-18","6.938893903907228e-18","2.0328790734103208e-20","true","true","true","LOWER_QUASI_STEADY_ADMISSIBLE","1337.22097826087","4.390738266953026","true","false","true","false"
"1.3|0.25|0.33|0.4|35","1.3","0.25","0.33","0.4","35","0.533944019056498","0.16605598094350194","16.605598094350192","0.36/SN","0.0023731404104833454","0.04327803080521543","0.1619561681229575","11.867813731774206","2.857478617317639","90.87318563211062","11.867813731774206","0.36/SN","false","2.857478617317639","3.413099459573847","0.018088454590855087","0.04327803080521543","31.798290331299473","90.87318563211062","0.3268800542143714","3.469446951953614e-18","3.469446951953614e-18","1.3552527156068805e-20","true","true","true","LOWER_QUASI_STEADY_ADMISSIBLE","1560.0911413043482","6.972329747985594","true","false","false","false"
"1.3|0.3|0.33|0.2|30","1.3","0.3","0.33","0.2","30","0.4967918331092177","0.20320816689078225","20.320816689078224","0.36/SN","0.0025506138469073678","0.03971958001775707","0.16295652796385318","12.32369479460961","3.6982105671590384","64.44129553434747","12.32369479460961","0.36/SN","false","3.6982105671590384","4.417307066328852","0.017271521819770194","0.03971958001775707","23.45979787290304","64.44129553434747","0.3452366944193726","6.938893903907228e-18","6.938893903907228e-18","2.710505431213761e-20","true","true","true","LOWER_QUASI_STEADY_ADMISSIBLE","1337.22097826087","3.6589485557941885","false","false","false","false"
"1.3|0.3|0.33|0.3|30","1.3","0.3","0.33","0.3","30","0.39556217234998114","0.3044378276500188","30.44378276500188","0.36/SN","0.003203350110631288","0.030184215726124404","0.16376488709662523","13.358067137050083","3.6982105671590384","48.97106075165194","13.358067137050083","0.36/SN","false","3.6982105671590384","4.417307066328852","0.013564040903441566","0.030184215726124404","18.423950202829445","48.97106075165194","0.3946003261560389","6.938893903907228e-18","6.938893903907228e-18","2.710505431213761e-20","true","true","true","LOWER_QUASI_STEADY_ADMISSIBLE","1337.22097826087","3.6589485557941885","true","false","false","false"
"1.3|0.3|0.33|0.3|35","1.3","0.3","0.33","0.3","35","0.5778022873696618","0.12219771263033818","12.219771263033818","0.36/SN","0.0021930064249610598","0.04809375150405048","0.16193966990600772","11.384591840195723","3.0736576100722046","93.88245069284868","11.384591840195723","0.36/SN","false","3.0736576100722046","3.6713132564751336","0.01987112024673286","0.04809375150405048","32.475224300218926","93.88245069284868","0.3066361632932263","3.469446951953614e-18","3.469446951953614e-18","1.3552527156068805e-20","true","true","true","LOWER_QUASI_STEADY_ADMISSIBLE","1560.0911413043482","5.810274789987995","true","false","false","false"
"1.3|0.3|0.33|0.4|30","1.3","0.3","0.33","0.4","30","0.32748217018882175","0.3725178298111782","37.25178298111782","0.36/SN","0.003869291961233365","0.024339130483673508","0.16451583899868133","14.017670851500782","3.6982105671590384","39.48795782448505","14.017670851500782","0.36/SN","false","3.6982105671590384","4.417307066328852","0.011149800006923298","0.024339130483673508","15.144702199102097","39.48795782448505","0.43032890719534667","6.938893903907228e-18","6.938893903907228e-18","2.710505431213761e-20","true","true","true","LOWER_QUASI_STEADY_ADMISSIBLE","1337.22097826087","3.6589485557941885","true","false","true","true"
"1.3|0.3|0.33|0.4|35","1.3","0.3","0.33","0.4","35","0.4765129580927311","0.22348704190726887","22.348704190726888","0.36/SN","0.0026591598550238754","0.03754553573969244","0.1624987340124333","12.495319827274088","3.0736576100722046","73.29157733767967","12.495319827274088","0.36/SN","false","3.0736576100722046","3.6713132564751336","0.016126037230963706","0.03754553573969244","26.35466293025589","73.29157733767967","0.35420377880058096","3.469446951953614e-18","3.469446951953614e-18","1.3552527156068805e-20","true","true","true","LOWER_QUASI_STEADY_ADMISSIBLE","1560.0911413043482","5.810274789987995","true","false","false","false"
"1.3|0.3|0.33|0.4|40","1.3","0.3","0.33","0.4","40","0.6629391217561841","0.037060878243815876","3.7060878243815876","0.36/SN","0.001911373287493038","0.05813670529777459","0.16119169818859402","10.305499289081943","2.6185758079452635","133.20990392115428","10.305499289081943","0.36/SN","false","2.6185758079452635","3.1277433261568426","0.022785416645927946","0.05813670529777459","43.709628834393726","133.20990392115428","0.26629485898520355","3.469446951953614e-18","3.469446951953614e-18","1.3552527156068805e-20","true","true","true","LOWER_QUASI_STEADY_ADMISSIBLE","1782.9613043478262","8.673063243364","true","false","false","false"
"1.4|0.2|0.33|0.2|30","1.4","0.2","0.33","0.2","30","0.6292321470908593","0.07076785290914067","7.076785290914067","0.36/SN","0.0017363564782603106","0.05389923578188369","0.16125584483889815","10.735660905701447","2.963516740721494","109.12555689244013","10.735660905701447","0.36/SN","false","2.963516740721494","3.539756106972896","0.021693423134706295","0.05389923578188369","36.771047178034976","109.12555689244013","0.28213877075637095","3.469446951953614e-18","3.469446951953614e-18","6.776263578034403e-21","true","true","true","LOWER_QUASI_STEADY_ADMISSIBLE","1550.8598327759194","6.36527145209166","false","false","false","false"
"1.4|0.2|0.33|0.3|30","1.4","0.2","0.33","0.3","30","0.5049211377352523","0.1950788622647477","19.507886226474767","0.36/SN","0.0021638454667028246","0.04020031283995042","0.16180495020310504","12.160463736315462","2.963516740721494","81.39042163162533","12.160463736315462","0.36/SN","false","2.963516740721494","3.539756106972896","0.01704035422272212","0.04020031283995042","28.88394630774927","81.39042163162533","0.3401528879179455","3.469446951953614e-18","3.469446951953614e-18","6.776263578034403e-21","true","true","true","LOWER_QUASI_STEADY_ADMISSIBLE","1550.8598327759194","6.36527145209166","true","false","true","false"
"1.4|0.2|0.33|0.4|30","1.4","0.2","0.33","0.4","30","0.4203936882374663","0.27960631176253364","27.960631176253365","0.36/SN","0.0025989241644220435","0.03212122404350443","0.1623197125453945","13.019848850189009","2.963516740721494","65.03332396027074","13.019848850189009","0.36/SN","false","2.963516740721494","3.539756106972896","0.01401143606707721","0.03212122404350443","23.749833000318343","65.03332396027074","0.3807271106580981","6.938893903907228e-18","6.938893903907228e-18","6.776263578034403e-21","true","true","true","LOWER_QUASI_STEADY_ADMISSIBLE","1550.8598327759194","6.36527145209166","true","false","true","false"
"1.4|0.2|0.33|0.4|35","1.4","0.2","0.33","0.4","35","0.615751073513343","0.08424892648665694","8.424892648665693","0.36/SN","0.0017743717582120995","0.052118672007384376","0.16089285759612915","10.877418558874478","2.463038709473051","126.96188283261236","10.877418558874478","0.36/SN","false","2.463038709473051","2.9419629029817","0.02083265367236267","0.052118672007384376","42.4872529519294","126.96188283261236","0.28803047031893936","5.204170427930421e-18","5.204170427930421e-18","6.776263578034403e-21","true","true","true","LOWER_QUASI_STEADY_ADMISSIBLE","1809.3364715719063","10.107815315127036","true","false","false","false"
"1.4|0.25|0.33|0.2|30","1.4","0.25","0.33","0.2","30","0.5478555866165516","0.1521444133834483","15.21444133834483","0.36/SN","0.001994268821238757","0.04472994254067997","0.1618253473008079","11.709540476012792","3.2401968098008767","82.82819563067616","11.709540476012792","0.36/SN","false","3.2401968098008767","3.8702350783732693","0.01880841291740812","0.04472994254067997","29.15855890383843","82.82819563067616","0.32031785974208815","3.469446951953614e-18","3.469446951953614e-18","2.0328790734103208e-20","true","true","true","LOWER_QUASI_STEADY_ADMISSIBLE","1550.8598327759194","5.092217161673328","false","false","false","false"
"1.4|0.25|0.33|0.3|30","1.4","0.25","0.33","0.3","30","0.4367610277836938","0.26323897221630616","26.323897221630617","0.36/SN","0.002501531147307298","0.03369137695643886","0.16247322478432674","12.878184782788788","3.2401968098008767","62.387649147477546","12.878184782788788","0.36/SN","false","3.2401968098008767","3.8702350783732693","0.014739022317536415","0.03369137695643886","22.84980940806029","62.387649147477546","0.3730218599651841","3.469446951953614e-18","3.469446951953614e-18","2.0328790734103208e-20","true","true","true","LOWER_QUASI_STEADY_ADMISSIBLE","1550.8598327759194","5.092217161673328","false","false","false","false"
"1.4|0.25|0.33|0.3|35","1.4","0.25","0.33","0.3","35","0.6409293322734235","0.05907066772657643","5.907066772657643","0.36/SN","0.0017046673633354043","0.05524286995290397","0.16099840261068216","10.575553265777819","2.6929931115920303","123.08134703006151","10.575553265777819","0.36/SN","false","2.6929931115920303","3.2166306610682587","0.021940967221270785","0.05524286995290397","40.92661458493482","123.08134703006151","0.2764334771407063","3.469446951953614e-18","3.469446951953614e-18","6.776263578034403e-21","true","true","true","LOWER_QUASI_STEADY_ADMISSIBLE","1809.3364715719063","8.086252252101628","false","false","false","false"
"1.4|0.25|0.33|0.4|30","1.4","0.25","0.33","0.4","30","0.36198078119485183","0.3380192188051481","33.80192188051481","0.36/SN","0.00301831304779337","0.027038225438783113","0.16307800472721895","13.603977928843584","3.2401968098008767","50.06774654613289","13.603977928843584","0.36/SN","false","3.2401968098008767","3.8702350783732693","0.012099077806998766","0.027038225438783113","18.757120787739172","50.06774654613289","0.41061819175733205","6.938893903907228e-18","6.938893903907228e-18","2.0328790734103208e-20","true","true","true","LOWER_QUASI_STEADY_ADMISSIBLE","1550.8598327759194","5.092217161673328","true","false","true","false"
"1.4|0.25|0.33|0.4|35","1.4","0.25","0.33","0.4","35","0.5290631689871844","0.17093683101281554","17.093683101281552","0.36/SN","0.002065105603594424","0.04259183491088673","0.16144144086593432","11.88496059550476","2.6929931115920303","94.89478764921348","11.88496059550476","0.36/SN","false","2.6929931115920303","3.2166306610682587","0.01775964583247141","0.04259183491088673","33.12717132387219","94.89478764921348","0.32857108434091514","3.469446951953614e-18","3.469446951953614e-18","6.776263578034403e-21","true","true","true","LOWER_QUASI_STEADY_ADMISSIBLE","1809.3364715719063","8.086252252101628","true","false","false","false"
"1.4|0.3|0.33|0.2|30","1.4","0.3","0.33","0.2","30","0.49670899844185745","0.2032910015581425","20.32910015581425","0.36/SN","0.0021996205391047485","0.0395157631179619","0.16230602610300193","12.279026298504004","3.4853298716632417","68.02643865518158","12.279026298504004","0.36/SN","false","3.4853298716632417","4.163032902264428","0.017069442871524034","0.0395157631179619","24.60145274697108","68.02643865518158","0.34453689094526274","3.469446951953614e-18","3.469446951953614e-18","2.0328790734103208e-20","true","true","true","LOWER_QUASI_STEADY_ADMISSIBLE","1550.8598327759194","4.243514301394439","false","false","false","false"
"1.4|0.3|0.33|0.3|30","1.4","0.3","0.33","0.3","30","0.39272282274867243","0.3072771772513275","30.727717725132752","0.36/SN","0.00278204181586376","0.029763613003872817","0.16304893540404164","13.328532240016882","3.4853298716632417","51.2380992901586","13.328532240016882","0.36/SN","false","3.4853298716632417","4.163032902264428","0.013298946576989877","0.029763613003872817","19.167198851235725","51.2380992901586","0.3951417369622197","3.469446951953614e-18","3.469446951953614e-18","2.0328790734103208e-20","true","true","true","LOWER_QUASI_STEADY_ADMISSIBLE","1550.8598327759194","4.243514301394439","true","false","false","false"
"1.4|0.3|0.33|0.3|35","1.4","0.3","0.33","0.3","35","0.5753241337147869","0.1246758662852131","12.46758662852131","0.36/SN","0.0018990535089781113","0.04762288897964618","0.16141487117998765","11.379198220034148","2.896728157877499","98.64140447588412","11.379198220034148","0.36/SN","false","2.896728157877499","3.4599808552425686","0.019598649561550156","0.04762288897964618","33.986285557368184","98.64140447588412","0.3072242408051967","3.469446951953614e-18","3.469446951953614e-18","1.0164395367051604e-20","true","true","true","LOWER_QUASI_STEADY_ADMISSIBLE","1809.3364715719063","6.738543543418023","true","false","false","false"
"1.4|0.3|0.33|0.4|30","1.4","0.3","0.33","0.4","30","0.3236346118035614","0.37636538819643856","37.63653881964385","0.36/SN","0.0033759408761693983","0.02387048320241108","0.16373921615196907","13.986873294955798","3.4853298716632417","41.09306851523892","13.986873294955798","0.36/SN","false","3.4853298716632417","4.163032902264428","0.010875535958286277","0.02387048320241108","15.674441514556376","41.09306851523892","0.4314142709455456","6.938893903907228e-18","6.938893903907228e-18","2.0328790734103208e-20","true","true","true","LOWER_QUASI_STEADY_ADMISSIBLE","1550.8598327759194","4.243514301394439","true","false","true","true"
"1.4|0.3|0.33|0.4|35","1.4","0.3","0.33","0.4","35","0.4721255829300937","0.22787441706990624","22.787441706990624","0.36/SN","0.0023141540184079203","0.03694884942578647","0.1619245694556497","12.497572002986324","2.896728157877499","76.53224067706738","12.497572002986324","0.36/SN","false","2.896728157877499","3.4599808552425686","0.01581561908416932","0.03694884942578647","27.426080800774606","76.53224067706738","0.3556090126086615","6.938893903907228e-18","6.938893903907228e-18","1.0164395367051604e-20","true","true","true","LOWER_QUASI_STEADY_ADMISSIBLE","1809.3364715719063","6.738543543418023","true","false","false","false"
"1.4|0.3|0.33|0.4|40","1.4","0.3","0.33","0.4","40","0.6579659830860481","0.04203401691395181","4.203401691395181","0.36/SN","0.0016605285729307572","0.05730402311765758","0.16075943419137234","10.345541107371476","2.4678423034352472","139.32176226468795","10.345541107371476","0.36/SN","false","2.4678423034352472","2.9477005291032126","0.022438764123169447","0.05730402311765758","45.67376618138897","139.32176226468795","0.2682219074473168","3.469446951953614e-18","3.469446951953614e-18","3.3881317890172014e-21","true","true","true","LOWER_QUASI_STEADY_ADMISSIBLE","2067.8131103678925","10.0587005662683","true","false","false","false"
"1.5|0.2|0.33|0.2|30","1.5","0.2","0.33","0.2","30","0.6299309143679692","0.07006908563203074","7.006908563203074","0.36/SN","0.001510881575120775","0.05381033318835235","0.16082801225796356","10.701767906961122","2.8043796447829115","115.12777869813236","10.701767906961122","0.36/SN","false","2.8043796447829115","3.349675686824033","0.021555381054405468","0.05381033318835235","38.61039050292601","115.12777869813236","0.2813884397254304","1.734723475976807e-18","1.734723475976807e-18","6.776263578034403e-21","true","true","true","LOWER_QUASI_STEADY_ADMISSIBLE","1780.3237876254182","7.3070718200031815","false","false","false","false"
"1.5|0.2|0.33|0.3|30","1.5","0.2","0.33","0.3","30","0.5023339085976167","0.19766609140238323","19.766609140238323","0.36/SN","0.0018946581065462697","0.0397907056258415","0.1613313998408924","12.15406942150509","2.8043796447829115","85.13263680229369","12.15406942150509","0.36/SN","false","2.8043796447829115","3.349675686824033","0.016810363667908557","0.0397907056258415","30.111029077887526","85.13263680229369","0.34082790186125755","6.938893903907228e-18","6.938893903907228e-18","6.776263578034403e-21","true","true","true","LOWER_QUASI_STEADY_ADMISSIBLE","1780.3237876254182","7.3070718200031815","true","true","true","false"
"1.5|0.2|0.33|0.4|30","1.5","0.2","0.33","0.4","30","0.41650786612781615","0.2834921338721838","28.34921338721838","0.36/SN","0.002285073319180671","0.0316352886803928","0.16180312747548475","13.016783879509195","2.8043796447829115","67.68403573156381","13.016783879509195","0.36/SN","false","2.8043796447829115","3.349675686824033","0.013757875828871068","0.0316352886803928","24.643357354840788","67.68403573156381","0.38200617057713016","1.734723475976807e-18","1.734723475976807e-18","6.776263578034403e-21","true","true","true","LOWER_QUASI_STEADY_ADMISSIBLE","1780.3237876254182","7.3070718200031815","true","true","true","false"
"1.5|0.2|0.33|0.4|35","1.5","0.2","0.33","0.4","35","0.6110812629135914","0.08891873708640852","8.891873708640851","0.36/SN","0.001557486818659219","0.051415748628303726","0.1605220594726544","10.91063108443507","2.3307766500002813","132.3569513920543","10.91063108443507","0.36/SN","false","2.3307766500002813","2.783983220833669","0.02054025925832634","0.051415748628303726","44.26806692931617","132.3569513920543","0.2898172973692225","1.734723475976807e-18","1.734723475976807e-18","6.776263578034403e-21","true","true","true","LOWER_QUASI_STEADY_ADMISSIBLE","2077.044418896321","11.603359417875422","true","true","true","false"
"1.5|0.25|0.33|0.2|30","1.5","0.25","0.33","0.2","30","0.5485252666602041","0.1514747333397959","15.147473333979589","0.36/SN","0.0017351087907261896","0.044634998591336475","0.16133446421965053","11.669946562831406","3.0662023445441573","87.34256955498915","11.669946562831406","0.36/SN","false","3.0662023445441573","3.662408355983299","0.018667079865408283","0.044634998591336475","30.58164691260344","87.34256955498915","0.31947961621961185","3.469446951953614e-18","3.469446951953614e-18","1.3552527156068805e-20","true","true","true","LOWER_QUASI_STEADY_ADMISSIBLE","1780.3237876254182","5.845657456002546","false","false","false","false"
"1.5|0.25|0.33|0.3|30","1.5","0.25","0.33","0.3","30","0.4344312400723562","0.2655687599276438","26.55687599276438","0.36/SN","0.0021907978163794796","0.03333179140477943","0.16193025612542689","12.859846472064746","3.0662023445441573","65.22425005138028","12.859846472064746","0.36/SN","false","3.0662023445441573","3.662408355983299","0.014519075381966895","0.03333179140477943","23.78611116629907","65.22425005138028","0.37350608884606923","3.469446951953614e-18","3.469446951953614e-18","1.3552527156068805e-20","true","true","true","LOWER_QUASI_STEADY_ADMISSIBLE","1780.3237876254182","5.845657456002546","false","false","false","false"
"1.5|0.25|0.33|0.3|35","1.5","0.25","0.33","0.3","35","0.638927329214901","0.061072670785098926","6.107267078509892","0.36/SN","0.0014896076104414515","0.05482991323271702","0.16060753948235057","10.577762624963356","2.5483827919428728","129.09343150347127","10.577762624963356","0.36/SN","false","2.5483827919428728","3.0439016681539868","0.021721974625052994","0.05482991323271702","42.817364671756756","129.09343150347127","0.2769843062200049","1.734723475976807e-18","1.734723475976807e-18","1.3552527156068805e-20","true","true","true","LOWER_QUASI_STEADY_ADMISSIBLE","2077.044418896321","9.28268753430034","false","false","false","false"
"1.5|0.25|0.33|0.4|30","1.5","0.25","0.33","0.4","30","0.35849943830778336","0.3415005616922166","34.150056169221656","0.36/SN","0.00265481869821073","0.02661264608692212","0.1624862934746567","13.587364738773458","3.0662023445441573","52.076105416086364","13.587364738773458","0.36/SN","false","3.0662023445441573","3.662408355983299","0.01186094942025081","0.02661264608692212","19.431393117384367","52.076105416086364","0.41168202936016846","3.469446951953614e-18","3.469446951953614e-18","1.3552527156068805e-20","true","true","true","LOWER_QUASI_STEADY_ADMISSIBLE","1780.3237876254182","5.845657456002546","true","true","true","false"
"1.5|0.25|0.33|0.4|35","1.5","0.25","0.33","0.4","35","0.5249805837597302","0.17501941624026973","17.501941624026973","0.36/SN","0.0018129261187174472","0.0420233882055516","0.16101232606142962","11.898893785587802","2.5483827919428728","98.94130898642554","11.898893785587802","0.36/SN","false","2.5483827919428728","3.0439016681539868","0.01748988537774379","0.0420233882055516","34.47526356201399","98.94130898642554","0.3299887779638172","3.469446951953614e-18","3.469446951953614e-18","1.3552527156068805e-20","true","true","true","LOWER_QUASI_STEADY_ADMISSIBLE","2077.044418896321","9.28268753430034","true","true","true","false"
"1.5|0.3|0.33|0.2|30","1.5","0.3","0.33","0.2","30","0.49755638072638453","0.20244361927361543","20.244361927361542","0.36/SN","0.00191285058133127","0.03943734696885617","0.16176177082915844","12.232442386030225","3.298172071424378","71.74400749532343","12.232442386030225","0.36/SN","false","3.298172071424378","3.939483307534674","0.016933002000302042","0.03943734696885617","25.789679526626102","71.74400749532343","0.3435298161338063","3.469446951953614e-18","3.469446951953614e-18","1.3552527156068805e-20","true","true","true","LOWER_QUASI_STEADY_ADMISSIBLE","1780.3237876254182","4.8713812133354555","false","false","false","false"
"1.5|0.3|0.33|0.3|30","1.5","0.3","0.33","0.3","30","0.39063808954907925","0.3093619104509207","30.93619104509207","0.36/SN","0.0024364009490630343","0.02943904330083573","0.16244691385345805","13.30078705526223","3.298172071424378","53.555198449282706","13.30078705526223","0.36/SN","false","3.298172071424378","3.939483307534674","0.013088048685015598","0.02943904330083573","19.933652710217103","53.555198449282706","0.3954551527470829","3.469446951953614e-18","3.469446951953614e-18","1.3552527156068805e-20","true","true","true","LOWER_QUASI_STEADY_ADMISSIBLE","1780.3237876254182","4.8713812133354555","true","true","true","false"
"1.5|0.3|0.33|0.3|35","1.5","0.3","0.33","0.3","35","0.5736860423641575","0.1263139576358424","12.63139576358424","0.36/SN","0.001659010228304293","0.04728030238322917","0.1609779496215168","11.369764723828762","2.7411775242556633","103.489034106394","11.369764723828762","0.36/SN","false","2.7411775242556633","3.274184265083153","0.01939077305000604","0.04728030238322917","35.53393116593011","103.489034106394","0.30751954069184567","3.469446951953614e-18","3.469446951953614e-18","1.0164395367051604e-20","true","true","true","LOWER_QUASI_STEADY_ADMISSIBLE","2077.044418896321","7.735572945250285","true","true","true","false"
"1.5|0.3|0.33|0.4|30","1.5","0.3","0.33","0.4","30","0.3204541058292714","0.37954589417072854","37.95458941707285","0.36/SN","0.0029700072328753763","0.02348362173042463","0.1630834417358114","13.959982000538679","3.298172071424378","42.721158063077254","13.959982000538679","0.36/SN","false","3.298172071424378","3.939483307534674","0.010648682054192046","0.02348362173042463","16.218393971349485","42.721158063077254","0.4323099572626711","3.469446951953614e-18","3.469446951953614e-18","1.3552527156068805e-20","true","true","true","LOWER_QUASI_STEADY_ADMISSIBLE","1780.3237876254182","4.8713812133354555","true","true","true","true"
"1.5|0.3|0.33|0.4|35","1.5","0.3","0.33","0.4","35","0.46849205438662567","0.2315079456133743","23.150794561337428","0.36/SN","0.0020315200721250856","0.0364573730926917","0.16144470620970608","12.498733311701438","2.7411775242556633","79.79936965795305","12.498733311701438","0.36/SN","false","2.7411775242556633","3.274184265083153","0.015561425601437112","0.0364573730926917","28.516584910730867","79.79936965795305","0.3567726294755913","1.734723475976807e-18","1.734723475976807e-18","1.0164395367051604e-20","true","true","true","LOWER_QUASI_STEADY_ADMISSIBLE","2077.044418896321","7.735572945250285","true","true","true","false"
"1.5|0.3|0.33|0.4|40","1.5","0.3","0.33","0.4","40","0.6538332918562606","0.046166708143739354","4.6166708143739354","0.36/SN","0.0014556478294573921","0.05661921991871899","0.16040067767000277","10.378145775128377","2.3353222970500447","145.46828073428617","10.378145775128377","0.36/SN","false","2.3353222970500447","2.7894127436986644","0.02215648972413901","0.05661921991871899","47.65839642955156","145.46828073428617","0.2698176875992456","1.734723475976807e-18","1.734723475976807e-18","3.3881317890172014e-21","true","true","true","LOWER_QUASI_STEADY_ADMISSIBLE","2373.7650501672238","11.546977690869223","true","true","true","false"
