segment,atom,element,atom_class,area_square_angstrom,native_xtb_charge_electron,native_xtb_raw_sigma,tm_nist_raw_sigma,nist_hsieh_averaged_sigma,pre_probability_partition,left_bin,right_bin,left_weight,right_weight
1,1,C,NHB,0.241185721000,0.000003447000,0.000014291890854,-0.000014291890854,-0.000873091982409,NHB,-0.001,0.000,0.873091982408822,0.126908017591178
2,1,C,NHB,0.241185721000,0.000186350000,0.000772641096775,-0.000772641096775,-0.000801420948142,NHB,-0.001,0.000,0.801420948141858,0.198579051858142
3,1,C,NHB,0.241185721000,0.000064940000,0.000269253087333,-0.000269253087333,-0.000362769935035,NHB,-0.001,0.000,0.362769935035073,0.637230064964927
4,1,C,NHB,0.241185721000,0.000090413000,0.000374868792502,-0.000374868792502,-0.000462446508500,NHB,-0.001,0.000,0.462446508500447,0.537553491499553
5,1,C,NHB,0.617017436000,0.000010744000,0.000017412798040,-0.000017412798040,-0.000120917918086,NHB,-0.001,0.000,0.120917918085818,0.879082081914182
6,1,C,NHB,0.617017436000,0.000419082000,0.000679206089729,-0.000679206089729,-0.000753656210479,NHB,-0.001,0.000,0.753656210479103,0.246343789520897
7,1,C,NHB,0.617017436000,0.000280535000,0.000454663002424,-0.000454663002424,-0.000658521651932,NHB,-0.001,0.000,0.658521651931579,0.341478348068421
8,1,C,NHB,0.617017436000,0.000077199000,0.000125116399466,-0.000125116399466,-0.000255107244397,NHB,-0.001,0.000,0.255107244397131,0.744892755602869
9,1,C,NHB,0.617017436000,0.000424463000,0.000687927075046,-0.000687927075046,-0.000668884440874,NHB,-0.001,0.000,0.668884440873612,0.331115559126388
10,1,C,NHB,0.617017436000,0.000203107000,0.000329175462717,-0.000329175462717,-0.000744486426033,NHB,-0.001,0.000,0.744486426032745,0.255513573967255
11,1,C,NHB,0.517349488000,0.000036869000,0.000071265171524,-0.000071265171524,-0.000076775540897,NHB,-0.001,0.000,0.076775540897171,0.923224459102829
12,1,C,NHB,0.517349488000,-0.000120234000,-0.000232403825245,0.000232403825245,0.000041100553991,NHB,0.000,0.001,0.958899446009467,0.041100553990533
13,1,C,NHB,0.517349488000,0.000157341000,0.000304129033950,-0.000304129033950,-0.000731407129314,NHB,-0.001,0.000,0.731407129314158,0.268592870685842
14,1,C,NHB,0.517349488000,-0.000059067000,-0.000114172336825,0.000114172336825,-0.000595317912568,NHB,-0.001,0.000,0.595317912567633,0.404682087432367
15,1,C,NHB,0.517349488000,0.000109035000,0.000210756949662,-0.000210756949662,-0.000168348505152,NHB,-0.001,0.000,0.168348505152011,0.831651494847989
16,1,C,NHB,0.517349488000,-0.000006139000,-0.000011866253166,0.000011866253166,-0.000068804459260,NHB,-0.001,0.000,0.068804459260062,0.931195540739937
17,1,C,NHB,0.517349488000,0.000191169000,0.000369516167377,-0.000369516167377,-0.000748606392512,NHB,-0.001,0.000,0.748606392511650,0.251393607488350
18,1,C,NHB,0.517349488000,-0.000045998000,-0.000088910883391,0.000088910883391,-0.000724557081300,NHB,-0.001,0.000,0.724557081300338,0.275442918699662
19,1,C,NHB,0.517349488000,0.000365064000,0.000705642913481,-0.000705642913481,-0.000774560930228,NHB,-0.001,0.000,0.774560930228103,0.225439069771897
20,1,C,NHB,0.517349488000,0.000424364000,0.000820265622839,-0.000820265622839,-0.000929076854775,NHB,-0.001,0.000,0.929076854774967,0.070923145225033
21,1,C,NHB,0.517349488000,0.000359708000,0.000695290143981,-0.000695290143981,-0.000724775129931,NHB,-0.001,0.000,0.724775129930504,0.275224870069496
22,1,C,NHB,0.517349488000,0.000429121000,0.000829460567669,-0.000829460567669,-0.000918923401423,NHB,-0.001,0.000,0.918923401422872,0.081076598577128
23,1,C,NHB,0.517349488000,-0.000157749000,-0.000304917669117,0.000304917669117,-0.000881472324061,NHB,-0.001,0.000,0.881472324060728,0.118527675939272
24,1,C,NHB,0.517349488000,0.000234252000,0.000452792561766,-0.000452792561766,-0.000707123579321,NHB,-0.001,0.000,0.707123579321387,0.292876420678613
25,1,C,NHB,0.517349488000,-0.000221251000,-0.000427662547527,0.000427662547527,-0.000921595150374,NHB,-0.001,0.000,0.921595150374474,0.078404849625526
26,1,C,NHB,0.517349488000,0.000223892000,0.000432767413892,-0.000432767413892,-0.000729699675665,NHB,-0.001,0.000,0.729699675665064,0.270300324334936
27,1,C,NHB,0.626409493000,-0.000063922000,-0.000102045069103,0.000102045069103,-0.000533227557559,NHB,-0.001,0.000,0.533227557558782,0.466772442441218
28,1,C,NHB,0.626409493000,0.000226827000,0.000362106581293,-0.000362106581293,-0.000497765470664,NHB,-0.001,0.000,0.497765470664462,0.502234529335538
29,1,C,NHB,0.626409493000,-0.000126326000,-0.000201666803284,0.000201666803284,-0.000578760324660,NHB,-0.001,0.000,0.578760324660104,0.421239675339896
30,1,C,NHB,0.626409493000,0.000129539000,0.000206796035896,-0.000206796035896,-0.000447435075395,NHB,-0.001,0.000,0.447435075395041,0.552564924604959
31,1,C,NHB,0.626409493000,0.000205992000,0.000328845591106,-0.000328845591106,-0.000324598131894,NHB,-0.001,0.000,0.324598131894013,0.675401868105987
32,1,C,NHB,0.626409493000,0.000367703000,0.000587001001915,-0.000587001001915,-0.000573659824065,NHB,-0.001,0.000,0.573659824064761,0.426340175935239
33,1,C,NHB,0.626409493000,-0.000015034000,-0.000024000274849,0.000024000274849,-0.000113573258320,NHB,-0.001,0.000,0.113573258319670,0.886426741680330
34,1,C,NHB,0.626409493000,0.000219855000,0.000350976481769,-0.000350976481769,-0.000471836103260,NHB,-0.001,0.000,0.471836103260203,0.528163896739797
35,1,C,NHB,0.626409493000,0.000375373000,0.000599245388511,-0.000599245388511,-0.000558343793077,NHB,-0.001,0.000,0.558343793077172,0.441656206922828
36,1,C,NHB,0.626409493000,-0.000137720000,-0.000219856182799,0.000219856182799,-0.000193121045141,NHB,-0.001,0.000,0.193121045141310,0.806878954858690
37,1,C,NHB,0.626409493000,-0.000162825000,-0.000259933800205,0.000259933800205,0.000229558380705,NHB,0.000,0.001,0.770441619294991,0.229558380705009
38,1,C,NHB,0.626409493000,-0.000005756000,-0.000009188877347,0.000009188877347,-0.001109518708581,NHB,-0.002,-0.001,0.109518708581163,0.890481291418837
39,1,C,NHB,0.626409493000,-0.000234158000,-0.000373809788352,0.000373809788352,-0.001080880180514,NHB,-0.002,-0.001,0.080880180514117,0.919119819485883
40,1,C,NHB,0.626409493000,-0.000423143000,-0.000675505407770,0.000675505407770,0.000216766555572,NHB,0.000,0.001,0.783233444428025,0.216766555571975
41,1,C,NHB,0.626409493000,0.000185442000,0.000296039574866,-0.000296039574866,-0.001034118167190,NHB,-0.002,-0.001,0.034118167189694,0.965881832810306
42,1,C,NHB,0.626409493000,-0.000257333000,-0.000410806354111,0.000410806354111,-0.001147830997958,NHB,-0.002,-0.001,0.147830997958047,0.852169002041953
43,1,C,NHB,0.604526425000,-0.000199815000,-0.000330531456917,0.000330531456917,0.000073204620347,NHB,0.000,0.001,0.926795379652915,0.073204620347085
44,1,C,NHB,0.604526425000,-0.000000007000,-0.000000011579312,0.000000011579312,0.000323233606487,NHB,0.000,0.001,0.676766393512816,0.323233606487184
45,1,C,NHB,0.604526425000,0.000193025000,0.000319299524417,-0.000319299524417,-0.000882770781708,NHB,-0.001,0.000,0.882770781708258,0.117229218291742
46,1,C,NHB,0.604526425000,-0.000177144000,-0.000293029374192,0.000293029374192,-0.000649300596853,NHB,-0.001,0.000,0.649300596852513,0.350699403147487
47,1,C,NHB,0.604526425000,-0.000051692000,-0.000085508255491,0.000085508255491,-0.000014076382673,NHB,-0.001,0.000,0.014076382672520,0.985923617327480
48,1,C,NHB,0.604526425000,-0.000133071000,-0.000220124372562,0.000220124372562,0.000264107073542,NHB,0.000,0.001,0.735892926458144,0.264107073541856
49,1,C,NHB,0.604526425000,0.000291805000,0.000482700156573,-0.000482700156573,-0.000810128892028,NHB,-0.001,0.000,0.810128892028193,0.189871107971807
50,1,C,NHB,0.604526425000,-0.000301019000,-0.000497941839350,0.000497941839350,-0.000802576119333,NHB,-0.001,0.000,0.802576119333287,0.197423880666713
51,1,C,NHB,0.604526425000,0.000422372000,0.000698682443865,-0.000698682443865,-0.000805669195369,NHB,-0.001,0.000,0.805669195369145,0.194330804630855
52,1,C,NHB,0.604526425000,0.000452029000,0.000747740679822,-0.000747740679822,-0.000949954114387,NHB,-0.001,0.000,0.949954114387456,0.050045885612544
53,1,C,NHB,0.604526425000,-0.000000057000,-0.000000094288682,0.000000094288682,-0.000185647189124,NHB,-0.001,0.000,0.185647189123981,0.814352810876019
54,1,C,NHB,0.604526425000,0.000402305000,0.000665487865150,-0.000665487865150,-0.000710312663265,NHB,-0.001,0.000,0.710312663264826,0.289687336735174
55,1,C,NHB,0.604526425000,0.000418745000,0.000692682706136,-0.000692682706136,-0.001003437218393,NHB,-0.002,-0.001,0.003437218393119,0.996562781606881
56,1,C,NHB,0.604526425000,0.000010466000,0.000017312725411,-0.000017312725411,-0.000613168225817,NHB,-0.001,0.000,0.613168225817081,0.386831774182919
57,1,C,NHB,0.604526425000,0.000367745000,0.000608319148332,-0.000608319148332,-0.000567310362242,NHB,-0.001,0.000,0.567310362241628,0.432689637758372
58,1,C,NHB,0.604526425000,-0.000111007000,-0.000183626381593,0.000183626381593,-0.000735434126348,NHB,-0.001,0.000,0.735434126347577,0.264565873652423
59,1,C,NHB,0.604526425000,0.000330256000,0.000546305316596,-0.000546305316596,-0.000552528033285,NHB,-0.001,0.000,0.552528033285178,0.447471966714822
60,1,C,NHB,0.610796623000,0.000207591000,0.000339869266108,-0.000339869266108,-0.000521635065117,NHB,-0.001,0.000,0.521635065116618,0.478364934883382
61,1,C,NHB,0.610796623000,0.000647763000,0.001060521580520,-0.001060521580520,-0.001024483193893,NHB,-0.002,-0.001,0.024483193893097,0.975516806106903
62,1,C,NHB,0.610796623000,-0.000434627000,-0.000711574006197,0.000711574006197,-0.000850192922794,NHB,-0.001,0.000,0.850192922794132,0.149807077205868
63,1,C,NHB,0.610796623000,0.000223818000,0.000366436210634,-0.000366436210634,-0.000501084237063,NHB,-0.001,0.000,0.501084237062786,0.498915762937214
64,1,C,NHB,0.610796623000,0.000288218000,0.000471872288004,-0.000471872288004,-0.000400661964179,NHB,-0.001,0.000,0.400661964178657,0.599338035821343
65,1,C,NHB,0.610796623000,-0.000281290000,-0.000460529723656,0.000460529723656,-0.000013753108709,NHB,-0.001,0.000,0.013753108708876,0.986246891291124
66,1,C,NHB,0.610796623000,0.000308479000,0.000505043722221,-0.000505043722221,-0.000452226648150,NHB,-0.001,0.000,0.452226648149872,0.547773351850128
67,1,C,NHB,0.610796623000,-0.000188734000,-0.000308996469353,0.000308996469353,-0.000153907699215,NHB,-0.001,0.000,0.153907699214773,0.846092300785227
68,1,C,NHB,0.610796623000,0.000230412000,0.000377231948121,-0.000377231948121,-0.000632082111626,NHB,-0.001,0.000,0.632082111625535,0.367917888374465
69,1,C,NHB,0.610796623000,0.000192223000,0.000314708681682,-0.000314708681682,-0.000697283138403,NHB,-0.001,0.000,0.697283138403212,0.302716861596788
70,1,C,NHB,0.610796623000,-0.000518730000,-0.000849267956742,0.000849267956742,0.000305186723440,NHB,0.000,0.001,0.694813276560342,0.305186723439658
71,1,C,NHB,0.610796623000,-0.000359763000,-0.000589006203461,0.000589006203461,-0.001101411740920,NHB,-0.002,-0.001,0.101411740919979,0.898588259080021
72,1,C,NHB,0.610796623000,-0.000481022000,-0.000787532186471,0.000787532186471,0.000266154540259,NHB,0.000,0.001,0.733845459740585,0.266154540259415
73,1,C,NHB,0.610796623000,-0.000285799000,-0.000467911886278,0.000467911886278,-0.001114615377701,NHB,-0.002,-0.001,0.114615377701139,0.885384622298861
74,1,C,NHB,0.610796623000,0.000187735000,0.000307360900389,-0.000307360900389,-0.001057496307003,NHB,-0.002,-0.001,0.057496307002643,0.942503692997357
75,1,C,NHB,0.610796623000,0.000271617000,0.000444693028370,-0.000444693028370,-0.001014295803578,NHB,-0.002,-0.001,0.014295803577873,0.985704196422127
76,2,C,NHB,0.241185721000,-0.000164622000,-0.000682552844826,0.000682552844826,0.000445763706122,NHB,0.000,0.001,0.554236293878151,0.445763706121849
77,2,C,NHB,0.241185721000,-0.000155894000,-0.000646364964533,0.000646364964533,0.000377909767424,NHB,0.000,0.001,0.622090232575668,0.377909767424332
78,2,C,NHB,0.517349488000,-0.000303395000,-0.000586441094535,0.000586441094535,0.000506154938383,NHB,0.000,0.001,0.493845061616647,0.506154938383353
79,2,C,NHB,0.517349488000,-0.000379565000,-0.000733672321717,0.000733672321717,0.000561349281802,NHB,0.000,0.001,0.438650718198356,0.561349281801644
80,2,C,NHB,0.517349488000,-0.000117665000,-0.000227438129793,0.000227438129793,0.000243723276478,NHB,0.000,0.001,0.756276723522020,0.243723276477980
81,2,C,NHB,0.517349488000,-0.000268793000,-0.000519557873806,0.000519557873806,0.000370763601816,NHB,0.000,0.001,0.629236398184054,0.370763601815946
82,2,C,NHB,0.517349488000,-0.000279035000,-0.000539354936020,0.000539354936020,0.000453329572033,NHB,0.000,0.001,0.546670427966891,0.453329572033109
83,2,C,NHB,0.517349488000,-0.000407113000,-0.000786920658941,0.000786920658941,0.000519737173084,NHB,0.000,0.001,0.480262826916018,0.519737173083982
84,2,C,NHB,0.517349488000,-0.000050738000,-0.000098072968422,0.000098072968422,0.000150097582254,NHB,0.000,0.001,0.849902417746061,0.150097582253939
85,2,C,NHB,0.517349488000,-0.000231117000,-0.000446732828312,0.000446732828312,0.000297240810343,NHB,0.000,0.001,0.702759189657420,0.297240810342580
86,2,C,NHB,0.626409493000,0.000071727000,0.000114504969675,-0.000114504969675,0.000234411646953,NHB,0.000,0.001,0.765588353047064,0.234411646952936
87,2,C,NHB,0.626409493000,0.000004228000,0.000006749578426,-0.000006749578426,0.000029318616568,NHB,0.000,0.001,0.970681383431675,0.029318616568325
88,2,C,NHB,0.626409493000,0.000152579000,0.000243577087680,-0.000243577087680,0.000171374739997,NHB,0.000,0.001,0.828625260002669,0.171374739997331
89,2,C,NHB,0.626409493000,0.000103198000,0.000164745268316,-0.000164745268316,-0.000101652303675,NHB,-0.001,0.000,0.101652303674540,0.898347696325460
90,2,C,NHB,0.626409493000,0.000205978000,0.000328823241509,-0.000328823241509,-0.000214420758905,NHB,-0.001,0.000,0.214420758904828,0.785579241095172
91,2,C,NHB,0.604526425000,-0.000030037000,-0.000049686827172,0.000049686827172,0.000460388027980,NHB,0.000,0.001,0.539611972019811,0.460388027980189
92,2,C,NHB,0.604526425000,-0.000267824000,-0.000443031088343,0.000443031088343,0.000642677313586,NHB,0.000,0.001,0.357322686414499,0.642677313585501
93,2,C,NHB,0.604526425000,0.000070682000,0.000116921274368,-0.000116921274368,-0.000156438835246,NHB,-0.001,0.000,0.156438835246440,0.843561164753560
94,2,C,NHB,0.604526425000,-0.000031624000,-0.000052312022589,0.000052312022589,0.000300375464015,NHB,0.000,0.001,0.699624535984687,0.300375464015313
95,2,C,NHB,0.604526425000,-0.000020019000,-0.000033115177719,0.000033115177719,0.000414302073091,NHB,0.000,0.001,0.585697926909089,0.414302073090911
96,2,C,NHB,0.604526425000,-0.000338566000,-0.000560051613956,0.000560051613956,0.000639881279989,NHB,0.000,0.001,0.360118720010653,0.639881279989347
97,2,C,NHB,0.604526425000,0.000000004000,0.000000006616750,-0.000000006616750,-0.000243157510499,NHB,-0.001,0.000,0.243157510499076,0.756842489500924
98,2,C,NHB,0.604526425000,-0.000048162000,-0.000079668973941,0.000079668973941,0.000246688591902,NHB,0.000,0.001,0.753311408098182,0.246688591901818
99,2,C,NHB,0.610796623000,-0.000043611000,-0.000071400198295,0.000071400198295,0.000318055471277,NHB,0.000,0.001,0.681944528723324,0.318055471276676
100,2,C,NHB,0.610796623000,-0.000064214000,-0.000105131557022,0.000105131557022,0.000486218725566,NHB,0.000,0.001,0.513781274434456,0.486218725565544
101,2,C,NHB,0.610796623000,0.000089467000,0.000146475924442,-0.000146475924442,0.000274524077748,NHB,0.000,0.001,0.725475922251530,0.274524077748470
102,2,C,NHB,0.610796623000,-0.000302141000,-0.000494667109513,0.000494667109513,0.000515755583098,NHB,0.000,0.001,0.484244416902151,0.515755583097849
103,2,C,NHB,0.610796623000,0.000030542000,0.000050003550855,-0.000050003550855,-0.000086117935009,NHB,-0.001,0.000,0.086117935008818,0.913882064991182
104,2,C,NHB,0.610796623000,-0.000128165000,-0.000209832528822,0.000209832528822,0.000632708119449,NHB,0.000,0.001,0.367291880551395,0.632708119448605
105,2,C,NHB,0.610796623000,0.000087070000,0.000142551541252,-0.000142551541252,-0.000007170504415,NHB,-0.001,0.000,0.007170504415230,0.992829495584770
106,2,C,NHB,0.610796623000,-0.000124733000,-0.000204213637245,0.000204213637245,0.000571998703454,NHB,0.000,0.001,0.428001296546064,0.571998703453936
107,2,C,NHB,0.610796623000,0.000155049000,0.000253847179505,-0.000253847179505,-0.000160464778085,NHB,-0.001,0.000,0.160464778085368,0.839535221914632
108,3,C,NHB,0.241185721000,-0.000084354000,-0.000349747073128,0.000349747073128,-0.000573974843614,NHB,-0.001,0.000,0.573974843614394,0.426025156385606
109,3,C,NHB,0.241185721000,-0.000225620000,-0.000935461681001,0.000935461681001,0.000606759320352,NHB,0.000,0.001,0.393240679648355,0.606759320351645
110,3,C,NHB,0.241185721000,-0.000208041000,-0.000862575939974,0.000862575939974,0.000558191361061,NHB,0.000,0.001,0.441808638939006,0.558191361060994
111,3,C,NHB,0.617017436000,-0.000151959000,-0.000246279912258,0.000246279912258,0.000113766990091,NHB,0.000,0.001,0.886233009908590,0.113766990091410
112,3,C,NHB,0.617017436000,-0.000058208000,-0.000094337690645,0.000094337690645,0.000065458723060,NHB,0.000,0.001,0.934541276940132,0.065458723059868
113,3,C,NHB,0.617017436000,-0.000087828000,-0.000142342817035,0.000142342817035,0.000041507522905,NHB,0.000,0.001,0.958492477095006,0.041507522904994
114,3,C,NHB,0.517349488000,-0.000419516000,-0.000810894781440,0.000810894781440,0.000533635200455,NHB,0.000,0.001,0.466364799544589,0.533635200455411
115,3,C,NHB,0.517349488000,-0.000499434000,-0.000965370627756,0.000965370627756,0.000697168951347,NHB,0.000,0.001,0.302831048653455,0.697168951346545
116,3,C,NHB,0.517349488000,-0.000473416000,-0.000915079672409,0.000915079672409,0.000512113470834,NHB,0.000,0.001,0.487886529165614,0.512113470834386
117,3,C,NHB,0.517349488000,-0.000546963000,-0.001057240825954,0.001057240825954,0.000620658043934,NHB,0.000,0.001,0.379341956066307,0.620658043933693
118,3,C,NHB,0.517349488000,-0.000360780000,-0.000697362244224,0.000697362244224,0.000509372741278,NHB,0.000,0.001,0.490627258721531,0.509372741278469
119,3,C,NHB,0.517349488000,-0.000444639000,-0.000859455765036,0.000859455765036,0.000625309390042,NHB,0.000,0.001,0.374690609958437,0.625309390041563
120,3,C,NHB,0.517349488000,-0.000449244000,-0.000868356904608,0.000868356904608,0.000463250438193,NHB,0.000,0.001,0.536749561807135,0.463250438192865
121,3,C,NHB,0.517349488000,-0.000533988000,-0.001032161067878,0.001032161067878,0.000563270634983,NHB,0.000,0.001,0.436729365016824,0.563270634983176
122,3,C,NHB,0.517349488000,-0.000183506000,-0.000354704129909,0.000354704129909,-0.000509665710868,NHB,-0.001,0.000,0.509665710867866,0.490334289132134
123,3,C,NHB,0.517349488000,0.000015464000,0.000029890819183,-0.000029890819183,-0.000495804097308,NHB,-0.001,0.000,0.495804097307881,0.504195902692119
124,3,C,NHB,0.517349488000,-0.000245270000,-0.000474089577141,0.000474089577141,-0.000546724656123,NHB,-0.001,0.000,0.546724656123489,0.453275343876511
125,3,C,NHB,0.517349488000,-0.000008642000,-0.000016704375283,0.000016704375283,-0.000548793386187,NHB,-0.001,0.000,0.548793386187040,0.451206613812960
126,3,C,NHB,0.626409493000,-0.000011340000,-0.000018103173925,0.000018103173925,-0.000126065016075,NHB,-0.001,0.000,0.126065016075462,0.873934983924538
127,3,C,NHB,0.626409493000,0.000003244000,0.000005178721006,-0.000005178721006,-0.000162722574277,NHB,-0.001,0.000,0.162722574276549,0.837277425723451
128,3,C,NHB,0.626409493000,-0.000098959000,-0.000157978129492,0.000157978129492,0.000088549944341,NHB,0.000,0.001,0.911450055659380,0.088549944340620
129,3,C,NHB,0.626409493000,-0.000233184000,-0.000372254894930,0.000372254894930,0.000133819354033,NHB,0.000,0.001,0.866180645966899,0.133819354033101
130,3,C,NHB,0.626409493000,-0.000038640000,-0.000061684888929,0.000061684888929,-0.000046351597957,NHB,-0.001,0.000,0.046351597957239,0.953648402042761
131,3,C,NHB,0.626409493000,-0.000084792000,-0.000135361933284,0.000135361933284,0.000008729130577,NHB,0.000,0.001,0.991270869422627,0.008729130577373
132,3,C,NHB,0.626409493000,-0.000232826000,-0.000371683383796,0.000371683383796,0.000322436174559,NHB,0.000,0.001,0.677563825440938,0.322436174559062
133,3,C,NHB,0.626409493000,-0.000304218000,-0.000485653559532,0.000485653559532,0.000330632044307,NHB,0.000,0.001,0.669367955693136,0.330632044306864
134,3,C,NHB,0.604526425000,-0.000355371000,-0.000587850233346,0.000587850233346,0.000366812101370,NHB,0.000,0.001,0.633187898630210,0.366812101369790
135,3,C,NHB,0.604526425000,-0.000540882000,-0.000894720193580,0.000894720193580,0.000340657497581,NHB,0.000,0.001,0.659342502418553,0.340657497581447
136,3,C,NHB,0.604526425000,-0.000099827000,-0.000165132566372,0.000165132566372,0.000538346905407,NHB,0.000,0.001,0.461653094593094,0.538346905406906
137,3,C,NHB,0.604526425000,-0.000268428000,-0.000444030217538,0.000444030217538,0.000332968288515,NHB,0.000,0.001,0.667031711485012,0.332968288514988
138,3,C,NHB,0.604526425000,-0.000103785000,-0.000171679840133,0.000171679840133,0.000609381941398,NHB,0.000,0.001,0.390618058602124,0.609381941397876
139,3,C,NHB,0.604526425000,-0.000430290000,-0.000711780299761,0.000711780299761,0.000297899524738,NHB,0.000,0.001,0.702100475261963,0.297899524738037
140,3,C,NHB,0.604526425000,-0.000175627000,-0.000290519971894,0.000290519971894,0.000503380591949,NHB,0.000,0.001,0.496619408051248,0.503380591948752
141,3,C,NHB,0.604526425000,-0.000131204000,-0.000217036004671,0.000217036004671,0.000047497574043,NHB,0.000,0.001,0.952502425956650,0.047497574043350
142,3,C,NHB,0.604526425000,-0.000118981000,-0.000196816871984,0.000196816871984,0.000041335123889,NHB,0.000,0.001,0.958664876111136,0.041335123888864
143,3,C,NHB,0.604526425000,-0.000050365000,-0.000083313148801,0.000083313148801,-0.000246419132643,NHB,-0.001,0.000,0.246419132642600,0.753580867357400
144,3,C,NHB,0.604526425000,-0.000003121000,-0.000005162718900,0.000005162718900,-0.000247559596090,NHB,-0.001,0.000,0.247559596090237,0.752440403909763
145,3,C,NHB,0.604526425000,-0.000096913000,-0.000160312264265,0.000160312264265,-0.000334294950877,NHB,-0.001,0.000,0.334294950876910,0.665705049123090
146,3,C,NHB,0.604526425000,0.000081143000,0.000134225728842,-0.000134225728842,-0.000407046008074,NHB,-0.001,0.000,0.407046008074137,0.592953991925863
147,3,C,NHB,0.610796623000,-0.000033013000,-0.000054049087302,0.000054049087302,-0.000092788308223,NHB,-0.001,0.000,0.092788308223237,0.907211691776763
148,3,C,NHB,0.610796623000,-0.000183316000,-0.000300126086323,0.000300126086323,-0.000419813128384,NHB,-0.001,0.000,0.419813128383770,0.580186871616230
149,3,C,NHB,0.610796623000,-0.000375036000,-0.000614011253301,0.000614011253301,0.000383606047407,NHB,0.000,0.001,0.616393952592657,0.383606047407343
150,3,C,NHB,0.610796623000,-0.000636381000,-0.001041886899889,0.001041886899889,0.000708446274557,NHB,0.000,0.001,0.291553725442994,0.708446274557006
151,3,C,NHB,0.610796623000,-0.000274320000,-0.000449118396648,0.000449118396648,0.000298900815363,NHB,0.000,0.001,0.701099184637131,0.298900815362869
152,3,C,NHB,0.610796623000,-0.000644678000,-0.001055470799484,0.001055470799484,0.000668289579486,NHB,0.000,0.001,0.331710420513994,0.668289579486006
153,3,C,NHB,0.610796623000,0.000007934000,0.000012989593755,-0.000012989593755,-0.000233691812038,NHB,-0.001,0.000,0.233691812037796,0.766308187962204
154,3,C,NHB,0.610796623000,-0.000021214000,-0.000034731691698,0.000034731691698,-0.000342187473779,NHB,-0.001,0.000,0.342187473778998,0.657812526221002
155,3,C,NHB,0.610796623000,-0.000359804000,-0.000589073328914,0.000589073328914,0.000573094005624,NHB,0.000,0.001,0.426905994376109,0.573094005623891
156,3,C,NHB,0.610796623000,-0.000347541000,-0.000568996269647,0.000568996269647,0.000447189542599,NHB,0.000,0.001,0.552810457400632,0.447189542599368
157,3,C,NHB,0.610796623000,-0.000419849000,-0.000687379373412,0.000687379373412,0.000556260990261,NHB,0.000,0.001,0.443739009739040,0.556260990260960
158,3,C,NHB,0.610796623000,-0.000337312000,-0.000552249287731,0.000552249287731,0.000396358232303,NHB,0.000,0.001,0.603641767696819,0.396358232303181
159,4,C,NHB,0.241185721000,-0.000048579000,-0.000201417396513,0.000201417396513,-0.000339819859361,NHB,-0.001,0.000,0.339819859360833,0.660180140639167
160,4,C,NHB,0.241185721000,-0.000216571000,-0.000897942876146,0.000897942876146,0.000719237853431,NHB,0.000,0.001,0.280762146569035,0.719237853430965
161,4,C,NHB,0.241185721000,-0.000241093000,-0.000999615561818,0.000999615561818,0.000630308790506,NHB,0.000,0.001,0.369691209493595,0.630308790506405
162,4,C,NHB,0.617017436000,-0.000055034000,-0.000089193589661,0.000089193589661,0.000008407853819,NHB,0.000,0.001,0.991592146181128,0.008407853818872
163,4,C,NHB,0.617017436000,-0.000036954000,-0.000059891338306,0.000059891338306,0.000160971658944,NHB,0.000,0.001,0.839028341056360,0.160971658943640
164,4,C,NHB,0.617017436000,-0.000060486000,-0.000098029644660,0.000098029644660,-0.000001307063159,NHB,-0.001,0.000,0.001307063158782,0.998692936841219
165,4,C,NHB,0.617017436000,-0.000123222000,-0.000199705863742,0.000199705863742,0.000257731889923,NHB,0.000,0.001,0.742268110077496,0.257731889922504
166,4,C,NHB,0.517349488000,-0.000408503000,-0.000789607430712,0.000789607430712,0.000633566804086,NHB,0.000,0.001,0.366433195913592,0.633566804086408
167,4,C,NHB,0.517349488000,-0.000390637000,-0.000755073715275,0.000755073715275,0.000621703766799,NHB,0.000,0.001,0.378296233201066,0.621703766798934
168,4,C,NHB,0.517349488000,-0.000443269000,-0.000856807651852,0.000856807651852,0.000716895939804,NHB,0.000,0.001,0.283104060195599,0.716895939804401
169,4,C,NHB,0.517349488000,-0.000470864000,-0.000910146836755,0.000910146836755,0.000706808121742,NHB,0.000,0.001,0.293191878258292,0.706808121741708
170,4,C,NHB,0.517349488000,-0.000418720000,-0.000809356169692,0.000809356169692,0.000580152363366,NHB,0.000,0.001,0.419847636633594,0.580152363366406
171,4,C,NHB,0.517349488000,-0.000463158000,-0.000895251683326,0.000895251683326,0.000595635431349,NHB,0.000,0.001,0.404364568651002,0.595635431348998
172,4,C,NHB,0.517349488000,-0.000441741000,-0.000853854135833,0.000853854135833,0.000624202955700,NHB,0.000,0.001,0.375797044300349,0.624202955699651
173,4,C,NHB,0.517349488000,-0.000545945000,-0.001055273103895,0.001055273103895,0.000669754539028,NHB,0.000,0.001,0.330245460971912,0.669754539028088
174,4,C,NHB,0.517349488000,-0.000141006000,-0.000272554633320,0.000272554633320,-0.000429337902931,NHB,-0.001,0.000,0.429337902930828,0.570662097069172
175,4,C,NHB,0.517349488000,-0.000028139000,-0.000054390698460,0.000054390698460,-0.000148839186585,NHB,-0.001,0.000,0.148839186585424,0.851160813414576
176,4,C,NHB,0.517349488000,-0.000140732000,-0.000272025010683,0.000272025010683,-0.000430848726891,NHB,-0.001,0.000,0.430848726891099,0.569151273108901
177,4,C,NHB,0.517349488000,-0.000033590000,-0.000064927096246,0.000064927096246,-0.000145584548951,NHB,-0.001,0.000,0.145584548951372,0.854415451048628
178,4,C,NHB,0.517349488000,-0.000010833000,-0.000020939423448,0.000020939423448,-0.000080896191628,NHB,-0.001,0.000,0.080896191627777,0.919103808372223
179,4,C,NHB,0.517349488000,-0.000002423000,-0.000004683487770,0.000004683487770,-0.000129741632805,NHB,-0.001,0.000,0.129741632804956,0.870258367195044
180,4,C,NHB,0.626409493000,-0.000072983000,-0.000116510047845,0.000116510047845,-0.000272988580375,NHB,-0.001,0.000,0.272988580374569,0.727011419625431
181,4,C,NHB,0.626409493000,-0.000081454000,-0.000130033150695,0.000130033150695,-0.000277673887152,NHB,-0.001,0.000,0.277673887151824,0.722326112848176
182,4,C,NHB,0.626409493000,-0.000002964000,-0.000004731729058,0.000004731729058,-0.000068481129328,NHB,-0.001,0.000,0.068481129327582,0.931518870672418
183,4,C,NHB,0.626409493000,-0.000271891000,-0.000434046742647,0.000434046742647,0.000313658594551,NHB,0.000,0.001,0.686341405449169,0.313658594550831
184,4,C,NHB,0.626409493000,-0.000003386000,-0.000005405409780,0.000005405409780,0.000363116256051,NHB,0.000,0.001,0.636883743948631,0.363116256051369
185,4,C,NHB,0.626409493000,-0.000203793000,-0.000325335107908,0.000325335107908,0.000272124169586,NHB,0.000,0.001,0.727875830413543,0.272124169586457
186,4,C,NHB,0.626409493000,-0.000052313000,-0.000083512463627,0.000083512463627,0.000043118657237,NHB,0.000,0.001,0.956881342763302,0.043118657236698
187,4,C,NHB,0.626409493000,-0.000216481000,-0.000345590228787,0.000345590228787,0.000238878472722,NHB,0.000,0.001,0.761121527277939,0.238878472722061
188,4,C,NHB,0.626409493000,-0.000047286000,-0.000075487361747,0.000075487361747,0.000036088599134,NHB,0.000,0.001,0.963911400865715,0.036088599134285
189,4,C,NHB,0.626409493000,-0.000227059000,-0.000362476946051,0.000362476946051,0.000254298317890,NHB,0.000,0.001,0.745701682110406,0.254298317889594
190,4,C,NHB,0.604526425000,-0.000271437000,-0.000449007667448,0.000449007667448,0.000375693925547,NHB,0.000,0.001,0.624306074452813,0.375693925547187
191,4,C,NHB,0.604526425000,-0.000273746000,-0.000452827186173,0.000452827186173,0.000455895054062,NHB,0.000,0.001,0.544104945937954,0.455895054062046
192,4,C,NHB,0.604526425000,-0.000076909000,-0.000127221899357,0.000127221899357,0.000574454823911,NHB,0.000,0.001,0.425545176088847,0.574454823911153
193,4,C,NHB,0.604526425000,-0.000082997000,-0.000137292592297,0.000137292592297,0.000630054437342,NHB,0.000,0.001,0.369945562658308,0.630054437341693
194,4,C,NHB,0.604526425000,-0.000258866000,-0.000428212877543,0.000428212877543,0.000363674874156,NHB,0.000,0.001,0.636325125843639,0.363674874156361
195,4,C,NHB,0.604526425000,-0.000359607000,-0.000594857371206,0.000594857371206,0.000498522301389,NHB,0.000,0.001,0.501477698610873,0.498522301389127
196,4,C,NHB,0.604526425000,-0.000000000000,-0.000000000000000,0.000000000000000,0.000510532550134,NHB,0.000,0.001,0.489467449865764,0.510532550134236
197,4,C,NHB,0.604526425000,-0.000451909000,-0.000747542177333,0.000747542177333,0.000674056443233,NHB,0.000,0.001,0.325943556766689,0.674056443233310
198,4,C,NHB,0.604526425000,-0.000045847000,-0.000075839530092,0.000075839530092,-0.000340363703342,NHB,-0.001,0.000,0.340363703342339,0.659636296657661
199,4,C,NHB,0.604526425000,-0.000074612000,-0.000123422230881,0.000123422230881,0.000049955344939,NHB,0.000,0.001,0.950044655061412,0.049955344938588
200,4,C,NHB,0.604526425000,-0.000056985000,-0.000094263869441,0.000094263869441,-0.000343248046685,NHB,-0.001,0.000,0.343248046684611,0.656751953315389
201,4,C,NHB,0.604526425000,-0.000100149000,-0.000165665214717,0.000165665214717,0.000082972599179,NHB,0.000,0.001,0.917027400821162,0.082972599178838
202,4,C,NHB,0.604526425000,-0.000066613000,-0.000110190385805,0.000110190385805,0.000049077920793,NHB,0.000,0.001,0.950922079206699,0.049077920793301
203,4,C,NHB,0.604526425000,-0.000039785000,-0.000065811846025,0.000065811846025,0.000008977527638,NHB,0.000,0.001,0.991022472362150,0.008977527637850
204,4,C,NHB,0.610796623000,-0.000231090000,-0.000378341973904,0.000378341973904,-0.000495046290718,NHB,-0.001,0.000,0.495046290717515,0.504953709282485
205,4,C,NHB,0.610796623000,0.000019533000,0.000031979548125,-0.000031979548125,-0.000043652866393,NHB,-0.001,0.000,0.043652866393178,0.956347133606822
206,4,C,NHB,0.610796623000,0.000032145000,0.000052627992346,-0.000052627992346,-0.000111197714780,NHB,-0.001,0.000,0.111197714780184,0.888802285219816
207,4,C,NHB,0.610796623000,-0.000399305000,-0.000653744609849,0.000653744609849,0.000544639733226,NHB,0.000,0.001,0.455360266774309,0.544639733225691
208,4,C,NHB,0.610796623000,-0.000058958000,-0.000096526401391,0.000096526401391,0.000560143141151,NHB,0.000,0.001,0.439856858849198,0.560143141150802
209,4,C,NHB,0.610796623000,-0.000318488000,-0.000521430518780,0.000521430518780,0.000516337829696,NHB,0.000,0.001,0.483662170303507,0.516337829696493
210,4,C,NHB,0.610796623000,-0.000333761000,-0.000546435568620,0.000546435568620,0.000633957900399,NHB,0.000,0.001,0.366042099600556,0.633957900399444
211,4,C,NHB,0.610796623000,-0.000017958000,-0.000029400948407,0.000029400948407,0.000104455104830,NHB,0.000,0.001,0.895544895170387,0.104455104829613
212,4,C,NHB,0.610796623000,-0.000000378000,-0.000000618863932,0.000000618863932,-0.000011770419471,NHB,-0.001,0.000,0.011770419471140,0.988229580528860
213,4,C,NHB,0.610796623000,-0.000331607000,-0.000542909026529,0.000542909026529,0.000443582716691,NHB,0.000,0.001,0.556417283309411,0.443582716690589
214,4,C,NHB,0.610796623000,-0.000555117000,-0.000908840977662,0.000908840977662,0.000713109922731,NHB,0.000,0.001,0.286890077269165,0.713109922730835
215,4,C,NHB,0.610796623000,-0.000347726000,-0.000569299152789,0.000569299152789,0.000426287815370,NHB,0.000,0.001,0.573712184629906,0.426287815370094
216,4,C,NHB,0.610796623000,-0.000461119000,-0.000754946872062,0.000754946872062,0.000646942195918,NHB,0.000,0.001,0.353057804081796,0.646942195918204
217,4,C,NHB,0.610796623000,-0.000051476000,-0.000084276824825,0.000084276824825,-0.000114263046389,NHB,-0.001,0.000,0.114263046389306,0.885736953610694
218,4,C,NHB,0.610796623000,-0.000042682000,-0.000069879233763,0.000069879233763,-0.000120028118464,NHB,-0.001,0.000,0.120028118463565,0.879971881536435
219,5,C,NHB,0.241185721000,-0.000014959000,-0.000062022743046,0.000062022743046,-0.000077488179020,NHB,-0.001,0.000,0.077488179019756,0.922511820980244
220,5,C,NHB,0.241185721000,-0.000227470000,-0.000943132118505,0.000943132118505,0.000585513008719,NHB,0.000,0.001,0.414486991281053,0.585513008718947
221,5,C,NHB,0.241185721000,-0.000229313000,-0.000950773532733,0.000950773532733,0.000655435829872,NHB,0.000,0.001,0.344564170128319,0.655435829871681
222,5,C,NHB,0.617017436000,-0.000028817000,-0.000046703704496,0.000046703704496,-0.000162949525028,NHB,-0.001,0.000,0.162949525027512,0.837050474972488
223,5,C,NHB,0.617017436000,-0.000039460000,-0.000063952811862,0.000063952811862,-0.000045553551979,NHB,-0.001,0.000,0.045553551979242,0.954446448020758
224,5,C,NHB,0.517349488000,-0.000440953000,-0.000852330987520,0.000852330987520,0.000597174292964,NHB,0.000,0.001,0.402825707036251,0.597174292963749
225,5,C,NHB,0.517349488000,-0.000385690000,-0.000745511513872,0.000745511513872,0.000500837511247,NHB,0.000,0.001,0.499162488753370,0.500837511246630
226,5,C,NHB,0.517349488000,-0.000577339000,-0.001115955487328,0.001115955487328,0.000642826572251,NHB,0.000,0.001,0.357173427749049,0.642826572250951
227,5,C,NHB,0.517349488000,-0.000487196000,-0.000941715438597,0.000941715438597,0.000554078225425,NHB,0.000,0.001,0.445921774574618,0.554078225425382
228,5,C,NHB,0.517349488000,-0.000441027000,-0.000852474024291,0.000852474024291,0.000630913883965,NHB,0.000,0.001,0.369086116035086,0.630913883964914
229,5,C,NHB,0.517349488000,-0.000413199000,-0.000798684466853,0.000798684466853,0.000585138335763,NHB,0.000,0.001,0.414861664237302,0.585138335762698
230,5,C,NHB,0.517349488000,-0.000577200000,-0.001115686810151,0.001115686810151,0.000681690696381,NHB,0.000,0.001,0.318309303618896,0.681690696381104
231,5,C,NHB,0.517349488000,-0.000504667000,-0.000975485646948,0.000975485646948,0.000593268251316,NHB,0.000,0.001,0.406731748683702,0.593268251316298
232,5,C,NHB,0.517349488000,-0.000062564000,-0.000120931790697,0.000120931790697,-0.000021277456661,NHB,-0.001,0.000,0.021277456660863,0.978722543339137
233,5,C,NHB,0.517349488000,-0.000074268000,-0.000143554795593,0.000143554795593,-0.000200627666113,NHB,-0.001,0.000,0.200627666113408,0.799372333886592
234,5,C,NHB,0.517349488000,-0.000065442000,-0.000126494761313,0.000126494761313,-0.000019421571980,NHB,-0.001,0.000,0.019421571979741,0.980578428020259
235,5,C,NHB,0.517349488000,-0.000067837000,-0.000131124127062,0.000131124127062,-0.000154515559401,NHB,-0.001,0.000,0.154515559400618,0.845484440599382
236,5,C,NHB,0.517349488000,-0.000011690000,-0.000022595943885,0.000022595943885,-0.000295746850279,NHB,-0.001,0.000,0.295746850278742,0.704253149721258
237,5,C,NHB,0.517349488000,-0.000020469000,-0.000039565130487,0.000039565130487,-0.000228581352815,NHB,-0.001,0.000,0.228581352815471,0.771418647184529
238,5,C,NHB,0.626409493000,-0.000268972000,-0.000429386851581,0.000429386851581,-0.000453081477518,NHB,-0.001,0.000,0.453081477518325,0.546918522481675
239,5,C,NHB,0.626409493000,-0.000187447000,-0.000299240356500,0.000299240356500,-0.000406143212366,NHB,-0.001,0.000,0.406143212366056,0.593856787633944
240,5,C,NHB,0.626409493000,-0.000165534000,-0.000264258447309,0.000264258447309,0.000128664462547,NHB,0.000,0.001,0.871335537452647,0.128664462547353
241,5,C,NHB,0.626409493000,-0.000281305000,-0.000449075250525,0.000449075250525,0.000227053532355,NHB,0.000,0.001,0.772946467644758,0.227053532355242
242,5,C,NHB,0.626409493000,-0.000312324000,-0.000498593976449,0.000498593976449,0.000313682296104,NHB,0.000,0.001,0.686317703895783,0.313682296104217
243,5,C,NHB,0.626409493000,-0.000124044000,-0.000198023818901,0.000198023818901,0.000098539014581,NHB,0.000,0.001,0.901460985418538,0.098539014581462
244,5,C,NHB,0.626409493000,-0.000309062000,-0.000493386520245,0.000493386520245,0.000320603655751,NHB,0.000,0.001,0.679396344248721,0.320603655751279
245,5,C,NHB,0.626409493000,-0.000194224000,-0.000310059158059,0.000310059158059,0.000206610723159,NHB,0.000,0.001,0.793389276841093,0.206610723158907
246,5,C,NHB,0.604526425000,-0.000306626000,-0.000507216868146,0.000507216868146,0.000544771440568,NHB,0.000,0.001,0.455228559431876,0.544771440568124
247,5,C,NHB,0.604526425000,-0.000197351000,-0.000326455539144,0.000326455539144,0.000245278796586,NHB,0.000,0.001,0.754721203414488,0.245278796585512
248,5,C,NHB,0.604526425000,-0.000706335000,-0.001168410462785,0.001168410462785,0.000690642350998,NHB,0.000,0.001,0.309357649002165,0.690642350997835
249,5,C,NHB,0.604526425000,-0.000078691000,-0.000130169661318,0.000130169661318,0.000507475900327,NHB,0.000,0.001,0.492524099672877,0.507475900327123
250,5,C,NHB,0.604526425000,-0.000102395000,-0.000169380519636,0.000169380519636,0.000505559023137,NHB,0.000,0.001,0.494440976862771,0.505559023137229
251,5,C,NHB,0.604526425000,-0.000295602000,-0.000488981106161,0.000488981106161,0.000361480579706,NHB,0.000,0.001,0.638519420294363,0.361480579705637
252,5,C,NHB,0.604526425000,-0.000602449000,-0.000996563549724,0.000996563549724,0.000671406333858,NHB,0.000,0.001,0.328593666142181,0.671406333857819
253,5,C,NHB,0.604526425000,-0.000125155000,-0.000207029825040,0.000207029825040,0.000499497772811,NHB,0.000,0.001,0.500502227189140,0.499497772810860
254,5,C,NHB,0.604526425000,-0.000050364000,-0.000083311494613,0.000083311494613,0.000036018761337,NHB,0.000,0.001,0.963981238662530,0.036018761337470
255,5,C,NHB,0.604526425000,-0.000104530000,-0.000172912209752,0.000172912209752,-0.000293958086732,NHB,-0.001,0.000,0.293958086731989,0.706041913268011
256,5,C,NHB,0.604526425000,-0.000012422000,-0.000020548315981,0.000020548315981,0.000005933216125,NHB,0.000,0.001,0.994066783875494,0.005933216124506
257,5,C,NHB,0.604526425000,-0.000070750000,-0.000117033759112,0.000117033759112,-0.000196653196822,NHB,-0.001,0.000,0.196653196822076,0.803346803177924
258,5,C,NHB,0.604526425000,-0.000061971000,-0.000102511647857,0.000102511647857,-0.000219806592318,NHB,-0.001,0.000,0.219806592317532,0.780193407682468
259,5,C,NHB,0.604526425000,-0.000046605000,-0.000077093404147,0.000077093404147,-0.000125280125881,NHB,-0.001,0.000,0.125280125880998,0.874719874119002
260,5,C,NHB,0.610796623000,-0.000264161000,-0.000432486019164,0.000432486019164,-0.000433193193734,NHB,-0.001,0.000,0.433193193733655,0.566806806266345
261,5,C,NHB,0.610796623000,-0.000143361000,-0.000234711513786,0.000234711513786,-0.000367741838648,NHB,-0.001,0.000,0.367741838647848,0.632258161352152
262,5,C,NHB,0.610796623000,-0.000406888000,-0.000666159544238,0.000666159544238,0.000705166905454,NHB,0.000,0.001,0.294833094545862,0.705166905454138
263,5,C,NHB,0.610796623000,-0.000417269000,-0.000683155381493,0.000683155381493,0.000402832469951,NHB,0.000,0.001,0.597167530049446,0.402832469950554
264,5,C,NHB,0.610796623000,-0.000092328000,-0.000151159971295,0.000151159971295,0.000617645151115,NHB,0.000,0.001,0.382354848885451,0.617645151114549
265,5,C,NHB,0.610796623000,-0.000499338000,-0.000817519254687,0.000817519254687,0.000453894182341,NHB,0.000,0.001,0.546105817658544,0.453894182341456
266,5,C,NHB,0.610796623000,-0.000004302000,-0.000007043260945,0.000007043260945,-0.000035553523609,NHB,-0.001,0.000,0.035553523609054,0.964446476390946
267,5,C,NHB,0.610796623000,-0.000059561000,-0.000097513636712,0.000097513636712,0.000088238940037,NHB,0.000,0.001,0.911761059962970,0.088238940037030
268,5,C,NHB,0.610796623000,-0.000377805000,-0.000618544677186,0.000618544677186,0.000441185011599,NHB,0.000,0.001,0.558814988400854,0.441185011599146
269,5,C,NHB,0.610796623000,-0.000432765000,-0.000708525528308,0.000708525528308,0.000623446684448,NHB,0.000,0.001,0.376553315551952,0.623446684448048
270,5,C,NHB,0.610796623000,-0.000407349000,-0.000666914296283,0.000666914296283,0.000507266617422,NHB,0.000,0.001,0.492733382577865,0.507266617422135
271,5,C,NHB,0.610796623000,-0.000447729000,-0.000733024681441,0.000733024681441,0.000635641676605,NHB,0.000,0.001,0.364358323394948,0.635641676605052
272,5,C,NHB,0.610796623000,-0.000118824000,-0.000194539385985,0.000194539385985,0.000061329870699,NHB,0.000,0.001,0.938670129300558,0.061329870699442
273,5,C,NHB,0.610796623000,-0.000149180000,-0.000244238416492,0.000244238416492,0.000107131347400,NHB,0.000,0.001,0.892868652600417,0.107131347399583
274,6,C,NHB,0.241185721000,-0.000179308000,-0.000743443680068,0.000743443680068,0.000630553292858,NHB,0.000,0.001,0.369446707141990,0.630553292858010
275,6,C,NHB,0.241185721000,-0.000212282000,-0.000880159899682,0.000880159899682,0.000589545980436,NHB,0.000,0.001,0.410454019563573,0.589545980436427
276,6,C,NHB,0.617017436000,0.000025294000,0.000040993979301,-0.000040993979301,0.000089445961046,NHB,0.000,0.001,0.910554038953706,0.089445961046294
277,6,C,NHB,0.617017436000,0.000013435000,0.000021774101048,-0.000021774101048,0.000196181659872,NHB,0.000,0.001,0.803818340128371,0.196181659871629
278,6,C,NHB,0.517349488000,-0.000347110000,-0.000670939100263,0.000670939100263,0.000619795023796,NHB,0.000,0.001,0.380204976203542,0.619795023796458
279,6,C,NHB,0.517349488000,-0.000305754000,-0.000591000874828,0.000591000874828,0.000535854214067,NHB,0.000,0.001,0.464145785932617,0.535854214067383
280,6,C,NHB,0.517349488000,-0.000398911000,-0.000771066772564,0.000771066772564,0.000652970071660,NHB,0.000,0.001,0.347029928339785,0.652970071660214
281,6,C,NHB,0.517349488000,-0.000352912000,-0.000682153956244,0.000682153956244,0.000636007055543,NHB,0.000,0.001,0.363992944457476,0.636007055542523
282,6,C,NHB,0.517349488000,-0.000363052000,-0.000701753859666,0.000701753859666,0.000639331620898,NHB,0.000,0.001,0.360668379102087,0.639331620897913
283,6,C,NHB,0.517349488000,-0.000402759000,-0.000778504684632,0.000778504684632,0.000534994425680,NHB,0.000,0.001,0.465005574319508,0.534994425680492
284,6,C,NHB,0.517349488000,-0.000423682000,-0.000818947365035,0.000818947365035,0.000627855736454,NHB,0.000,0.001,0.372144263546431,0.627855736453569
285,6,C,NHB,0.517349488000,-0.000445005000,-0.000860163217171,0.000860163217171,0.000605243716518,NHB,0.000,0.001,0.394756283481959,0.605243716518041
286,6,C,NHB,0.626409493000,-0.000000268000,-0.000000427835151,0.000000427835151,0.000283762023234,NHB,0.000,0.001,0.716237976766056,0.283762023233944
287,6,C,NHB,0.626409493000,-0.000001300000,-0.000002075319762,0.000002075319762,0.000348677360601,NHB,0.000,0.001,0.651322639399259,0.348677360600741
288,6,C,NHB,0.604526425000,-0.000058175000,-0.000096232352457,0.000096232352457,0.000610204992678,NHB,0.000,0.001,0.389795007321927,0.610204992678073
289,6,C,NHB,0.604526425000,-0.000142774000,-0.000236174952981,0.000236174952981,0.000392892451618,NHB,0.000,0.001,0.607107548381674,0.392892451618326
290,6,C,NHB,0.604526425000,-0.000085952000,-0.000142180716087,0.000142180716087,0.000527330853954,NHB,0.000,0.001,0.472669146046088,0.527330853953912
291,6,C,NHB,0.604526425000,-0.000049961000,-0.000082644857088,0.000082644857088,0.000627883891382,NHB,0.000,0.001,0.372116108618259,0.627883891381741
292,6,C,NHB,0.604526425000,-0.000022877000,-0.000037842845331,0.000037842845331,0.000653791082225,NHB,0.000,0.001,0.346208917774939,0.653791082225061
293,6,C,NHB,0.604526425000,-0.000260677000,-0.000431208610939,0.000431208610939,0.000442924722456,NHB,0.000,0.001,0.557075277544448,0.442924722455552
294,6,C,NHB,0.604526425000,-0.000292280000,-0.000483485895592,0.000483485895592,0.000675200616163,NHB,0.000,0.001,0.324799383836776,0.675200616163224
295,6,C,NHB,0.610796623000,-0.000417200000,-0.000683042414267,0.000683042414267,0.000641615579328,NHB,0.000,0.001,0.358384420672129,0.641615579327871
296,6,C,NHB,0.610796623000,-0.000039314000,-0.000064365123381,0.000064365123381,0.000499621312333,NHB,0.000,0.001,0.500378687666938,0.499621312333062
297,6,C,NHB,0.610796623000,-0.000350675000,-0.000574127273785,0.000574127273785,0.000654231655783,NHB,0.000,0.001,0.345768344216863,0.654231655783137
298,6,C,NHB,0.610796623000,-0.000260578000,-0.000426619909456,0.000426619909456,0.000566210059531,NHB,0.000,0.001,0.433789940468596,0.566210059531404
299,6,C,NHB,0.610796623000,-0.000145602000,-0.000238380492814,0.000238380492814,0.000507351956426,NHB,0.000,0.001,0.492648043573949,0.507351956426051
300,6,C,NHB,0.610796623000,-0.000418314000,-0.000684866261941,0.000684866261941,0.000686641641863,NHB,0.000,0.001,0.313358358137151,0.686641641862849
301,6,C,NHB,0.610796623000,-0.000179353000,-0.000293637838269,0.000293637838269,0.000550121031324,NHB,0.000,0.001,0.449878968676419,0.550121031323581
302,6,C,NHB,0.610796623000,-0.000354369000,-0.000580175113378,0.000580175113378,0.000639194126467,NHB,0.000,0.001,0.360805873532887,0.639194126467113
303,7,C,NHB,0.241185721000,0.000000303000,0.000001256293278,-0.000001256293278,-0.000119712684990,NHB,-0.001,0.000,0.119712684989606,0.880287315010394
304,7,C,NHB,0.241185721000,0.000009688000,0.000040168215431,-0.000040168215431,-0.000311053067842,NHB,-0.001,0.000,0.311053067841586,0.688946932158414
305,7,C,NHB,0.241185721000,-0.000203406000,-0.000843358384388,0.000843358384388,0.000545450635629,NHB,0.000,0.001,0.454549364371122,0.545450635628878
306,7,C,NHB,0.241185721000,-0.000217312000,-0.000901015197330,0.000901015197330,0.000615101577867,NHB,0.000,0.001,0.384898422132661,0.615101577867339
307,7,C,NHB,0.617017436000,0.000033118000,0.000053674334091,-0.000053674334091,-0.000234467732058,NHB,-0.001,0.000,0.234467732057620,0.765532267942380
308,7,C,NHB,0.617017436000,0.000022420000,0.000036336088240,-0.000036336088240,-0.000120021326679,NHB,-0.001,0.000,0.120021326679473,0.879978673320527
309,7,C,NHB,0.517349488000,-0.000431953000,-0.000834934623536,0.000834934623536,0.000521979674951,NHB,0.000,0.001,0.478020325049052,0.521979674950948
310,7,C,NHB,0.517349488000,-0.000347133000,-0.000670983557637,0.000670983557637,0.000450480517381,NHB,0.000,0.001,0.549519482618815,0.450480517381185
311,7,C,NHB,0.517349488000,-0.000535444000,-0.001034975412984,0.001034975412984,0.000615559642425,NHB,0.000,0.001,0.384440357575238,0.615559642424762
312,7,C,NHB,0.517349488000,-0.000396935000,-0.000767247304205,0.000767247304205,0.000530484784199,NHB,0.000,0.001,0.469515215800655,0.530484784199345
313,7,C,NHB,0.517349488000,-0.000464677000,-0.000898187802981,0.000898187802981,0.000557471861353,NHB,0.000,0.001,0.442528138646863,0.557471861353137
314,7,C,NHB,0.517349488000,-0.000376185000,-0.000727139020576,0.000727139020576,0.000537348382199,NHB,0.000,0.001,0.462651617800640,0.537348382199360
315,7,C,NHB,0.517349488000,-0.000570038000,-0.001101843170279,0.001101843170279,0.000656862579670,NHB,0.000,0.001,0.343137420330042,0.656862579669958
316,7,C,NHB,0.517349488000,-0.000433631000,-0.000838178078955,0.000838178078955,0.000599606160372,NHB,0.000,0.001,0.400393839627647,0.599606160372353
317,7,C,NHB,0.517349488000,-0.000006955000,-0.000013443523501,0.000013443523501,-0.000318760002239,NHB,-0.001,0.000,0.318760002239372,0.681239997760628
318,7,C,NHB,0.517349488000,0.000012313000,0.000023800158859,-0.000023800158859,-0.000284446918742,NHB,-0.001,0.000,0.284446918742434,0.715553081257566
319,7,C,NHB,0.517349488000,0.000027498000,0.000053151690758,-0.000053151690758,-0.000146160777983,NHB,-0.001,0.000,0.146160777983045,0.853839222016955
320,7,C,NHB,0.517349488000,-0.000013411000,-0.000025922515265,0.000025922515265,-0.000171655282046,NHB,-0.001,0.000,0.171655282045938,0.828344717954062
321,7,C,NHB,0.517349488000,0.000017785000,0.000034377148161,-0.000034377148161,-0.000111028748961,NHB,-0.001,0.000,0.111028748961311,0.888971251038689
322,7,C,NHB,0.517349488000,-0.000014459000,-0.000027948225204,0.000027948225204,-0.000131813290674,NHB,-0.001,0.000,0.131813290674149,0.868186709325852
323,7,C,NHB,0.626409493000,-0.000210572000,-0.000336157102268,0.000336157102268,-0.000525473557319,NHB,-0.001,0.000,0.525473557318585,0.474526442681415
324,7,C,NHB,0.626409493000,-0.000127834000,-0.000204074174208,0.000204074174208,-0.000482376631736,NHB,-0.001,0.000,0.482376631736037,0.517623368263963
325,7,C,NHB,0.626409493000,-0.000106424000,-0.000169895254126,0.000169895254126,0.000098178048046,NHB,0.000,0.001,0.901821951953827,0.098178048046173
326,7,C,NHB,0.626409493000,-0.000143989000,-0.000229864013252,0.000229864013252,0.000225766618571,NHB,0.000,0.001,0.774233381429182,0.225766618570818
327,7,C,NHB,0.626409493000,-0.000189461000,-0.000302455505731,0.000302455505731,0.000193594780454,NHB,0.000,0.001,0.806405219546320,0.193594780453680
328,7,C,NHB,0.626409493000,-0.000168058000,-0.000268287760447,0.000268287760447,0.000306503395210,NHB,0.000,0.001,0.693496604790249,0.306503395209751
329,7,C,NHB,0.626409493000,-0.000333781000,-0.000532847927322,0.000532847927322,0.000274640529645,NHB,0.000,0.001,0.725359470355347,0.274640529644653
330,7,C,NHB,0.626409493000,-0.000057855000,-0.000092359711413,0.000092359711413,0.000026309785451,NHB,0.000,0.001,0.973690214548563,0.026309785451437
331,7,C,NHB,0.626409493000,-0.000233920000,-0.000373429845196,0.000373429845196,0.000302519963897,NHB,0.000,0.001,0.697480036102691,0.302519963897309
332,7,C,NHB,0.626409493000,-0.000160578000,-0.000256346689816,0.000256346689816,0.000136693514918,NHB,0.000,0.001,0.863306485082192,0.136693514917808
333,7,C,NHB,0.604526425000,-0.000370266000,-0.000612489354787,0.000612489354787,0.000479569612010,NHB,0.000,0.001,0.520430387990075,0.479569612009925
334,7,C,NHB,0.604526425000,-0.000156479000,-0.000258845591407,0.000258845591407,0.000178861940698,NHB,0.000,0.001,0.821138059301906,0.178861940698094
335,7,C,NHB,0.604526425000,-0.000703803000,-0.001164222060268,0.001164222060268,0.000698655321192,NHB,0.000,0.001,0.301344678808268,0.698655321191732
336,7,C,NHB,0.604526425000,-0.000064168000,-0.000106145897592,0.000106145897592,0.000430951004647,NHB,0.000,0.001,0.569048995353456,0.430951004646544
337,7,C,NHB,0.604526425000,-0.000104999000,-0.000173688023646,0.000173688023646,0.000470423267441,NHB,0.000,0.001,0.529576732559198,0.470423267440802
338,7,C,NHB,0.604526425000,-0.000245314000,-0.000405795329791,0.000405795329791,0.000296362961508,NHB,0.000,0.001,0.703637038491936,0.296362961508064
339,7,C,NHB,0.604526425000,-0.000644791000,-0.001066605152951,0.001066605152951,0.000691311717476,NHB,0.000,0.001,0.308688282524369,0.691311717475631
340,7,C,NHB,0.604526425000,-0.000080300000,-0.000132831248857,0.000132831248857,0.000493107225102,NHB,0.000,0.001,0.506892774897819,0.493107225102181
341,7,C,NHB,0.604526425000,-0.000040046000,-0.000066243588938,0.000066243588938,-0.000350564697021,NHB,-0.001,0.000,0.350564697020579,0.649435302979421
342,7,C,NHB,0.604526425000,0.000010296000,0.000017031513552,-0.000017031513552,-0.000266670906370,NHB,-0.001,0.000,0.266670906370427,0.733329093629573
343,7,C,NHB,0.604526425000,0.000004019000,0.000006648179192,-0.000006648179192,-0.000242086018795,NHB,-0.001,0.000,0.242086018794680,0.757913981205320
344,7,C,NHB,0.604526425000,0.000008572000,0.000014179694461,-0.000014179694461,-0.000163756592017,NHB,-0.001,0.000,0.163756592016574,0.836243407983426
345,7,C,NHB,0.610796623000,-0.000211409000,-0.000346120119266,0.000346120119266,-0.000502074821964,NHB,-0.001,0.000,0.502074821964211,0.497925178035789
346,7,C,NHB,0.610796623000,-0.000082392000,-0.000134892690787,0.000134892690787,-0.000392954689061,NHB,-0.001,0.000,0.392954689060902,0.607045310939098
347,7,C,NHB,0.610796623000,-0.000483076000,-0.000790895007944,0.000790895007944,0.000618244540432,NHB,0.000,0.001,0.381755459568029,0.618244540431971
348,7,C,NHB,0.610796623000,-0.000342074000,-0.000560045663514,0.000560045663514,0.000362010753328,NHB,0.000,0.001,0.637989246671890,0.362010753328110
349,7,C,NHB,0.610796623000,-0.000117494000,-0.000192361901778,0.000192361901778,0.000559562871139,NHB,0.000,0.001,0.440437128861098,0.559562871138902
350,7,C,NHB,0.610796623000,-0.000379117000,-0.000620692691682,0.000620692691682,0.000432164163554,NHB,0.000,0.001,0.567835836446101,0.432164163553899
351,7,C,NHB,0.610796623000,-0.000084104000,-0.000137695587750,0.000137695587750,0.000027193710860,NHB,0.000,0.001,0.972806289139937,0.027193710860063
352,7,C,NHB,0.610796623000,-0.000137067000,-0.000224406938150,0.000224406938150,0.000102949239872,NHB,0.000,0.001,0.897050760127915,0.102949239872085
353,7,C,NHB,0.610796623000,-0.000356345000,-0.000583410232771,0.000583410232771,0.000367715440237,NHB,0.000,0.001,0.632284559762759,0.367715440237241
354,7,C,NHB,0.610796623000,-0.000315337000,-0.000516271682137,0.000516271682137,0.000616192673370,NHB,0.000,0.001,0.383807326630355,0.616192673369645
355,7,C,NHB,0.610796623000,-0.000445732000,-0.000729755180719,0.000729755180719,0.000438013764224,NHB,0.000,0.001,0.561986235775752,0.438013764224248
356,7,C,NHB,0.610796623000,-0.000362117000,-0.000592860186786,0.000592860186786,0.000688349174004,NHB,0.000,0.001,0.311650825995517,0.688349174004483
357,7,C,NHB,0.610796623000,-0.000068163000,-0.000111596884189,0.000111596884189,-0.000047921733074,NHB,-0.001,0.000,0.047921733074067,0.952078266925933
358,7,C,NHB,0.610796623000,-0.000116586000,-0.000190875318576,0.000190875318576,0.000012325730918,NHB,0.000,0.001,0.987674269081942,0.012325730918058
359,8,C,NHB,0.241185721000,-0.000074382000,-0.000308401341885,0.000308401341885,-0.000511517853432,NHB,-0.001,0.000,0.511517853431987,0.488482146568013
360,8,C,NHB,0.241185721000,-0.000200748000,-0.000832337831476,0.000832337831476,0.000565850305988,NHB,0.000,0.001,0.434149694012481,0.565850305987519
361,8,C,NHB,0.241185721000,-0.000222855000,-0.000923997486568,0.000923997486568,0.000623366295562,NHB,0.000,0.001,0.376633704437517,0.623366295562483
362,8,C,NHB,0.617017436000,-0.000118915000,-0.000192725509948,0.000192725509948,0.000104223402474,NHB,0.000,0.001,0.895776597526056,0.104223402473944
363,8,C,NHB,0.617017436000,-0.000068617000,-0.000111207554271,0.000111207554271,0.000010253716049,NHB,0.000,0.001,0.989746283951071,0.010253716048929
364,8,C,NHB,0.617017436000,-0.000177741000,-0.000288064793034,0.000288064793034,0.000184152692578,NHB,0.000,0.001,0.815847307422188,0.184152692577812
365,8,C,NHB,0.617017436000,-0.000124453000,-0.000201700945125,0.000201700945125,0.000077003479451,NHB,0.000,0.001,0.922996520549273,0.077003479450727
366,8,C,NHB,0.517349488000,-0.000439909000,-0.000850313009298,0.000850313009298,0.000609064649482,NHB,0.000,0.001,0.390935350518193,0.609064649481807
367,8,C,NHB,0.517349488000,-0.000380175000,-0.000734851408609,0.000734851408609,0.000474530654811,NHB,0.000,0.001,0.525469345188700,0.474530654811300
368,8,C,NHB,0.517349488000,-0.000437663000,-0.000845971650019,0.000845971650019,0.000621900589046,NHB,0.000,0.001,0.378099410954371,0.621900589045629
369,8,C,NHB,0.517349488000,-0.000347163000,-0.000671041545517,0.000671041545517,0.000485489528697,NHB,0.000,0.001,0.514510471303198,0.485489528696802
370,8,C,NHB,0.517349488000,-0.000474035000,-0.000916276155665,0.000916276155665,0.000678973492816,NHB,0.000,0.001,0.321026507184492,0.678973492815508
371,8,C,NHB,0.517349488000,-0.000414718000,-0.000801620586508,0.000801620586508,0.000535627028552,NHB,0.000,0.001,0.464372971447764,0.535627028552236
372,8,C,NHB,0.517349488000,-0.000476137000,-0.000920339173120,0.000920339173120,0.000689983771947,NHB,0.000,0.001,0.310016228053243,0.689983771946757
373,8,C,NHB,0.517349488000,-0.000410322000,-0.000793123429166,0.000793123429166,0.000513476247068,NHB,0.000,0.001,0.486523752932431,0.513476247067569
374,8,C,NHB,0.517349488000,-0.000071481000,-0.000138167721546,0.000138167721546,-0.000385532826886,NHB,-0.001,0.000,0.385532826886344,0.614467173113656
375,8,C,NHB,0.517349488000,-0.000159730000,-0.000308746802123,0.000308746802123,-0.000533287727122,NHB,-0.001,0.000,0.533287727121659,0.466712272878341
376,8,C,NHB,0.517349488000,-0.000043100000,-0.000083309254188,0.000083309254188,-0.000345257844794,NHB,-0.001,0.000,0.345257844793821,0.654742155206179
377,8,C,NHB,0.517349488000,-0.000106646000,-0.000206139181489,0.000206139181489,-0.000495224699166,NHB,-0.001,0.000,0.495224699166251,0.504775300833749
378,8,C,NHB,0.626409493000,0.000025686000,0.000041005125700,-0.000041005125700,-0.000116955968528,NHB,-0.001,0.000,0.116955968528394,0.883044031471606
379,8,C,NHB,0.626409493000,0.000033646000,0.000053712468243,-0.000053712468243,-0.000179707662564,NHB,-0.001,0.000,0.179707662563627,0.820292337436373
380,8,C,NHB,0.626409493000,-0.000000511000,-0.000000815760306,0.000000815760306,-0.000076235758832,NHB,-0.001,0.000,0.076235758832343,0.923764241167657
381,8,C,NHB,0.626409493000,0.000028112000,0.000044877991656,-0.000044877991656,-0.000147927365254,NHB,-0.001,0.000,0.147927365253945,0.852072634746055
382,8,C,NHB,0.626409493000,-0.000073823000,-0.000117851023691,0.000117851023691,0.000060155036968,NHB,0.000,0.001,0.939844963032119,0.060155036967881
383,8,C,NHB,0.626409493000,0.000015691000,0.000025049109529,-0.000025049109529,-0.000072394643204,NHB,-0.001,0.000,0.072394643204345,0.927605356795655
384,8,C,NHB,0.626409493000,-0.000145091000,-0.000231623245850,0.000231623245850,0.000167068451601,NHB,0.000,0.001,0.832931548398738,0.167068451601262
385,8,C,NHB,0.626409493000,-0.000059654000,-0.000095231634684,0.000095231634684,0.000056446483163,NHB,0.000,0.001,0.943553516836619,0.056446483163381
386,8,C,NHB,0.626409493000,-0.000002514000,-0.000004013349140,0.000004013349140,0.000233734285146,NHB,0.000,0.001,0.766265714854346,0.233734285145654
387,8,C,NHB,0.626409493000,-0.000220302000,-0.000351690072487,0.000351690072487,0.000266157843899,NHB,0.000,0.001,0.733842156100753,0.266157843899247
388,8,C,NHB,0.626409493000,-0.000002378000,-0.000003796238765,0.000003796238765,0.000315590796893,NHB,0.000,0.001,0.684409203107264,0.315590796892736
389,8,C,NHB,0.626409493000,-0.000161545000,-0.000257890408439,0.000257890408439,0.000256274137951,NHB,0.000,0.001,0.743725862048988,0.256274137951012
390,8,C,NHB,0.604526425000,-0.000098889000,-0.000163580938583,0.000163580938583,0.000584780797085,NHB,0.000,0.001,0.415219202914824,0.584780797085176
391,8,C,NHB,0.604526425000,-0.000307313000,-0.000508353294895,0.000508353294895,0.000327271637932,NHB,0.000,0.001,0.672728362068109,0.327271637931891
392,8,C,NHB,0.604526425000,-0.000091296000,-0.000151020693595,0.000151020693595,0.000572615252410,NHB,0.000,0.001,0.427384747590038,0.572615252409962
393,8,C,NHB,0.604526425000,-0.000221323000,-0.000366109719687,0.000366109719687,0.000288030297631,NHB,0.000,0.001,0.711969702369240,0.288030297630760
394,8,C,NHB,0.604526425000,-0.000048728000,-0.000080605244014,0.000080605244014,0.000628947497463,NHB,0.000,0.001,0.371052502536924,0.628947497463076
395,8,C,NHB,0.604526425000,-0.000348906000,-0.000577155911754,0.000577155911754,0.000397842083733,NHB,0.000,0.001,0.602157916267323,0.397842083732677
396,8,C,NHB,0.604526425000,-0.000309993000,-0.000512786517149,0.000512786517149,0.000323677579484,NHB,0.000,0.001,0.676322420515593,0.323677579484407
397,8,C,NHB,0.604526425000,-0.000055745000,-0.000092212677055,0.000092212677055,-0.000014888191392,NHB,-0.001,0.000,0.014888191392085,0.985111808607915
398,8,C,NHB,0.604526425000,-0.000069879000,-0.000115592961879,0.000115592961879,-0.000011495748918,NHB,-0.001,0.000,0.011495748917805,0.988504251082195
399,8,C,NHB,0.604526425000,0.000014411000,0.000023838494736,-0.000023838494736,-0.000112851029407,NHB,-0.001,0.000,0.112851029407068,0.887148970592932
400,8,C,NHB,0.604526425000,-0.000034152000,-0.000056493808356,0.000056493808356,-0.000338422341954,NHB,-0.001,0.000,0.338422341954189,0.661577658045811
401,8,C,NHB,0.604526425000,-0.000017922000,-0.000029646346725,0.000029646346725,-0.000040393393499,NHB,-0.001,0.000,0.040393393498507,0.959606606501493
402,8,C,NHB,0.604526425000,-0.000000093000,-0.000000153839429,0.000000153839429,-0.000255032212872,NHB,-0.001,0.000,0.255032212871847,0.744967787128153
403,8,C,NHB,0.610796623000,0.000056411000,0.000092356437275,-0.000092356437275,-0.000146131658451,NHB,-0.001,0.000,0.146131658451267,0.853868341548733
404,8,C,NHB,0.610796623000,0.000043639000,0.000071446040068,-0.000071446040068,-0.000162125343607,NHB,-0.001,0.000,0.162125343607213,0.837874656392787
405,8,C,NHB,0.610796623000,-0.000101044000,-0.000165429860276,0.000165429860276,-0.000416359198876,NHB,-0.001,0.000,0.416359198876215,0.583640801123785
406,8,C,NHB,0.610796623000,-0.000582058000,-0.000952948949097,0.000952948949097,0.000698663740291,NHB,0.000,0.001,0.301336259709082,0.698663740290918
407,8,C,NHB,0.610796623000,-0.000239130000,-0.000391505111514,0.000391505111514,0.000282755713110,NHB,0.000,0.001,0.717244286890227,0.282755713109773
408,8,C,NHB,0.610796623000,-0.000552692000,-0.000904870752699,0.000904870752699,0.000734158794916,NHB,0.000,0.001,0.265841205084046,0.734158794915954
409,8,C,NHB,0.610796623000,-0.000332962000,-0.000545127440890,0.000545127440890,0.000367919023167,NHB,0.000,0.001,0.632080976833187,0.367919023166813
410,8,C,NHB,0.610796623000,0.000013806000,0.000022603268388,-0.000022603268388,-0.000332601403707,NHB,-0.001,0.000,0.332601403706912,0.667398596293088
411,8,C,NHB,0.610796623000,0.000046254000,0.000075727334203,-0.000075727334203,-0.000230393757257,NHB,-0.001,0.000,0.230393757257436,0.769606242742564
412,8,C,NHB,0.610796623000,-0.000192260000,-0.000314769258310,0.000314769258310,0.000477746498127,NHB,0.000,0.001,0.522253501872665,0.477746498127335
413,8,C,NHB,0.610796623000,-0.000348878000,-0.000571185214297,0.000571185214297,0.000508096479248,NHB,0.000,0.001,0.491903520752372,0.508096479247628
414,8,C,NHB,0.610796623000,-0.000213030000,-0.000348774030468,0.000348774030468,0.000548067781836,NHB,0.000,0.001,0.451932218164415,0.548067781835585
415,8,C,NHB,0.610796623000,-0.000289331000,-0.000473694498471,0.000473694498471,0.000517898604656,NHB,0.000,0.001,0.482101395343806,0.517898604656194
416,9,C,NHB,0.241185721000,-0.000024664000,-0.000102261443579,0.000102261443579,-0.000450178299867,NHB,-0.001,0.000,0.450178299866931,0.549821700133069
417,9,C,NHB,0.241185721000,-0.000216037000,-0.000895728814725,0.000895728814725,0.000577183975828,NHB,0.000,0.001,0.422816024172392,0.577183975827608
418,9,C,NHB,0.241185721000,-0.000192971000,-0.000800092970678,0.000800092970678,0.000644057890853,NHB,0.000,0.001,0.355942109147085,0.644057890852915
419,9,C,NHB,0.617017436000,-0.000064411000,-0.000104390891151,0.000104390891151,0.000032251606477,NHB,0.000,0.001,0.967748393523225,0.032251606476775
420,9,C,NHB,0.617017436000,-0.000003268000,-0.000005296446760,0.000005296446760,-0.000078960601122,NHB,-0.001,0.000,0.078960601121860,0.921039398878140
421,9,C,NHB,0.617017436000,-0.000012164000,-0.000019714191675,0.000019714191675,-0.000103421627978,NHB,-0.001,0.000,0.103421627978480,0.896578372021520
422,9,C,NHB,0.617017436000,0.000003325000,0.000005388826646,-0.000005388826646,-0.000070438949887,NHB,-0.001,0.000,0.070438949887376,0.929561050112624
423,9,C,NHB,0.517349488000,-0.000525211000,-0.001015195747135,0.001015195747135,0.000636452250899,NHB,0.000,0.001,0.363547749101405,0.636452250898595
424,9,C,NHB,0.517349488000,-0.000444572000,-0.000859326258771,0.000859326258771,0.000603836770387,NHB,0.000,0.001,0.396163229613167,0.603836770386833
425,9,C,NHB,0.517349488000,-0.000400913000,-0.000774936497086,0.000774936497086,0.000505774433234,NHB,0.000,0.001,0.494225566766430,0.505774433233570
426,9,C,NHB,0.517349488000,-0.000357996000,-0.000691980968965,0.000691980968965,0.000507879506864,NHB,0.000,0.001,0.492120493135677,0.507879506864323
427,9,C,NHB,0.517349488000,-0.000449423000,-0.000868702898958,0.000868702898958,0.000654771927566,NHB,0.000,0.001,0.345228072433754,0.654771927566246
428,9,C,NHB,0.517349488000,-0.000427751000,-0.000826812454485,0.000826812454485,0.000684880084322,NHB,0.000,0.001,0.315119915677693,0.684880084322307
429,9,C,NHB,0.517349488000,-0.000345891000,-0.000668582859407,0.000668582859407,0.000507782790686,NHB,0.000,0.001,0.492217209314341,0.507782790685659
430,9,C,NHB,0.517349488000,-0.000349033000,-0.000674656123367,0.000674656123367,0.000545501022868,NHB,0.000,0.001,0.454498977132071,0.545501022867929
431,9,C,NHB,0.517349488000,0.000045037000,0.000087053338303,-0.000087053338303,-0.000290992624825,NHB,-0.001,0.000,0.290992624825484,0.709007375174516
432,9,C,NHB,0.517349488000,-0.000095585000,-0.000184759050153,0.000184759050153,-0.000520189262045,NHB,-0.001,0.000,0.520189262045255,0.479810737954745
433,9,C,NHB,0.517349488000,0.000049896000,0.000096445441925,-0.000096445441925,-0.000304691607765,NHB,-0.001,0.000,0.304691607765187,0.695308392234813
434,9,C,NHB,0.517349488000,-0.000098209000,-0.000189831056719,0.000189831056719,-0.000520574501528,NHB,-0.001,0.000,0.520574501527860,0.479425498472140
435,9,C,NHB,0.517349488000,-0.000004538000,-0.000008771633306,0.000008771633306,-0.000152568813517,NHB,-0.001,0.000,0.152568813517402,0.847431186482598
436,9,C,NHB,0.517349488000,-0.000011630000,-0.000022479968126,0.000022479968126,-0.000109011325112,NHB,-0.001,0.000,0.109011325111988,0.890988674888012
437,9,C,NHB,0.626409493000,0.000000348000,0.000000555547136,-0.000000555547136,-0.000378672764624,NHB,-0.001,0.000,0.378672764623740,0.621327235376260
438,9,C,NHB,0.626409493000,-0.000029434000,-0.000046988432214,0.000046988432214,-0.000353512653100,NHB,-0.001,0.000,0.353512653099586,0.646487346900414
439,9,C,NHB,0.626409493000,-0.000022208000,-0.000035452847136,0.000035452847136,-0.000348508468616,NHB,-0.001,0.000,0.348508468615571,0.651491531384429
440,9,C,NHB,0.626409493000,-0.000184034000,-0.000293791843924,0.000293791843924,0.000210078958691,NHB,0.000,0.001,0.789921041309466,0.210078958690534
441,9,C,NHB,0.626409493000,-0.000004851000,-0.000007744135512,0.000007744135512,0.000331402686501,NHB,0.000,0.001,0.668597313498779,0.331402686501221
442,9,C,NHB,0.626409493000,-0.000238922000,-0.000381415037080,0.000381415037080,0.000248583447817,NHB,0.000,0.001,0.751416552182885,0.248583447817115
443,9,C,NHB,0.626409493000,-0.000147427000,-0.000235352435823,0.000235352435823,0.000115324141723,NHB,0.000,0.001,0.884675858277038,0.115324141722962
444,9,C,NHB,0.626409493000,0.000015620000,0.000024935765142,-0.000024935765142,-0.000052893425151,NHB,-0.001,0.000,0.052893425150942,0.947106574849058
445,9,C,NHB,0.626409493000,-0.000119585000,-0.000190905472117,0.000190905472117,0.000076747129903,NHB,0.000,0.001,0.923252870097400,0.076747129902600
446,9,C,NHB,0.626409493000,0.000014760000,0.000023562861299,-0.000023562861299,-0.000052010726480,NHB,-0.001,0.000,0.052010726479602,0.947989273520398
447,9,C,NHB,0.604526425000,-0.000472515000,-0.000781628363061,0.000781628363061,0.000663381734716,NHB,0.000,0.001,0.336618265283934,0.663381734716066
448,9,C,NHB,0.604526425000,-0.000000001000,-0.000000001654187,0.000000001654187,0.000512121721440,NHB,0.000,0.001,0.487878278559623,0.512121721440377
449,9,C,NHB,0.604526425000,-0.000307023000,-0.000507873580547,0.000507873580547,0.000354202486552,NHB,0.000,0.001,0.645797513448095,0.354202486551905
450,9,C,NHB,0.604526425000,-0.000201712000,-0.000333669450430,0.000333669450430,0.000280554346087,NHB,0.000,0.001,0.719445653912884,0.280554346087116
451,9,C,NHB,0.604526425000,-0.000100739000,-0.000166641185288,0.000166641185288,0.000606813825968,NHB,0.000,0.001,0.393186174032484,0.606813825967516
452,9,C,NHB,0.604526425000,-0.000087675000,-0.000145030880991,0.000145030880991,0.000580858784122,NHB,0.000,0.001,0.419141215878194,0.580858784121806
453,9,C,NHB,0.604526425000,-0.000220046000,-0.000363997322367,0.000363997322367,0.000284316068706,NHB,0.000,0.001,0.715683931294464,0.284316068705536
454,9,C,NHB,0.604526425000,-0.000211447000,-0.000349772964846,0.000349772964846,0.000287898287850,NHB,0.000,0.001,0.712101712149984,0.287898287850016
455,9,C,NHB,0.604526425000,0.000018419000,0.000030468477867,-0.000030468477867,-0.000114986528871,NHB,-0.001,0.000,0.114986528871055,0.885013471128945
456,9,C,NHB,0.604526425000,-0.000000588000,-0.000000972662196,0.000000972662196,-0.000424131696800,NHB,-0.001,0.000,0.424131696799876,0.575868303200124
457,9,C,NHB,0.604526425000,0.000050323000,0.000083243672930,-0.000083243672930,-0.000179500861215,NHB,-0.001,0.000,0.179500861215476,0.820499138784524
458,9,C,NHB,0.604526425000,0.000008315000,0.000013754568297,-0.000013754568297,-0.000421903956340,NHB,-0.001,0.000,0.421903956339950,0.578096043660050
459,9,C,NHB,0.604526425000,-0.000002873000,-0.000004752480423,0.000004752480423,-0.000048922129918,NHB,-0.001,0.000,0.048922129917612,0.951077870082388
460,9,C,NHB,0.604526425000,-0.000024864000,-0.000041129715711,0.000041129715711,-0.000012938170442,NHB,-0.001,0.000,0.012938170442234,0.987061829557766
461,9,C,NHB,0.610796623000,0.000133749000,0.000218974688077,-0.000218974688077,-0.000308766258482,NHB,-0.001,0.000,0.308766258481787,0.691233741518213
462,9,C,NHB,0.610796623000,-0.000187489000,-0.000306958147671,0.000306958147671,-0.000575736132204,NHB,-0.001,0.000,0.575736132204271,0.424263867795729
463,9,C,NHB,0.610796623000,0.000061960000,0.000101441294314,-0.000101441294314,-0.000172280524991,NHB,-0.001,0.000,0.172280524990952,0.827719475009049
464,9,C,NHB,0.610796623000,-0.000306136000,-0.000501207748164,0.000501207748164,0.000537079389682,NHB,0.000,0.001,0.462920610317516,0.537079389682484
465,9,C,NHB,0.610796623000,-0.000331464000,-0.000542674906046,0.000542674906046,0.000465253077365,NHB,0.000,0.001,0.534746922635375,0.465253077364625
466,9,C,NHB,0.610796623000,-0.000051040000,-0.000083563002934,0.000083563002934,0.000449106699543,NHB,0.000,0.001,0.550893300457268,0.449106699542732
467,9,C,NHB,0.610796623000,-0.000387060000,-0.000633697020293,0.000633697020293,0.000489201545045,NHB,0.000,0.001,0.510798454955426,0.489201545044574
468,9,C,NHB,0.610796623000,-0.000000655000,-0.000001072370042,0.000001072370042,-0.000036358760336,NHB,-0.001,0.000,0.036358760336444,0.963641239663556
469,9,C,NHB,0.610796623000,-0.000021457000,-0.000035129532797,0.000035129532797,0.000071142217696,NHB,0.000,0.001,0.928857782303511,0.071142217696489
470,9,C,NHB,0.610796623000,-0.000476574000,-0.000780249893425,0.000780249893425,0.000676802933374,NHB,0.000,0.001,0.323197066625966,0.676802933374034
471,9,C,NHB,0.610796623000,-0.000278138000,-0.000455369249807,0.000455369249807,0.000323388392429,NHB,0.000,0.001,0.676611607570555,0.323388392429445
472,9,C,NHB,0.610796623000,-0.000571284000,-0.000935309689818,0.000935309689818,0.000740097268163,NHB,0.000,0.001,0.259902731837344,0.740097268162656
473,9,C,NHB,0.610796623000,-0.000270554000,-0.000442952678211,0.000442952678211,0.000322200986900,NHB,0.000,0.001,0.677799013100394,0.322200986899606
474,9,C,NHB,0.610796623000,0.000040523000,0.000066344505641,-0.000066344505641,-0.000222356990136,NHB,-0.001,0.000,0.222356990135517,0.777643009864483
475,9,C,NHB,0.610796623000,0.000039597000,0.000064828452727,-0.000064828452727,-0.000227744195446,NHB,-0.001,0.000,0.227744195445856,0.772255804554144
476,10,C,NHB,0.241185721000,0.000097062000,0.000402436759513,-0.000402436759513,-0.000402845550040,NHB,-0.001,0.000,0.402845550039981,0.597154449960019
477,10,C,NHB,0.241185721000,-0.000185777000,-0.000770265334240,0.000770265334240,0.000551577203388,NHB,0.000,0.001,0.448422796612336,0.551577203387664
478,10,C,NHB,0.241185721000,-0.000178816000,-0.000741403758310,0.000741403758310,0.000460681846144,NHB,0.000,0.001,0.539318153856176,0.460681846143824
479,10,C,NHB,0.617017436000,0.000293714000,0.000476022204338,-0.000476022204338,-0.000574943790507,NHB,-0.001,0.000,0.574943790506858,0.425056209493142
480,10,C,NHB,0.617017436000,0.000346668000,0.000561844738533,-0.000561844738533,-0.000736588388713,NHB,-0.001,0.000,0.736588388712554,0.263411611287446
481,10,C,NHB,0.517349488000,-0.000387332000,-0.000748685383835,0.000748685383835,0.000486032266454,NHB,0.000,0.001,0.513967733545946,0.486032266454054
482,10,C,NHB,0.517349488000,-0.000509568000,-0.000984958933602,0.000984958933602,0.000641663439069,NHB,0.000,0.001,0.358336560930857,0.641663439069143
483,10,C,NHB,0.517349488000,-0.000307170000,-0.000593737902762,0.000593737902762,0.000400487754551,NHB,0.000,0.001,0.599512245449068,0.400487754550932
484,10,C,NHB,0.517349488000,-0.000346075000,-0.000668938518404,0.000668938518404,0.000526194498938,NHB,0.000,0.001,0.473805501062469,0.526194498937531
485,10,C,NHB,0.517349488000,-0.000365842000,-0.000707146732500,0.000707146732500,0.000410179899586,NHB,0.000,0.001,0.589820100414088,0.410179899585912
486,10,C,NHB,0.517349488000,-0.000486341000,-0.000940062784019,0.000940062784019,0.000581244846484,NHB,0.000,0.001,0.418755153515626,0.581244846484374
487,10,C,NHB,0.517349488000,-0.000266461000,-0.000515050282605,0.000515050282605,0.000272284514743,NHB,0.000,0.001,0.727715485257343,0.272284514742657
488,10,C,NHB,0.517349488000,-0.000339700000,-0.000656616093916,0.000656616093916,0.000472511767484,NHB,0.000,0.001,0.527488232516351,0.472511767483649
489,10,C,NHB,0.517349488000,0.000169724000,0.000328064497862,-0.000328064497862,-0.000534717684688,NHB,-0.001,0.000,0.534717684687819,0.465282315312181
490,10,C,NHB,0.517349488000,0.000128888000,0.000249131395680,-0.000249131395680,-0.000245246567185,NHB,-0.001,0.000,0.245246567185492,0.754753432814508
491,10,C,NHB,0.517349488000,0.000152960000,0.000295660870549,-0.000295660870549,-0.000622108990419,NHB,-0.001,0.000,0.622108990418764,0.377891009581236
492,10,C,NHB,0.517349488000,0.000141094000,0.000272724731101,-0.000272724731101,-0.000267273863486,NHB,-0.001,0.000,0.267273863486156,0.732726136513844
493,10,C,NHB,0.626409493000,0.000105794000,0.000168889522241,-0.000168889522241,-0.000942163347165,NHB,-0.001,0.000,0.942163347165291,0.057836652834709
494,10,C,NHB,0.626409493000,0.000007907000,0.000012622733353,-0.000012622733353,-0.001017496235069,NHB,-0.002,-0.001,0.017496235068607,0.982503764931393
495,10,C,NHB,0.626409493000,0.000026452000,0.000042227967960,-0.000042227967960,-0.000360886922479,NHB,-0.001,0.000,0.360886922478697,0.639113077521303
496,10,C,NHB,0.626409493000,0.000203032000,0.000324120247648,-0.000324120247648,-0.000526818965424,NHB,-0.001,0.000,0.526818965424364,0.473181034575636
497,10,C,NHB,0.626409493000,0.000070344000,0.000112297148728,-0.000112297148728,-0.000109223322386,NHB,-0.001,0.000,0.109223322386026,0.890776677613974
498,10,C,NHB,0.626409493000,-0.000150995000,-0.000241048390370,0.000241048390370,0.000146908879846,NHB,0.000,0.001,0.853091120153514,0.146908879846486
499,10,C,NHB,0.626409493000,0.000171874000,0.000274379622149,-0.000274379622149,-0.000265953909101,NHB,-0.001,0.000,0.265953909101066,0.734046090898934
500,10,C,NHB,0.626409493000,-0.000122884000,-0.000196171995114,0.000196171995114,0.000113772955882,NHB,0.000,0.001,0.886227044117761,0.113772955882239
501,10,C,NHB,0.604526425000,-0.000087746000,-0.000145148328297,0.000145148328297,0.000379309249907,NHB,0.000,0.001,0.620690750093383,0.379309249906617
502,10,C,NHB,0.604526425000,-0.000553226000,-0.000915139482943,0.000915139482943,0.000699399467723,NHB,0.000,0.001,0.300600532276827,0.699399467723173
503,10,C,NHB,0.604526425000,-0.000097648000,-0.000161528092010,0.000161528092010,-0.000004691208028,NHB,-0.001,0.000,0.004691208028472,0.995308791971528
504,10,C,NHB,0.604526425000,-0.000074530000,-0.000123286587514,0.000123286587514,0.000397191851229,NHB,0.000,0.001,0.602808148770867,0.397191851229133
505,10,C,NHB,0.604526425000,-0.000059185000,-0.000097903081739,0.000097903081739,0.000339382460924,NHB,0.000,0.001,0.660617539075980,0.339382460924020
506,10,C,NHB,0.604526425000,-0.000652444000,-0.001079264649184,0.001079264649184,0.000707291297196,NHB,0.000,0.001,0.292708702804325,0.707291297195676
507,10,C,NHB,0.604526425000,0.000061082000,0.000101041075252,-0.000101041075252,-0.000204178101775,NHB,-0.001,0.000,0.204178101775460,0.795821898224540
508,10,C,NHB,0.604526425000,-0.000207850000,-0.000343822852740,0.000343822852740,0.000410465263290,NHB,0.000,0.001,0.589534736709710,0.410465263290290
509,10,C,NHB,0.604526425000,0.000211780000,0.000350323809253,-0.000350323809253,-0.000627800546890,NHB,-0.001,0.000,0.627800546890351,0.372199453109649
510,10,C,NHB,0.604526425000,-0.000005938000,-0.000009822564828,0.000009822564828,-0.000132513390786,NHB,-0.001,0.000,0.132513390786013,0.867486609213987
511,10,C,NHB,0.604526425000,0.000156590000,0.000259029206209,-0.000259029206209,-0.000779777891527,NHB,-0.001,0.000,0.779777891527169,0.220222108472831
512,10,C,NHB,0.604526425000,-0.000017301000,-0.000028619096345,0.000028619096345,-0.000121442470775,NHB,-0.001,0.000,0.121442470774561,0.878557529225440
513,10,C,NHB,0.604526425000,0.000144892000,0.000239678521911,-0.000239678521911,-0.000807126673691,NHB,-0.001,0.000,0.807126673691239,0.192873326308761
514,10,C,NHB,0.610796623000,-0.000096495000,-0.000157982209407,0.000157982209407,-0.000944192991503,NHB,-0.001,0.000,0.944192991503394,0.055807008496606
515,10,C,NHB,0.610796623000,-0.000321446000,-0.000526273374632,0.000526273374632,0.000180547056784,NHB,0.000,0.001,0.819452943215878,0.180547056784122
516,10,C,NHB,0.610796623000,-0.000077298000,-0.000126552762555,0.000126552762555,0.000574308455265,NHB,0.000,0.001,0.425691544734977,0.574308455265023
517,10,C,NHB,0.610796623000,-0.000230515000,-0.000377400580357,0.000377400580357,0.000029331352076,NHB,0.000,0.001,0.970668647924496,0.029331352075504
518,10,C,NHB,0.610796623000,-0.000348762000,-0.000570995298381,0.000570995298381,0.000639888366250,NHB,0.000,0.001,0.360111633750401,0.639888366249599
519,10,C,NHB,0.610796623000,-0.000400706000,-0.000656038335693,0.000656038335693,0.000615366901799,NHB,0.000,0.001,0.384633098201485,0.615366901798515
520,10,C,NHB,0.610796623000,-0.000258370000,-0.000423004958231,0.000423004958231,0.000315647564410,NHB,0.000,0.001,0.684352435589639,0.315647564410361
521,10,C,NHB,0.610796623000,-0.000357570000,-0.000585415810329,0.000585415810329,0.000575449196826,NHB,0.000,0.001,0.424550803174132,0.575449196825868
522,10,C,NHB,0.610796623000,-0.000208701000,-0.000341686564957,0.000341686564957,0.000219090930627,NHB,0.000,0.001,0.780909069372875,0.219090930627125
523,10,C,NHB,0.610796623000,0.000125508000,0.000205482472027,-0.000205482472027,-0.000157512576012,NHB,-0.001,0.000,0.157512576012317,0.842487423987683
524,10,C,NHB,0.610796623000,0.000169908000,0.000278174425991,-0.000278174425991,-0.000248767700382,NHB,-0.001,0.000,0.248767700382475,0.751232299617525
525,11,C,NHB,0.241185721000,-0.000190250000,-0.000788811208272,0.000788811208272,0.000531832312203,NHB,0.000,0.001,0.468167687796537,0.531832312203463
526,11,C,NHB,0.241185721000,-0.000171521000,-0.000711157357446,0.000711157357446,0.000536853648151,NHB,0.000,0.001,0.463146351849025,0.536853648150975
527,11,C,NHB,0.517349488000,-0.000444434000,-0.000859059514523,0.000859059514523,0.000533165346684,NHB,0.000,0.001,0.466834653315775,0.533165346684225
528,11,C,NHB,0.517349488000,-0.000444660000,-0.000859496356552,0.000859496356552,0.000631983539213,NHB,0.000,0.001,0.368016460787214,0.631983539212786
529,11,C,NHB,0.517349488000,-0.000358744000,-0.000693426800105,0.000693426800105,0.000407585024595,NHB,0.000,0.001,0.592414975404623,0.407585024595377
530,11,C,NHB,0.517349488000,-0.000346277000,-0.000669328970129,0.000669328970129,0.000590118400557,NHB,0.000,0.001,0.409881599442917,0.590118400557083
531,11,C,NHB,0.517349488000,-0.000406612000,-0.000785952261346,0.000785952261346,0.000538835658383,NHB,0.000,0.001,0.461164341617350,0.538835658382650
532,11,C,NHB,0.517349488000,-0.000388504000,-0.000750950777011,0.000750950777011,0.000625102237968,NHB,0.000,0.001,0.374897762032389,0.625102237967611
533,11,C,NHB,0.517349488000,-0.000351277000,-0.000678993616787,0.000678993616787,0.000354837117743,NHB,0.000,0.001,0.645162882256742,0.354837117743258
534,11,C,NHB,0.517349488000,-0.000321833000,-0.000622080445550,0.000622080445550,0.000541621976590,NHB,0.000,0.001,0.458378023409980,0.541621976590020
535,11,C,NHB,0.626409493000,-0.000000789000,-0.000001259559456,0.000001259559456,0.000016141344254,NHB,0.000,0.001,0.983858655745611,0.016141344254389
536,11,C,NHB,0.626409493000,0.000002214000,0.000003534429195,-0.000003534429195,-0.000116569387793,NHB,-0.001,0.000,0.116569387793276,0.883430612206724
537,11,C,NHB,0.604526425000,-0.000384188000,-0.000635518951880,0.000635518951880,0.000595576883593,NHB,0.000,0.001,0.404423116406564,0.595576883593436
538,11,C,NHB,0.604526425000,-0.000282786000,-0.000467781040341,0.000467781040341,0.000149192693262,NHB,0.000,0.001,0.850807306738387,0.149192693261613
539,11,C,NHB,0.604526425000,-0.000024152000,-0.000039951934276,0.000039951934276,0.000612061262168,NHB,0.000,0.001,0.387938737832447,0.612061262167553
540,11,C,NHB,0.604526425000,-0.000072980000,-0.000120722597031,0.000120722597031,0.000551885419757,NHB,0.000,0.001,0.448114580242916,0.551885419757084
541,11,C,NHB,0.604526425000,-0.000099125000,-0.000163971326812,0.000163971326812,0.000574365151982,NHB,0.000,0.001,0.425634848017819,0.574365151982181
542,11,C,NHB,0.604526425000,-0.000223193000,-0.000369203050140,0.000369203050140,0.000011286537759,NHB,0.000,0.001,0.988713462241201,0.011286537758799
543,11,C,NHB,0.604526425000,-0.000057105000,-0.000094462371930,0.000094462371930,0.000549386987711,NHB,0.000,0.001,0.450613012289410,0.549386987710590
544,11,C,NHB,0.610796623000,-0.000342923000,-0.000561435651552,0.000561435651552,0.000389463338391,NHB,0.000,0.001,0.610536661608773,0.389463338391227
545,11,C,NHB,0.610796623000,-0.000409918000,-0.000671120278934,0.000671120278934,0.000696568221315,NHB,0.000,0.001,0.303431778684762,0.696568221315238
546,11,C,NHB,0.610796623000,-0.000079184000,-0.000129640533392,0.000129640533392,0.000316297442562,NHB,0.000,0.001,0.683702557437993,0.316297442562007
547,11,C,NHB,0.610796623000,-0.000431116000,-0.000705825775333,0.000705825775333,0.000661316383409,NHB,0.000,0.001,0.338683616591360,0.661316383408640
548,11,C,NHB,0.610796623000,-0.000417671000,-0.000683813538373,0.000683813538373,0.000632248689620,NHB,0.000,0.001,0.367751310379653,0.632248689620347
549,11,C,NHB,0.610796623000,-0.000163403000,-0.000267524399852,0.000267524399852,0.000404743910178,NHB,0.000,0.001,0.595256089822279,0.404743910177721
550,11,C,NHB,0.610796623000,-0.000497303000,-0.000814187540130,0.000814187540130,0.000657436659135,NHB,0.000,0.001,0.342563340865023,0.657436659134977
551,11,C,NHB,0.610796623000,-0.000146785000,-0.000240317307714,0.000240317307714,0.000318892711124,NHB,0.000,0.001,0.681107288875770,0.318892711124230
552,12,H,NHB,0.070423299000,0.000171931000,0.002441393721132,-0.002441393721132,-0.000940420552599,NHB,-0.001,0.000,0.940420552598867,0.059579447401133
553,12,H,NHB,0.180161591000,0.000407178000,0.002260071071419,-0.002260071071419,-0.000626656767294,NHB,-0.001,0.000,0.626656767294238,0.373343232705762
554,12,H,NHB,0.180161591000,0.000013283000,0.000073728256541,-0.000073728256541,-0.000662840844129,NHB,-0.001,0.000,0.662840844129045,0.337159155870955
555,12,H,NHB,0.180161591000,0.000429798000,0.002385625024815,-0.002385625024815,-0.000690592554903,NHB,-0.001,0.000,0.690592554902716,0.309407445097284
556,12,H,NHB,0.180161591000,0.000042934000,0.000238308286254,-0.000238308286254,-0.000673308039257,NHB,-0.001,0.000,0.673308039257006,0.326691960742994
557,12,H,NHB,0.151059761000,0.000004749000,0.000031437889009,-0.000031437889009,-0.000452043056152,NHB,-0.001,0.000,0.452043056151684,0.547956943848316
558,12,H,NHB,0.151059761000,0.000371757000,0.002460992904656,-0.002460992904656,-0.000928620124896,NHB,-0.001,0.000,0.928620124895502,0.071379875104498
559,12,H,NHB,0.151059761000,0.000374832000,0.002481349086737,-0.002481349086737,-0.000892760537308,NHB,-0.001,0.000,0.892760537307986,0.107239462692014
560,12,H,NHB,0.151059761000,0.000372597000,0.002466553617810,-0.002466553617810,-0.000940874575856,NHB,-0.001,0.000,0.940874575856248,0.059125424143752
561,12,H,NHB,0.151059761000,0.000371025000,0.002456147140336,-0.002456147140336,-0.000903169188266,NHB,-0.001,0.000,0.903169188266195,0.096830811733805
562,12,H,NHB,0.182903957000,0.000459356000,0.002511460153921,-0.002511460153921,-0.000763795196221,NHB,-0.001,0.000,0.763795196220887,0.236204803779113
563,12,H,NHB,0.182903957000,0.000066443000,0.000363267154466,-0.000363267154466,-0.000693036619213,NHB,-0.001,0.000,0.693036619212994,0.306963380787006
564,12,H,NHB,0.182903957000,0.000457155000,0.002499426515961,-0.002499426515961,-0.000778081811714,NHB,-0.001,0.000,0.778081811714047,0.221918188285953
565,12,H,NHB,0.182903957000,0.000085467000,0.000467278026139,-0.000467278026139,-0.000698786739721,NHB,-0.001,0.000,0.698786739721299,0.301213260278701
566,12,H,NHB,0.182903957000,0.000398296000,0.002177623745997,-0.002177623745997,-0.000703372976931,NHB,-0.001,0.000,0.703372976931419,0.296627023068581
567,12,H,NHB,0.182903957000,0.000226597000,0.001238885170757,-0.001238885170757,-0.000715561642114,NHB,-0.001,0.000,0.715561642113778,0.284438357886222
568,12,H,NHB,0.182903957000,0.000434652000,0.002376394732674,-0.002376394732674,-0.000771588394150,NHB,-0.001,0.000,0.771588394150157,0.228411605849843
569,12,H,NHB,0.182903957000,0.000309657000,0.001693003284779,-0.001693003284779,-0.000751499208084,NHB,-0.001,0.000,0.751499208083612,0.248500791916388
570,12,H,NHB,0.182903957000,0.000083452000,0.000456261315331,-0.000456261315331,-0.000365261062945,NHB,-0.001,0.000,0.365261062944798,0.634738937055202
571,12,H,NHB,0.182903957000,0.000155413000,0.000849697308626,-0.000849697308626,-0.000441747917321,NHB,-0.001,0.000,0.441747917321461,0.558252082678539
572,12,H,NHB,0.176514367000,0.000140804000,0.000797691442306,-0.000797691442306,-0.000450553049118,NHB,-0.001,0.000,0.450553049118213,0.549446950881787
573,12,H,NHB,0.176514367000,0.000233458000,0.001322600556362,-0.001322600556362,-0.000566898993521,NHB,-0.001,0.000,0.566898993520509,0.433101006479491
574,12,H,NHB,0.176514367000,0.000003079000,0.000017443339329,-0.000017443339329,-0.000615206142566,NHB,-0.001,0.000,0.615206142566485,0.384793857433515
575,12,H,NHB,0.176514367000,0.000358024000,0.002028299486806,-0.002028299486806,-0.000574823511341,NHB,-0.001,0.000,0.574823511340963,0.425176488659037
576,12,H,NHB,0.176514367000,0.000374065000,0.002119175942205,-0.002119175942205,-0.000597632341529,NHB,-0.001,0.000,0.597632341529467,0.402367658470533
577,12,H,NHB,0.176514367000,0.000435968000,0.002469872608160,-0.002469872608160,-0.000832973406013,NHB,-0.001,0.000,0.832973406012631,0.167026593987369
578,12,H,NHB,0.176514367000,0.000314943000,0.001784234367733,-0.001784234367733,-0.000787458423810,NHB,-0.001,0.000,0.787458423809749,0.212541576190251
579,12,H,NHB,0.176514367000,0.000442225000,0.002505320147680,-0.002505320147680,-0.000866015986054,NHB,-0.001,0.000,0.866015986053650,0.133984013946350
580,12,H,NHB,0.176514367000,0.000353534000,0.002002862463881,-0.002002862463881,-0.000804551797542,NHB,-0.001,0.000,0.804551797542084,0.195448202457916
581,12,H,NHB,0.178345189000,0.000437209000,0.002451476277277,-0.002451476277277,-0.000676363566536,NHB,-0.001,0.000,0.676363566536362,0.323636433463638
582,12,H,NHB,0.178345189000,0.000439674000,0.002465297788324,-0.002465297788324,-0.000893957963653,NHB,-0.001,0.000,0.893957963652870,0.106042036347130
583,12,H,NHB,0.178345189000,0.000358750000,0.002011548514493,-0.002011548514493,-0.000812291400905,NHB,-0.001,0.000,0.812291400904720,0.187708599095280
584,12,H,NHB,0.178345189000,0.000076651000,0.000429790118981,-0.000429790118981,-0.000560904272931,NHB,-0.001,0.000,0.560904272931329,0.439095727068671
585,12,H,NHB,0.178345189000,0.000166570000,0.000933975292151,-0.000933975292151,-0.000643649596537,NHB,-0.001,0.000,0.643649596537057,0.356350403462943
586,12,H,NHB,0.178345189000,0.000446358000,0.002502775670613,-0.002502775670613,-0.000844631373449,NHB,-0.001,0.000,0.844631373448692,0.155368626551308
587,12,H,NHB,0.178345189000,0.000445345000,0.002497095674389,-0.002497095674389,-0.000876088327670,NHB,-0.001,0.000,0.876088327669560,0.123911672330440
588,13,H,NHB,0.070423299000,0.000116785000,0.001658329014095,-0.001658329014095,-0.001014575368257,NHB,-0.002,-0.001,0.014575368257387,0.985424631742613
589,13,H,NHB,0.070423299000,0.000200261000,0.002843675358066,-0.002843675358066,-0.000903914660687,NHB,-0.001,0.000,0.903914660686852,0.096085339313148
590,13,H,NHB,0.180161591000,0.000456514000,0.002533914123793,-0.002533914123793,-0.001017728318583,NHB,-0.002,-0.001,0.017728318582554,0.982271681417446
591,13,H,NHB,0.180161591000,0.000520102000,0.002886863937608,-0.002886863937608,-0.000967907135632,NHB,-0.001,0.000,0.967907135632426,0.032092864367574
592,13,H,NHB,0.151059761000,0.000347663000,0.002301493115695,-0.002301493115695,-0.000768383412823,NHB,-0.001,0.000,0.768383412822737,0.231616587177263
593,13,H,NHB,0.151059761000,0.000395213000,0.002616269199579,-0.002616269199579,-0.000708656475780,NHB,-0.001,0.000,0.708656475780370,0.291343524219630
594,13,H,NHB,0.151059761000,0.000441417000,0.002922134902623,-0.002922134902623,-0.001024019450610,NHB,-0.002,-0.001,0.024019450610430,0.975980549389570
595,13,H,NHB,0.151059761000,0.000437480000,0.002896072369663,-0.002896072369663,-0.000988441566155,NHB,-0.001,0.000,0.988441566155181,0.011558433844819
596,13,H,NHB,0.151059761000,0.000038166000,0.000252654974080,-0.000252654974080,-0.000913297754461,NHB,-0.001,0.000,0.913297754461292,0.086702245538708
597,13,H,NHB,0.151059761000,0.000089608000,0.000593195695576,-0.000593195695576,-0.000988969385218,NHB,-0.001,0.000,0.988969385217796,0.011030614782204
598,13,H,NHB,0.151059761000,0.000358649000,0.002374219299870,-0.002374219299870,-0.001045524222424,NHB,-0.002,-0.001,0.045524222423559,0.954475777576441
599,13,H,NHB,0.151059761000,0.000405591000,0.002684970486614,-0.002684970486614,-0.001086082558563,NHB,-0.002,-0.001,0.086082558563135,0.913917441436865
600,13,H,NHB,0.182903957000,0.000026610000,0.000145486190876,-0.000145486190876,-0.000949652161559,NHB,-0.001,0.000,0.949652161558506,0.050347838441494
601,13,H,NHB,0.182903957000,0.000141937000,0.000776019296291,-0.000776019296291,-0.000887526177292,NHB,-0.001,0.000,0.887526177292442,0.112473822707558
602,13,H,NHB,0.182903957000,0.000461883000,0.002525276148072,-0.002525276148072,-0.000930426218397,NHB,-0.001,0.000,0.930426218396534,0.069573781603466
603,13,H,NHB,0.182903957000,0.000024397000,0.000133386944712,-0.000133386944712,-0.000662655450019,NHB,-0.001,0.000,0.662655450019483,0.337344549980517
604,13,H,NHB,0.182903957000,0.000305418000,0.001669827186954,-0.001669827186954,-0.000406968151673,NHB,-0.001,0.000,0.406968151673088,0.593031848326912
605,13,H,NHB,0.182903957000,0.000309083000,0.001689865025719,-0.001689865025719,-0.000886479845034,NHB,-0.001,0.000,0.886479845034115,0.113520154965885
606,13,H,NHB,0.182903957000,0.000527993000,0.002886722674895,-0.002886722674895,-0.000709704310161,NHB,-0.001,0.000,0.709704310161273,0.290295689838727
607,13,H,NHB,0.182903957000,0.000523352000,0.002861348702259,-0.002861348702259,-0.001160982452910,NHB,-0.002,-0.001,0.160982452910475,0.839017547089525
608,13,H,NHB,0.182903957000,0.000528064000,0.002887110856765,-0.002887110856765,-0.001158130121836,NHB,-0.002,-0.001,0.158130121835698,0.841869878164302
609,13,H,NHB,0.176514367000,0.000071580000,0.000405519398883,-0.000405519398883,-0.000573566774340,NHB,-0.001,0.000,0.573566774339529,0.426433225660471
610,13,H,NHB,0.176514367000,0.000242740000,0.001375185511103,-0.001375185511103,-0.000427149216741,NHB,-0.001,0.000,0.427149216740706,0.572850783259294
611,13,H,NHB,0.176514367000,0.000513579000,0.002909559197524,-0.002909559197524,-0.001068585926885,NHB,-0.002,-0.001,0.068585926885401,0.931414073114599
612,13,H,NHB,0.176514367000,0.000512554000,0.002903752304763,-0.002903752304763,-0.001010068682056,NHB,-0.002,-0.001,0.010068682055705,0.989931317944295
613,13,H,NHB,0.176514367000,0.000464426000,0.002631094612259,-0.002631094612259,-0.001061248427855,NHB,-0.002,-0.001,0.061248427855261,0.938751572144738
614,13,H,NHB,0.176514367000,0.000514565000,0.002915145145097,-0.002915145145097,-0.001091621567756,NHB,-0.002,-0.001,0.091621567756252,0.908378432243748
615,13,H,NHB,0.176514367000,0.000087810000,0.000497466588655,-0.000497466588655,-0.000832976908103,NHB,-0.001,0.000,0.832976908103235,0.167023091896765
616,13,H,NHB,0.176514367000,0.000452289000,0.002562335336704,-0.002562335336704,-0.000718932059385,NHB,-0.001,0.000,0.718932059384886,0.281067940615114
617,13,H,NHB,0.178345189000,0.000095782000,0.000537059623178,-0.000537059623178,-0.000894363276531,NHB,-0.001,0.000,0.894363276530854,0.105636723469146
618,13,H,NHB,0.178345189000,0.000316182000,0.001772865316821,-0.001772865316821,-0.001018667575699,NHB,-0.002,-0.001,0.018667575699384,0.981332424300616
619,13,H,NHB,0.178345189000,0.000024280000,0.000136140482040,-0.000136140482040,-0.000782266645060,NHB,-0.001,0.000,0.782266645059522,0.217733354940478
620,13,H,NHB,0.178345189000,0.000392533000,0.002200973304640,-0.002200973304640,-0.000864429126353,NHB,-0.001,0.000,0.864429126352532,0.135570873647468
621,13,H,NHB,0.178345189000,0.000517283000,0.002900459512816,-0.002900459512816,-0.000717097849216,NHB,-0.001,0.000,0.717097849216200,0.282902150783800
622,13,H,NHB,0.178345189000,0.000000546000,0.000003061478715,-0.000003061478715,-0.000697284716423,NHB,-0.001,0.000,0.697284716422934,0.302715283577066
623,13,H,NHB,0.178345189000,0.000269021000,0.001508428691059,-0.001508428691059,-0.000437058327251,NHB,-0.001,0.000,0.437058327251484,0.562941672748516
624,13,H,NHB,0.178345189000,0.000140901000,0.000790046542831,-0.000790046542831,-0.000470234821481,NHB,-0.001,0.000,0.470234821480981,0.529765178519019
625,13,H,NHB,0.178345189000,0.000521993000,0.002926868972058,-0.002926868972058,-0.001148129067446,NHB,-0.002,-0.001,0.148129067445846,0.851870932554154
626,13,H,NHB,0.178345189000,0.000514464000,0.002884653086997,-0.002884653086997,-0.001158887658290,NHB,-0.002,-0.001,0.158887658290199,0.841112341709801
627,14,H,NHB,0.070423299000,0.000135008000,0.001917092807595,-0.001917092807595,-0.001024011126549,NHB,-0.002,-0.001,0.024011126548698,0.975988873451302
628,14,H,NHB,0.070423299000,0.000199275000,0.002829674309918,-0.002829674309918,-0.000875188956466,NHB,-0.001,0.000,0.875188956466234,0.124811043533766
629,14,H,NHB,0.180161591000,0.000501733000,0.002784905468558,-0.002784905468558,-0.001061357739256,NHB,-0.002,-0.001,0.061357739256177,0.938642260743823
630,14,H,NHB,0.180161591000,0.000519082000,0.002881202353503,-0.002881202353503,-0.000910822693403,NHB,-0.001,0.000,0.910822693403299,0.089177306596701
631,14,H,NHB,0.151059761000,0.000348020000,0.002303856418785,-0.002303856418785,-0.000748278794463,NHB,-0.001,0.000,0.748278794463197,0.251721205536803
632,14,H,NHB,0.151059761000,0.000383992000,0.002541987339699,-0.002541987339699,-0.000656805891578,NHB,-0.001,0.000,0.656805891577521,0.343194108422479
633,14,H,NHB,0.151059761000,0.000429959000,0.002846284127247,-0.002846284127247,-0.001021931966685,NHB,-0.002,-0.001,0.021931966685425,0.978068033314575
634,14,H,NHB,0.151059761000,0.000440600000,0.002916726447091,-0.002916726447091,-0.000947692817163,NHB,-0.001,0.000,0.947692817163368,0.052307182836632
635,14,H,NHB,0.151059761000,0.000393115000,0.002602380656487,-0.002602380656487,-0.001072435501259,NHB,-0.002,-0.001,0.072435501259072,0.927564498740928
636,14,H,NHB,0.151059761000,0.000413206000,0.002735380999312,-0.002735380999312,-0.001070688743824,NHB,-0.002,-0.001,0.070688743824299,0.929311256175701
637,14,H,NHB,0.151059761000,0.000078898000,0.000522296602866,-0.000522296602866,-0.000937555132339,NHB,-0.001,0.000,0.937555132338587,0.062444867661413
638,14,H,NHB,0.151059761000,0.000105363000,0.000697492166693,-0.000697492166693,-0.000978723644825,NHB,-0.001,0.000,0.978723644824892,0.021276355175108
639,14,H,NHB,0.182903957000,0.000261867000,0.001431718615032,-0.001431718615032,-0.000937489617286,NHB,-0.001,0.000,0.937489617286309,0.062510382713691
640,14,H,NHB,0.182903957000,0.000410434000,0.002243986443661,-0.002243986443661,-0.000888177770474,NHB,-0.001,0.000,0.888177770473551,0.111822229526449
641,14,H,NHB,0.182903957000,0.000007966000,0.000043552912308,-0.000043552912308,-0.000922618807105,NHB,-0.001,0.000,0.922618807105087,0.077381192894913
642,14,H,NHB,0.182903957000,0.000064291000,0.000351501416670,-0.000351501416670,-0.000675604328602,NHB,-0.001,0.000,0.675604328601642,0.324395671398358
643,14,H,NHB,0.182903957000,0.000190301000,0.001040442225096,-0.001040442225096,-0.000356367343522,NHB,-0.001,0.000,0.356367343522176,0.643632656477824
644,14,H,NHB,0.182903957000,0.000400686000,0.002190690713159,-0.002190690713159,-0.000930289537721,NHB,-0.001,0.000,0.930289537720889,0.069710462279111
645,14,H,NHB,0.182903957000,0.000501876000,0.002743931887707,-0.002743931887707,-0.000654753954180,NHB,-0.001,0.000,0.654753954180425,0.345246045819575
646,14,H,NHB,0.182903957000,0.000527418000,0.002883578948486,-0.002883578948486,-0.001177026740794,NHB,-0.002,-0.001,0.177026740794297,0.822973259205703
647,14,H,NHB,0.182903957000,0.000528715000,0.002890670101796,-0.002890670101796,-0.001127321303571,NHB,-0.002,-0.001,0.127321303571005,0.872678696428995
648,14,H,NHB,0.176514367000,0.000090595000,0.000513244341182,-0.000513244341182,-0.000551720600565,NHB,-0.001,0.000,0.551720600565374,0.448279399434626
649,14,H,NHB,0.176514367000,0.000164334000,0.000930995039061,-0.000930995039061,-0.000367759446098,NHB,-0.001,0.000,0.367759446098335,0.632240553901665
650,14,H,NHB,0.176514367000,0.000513945000,0.002911632683135,-0.002911632683135,-0.001093908924929,NHB,-0.002,-0.001,0.093908924929058,0.906091075070942
651,14,H,NHB,0.176514367000,0.000508990000,0.002883561313737,-0.002883561313737,-0.000955660217963,NHB,-0.001,0.000,0.955660217963237,0.044339782036763
652,14,H,NHB,0.176514367000,0.000490780000,0.002780396906729,-0.002780396906729,-0.001099347526265,NHB,-0.002,-0.001,0.099347526265037,0.900652473734963
653,14,H,NHB,0.176514367000,0.000515023000,0.002917739834741,-0.002917739834741,-0.001046877518760,NHB,-0.002,-0.001,0.046877518760184,0.953122481239816
654,14,H,NHB,0.176514367000,0.000195944000,0.001110073946559,-0.001110073946559,-0.000884350800803,NHB,-0.001,0.000,0.884350800802978,0.115649199197022
655,14,H,NHB,0.176514367000,0.000385727000,0.002185244218676,-0.002185244218676,-0.000691876584496,NHB,-0.001,0.000,0.691876584496452,0.308123415503548
656,14,H,NHB,0.178345189000,0.000189806000,0.001064261957748,-0.001064261957748,-0.000939833485345,NHB,-0.001,0.000,0.939833485345129,0.060166514654871
657,14,H,NHB,0.178345189000,0.000289685000,0.001624293885494,-0.001624293885494,-0.000981203942434,NHB,-0.001,0.000,0.981203942433521,0.018796057566479
658,14,H,NHB,0.178345189000,0.000000002000,0.000000011214208,-0.000000011214208,-0.000755887941264,NHB,-0.001,0.000,0.755887941264157,0.244112058735843
659,14,H,NHB,0.178345189000,0.000433383000,0.002430023497858,-0.002430023497858,-0.000881694191945,NHB,-0.001,0.000,0.881694191944836,0.118305808055164
660,14,H,NHB,0.178345189000,0.000503600000,0.002823737510520,-0.002823737510520,-0.000651872183479,NHB,-0.001,0.000,0.651872183478727,0.348127816521273
661,14,H,NHB,0.178345189000,0.000020392000,0.000114340062181,-0.000114340062181,-0.000739224347104,NHB,-0.001,0.000,0.739224347104401,0.260775652895599
662,14,H,NHB,0.178345189000,0.000148243000,0.000831213899468,-0.000831213899468,-0.000418079617572,NHB,-0.001,0.000,0.418079617571853,0.581920382428147
663,14,H,NHB,0.178345189000,0.000112865000,0.000632845778643,-0.000632845778643,-0.000426876705048,NHB,-0.001,0.000,0.426876705047963,0.573123294952037
664,14,H,NHB,0.178345189000,0.000518836000,0.002909167345131,-0.002909167345131,-0.001135822173319,NHB,-0.002,-0.001,0.135822173319479,0.864177826680521
665,14,H,NHB,0.178345189000,0.000515503000,0.002890478867922,-0.002890478867922,-0.001159772094160,NHB,-0.002,-0.001,0.159772094159599,0.840227905840401
666,15,H,NHB,0.070423299000,0.000117233000,0.001664690545099,-0.001664690545099,-0.000578611632025,NHB,-0.001,0.000,0.578611632025265,0.421388367974735
667,15,H,NHB,0.180161591000,0.000218980000,0.001215464399401,-0.001215464399401,-0.000301830248826,NHB,-0.001,0.000,0.301830248825784,0.698169751174216
668,15,H,NHB,0.180161591000,0.000058672000,0.000325663198656,-0.000325663198656,-0.000333998216827,NHB,-0.001,0.000,0.333998216827215,0.666001783172785
669,15,H,NHB,0.180161591000,0.000255136000,0.001416150904218,-0.001416150904218,-0.000340442953474,NHB,-0.001,0.000,0.340442953474145,0.659557046525855
670,15,H,NHB,0.180161591000,0.000106430000,0.000590747447385,-0.000590747447385,-0.000383192046256,NHB,-0.001,0.000,0.383192046256062,0.616807953743938
671,15,H,NHB,0.151059761000,0.000000942000,0.000006235942608,-0.000006235942608,-0.000087649582229,NHB,-0.001,0.000,0.087649582228723,0.912350417771277
672,15,H,NHB,0.151059761000,0.000013673000,0.000090513846371,-0.000090513846371,-0.000158219416469,NHB,-0.001,0.000,0.158219416468607,0.841780583531393
673,15,H,NHB,0.151059761000,0.000022366000,0.000148060607616,-0.000148060607616,-0.000164870897464,NHB,-0.001,0.000,0.164870897463608,0.835129102536392
674,15,H,NHB,0.151059761000,0.000247703000,0.001639768250395,-0.001639768250395,-0.000555333116221,NHB,-0.001,0.000,0.555333116221472,0.444666883778528
675,15,H,NHB,0.151059761000,0.000251357000,0.001663957352614,-0.001663957352614,-0.000558496169745,NHB,-0.001,0.000,0.558496169744928,0.441503830255072
676,15,H,NHB,0.151059761000,0.000246911000,0.001634525292278,-0.001634525292278,-0.000564193731772,NHB,-0.001,0.000,0.564193731772080,0.435806268227920
677,15,H,NHB,0.151059761000,0.000248923000,0.001647844524261,-0.001647844524261,-0.000567244872495,NHB,-0.001,0.000,0.567244872494935,0.432755127505065
678,15,H,NHB,0.182903957000,0.000290315000,0.001587253795717,-0.001587253795717,-0.000396553977080,NHB,-0.001,0.000,0.396553977079596,0.603446022920404
679,15,H,NHB,0.182903957000,0.000140763000,0.000769600627066,-0.000769600627066,-0.000528028519270,NHB,-0.001,0.000,0.528028519269871,0.471971480730129
680,15,H,NHB,0.182903957000,0.000294337000,0.001609243478532,-0.001609243478532,-0.000410680892578,NHB,-0.001,0.000,0.410680892578232,0.589319107421768
681,15,H,NHB,0.182903957000,0.000157279000,0.000859899384244,-0.000859899384244,-0.000547594798002,NHB,-0.001,0.000,0.547594798001689,0.452405201998311
682,15,H,NHB,0.182903957000,0.000247178000,0.001351408706811,-0.001351408706811,-0.000356798404953,NHB,-0.001,0.000,0.356798404952752,0.643201595047248
683,15,H,NHB,0.182903957000,0.000193777000,0.001059446734660,-0.001059446734660,-0.000344005894515,NHB,-0.001,0.000,0.344005894514863,0.655994105485137
684,15,H,NHB,0.182903957000,0.000278717000,0.001523843467203,-0.001523843467203,-0.000399958374433,NHB,-0.001,0.000,0.399958374432786,0.600041625567214
685,15,H,NHB,0.182903957000,0.000246185000,0.001345979627986,-0.001345979627986,-0.000385772712811,NHB,-0.001,0.000,0.385772712811143,0.614227287188857
686,15,H,NHB,0.182903957000,0.000005763000,0.000031508339647,-0.000031508339647,-0.000099002260461,NHB,-0.001,0.000,0.099002260460697,0.900997739539303
687,15,H,NHB,0.182903957000,0.000030191000,0.000165064772218,-0.000165064772218,-0.000136791617060,NHB,-0.001,0.000,0.136791617060416,0.863208382939584
688,15,H,NHB,0.176514367000,0.000050890000,0.000288305144023,-0.000288305144023,-0.000166446503889,NHB,-0.001,0.000,0.166446503889240,0.833553496110760
689,15,H,NHB,0.176514367000,0.000001387000,0.000007857717327,-0.000007857717327,-0.000144406929622,NHB,-0.001,0.000,0.144406929621777,0.855593070378223
690,15,H,NHB,0.176514367000,0.000113223000,0.000641437872306,-0.000641437872306,-0.000223840975937,NHB,-0.001,0.000,0.223840975936957,0.776159024063043
691,15,H,NHB,0.176514367000,0.000022786000,0.000129088642399,-0.000129088642399,-0.000203754006657,NHB,-0.001,0.000,0.203754006657382,0.796245993342618
692,15,H,NHB,0.176514367000,0.000122524000,0.000694130467012,-0.000694130467012,-0.000221236983318,NHB,-0.001,0.000,0.221236983317759,0.778763016682241
693,15,H,NHB,0.176514367000,0.000155920000,0.000883327531067,-0.000883327531067,-0.000244518264868,NHB,-0.001,0.000,0.244518264868291,0.755481735131709
694,15,H,NHB,0.176514367000,0.000285420000,0.001616978860423,-0.001616978860423,-0.000468569120628,NHB,-0.001,0.000,0.468569120627952,0.531430879372048
695,15,H,NHB,0.176514367000,0.000256255000,0.001451751516634,-0.001451751516634,-0.000483998811308,NHB,-0.001,0.000,0.483998811308282,0.516001188691718
696,15,H,NHB,0.176514367000,0.000285297000,0.001616282033292,-0.001616282033292,-0.000491651443461,NHB,-0.001,0.000,0.491651443461012,0.508348556538988
697,15,H,NHB,0.176514367000,0.000268972000,0.001523796643703,-0.001523796643703,-0.000508172325853,NHB,-0.001,0.000,0.508172325852702,0.491827674147298
698,15,H,NHB,0.178345189000,0.000210377000,0.001179605691522,-0.001179605691522,-0.000287294775491,NHB,-0.001,0.000,0.287294775491310,0.712705224508690
699,15,H,NHB,0.178345189000,0.000290830000,0.001630714019429,-0.001630714019429,-0.000517405405160,NHB,-0.001,0.000,0.517405405159644,0.482594594840356
700,15,H,NHB,0.178345189000,0.000275753000,0.001546175714333,-0.001546175714333,-0.000571450268773,NHB,-0.001,0.000,0.571450268773499,0.428549731226501
701,15,H,NHB,0.178345189000,0.000054578000,0.000306024515189,-0.000306024515189,-0.000195650676495,NHB,-0.001,0.000,0.195650676495076,0.804349323504924
702,15,H,NHB,0.178345189000,0.000121850000,0.000683225606944,-0.000683225606944,-0.000254477484670,NHB,-0.001,0.000,0.254477484669956,0.745522515330044
703,15,H,NHB,0.178345189000,0.000288806000,0.001619365241190,-0.001619365241190,-0.000483525562584,NHB,-0.001,0.000,0.483525562583682,0.516474437416318
704,15,H,NHB,0.178345189000,0.000288393000,0.001617049507290,-0.001617049507290,-0.000508145558797,NHB,-0.001,0.000,0.508145558796691,0.491854441203309
705,16,H,NHB,0.070423299000,0.000007371000,0.000104667064802,-0.000104667064802,-0.000153581585787,NHB,-0.001,0.000,0.153581585786853,0.846418414213147
706,16,H,NHB,0.070423299000,0.000106241000,0.001508605837963,-0.001508605837963,-0.000460149357954,NHB,-0.001,0.000,0.460149357954072,0.539850642045928
707,16,H,NHB,0.180161591000,0.000246986000,0.001370913737102,-0.001370913737102,-0.000356221682438,NHB,-0.001,0.000,0.356221682437979,0.643778317562021
708,16,H,NHB,0.180161591000,0.000009637000,0.000053490868650,-0.000053490868650,-0.000089291619686,NHB,-0.001,0.000,0.089291619686078,0.910708380313922
709,16,H,NHB,0.180161591000,0.000245304000,0.001361577673901,-0.001361577673901,-0.000357449717136,NHB,-0.001,0.000,0.357449717135618,0.642550282864382
710,16,H,NHB,0.180161591000,0.000010623000,0.000058963733285,-0.000058963733285,-0.000082860255572,NHB,-0.001,0.000,0.082860255572286,0.917139744427714
711,16,H,NHB,0.151059761000,0.000000038000,0.000000251556071,-0.000000251556071,-0.000039557060157,NHB,-0.001,0.000,0.039557060156996,0.960442939843004
712,16,H,NHB,0.151059761000,0.000000084000,0.000000556071315,-0.000000556071315,-0.000045195133097,NHB,-0.001,0.000,0.045195133096742,0.954804866903258
713,16,H,NHB,0.151059761000,0.000223597000,0.001480189022674,-0.001480189022674,-0.000490210966341,NHB,-0.001,0.000,0.490210966340760,0.509789033659240
714,16,H,NHB,0.151059761000,0.000222686000,0.001474158296861,-0.001474158296861,-0.000386225708832,NHB,-0.001,0.000,0.386225708832181,0.613774291167819
715,16,H,NHB,0.151059761000,0.000223555000,0.001479910987017,-0.001479910987017,-0.000490329199516,NHB,-0.001,0.000,0.490329199516100,0.509670800483900
716,16,H,NHB,0.151059761000,0.000222463000,0.001472682059917,-0.001472682059917,-0.000386170530788,NHB,-0.001,0.000,0.386170530787770,0.613829469212230
717,16,H,NHB,0.151059761000,0.000090251000,0.000597452289098,-0.000597452289098,-0.000210938438585,NHB,-0.001,0.000,0.210938438584533,0.789061561415467
718,16,H,NHB,0.151059761000,0.000091331000,0.000604601777438,-0.000604601777438,-0.000216023804590,NHB,-0.001,0.000,0.216023804589629,0.783976195410371
719,16,H,NHB,0.182903957000,0.000269989000,0.001476124433984,-0.001476124433984,-0.000445168532752,NHB,-0.001,0.000,0.445168532752479,0.554831467247521
720,16,H,NHB,0.182903957000,0.000032034000,0.000175141098779,-0.000175141098779,-0.000138146358923,NHB,-0.001,0.000,0.138146358922504,0.861853641077496
721,16,H,NHB,0.182903957000,0.000273220000,0.001493789442729,-0.001493789442729,-0.000445364132958,NHB,-0.001,0.000,0.445364132957801,0.554635867042199
722,16,H,NHB,0.182903957000,0.000032733000,0.000178962776623,-0.000178962776623,-0.000132878508327,NHB,-0.001,0.000,0.132878508327194,0.867121491672806
723,16,H,NHB,0.182903957000,0.000064340000,0.000351769316833,-0.000351769316833,-0.000157871702653,NHB,-0.001,0.000,0.157871702653241,0.842128297346759
724,16,H,NHB,0.182903957000,0.000064965000,0.000355186410757,-0.000355186410757,-0.000166701951387,NHB,-0.001,0.000,0.166701951386643,0.833298048613357
725,16,H,NHB,0.182903957000,0.000240457000,0.001314662645598,-0.001314662645598,-0.000340504192727,NHB,-0.001,0.000,0.340504192726934,0.659495807273066
726,16,H,NHB,0.182903957000,0.000143563000,0.000784909207842,-0.000784909207842,-0.000217109913803,NHB,-0.001,0.000,0.217109913802886,0.782890086197114
727,16,H,NHB,0.182903957000,0.000240768000,0.001316362991534,-0.001316362991534,-0.000342644478263,NHB,-0.001,0.000,0.342644478263439,0.657355521736561
728,16,H,NHB,0.182903957000,0.000147762000,0.000807866611656,-0.000807866611656,-0.000220000088784,NHB,-0.001,0.000,0.220000088783769,0.779999911216231
729,16,H,NHB,0.176514367000,0.000103564000,0.000586717114081,-0.000586717114081,-0.000209818629799,NHB,-0.001,0.000,0.209818629799430,0.790181370200570
730,16,H,NHB,0.176514367000,0.000000000000,0.000000000000000,-0.000000000000000,-0.000025179056614,NHB,-0.001,0.000,0.025179056614268,0.974820943385732
731,16,H,NHB,0.176514367000,0.000106662000,0.000604268093373,-0.000604268093373,-0.000213215366176,NHB,-0.001,0.000,0.213215366175774,0.786784633824226
732,16,H,NHB,0.176514367000,0.000000003000,0.000000016995784,-0.000000016995784,-0.000023624043993,NHB,-0.001,0.000,0.023624043993108,0.976375956006892
733,16,H,NHB,0.176514367000,0.000258427000,0.001464056464027,-0.001464056464027,-0.000465254263772,NHB,-0.001,0.000,0.465254263771771,0.534745736228229
734,16,H,NHB,0.176514367000,0.000177755000,0.001007028510036,-0.001007028510036,-0.000249176516161,NHB,-0.001,0.000,0.249176516160637,0.750823483839363
735,16,H,NHB,0.176514367000,0.000259452000,0.001469863356788,-0.001469863356788,-0.000465442853948,NHB,-0.001,0.000,0.465442853948296,0.534557146051704
736,16,H,NHB,0.176514367000,0.000181215000,0.001026630313894,-0.001026630313894,-0.000248293730875,NHB,-0.001,0.000,0.248293730875152,0.751706269124848
737,16,H,NHB,0.176514367000,0.000202103000,0.001144966290478,-0.001144966290478,-0.000292452964630,NHB,-0.001,0.000,0.292452964629776,0.707547035370224
738,16,H,NHB,0.176514367000,0.000202887000,0.001149407855282,-0.001149407855282,-0.000296355380772,NHB,-0.001,0.000,0.296355380772436,0.703644619227564
739,16,H,NHB,0.178345189000,0.000259999000,0.001457841399916,-0.001457841399916,-0.000510682072526,NHB,-0.001,0.000,0.510682072525654,0.489317927474346
740,16,H,NHB,0.178345189000,0.000188235000,0.001055453197563,-0.001055453197563,-0.000260462838705,NHB,-0.001,0.000,0.260462838704911,0.739537161295089
741,16,H,NHB,0.178345189000,0.000247443000,0.001387438603684,-0.001387438603684,-0.000353595822766,NHB,-0.001,0.000,0.353595822765870,0.646404177234130
742,16,H,NHB,0.178345189000,0.000007123000,0.000039939400888,-0.000039939400888,-0.000098249081642,NHB,-0.001,0.000,0.098249081641844,0.901750918358156
743,16,H,NHB,0.178345189000,0.000007354000,0.000041234641883,-0.000041234641883,-0.000115850939069,NHB,-0.001,0.000,0.115850939069293,0.884149060930707
744,16,H,NHB,0.178345189000,0.000060386000,0.000338590574484,-0.000338590574484,-0.000162057553387,NHB,-0.001,0.000,0.162057553387277,0.837942446612723
745,16,H,NHB,0.178345189000,0.000063144000,0.000354054966966,-0.000354054966966,-0.000166242525513,NHB,-0.001,0.000,0.166242525512843,0.833757474487157
746,16,H,NHB,0.178345189000,0.000257623000,0.001444518921113,-0.001444518921113,-0.000387376439994,NHB,-0.001,0.000,0.387376439993719,0.612623560006281
747,16,H,NHB,0.178345189000,0.000257741000,0.001445180559370,-0.001445180559370,-0.000388871003391,NHB,-0.001,0.000,0.388871003390580,0.611128996609420
748,17,H,NHB,0.070423299000,0.000081714000,0.001160326215334,-0.001160326215334,-0.000332963711860,NHB,-0.001,0.000,0.332963711859952,0.667036288140048
749,17,H,NHB,0.070423299000,0.000099422000,0.001411777088148,-0.001411777088148,-0.000322637391878,NHB,-0.001,0.000,0.322637391878351,0.677362608121649
750,17,H,NHB,0.180161591000,0.000268312000,0.001489285249485,-0.001489285249485,-0.000395884032553,NHB,-0.001,0.000,0.395884032553096,0.604115967446904
751,17,H,NHB,0.180161591000,0.000261145000,0.001449504295286,-0.001449504295286,-0.000356082173423,NHB,-0.001,0.000,0.356082173422916,0.643917826577084
752,17,H,NHB,0.151059761000,0.000005508000,0.000036462390537,-0.000036462390537,-0.000062905789773,NHB,-0.001,0.000,0.062905789773098,0.937094210226902
753,17,H,NHB,0.151059761000,0.000159816000,0.001057965396887,-0.001057965396887,-0.000245214090506,NHB,-0.001,0.000,0.245214090506092,0.754785909493908
754,17,H,NHB,0.151059761000,0.000228123000,0.001510150674739,-0.001510150674739,-0.000398017679801,NHB,-0.001,0.000,0.398017679800517,0.601982320199483
755,17,H,NHB,0.151059761000,0.000149594000,0.000990296813723,-0.000990296813723,-0.000224771171393,NHB,-0.001,0.000,0.224771171393134,0.775228828606866
756,17,H,NHB,0.151059761000,0.000225990000,0.001496030435266,-0.001496030435266,-0.000376389731741,NHB,-0.001,0.000,0.376389731741077,0.623610268258923
757,17,H,NHB,0.151059761000,0.000220439000,0.001459283389175,-0.001459283389175,-0.000369640239061,NHB,-0.001,0.000,0.369640239061012,0.630359760938988
758,17,H,NHB,0.151059761000,0.000075554000,0.000500159668596,-0.000500159668596,-0.000294792801477,NHB,-0.001,0.000,0.294792801477234,0.705207198522766
759,17,H,NHB,0.151059761000,0.000217411000,0.001439238342235,-0.001439238342235,-0.000354776328171,NHB,-0.001,0.000,0.354776328171486,0.645223671828514
760,17,H,NHB,0.151059761000,0.000065934000,0.000436476263192,-0.000436476263192,-0.000274690696384,NHB,-0.001,0.000,0.274690696383666,0.725309303616334
761,17,H,NHB,0.182903957000,0.000277814000,0.001518906449903,-0.001518906449903,-0.000481403684017,NHB,-0.001,0.000,0.481403684016870,0.518596315983130
762,17,H,NHB,0.182903957000,0.000276819000,0.001513466436377,-0.001513466436377,-0.000467600183628,NHB,-0.001,0.000,0.467600183627928,0.532399816372072
763,17,H,NHB,0.182903957000,0.000209502000,0.001145420817768,-0.001145420817768,-0.000266585126105,NHB,-0.001,0.000,0.266585126104515,0.733414873895485
764,17,H,NHB,0.182903957000,0.000007686000,0.000042022054230,-0.000042022054230,-0.000117370640308,NHB,-0.001,0.000,0.117370640308424,0.882629359691576
765,17,H,NHB,0.182903957000,0.000158763000,0.000868012932055,-0.000868012932055,-0.000219617134494,NHB,-0.001,0.000,0.219617134494121,0.780382865505879
766,17,H,NHB,0.182903957000,0.000000121000,0.000000661549384,-0.000000661549384,-0.000065114765417,NHB,-0.001,0.000,0.065114765416569,0.934885234583431
767,17,H,NHB,0.182903957000,0.000051562000,0.000281907514992,-0.000281907514992,-0.000126557093021,NHB,-0.001,0.000,0.126557093020766,0.873442906979234
768,17,H,NHB,0.182903957000,0.000237270000,0.001297238200265,-0.001297238200265,-0.000305876114091,NHB,-0.001,0.000,0.305876114091290,0.694123885908710
769,17,H,NHB,0.182903957000,0.000017858000,0.000097635941250,-0.000097635941250,-0.000078564793103,NHB,-0.001,0.000,0.078564793103140,0.921435206896860
770,17,H,NHB,0.182903957000,0.000197377000,0.001079129195658,-0.001079129195658,-0.000248703401073,NHB,-0.001,0.000,0.248703401072521,0.751296598927479
771,17,H,NHB,0.176514367000,0.000172551000,0.000977546490592,-0.000977546490592,-0.000241854195785,NHB,-0.001,0.000,0.241854195785306,0.758145804214694
772,17,H,NHB,0.176514367000,0.000110735000,0.000627342702365,-0.000627342702365,-0.000185956647104,NHB,-0.001,0.000,0.185956647104346,0.814043352895654
773,17,H,NHB,0.176514367000,0.000036829000,0.000208645905860,-0.000208645905860,-0.000128650977194,NHB,-0.001,0.000,0.128650977194281,0.871349022805719
774,17,H,NHB,0.176514367000,0.000266670000,0.001510755212351,-0.001510755212351,-0.000436029677262,NHB,-0.001,0.000,0.436029677262203,0.563970322737797
775,17,H,NHB,0.176514367000,0.000019543000,0.000110716200229,-0.000110716200229,-0.000102762583737,NHB,-0.001,0.000,0.102762583737374,0.897237416262626
776,17,H,NHB,0.176514367000,0.000264957000,0.001501050619863,-0.001501050619863,-0.000400935661315,NHB,-0.001,0.000,0.400935661315075,0.599064338684925
777,17,H,NHB,0.176514367000,0.000264900000,0.001500727699972,-0.001500727699972,-0.000400130110315,NHB,-0.001,0.000,0.400130110314708,0.599869889685292
778,17,H,NHB,0.176514367000,0.000261474000,0.001481318514997,-0.001481318514997,-0.000374101491437,NHB,-0.001,0.000,0.374101491436600,0.625898508563400
779,17,H,NHB,0.178345189000,0.000020765000,0.000116431511926,-0.000116431511926,-0.000127041512219,NHB,-0.001,0.000,0.127041512218975,0.872958487781025
780,17,H,NHB,0.178345189000,0.000271586000,0.001522810912494,-0.001522810912494,-0.000474989200716,NHB,-0.001,0.000,0.474989200716070,0.525010799283930
781,17,H,NHB,0.178345189000,0.000272633000,0.001528681550249,-0.001528681550249,-0.000446937058145,NHB,-0.001,0.000,0.446937058145146,0.553062941854854
782,17,H,NHB,0.178345189000,0.000018168000,0.000101869863167,-0.000101869863167,-0.000089038708458,NHB,-0.001,0.000,0.089038708458175,0.910961291541825
783,17,H,NHB,0.178345189000,0.000000704000,0.000003947401127,-0.000003947401127,-0.000034355788759,NHB,-0.001,0.000,0.034355788759113,0.965644211240887
784,17,H,NHB,0.178345189000,0.000167973000,0.000941842058885,-0.000941842058885,-0.000272284080902,NHB,-0.001,0.000,0.272284080901804,0.727715919098196
785,17,H,NHB,0.178345189000,0.000131482000,0.000737233231450,-0.000737233231450,-0.000231855822994,NHB,-0.001,0.000,0.231855822993545,0.768144177006455
786,17,H,NHB,0.178345189000,0.000043034000,0.000241296108077,-0.000241296108077,-0.000121586867726,NHB,-0.001,0.000,0.121586867726084,0.878413132273916
787,17,H,NHB,0.178345189000,0.000007886000,0.000044217621144,-0.000044217621144,-0.000061624230204,NHB,-0.001,0.000,0.061624230203687,0.938375769796313
788,17,H,NHB,0.178345189000,0.000229932000,0.001289252607762,-0.001289252607762,-0.000292083360676,NHB,-0.001,0.000,0.292083360675940,0.707916639324060
789,17,H,NHB,0.178345189000,0.000203740000,0.001142391343116,-0.001142391343116,-0.000242811678568,NHB,-0.001,0.000,0.242811678568401,0.757188321431599
790,18,H,NHB,0.070423299000,0.000077044000,0.001094012934555,-0.001094012934555,-0.000329507396230,NHB,-0.001,0.000,0.329507396230028,0.670492603769972
791,18,H,NHB,0.070423299000,0.000108391000,0.001539135506844,-0.001539135506844,-0.000398361921217,NHB,-0.001,0.000,0.398361921216844,0.601638078783156
792,18,H,NHB,0.180161591000,0.000285208000,0.001583067725018,-0.001583067725018,-0.000466940411294,NHB,-0.001,0.000,0.466940411294491,0.533059588705509
793,18,H,NHB,0.180161591000,0.000274907000,0.001525891276127,-0.001525891276127,-0.000432290886266,NHB,-0.001,0.000,0.432290886266304,0.567709113733696
794,18,H,NHB,0.151059761000,0.000005570000,0.000036872824127,-0.000036872824127,-0.000128461108706,NHB,-0.001,0.000,0.128461108706330,0.871538891293670
795,18,H,NHB,0.151059761000,0.000184361000,0.001220450759220,-0.001220450759220,-0.000339728151400,NHB,-0.001,0.000,0.339728151400265,0.660271848599735
796,18,H,NHB,0.151059761000,0.000240352000,0.001591105390402,-0.001591105390402,-0.000454470897514,NHB,-0.001,0.000,0.454470897513846,0.545529102486154
797,18,H,NHB,0.151059761000,0.000171504000,0.001135338748484,-0.001135338748484,-0.000331501920010,NHB,-0.001,0.000,0.331501920009964,0.668498079990036
798,18,H,NHB,0.151059761000,0.000238438000,0.001578434908288,-0.001578434908288,-0.000442747977967,NHB,-0.001,0.000,0.442747977966572,0.557252022033428
799,18,H,NHB,0.151059761000,0.000222401000,0.001472271626327,-0.001472271626327,-0.000410617616004,NHB,-0.001,0.000,0.410617616003984,0.589382383996016
800,18,H,NHB,0.151059761000,0.000067948000,0.000449808734968,-0.000449808734968,-0.000250097592024,NHB,-0.001,0.000,0.250097592024013,0.749902407975987
801,18,H,NHB,0.151059761000,0.000217290000,0.001438437334745,-0.001438437334745,-0.000398576245416,NHB,-0.001,0.000,0.398576245415966,0.601423754584034
802,18,H,NHB,0.151059761000,0.000056752000,0.000375692372504,-0.000375692372504,-0.000237794232711,NHB,-0.001,0.000,0.237794232710823,0.762205767289177
803,18,H,NHB,0.182903957000,0.000290050000,0.001585804947894,-0.001585804947894,-0.000555844552939,NHB,-0.001,0.000,0.555844552938654,0.444155447061346
804,18,H,NHB,0.182903957000,0.000291278000,0.001592518854034,-0.001592518854034,-0.000544479724191,NHB,-0.001,0.000,0.544479724190957,0.455520275809043
805,18,H,NHB,0.182903957000,0.000209990000,0.001148088884704,-0.001148088884704,-0.000335420005228,NHB,-0.001,0.000,0.335420005228409,0.664579994771590
806,18,H,NHB,0.182903957000,0.000004331000,0.000023679094050,-0.000023679094050,-0.000139368882842,NHB,-0.001,0.000,0.139368882841806,0.860631117158194
807,18,H,NHB,0.182903957000,0.000156637000,0.000856389345366,-0.000856389345366,-0.000292961963123,NHB,-0.001,0.000,0.292961963123096,0.707038036876904
808,18,H,NHB,0.182903957000,0.000000002000,0.000000010934701,-0.000000010934701,-0.000099091819507,NHB,-0.001,0.000,0.099091819506845,0.900908180493155
809,18,H,NHB,0.182903957000,0.000066387000,0.000362960982851,-0.000362960982851,-0.000185877024273,NHB,-0.001,0.000,0.185877024273449,0.814122975726551
810,18,H,NHB,0.182903957000,0.000252340000,0.001379631168942,-0.001379631168942,-0.000358371635897,NHB,-0.001,0.000,0.358371635896527,0.641628364103473
811,18,H,NHB,0.182903957000,0.000025730000,0.000140674922632,-0.000140674922632,-0.000148999654845,NHB,-0.001,0.000,0.148999654845160,0.851000345154840
812,18,H,NHB,0.182903957000,0.000213641000,0.001168050180566,-0.001168050180566,-0.000312969637393,NHB,-0.001,0.000,0.312969637392688,0.687030362607312
813,18,H,NHB,0.176514367000,0.000179001000,0.001014087425530,-0.001014087425530,-0.000309343357677,NHB,-0.001,0.000,0.309343357677323,0.690656642322677
814,18,H,NHB,0.176514367000,0.000114029000,0.000646004072858,-0.000646004072858,-0.000257156587495,NHB,-0.001,0.000,0.257156587495054,0.742843412504946
815,18,H,NHB,0.176514367000,0.000049905000,0.000282724861711,-0.000282724861711,-0.000235243159467,NHB,-0.001,0.000,0.235243159466980,0.764756840533020
816,18,H,NHB,0.176514367000,0.000279089000,0.001581112091573,-0.001581112091573,-0.000495106617376,NHB,-0.001,0.000,0.495106617375880,0.504893382624120
817,18,H,NHB,0.176514367000,0.000005600000,0.000031725462891,-0.000031725462891,-0.000223532210744,NHB,-0.001,0.000,0.223532210743864,0.776467789256136
818,18,H,NHB,0.176514367000,0.000279122000,0.001581299045193,-0.001581299045193,-0.000470600279907,NHB,-0.001,0.000,0.470600279906536,0.529399720093464
819,18,H,NHB,0.176514367000,0.000278394000,0.001577174735017,-0.001577174735017,-0.000472449758193,NHB,-0.001,0.000,0.472449758192818,0.527550241807182
820,18,H,NHB,0.176514367000,0.000273884000,0.001551624406868,-0.001551624406868,-0.000448910514856,NHB,-0.001,0.000,0.448910514855770,0.551089485144230
821,18,H,NHB,0.178345189000,0.000283156000,0.001587685104306,-0.001587685104306,-0.000541906767614,NHB,-0.001,0.000,0.541906767613541,0.458093232386459
822,18,H,NHB,0.178345189000,0.000282143000,0.001582005108083,-0.001582005108083,-0.000521750873961,NHB,-0.001,0.000,0.521750873960546,0.478249126039454
823,18,H,NHB,0.178345189000,0.000015116000,0.000084756982147,-0.000084756982147,-0.000152544146084,NHB,-0.001,0.000,0.152544146084034,0.847455853915966
824,18,H,NHB,0.178345189000,0.000000370000,0.000002074628433,-0.000002074628433,-0.000101310556251,NHB,-0.001,0.000,0.101310556250930,0.898689443749070
825,18,H,NHB,0.178345189000,0.000158935000,0.000891165054079,-0.000891165054079,-0.000296392377424,NHB,-0.001,0.000,0.296392377424151,0.703607622575849
826,18,H,NHB,0.178345189000,0.000121870000,0.000683337749021,-0.000683337749021,-0.000265543306082,NHB,-0.001,0.000,0.265543306081779,0.734456693918221
827,18,H,NHB,0.178345189000,0.000051030000,0.000286130510647,-0.000286130510647,-0.000176612125968,NHB,-0.001,0.000,0.176612125968126,0.823387874031874
828,18,H,NHB,0.178345189000,0.000011133000,0.000062423887420,-0.000062423887420,-0.000119455345702,NHB,-0.001,0.000,0.119455345702331,0.880544654297669
829,18,H,NHB,0.178345189000,0.000247178000,0.001385952721158,-0.001385952721158,-0.000345258656494,NHB,-0.001,0.000,0.345258656494196,0.654741343505804
830,18,H,NHB,0.178345189000,0.000219698000,0.001231869506724,-0.001231869506724,-0.000316787893973,NHB,-0.001,0.000,0.316787893973494,0.683212106026506
831,19,H,NHB,0.070423299000,0.000105667000,0.001500455126364,-0.001500455126364,-0.000542206053482,NHB,-0.001,0.000,0.542206053482350,0.457793946517650
832,19,H,NHB,0.180161591000,0.000098655000,0.000547591745013,-0.000547591745013,-0.000236876335639,NHB,-0.001,0.000,0.236876335639476,0.763123664360524
833,19,H,NHB,0.180161591000,0.000227319000,0.001261750624749,-0.001261750624749,-0.000346786271151,NHB,-0.001,0.000,0.346786271150932,0.653213728849068
834,19,H,NHB,0.180161591000,0.000059807000,0.000331963098616,-0.000331963098616,-0.000197395225768,NHB,-0.001,0.000,0.197395225767825,0.802604774232175
835,19,H,NHB,0.180161591000,0.000193389000,0.001073419694656,-0.001073419694656,-0.000309347911408,NHB,-0.001,0.000,0.309347911408209,0.690652088591791
836,19,H,NHB,0.151059761000,0.000000735000,0.000004865624010,-0.000004865624010,-0.000106410902805,NHB,-0.001,0.000,0.106410902805160,0.893589097194840
837,19,H,NHB,0.151059761000,0.000015193000,0.000100576089221,-0.000100576089221,-0.000184949006511,NHB,-0.001,0.000,0.184949006511493,0.815050993488507
838,19,H,NHB,0.151059761000,0.000007721000,0.000051112221739,-0.000051112221739,-0.000179704946073,NHB,-0.001,0.000,0.179704946073473,0.820295053926527
839,19,H,NHB,0.151059761000,0.000227625000,0.001506853966226,-0.001506853966226,-0.000502876982004,NHB,-0.001,0.000,0.502876982003635,0.497123017996365
840,19,H,NHB,0.151059761000,0.000226486000,0.001499313903985,-0.001499313903985,-0.000548687534473,NHB,-0.001,0.000,0.548687534472877,0.451312465527123
841,19,H,NHB,0.151059761000,0.000227605000,0.001506721568294,-0.001506721568294,-0.000490415897465,NHB,-0.001,0.000,0.490415897465306,0.509584102534694
842,19,H,NHB,0.151059761000,0.000228159000,0.001510388991017,-0.001510388991017,-0.000537816618729,NHB,-0.001,0.000,0.537816618728599,0.462183381271401
843,19,H,NHB,0.182903957000,0.000158074000,0.000864245927714,-0.000864245927714,-0.000276773290811,NHB,-0.001,0.000,0.276773290810536,0.723226709189464
844,19,H,NHB,0.182903957000,0.000271355000,0.001483592834462,-0.001483592834462,-0.000412580470245,NHB,-0.001,0.000,0.412580470244950,0.587419529755050
845,19,H,NHB,0.182903957000,0.000139577000,0.000763116349637,-0.000763116349637,-0.000261491323752,NHB,-0.001,0.000,0.261491323751771,0.738508676248229
846,19,H,NHB,0.182903957000,0.000264367000,0.001445386990725,-0.001445386990725,-0.000399358607888,NHB,-0.001,0.000,0.399358607888241,0.600641392111759
847,19,H,NHB,0.182903957000,0.000225089000,0.001230640406539,-0.001230640406539,-0.000357566970998,NHB,-0.001,0.000,0.357566970998329,0.642433029001671
848,19,H,NHB,0.182903957000,0.000258670000,0.001414239496196,-0.001414239496196,-0.000404368860458,NHB,-0.001,0.000,0.404368860458473,0.595631139541527
849,19,H,NHB,0.182903957000,0.000180599000,0.000987397992707,-0.000987397992707,-0.000309323115016,NHB,-0.001,0.000,0.309323115015792,0.690676884984208
850,19,H,NHB,0.182903957000,0.000226938000,0.001240749537201,-0.001240749537201,-0.000357487438549,NHB,-0.001,0.000,0.357487438548731,0.642512561451269
851,19,H,NHB,0.182903957000,0.000022796000,0.000124633716918,-0.000124633716918,-0.000154204185808,NHB,-0.001,0.000,0.154204185808120,0.845795814191880
852,19,H,NHB,0.182903957000,0.000003408000,0.000018632729745,-0.000018632729745,-0.000118423172441,NHB,-0.001,0.000,0.118423172440956,0.881576827559044
853,19,H,NHB,0.176514367000,0.000020915000,0.000118488938637,-0.000118488938637,-0.000159345903212,NHB,-0.001,0.000,0.159345903211875,0.840654096788125
854,19,H,NHB,0.176514367000,0.000099416000,0.000563217610496,-0.000563217610496,-0.000238387601941,NHB,-0.001,0.000,0.238387601940815,0.761612398059185
855,19,H,NHB,0.176514367000,0.000001766000,0.000010004851333,-0.000010004851333,-0.000105732952362,NHB,-0.001,0.000,0.105732952361573,0.894267047638427
856,19,H,NHB,0.176514367000,0.000042700000,0.000241906654544,-0.000241906654544,-0.000181066604952,NHB,-0.001,0.000,0.181066604951952,0.818933395048048
857,19,H,NHB,0.176514367000,0.000133860000,0.000758351868321,-0.000758351868321,-0.000255271540607,NHB,-0.001,0.000,0.255271540607369,0.744728459392631
858,19,H,NHB,0.176514367000,0.000102329000,0.000579720516461,-0.000579720516461,-0.000234498306944,NHB,-0.001,0.000,0.234498306944411,0.765501693055589
859,19,H,NHB,0.176514367000,0.000254107000,0.001439582535511,-0.001439582535511,-0.000399118287398,NHB,-0.001,0.000,0.399118287398177,0.600881712601824
860,19,H,NHB,0.176514367000,0.000264463000,0.001498251980815,-0.001498251980815,-0.000489735399893,NHB,-0.001,0.000,0.489735399892547,0.510264600107453
861,19,H,NHB,0.176514367000,0.000238647000,0.001351997596887,-0.001351997596887,-0.000370445157220,NHB,-0.001,0.000,0.370445157219638,0.629554842780362
862,19,H,NHB,0.176514367000,0.000264909000,0.001500778687324,-0.001500778687324,-0.000465371789353,NHB,-0.001,0.000,0.465371789352597,0.534628210647403
863,19,H,NHB,0.178345189000,0.000183902000,0.001031157616480,-0.001031157616480,-0.000296536123091,NHB,-0.001,0.000,0.296536123090999,0.703463876909001
864,19,H,NHB,0.178345189000,0.000259165000,0.001453165075286,-0.001453165075286,-0.000398375007005,NHB,-0.001,0.000,0.398375007004582,0.601624992995418
865,19,H,NHB,0.178345189000,0.000271703000,0.001523466943647,-0.001523466943647,-0.000513211931051,NHB,-0.001,0.000,0.513211931051216,0.486788068948784
866,19,H,NHB,0.178345189000,0.000112050000,0.000628275988987,-0.000628275988987,-0.000262493154293,NHB,-0.001,0.000,0.262493154292620,0.737506845707380
867,19,H,NHB,0.178345189000,0.000049544000,0.000277798354291,-0.000277798354291,-0.000200884232131,NHB,-0.001,0.000,0.200884232130909,0.799115767869091
868,19,H,NHB,0.178345189000,0.000269926000,0.001513503120065,-0.001513503120065,-0.000489664782173,NHB,-0.001,0.000,0.489664782173241,0.510335217826759
869,19,H,NHB,0.178345189000,0.000268555000,0.001505815780654,-0.001505815780654,-0.000458098273520,NHB,-0.001,0.000,0.458098273519690,0.541901726480310
870,20,H,NHB,0.070423299000,0.000008399000,0.000119264506481,-0.000119264506481,-0.000218600357618,NHB,-0.001,0.000,0.218600357618244,0.781399642381756
871,20,H,NHB,0.070423299000,0.000111315000,0.001580655856523,-0.001580655856523,-0.000551918315441,NHB,-0.001,0.000,0.551918315441342,0.448081684558658
872,20,H,NHB,0.180161591000,0.000010997000,0.000061039647457,-0.000061039647457,-0.000206025500884,NHB,-0.001,0.000,0.206025500884383,0.793974499115617
873,20,H,NHB,0.180161591000,0.000260129000,0.001443864913471,-0.001443864913471,-0.000435742094184,NHB,-0.001,0.000,0.435742094183934,0.564257905816066
874,20,H,NHB,0.180161591000,0.000010108000,0.000056105188369,-0.000056105188369,-0.000227270199319,NHB,-0.001,0.000,0.227270199318846,0.772729800681154
875,20,H,NHB,0.180161591000,0.000261141000,0.001449482092995,-0.001449482092995,-0.000434359262942,NHB,-0.001,0.000,0.434359262942260,0.565640737057741
876,20,H,NHB,0.151059761000,0.000000094000,0.000000622270281,-0.000000622270281,-0.000124384511907,NHB,-0.001,0.000,0.124384511907038,0.875615488092962
877,20,H,NHB,0.151059761000,0.000000043000,0.000000284655554,-0.000000284655554,-0.000122699483655,NHB,-0.001,0.000,0.122699483655250,0.877300516344750
878,20,H,NHB,0.151059761000,0.000235140000,0.001556602489263,-0.001556602489263,-0.000485248401362,NHB,-0.001,0.000,0.485248401361940,0.514751598638060
879,20,H,NHB,0.151059761000,0.000236339000,0.001564539745300,-0.001564539745300,-0.000576500004185,NHB,-0.001,0.000,0.576500004184618,0.423499995815382
880,20,H,NHB,0.151059761000,0.000235489000,0.001558912833180,-0.001558912833180,-0.000487363228389,NHB,-0.001,0.000,0.487363228389098,0.512636771610902
881,20,H,NHB,0.151059761000,0.000236013000,0.001562381659004,-0.001562381659004,-0.000576837032991,NHB,-0.001,0.000,0.576837032990749,0.423162967009251
882,20,H,NHB,0.151059761000,0.000100754000,0.000666981063210,-0.000666981063210,-0.000286504731441,NHB,-0.001,0.000,0.286504731440877,0.713495268559123
883,20,H,NHB,0.151059761000,0.000099561000,0.000659083526552,-0.000659083526552,-0.000281528938280,NHB,-0.001,0.000,0.281528938280076,0.718471061719924
884,20,H,NHB,0.182903957000,0.000035547000,0.000194347900303,-0.000194347900303,-0.000282365752232,NHB,-0.001,0.000,0.282365752231729,0.717634247768271
885,20,H,NHB,0.182903957000,0.000286921000,0.001568697608877,-0.001568697608877,-0.000524348438907,NHB,-0.001,0.000,0.524348438906832,0.475651561093168
886,20,H,NHB,0.182903957000,0.000035126000,0.000192046145836,-0.000192046145836,-0.000296069127088,NHB,-0.001,0.000,0.296069127088127,0.703930872911873
887,20,H,NHB,0.182903957000,0.000285141000,0.001558965725383,-0.001558965725383,-0.000523864364966,NHB,-0.001,0.000,0.523864364965954,0.476135635034046
888,20,H,NHB,0.182903957000,0.000071494000,0.000390882740716,-0.000390882740716,-0.000240513901557,NHB,-0.001,0.000,0.240513901557300,0.759486098442700
889,20,H,NHB,0.182903957000,0.000069841000,0.000381845210708,-0.000381845210708,-0.000232108518464,NHB,-0.001,0.000,0.232108518463651,0.767891481536349
890,20,H,NHB,0.182903957000,0.000156652000,0.000856471355620,-0.000856471355620,-0.000314061637409,NHB,-0.001,0.000,0.314061637408699,0.685938362591301
891,20,H,NHB,0.182903957000,0.000255559000,0.001397230569484,-0.001397230569484,-0.000424834997471,NHB,-0.001,0.000,0.424834997471250,0.575165002528750
892,20,H,NHB,0.182903957000,0.000152945000,0.000836203888142,-0.000836203888142,-0.000319199078972,NHB,-0.001,0.000,0.319199078971914,0.680800921028086
893,20,H,NHB,0.182903957000,0.000254930000,0.001393791606160,-0.001393791606160,-0.000424680567279,NHB,-0.001,0.000,0.424680567279108,0.575319432720892
894,20,H,NHB,0.176514367000,0.000000002000,0.000000011330522,-0.000000011330522,-0.000125801750690,NHB,-0.001,0.000,0.125801750689769,0.874198249310231
895,20,H,NHB,0.176514367000,0.000113181000,0.000641199931335,-0.000641199931335,-0.000290972631727,NHB,-0.001,0.000,0.290972631727137,0.709027368272863
896,20,H,NHB,0.176514367000,0.000000000000,0.000000000000000,-0.000000000000000,-0.000140697061484,NHB,-0.001,0.000,0.140697061484003,0.859302938515997
897,20,H,NHB,0.176514367000,0.000109986000,0.000623099421703,-0.000623099421703,-0.000288837952318,NHB,-0.001,0.000,0.288837952318346,0.711162047681654
898,20,H,NHB,0.176514367000,0.000193675000,0.001097219468827,-0.001097219468827,-0.000358942280663,NHB,-0.001,0.000,0.358942280662771,0.641057719337229
899,20,H,NHB,0.176514367000,0.000275216000,0.001559170534827,-0.001559170534827,-0.000547479877748,NHB,-0.001,0.000,0.547479877747590,0.452520122252410
900,20,H,NHB,0.176514367000,0.000192235000,0.001089061492655,-0.001089061492655,-0.000367400139816,NHB,-0.001,0.000,0.367400139816174,0.632599860183826
901,20,H,NHB,0.176514367000,0.000274706000,0.001556281251599,-0.001556281251599,-0.000547440916003,NHB,-0.001,0.000,0.547440916002937,0.452559083997063
902,20,H,NHB,0.176514367000,0.000219141000,0.001241491011324,-0.001241491011324,-0.000371464154453,NHB,-0.001,0.000,0.371464154452912,0.628535845547088
903,20,H,NHB,0.176514367000,0.000217559000,0.001232528568057,-0.001232528568057,-0.000367274796898,NHB,-0.001,0.000,0.367274796898206,0.632725203101794
904,20,H,NHB,0.178345189000,0.000206961000,0.001160451824691,-0.001160451824691,-0.000386234426773,NHB,-0.001,0.000,0.386234426773478,0.613765573226522
905,20,H,NHB,0.178345189000,0.000276418000,0.001549904438409,-0.001549904438409,-0.000592481610000,NHB,-0.001,0.000,0.592481610000428,0.407518389999572
906,20,H,NHB,0.178345189000,0.000262699000,0.001472980580373,-0.001472980580373,-0.000429494299474,NHB,-0.001,0.000,0.429494299474414,0.570505700525586
907,20,H,NHB,0.178345189000,0.000008514000,0.000047738882376,-0.000047738882376,-0.000182956780232,NHB,-0.001,0.000,0.182956780231518,0.817043219768482
908,20,H,NHB,0.178345189000,0.000008079000,0.000045299792191,-0.000045299792191,-0.000166447740306,NHB,-0.001,0.000,0.166447740306328,0.833552259693672
909,20,H,NHB,0.178345189000,0.000067197000,0.000376780558964,-0.000376780558964,-0.000250488458373,NHB,-0.001,0.000,0.250488458372775,0.749511541627226
910,20,H,NHB,0.178345189000,0.000064259000,0.000360306887785,-0.000360306887785,-0.000252009045734,NHB,-0.001,0.000,0.252009045733960,0.747990954266040
911,20,H,NHB,0.178345189000,0.000273345000,0.001532673808207,-0.001532673808207,-0.000477730774295,NHB,-0.001,0.000,0.477730774294985,0.522269225705015
912,20,H,NHB,0.178345189000,0.000272745000,0.001529309545883,-0.001529309545883,-0.000479227353872,NHB,-0.001,0.000,0.479227353871696,0.520772646128304
913,21,H,NHB,0.070423299000,0.000151725000,0.002154471633032,-0.002154471633032,-0.000765936313513,NHB,-0.001,0.000,0.765936313512517,0.234063686487483
914,21,H,NHB,0.180161591000,0.000402592000,0.002234616145236,-0.002234616145236,-0.000868500836889,NHB,-0.001,0.000,0.868500836888720,0.131499163111280
915,21,H,NHB,0.180161591000,0.000428985000,0.002381112409248,-0.002381112409248,-0.000948955937982,NHB,-0.001,0.000,0.948955937982298,0.051044062017702
916,21,H,NHB,0.151059761000,0.000007240000,0.000047928051468,-0.000047928051468,-0.000509953907204,NHB,-0.001,0.000,0.509953907203650,0.490046092796350
917,21,H,NHB,0.151059761000,0.000336815000,0.002229680477252,-0.002229680477252,-0.000845144925281,NHB,-0.001,0.000,0.845144925280718,0.154855074719282
918,21,H,NHB,0.151059761000,0.000242890000,0.001607906688003,-0.001607906688003,-0.000610667438854,NHB,-0.001,0.000,0.610667438853542,0.389332561146458
919,21,H,NHB,0.151059761000,0.000335918000,0.002223742429991,-0.002223742429991,-0.000886161909028,NHB,-0.001,0.000,0.886161909027952,0.113838090972048
920,21,H,NHB,0.151059761000,0.000258846000,0.001713533758338,-0.001713533758338,-0.000654223900490,NHB,-0.001,0.000,0.654223900490257,0.345776099509743
921,21,H,NHB,0.182903957000,0.000419301000,0.002292465438569,-0.002292465438569,-0.001004559477064,NHB,-0.002,-0.001,0.004559477063822,0.995440522936178
922,21,H,NHB,0.182903957000,0.000416115000,0.002275046460586,-0.002275046460586,-0.001034814803096,NHB,-0.002,-0.001,0.034814803095712,0.965185196904288
923,21,H,NHB,0.182903957000,0.000228357000,0.001248507707244,-0.001248507707244,-0.000778457141506,NHB,-0.001,0.000,0.778457141505745,0.221542858494255
924,21,H,NHB,0.182903957000,0.000326035000,0.001782547547618,-0.001782547547618,-0.000870944868901,NHB,-0.001,0.000,0.870944868901417,0.129055131098583
925,21,H,NHB,0.182903957000,0.000299924000,0.001639789564531,-0.001639789564531,-0.000680307312508,NHB,-0.001,0.000,0.680307312508265,0.319692687491735
926,21,H,NHB,0.182903957000,0.000037521000,0.000205140449750,-0.000205140449750,-0.000403586923493,NHB,-0.001,0.000,0.403586923493322,0.596413076506678
927,21,H,NHB,0.182903957000,0.000358382000,0.001959399927034,-0.001959399927034,-0.000787728798977,NHB,-0.001,0.000,0.787728798976754,0.212271201023246
928,21,H,NHB,0.182903957000,0.000093967000,0.000513750503495,-0.000513750503495,-0.000504676737282,NHB,-0.001,0.000,0.504676737282320,0.495323262717680
929,21,H,NHB,0.176514367000,0.000158800000,0.000899643483411,-0.000899643483411,-0.000656989721525,NHB,-0.001,0.000,0.656989721524735,0.343010278475265
930,21,H,NHB,0.176514367000,0.000256828000,0.001454997711319,-0.001454997711319,-0.000761732917421,NHB,-0.001,0.000,0.761732917421062,0.238267082578938
931,21,H,NHB,0.176514367000,0.000400482000,0.002268835148133,-0.002268835148133,-0.000891006320950,NHB,-0.001,0.000,0.891006320949814,0.108993679050186
932,21,H,NHB,0.176514367000,0.000044442000,0.000251775539608,-0.000251775539608,-0.000416319171436,NHB,-0.001,0.000,0.416319171436151,0.583680828563849
933,21,H,NHB,0.176514367000,0.000397668000,0.002252893103030,-0.002252893103030,-0.000958124555496,NHB,-0.001,0.000,0.958124555495898,0.041875444504102
934,21,H,NHB,0.176514367000,0.000075850000,0.000429710064337,-0.000429710064337,-0.000482823773847,NHB,-0.001,0.000,0.482823773847275,0.517176226152725
935,21,H,NHB,0.176514367000,0.000412825000,0.002338761467501,-0.002338761467501,-0.000941305470323,NHB,-0.001,0.000,0.941305470322542,0.058694529677458
936,21,H,NHB,0.176514367000,0.000420580000,0.002382695568344,-0.002382695568344,-0.000999191774626,NHB,-0.001,0.000,0.999191774625721,0.000808225374279
937,21,H,NHB,0.178345189000,0.000399560000,0.002240374423557,-0.002240374423557,-0.000998594792277,NHB,-0.001,0.000,0.998594792276948,0.001405207723052
938,21,H,NHB,0.178345189000,0.000050757000,0.000284599771290,-0.000284599771290,-0.000454522386326,NHB,-0.001,0.000,0.454522386325896,0.545477613674104
939,21,H,NHB,0.178345189000,0.000404115000,0.002265914781699,-0.002265914781699,-0.001023732197459,NHB,-0.002,-0.001,0.023732197459011,0.976267802540989
940,21,H,NHB,0.178345189000,0.000000334000,0.000001872772694,-0.000001872772694,-0.000527781502847,NHB,-0.001,0.000,0.527781502846809,0.472218497153191
941,21,H,NHB,0.178345189000,0.000020266000,0.000113633567093,-0.000113633567093,-0.000626669757763,NHB,-0.001,0.000,0.626669757763056,0.373330242236944
942,21,H,NHB,0.178345189000,0.000015513000,0.000086983002384,-0.000086983002384,-0.000421879762728,NHB,-0.001,0.000,0.421879762727622,0.578120237272378
943,21,H,NHB,0.178345189000,0.000070322000,0.000394302758568,-0.000394302758568,-0.000531312716732,NHB,-0.001,0.000,0.531312716732407,0.468687283267593
944,21,H,NHB,0.178345189000,0.000310405000,0.001740473077746,-0.001740473077746,-0.000644259086030,NHB,-0.001,0.000,0.644259086029574,0.355740913970426
945,21,H,NHB,0.178345189000,0.000347821000,0.001950268476264,-0.001950268476264,-0.000741456815774,NHB,-0.001,0.000,0.741456815774367,0.258543184225633
