segment,atom,element,atom_class,area_square_angstrom,native_xtb_charge_electron,native_xtb_raw_sigma,tm_nist_raw_sigma,nist_hsieh_averaged_sigma,pre_probability_partition,left_bin,right_bin,left_weight,right_weight
1,1,C,NHB,0.241185721000,-0.000043513000,-0.000180412836297,0.000180412836297,0.000023189685853,NHB,0.000,0.001,0.976810314147073,0.023189685852927
2,1,C,NHB,0.241185721000,-0.000209975000,-0.000870594656804,0.000870594656804,-0.000399471657751,NHB,-0.001,0.000,0.399471657750797,0.600528342249203
3,1,C,NHB,0.241185721000,-0.000133448000,-0.000553299753595,0.000553299753595,0.000214746067705,NHB,0.000,0.001,0.785253932294514,0.214746067705486
4,1,C,NHB,0.241185721000,-0.000066474000,-0.000275613331189,0.000275613331189,-0.000163617962508,NHB,-0.001,0.000,0.163617962507544,0.836382037492456
5,1,C,NHB,0.241185721000,-0.000077507000,-0.000321358161995,0.000321358161995,0.000011859435845,NHB,0.000,0.001,0.988140564155064,0.011859435844936
6,1,C,NHB,0.617017436000,0.000025180000,0.000040809219531,-0.000040809219531,-0.000206821895419,NHB,-0.001,0.000,0.206821895418793,0.793178104581207
7,1,C,NHB,0.617017436000,-0.000198506000,-0.000321718623199,0.000321718623199,-0.000465120787889,NHB,-0.001,0.000,0.465120787888511,0.534879212111489
8,1,C,NHB,0.617017436000,0.000002560000,0.000004148991342,-0.000004148991342,-0.000070315066437,NHB,-0.001,0.000,0.070315066437174,0.929684933562826
9,1,C,NHB,0.617017436000,-0.000334219000,-0.000541668647432,0.000541668647432,-0.000452998861489,NHB,-0.001,0.000,0.452998861489206,0.547001138510794
10,1,C,NHB,0.517349488000,-0.000079704000,-0.000154062199439,0.000154062199439,-0.000092847137060,NHB,-0.001,0.000,0.092847137060491,0.907152862939508
11,1,C,NHB,0.517349488000,-0.000195529000,-0.000377943739262,0.000377943739262,-0.000034567406589,NHB,-0.001,0.000,0.034567406589051,0.965432593410949
12,1,C,NHB,0.517349488000,-0.000265703000,-0.000513585122172,0.000513585122172,-0.000395316207780,NHB,-0.001,0.000,0.395316207779949,0.604683792220051
13,1,C,NHB,0.517349488000,-0.000195437000,-0.000377765909763,0.000377765909763,-0.000230504840357,NHB,-0.001,0.000,0.230504840357234,0.769495159642766
14,1,C,NHB,0.517349488000,-0.000117994000,-0.000228074063543,0.000228074063543,-0.000039163934801,NHB,-0.001,0.000,0.039163934800582,0.960836065199418
15,1,C,NHB,0.517349488000,-0.000257052000,-0.000496863350525,0.000496863350525,0.000073242662033,NHB,0.000,0.001,0.926757337966901,0.073242662033099
16,1,C,NHB,0.517349488000,-0.000288146000,-0.000556965855159,0.000556965855159,-0.000202219866102,NHB,-0.001,0.000,0.202219866102419,0.797780133897581
17,1,C,NHB,0.517349488000,-0.000234356000,-0.000452993586417,0.000452993586417,0.000057351678057,NHB,0.000,0.001,0.942648321942589,0.057351678057411
18,1,C,NHB,0.517349488000,-0.000440266000,-0.000851003065069,0.000851003065069,-0.000549183382421,NHB,-0.001,0.000,0.549183382421217,0.450816617578783
19,1,C,NHB,0.517349488000,-0.000395530000,-0.000764531538495,0.000764531538495,-0.000281370231966,NHB,-0.001,0.000,0.281370231965775,0.718629768034225
20,1,C,NHB,0.517349488000,-0.000131103000,-0.000253412834150,0.000253412834150,0.000077116373049,NHB,0.000,0.001,0.922883626951149,0.077116373048851
21,1,C,NHB,0.517349488000,-0.000268796000,-0.000519563672594,0.000519563672594,0.000171322805170,NHB,0.000,0.001,0.828677194830310,0.171322805169690
22,1,C,NHB,0.517349488000,-0.000293698000,-0.000567697478808,0.000567697478808,-0.000417351368161,NHB,-0.001,0.000,0.417351368160734,0.582648631839266
23,1,C,NHB,0.517349488000,-0.000283895000,-0.000548748972571,0.000548748972571,-0.000113463044675,NHB,-0.001,0.000,0.113463044675310,0.886536955324690
24,1,C,NHB,0.517349488000,-0.000201160000,-0.000388828064328,0.000388828064328,0.000171104085245,NHB,0.000,0.001,0.828895914755454,0.171104085244546
25,1,C,NHB,0.517349488000,-0.000405727000,-0.000784241618888,0.000784241618888,0.000104452747137,NHB,0.000,0.001,0.895547252862734,0.104452747137266
26,1,C,NHB,0.517349488000,-0.000154824000,-0.000299263850823,0.000299263850823,0.000087065623525,NHB,0.000,0.001,0.912934376474889,0.087065623525111
27,1,C,NHB,0.517349488000,-0.000058166000,-0.000112430767497,0.000112430767497,0.000004947144194,NHB,0.000,0.001,0.995052855806194,0.004947144193806
28,1,C,NHB,0.517349488000,-0.000030917000,-0.000059760376142,0.000059760376142,-0.000045579329959,NHB,-0.001,0.000,0.045579329958906,0.954420670041094
29,1,C,NHB,0.517349488000,-0.000007868000,-0.000015208287980,0.000015208287980,-0.000166179348346,NHB,-0.001,0.000,0.166179348346345,0.833820651653655
30,1,C,NHB,0.626409493000,-0.000044287000,-0.000070699758696,0.000070699758696,-0.000319796841336,NHB,-0.001,0.000,0.319796841335863,0.680203158664137
31,1,C,NHB,0.626409493000,0.000021952000,0.000035044168783,-0.000035044168783,-0.000160712881046,NHB,-0.001,0.000,0.160712881046411,0.839287118953589
32,1,C,NHB,0.626409493000,0.000018029000,0.000028781492301,-0.000028781492301,-0.000231212282714,NHB,-0.001,0.000,0.231212282714065,0.768787717285935
33,1,C,NHB,0.626409493000,-0.000036477000,-0.000058231876125,0.000058231876125,-0.000195314428445,NHB,-0.001,0.000,0.195314428445224,0.804685571554776
34,1,C,NHB,0.626409493000,0.000043780000,0.000069890383989,-0.000069890383989,-0.000102823942327,NHB,-0.001,0.000,0.102823942326543,0.897176057673457
35,1,C,NHB,0.626409493000,-0.000066744000,-0.000106550109387,0.000106550109387,-0.000358589713959,NHB,-0.001,0.000,0.358589713958859,0.641410286041141
36,1,C,NHB,0.626409493000,-0.000085968000,-0.000137239299469,0.000137239299469,-0.000297116600118,NHB,-0.001,0.000,0.297116600118105,0.702883399881895
37,1,C,NHB,0.626409493000,-0.000430371000,-0.000687044185647,0.000687044185647,-0.000551691665591,NHB,-0.001,0.000,0.551691665590809,0.448308334409191
38,1,C,NHB,0.626409493000,-0.000110663000,-0.000176662392950,0.000176662392950,-0.000204092360830,NHB,-0.001,0.000,0.204092360829658,0.795907639170342
39,1,C,NHB,0.626409493000,-0.000189135000,-0.000301935079391,0.000301935079391,-0.000118890714008,NHB,-0.001,0.000,0.118890714008271,0.881109285991729
40,1,C,NHB,0.626409493000,-0.000488577000,-0.000779964233396,0.000779964233396,-0.000462855556902,NHB,-0.001,0.000,0.462855556901754,0.537144443098246
41,1,C,NHB,0.626409493000,-0.000410638000,-0.000655542428058,0.000655542428058,-0.000085453880296,NHB,-0.001,0.000,0.085453880296498,0.914546119703502
42,1,C,NHB,0.626409493000,-0.000152819000,-0.000243960223636,0.000243960223636,0.000095441899286,NHB,0.000,0.001,0.904558100714265,0.095441899285735
43,1,C,NHB,0.626409493000,-0.000381192000,-0.000608534839047,0.000608534839047,0.000170684646427,NHB,0.000,0.001,0.829315353573045,0.170684646426955
44,1,C,NHB,0.626409493000,-0.000247672000,-0.000395383535479,0.000395383535479,-0.000165642916034,NHB,-0.001,0.000,0.165642916034121,0.834357083965879
45,1,C,NHB,0.626409493000,-0.000231532000,-0.000369617642433,0.000369617642433,0.000058486005776,NHB,0.000,0.001,0.941513994223593,0.058486005776407
46,1,C,NHB,0.604526425000,0.000011826000,0.000019562420286,-0.000019562420286,-0.000073952320556,NHB,-0.001,0.000,0.073952320555750,0.926047679444250
47,1,C,NHB,0.604526425000,-0.000023500000,-0.000038873404087,0.000038873404087,-0.000055216889186,NHB,-0.001,0.000,0.055216889185866,0.944783110814134
48,1,C,NHB,0.604526425000,-0.000432447000,-0.000715348382000,0.000715348382000,-0.000563107374811,NHB,-0.001,0.000,0.563107374810616,0.436892625189384
49,1,C,NHB,0.604526425000,-0.000293052000,-0.000484762928271,0.000484762928271,-0.000210908195037,NHB,-0.001,0.000,0.210908195037139,0.789091804962861
50,1,C,NHB,0.604526425000,-0.000090902000,-0.000150368943756,0.000150368943756,-0.000049665865901,NHB,-0.001,0.000,0.049665865901339,0.950334134098661
51,1,C,NHB,0.604526425000,-0.000208153000,-0.000344324071524,0.000344324071524,-0.000036339667485,NHB,-0.001,0.000,0.036339667484740,0.963660332515260
52,1,C,NHB,0.604526425000,-0.000531060000,-0.000878472764859,0.000878472764859,-0.000440097617823,NHB,-0.001,0.000,0.440097617822854,0.559902382177146
53,1,C,NHB,0.604526425000,-0.000000031000,-0.000000051279810,0.000000051279810,0.000051614144588,NHB,0.000,0.001,0.948385855412451,0.051614144587549
54,1,C,NHB,0.604526425000,-0.000263655000,-0.000436134781040,0.000436134781040,-0.000485011165391,NHB,-0.001,0.000,0.485011165390701,0.514988834609299
55,1,C,NHB,0.604526425000,-0.000235834000,-0.000390113633163,0.000390113633163,-0.000270886075259,NHB,-0.001,0.000,0.270886075259007,0.729113924740993
56,1,C,NHB,0.604526425000,-0.000126516000,-0.000209281174103,0.000209281174103,-0.000269634031648,NHB,-0.001,0.000,0.269634031647604,0.730365968352396
57,1,C,NHB,0.604526425000,-0.000301906000,-0.000499409103581,0.000499409103581,0.000133723051739,NHB,0.000,0.001,0.866276948261272,0.133723051738728
58,1,C,NHB,0.604526425000,-0.000080790000,-0.000133641800687,0.000133641800687,-0.000234383827717,NHB,-0.001,0.000,0.234383827717035,0.765616172282965
59,1,C,NHB,0.604526425000,-0.000305591000,-0.000505504784179,0.000505504784179,0.000142930688939,NHB,0.000,0.001,0.857069311061038,0.142930688938962
60,1,C,NHB,0.604526425000,-0.000109187000,-0.000180615760510,0.000180615760510,-0.000105077401301,NHB,-0.001,0.000,0.105077401301315,0.894922598698685
61,1,C,NHB,0.604526425000,-0.000051431000,-0.000085076512578,0.000085076512578,-0.000033749166930,NHB,-0.001,0.000,0.033749166930310,0.966250833069690
62,1,C,NHB,0.604526425000,0.000015190000,0.000025127106727,-0.000025127106727,-0.000198418861396,NHB,-0.001,0.000,0.198418861396014,0.801581138603986
63,1,C,NHB,0.604526425000,0.000049855000,0.000082469513223,-0.000082469513223,-0.000113339753528,NHB,-0.001,0.000,0.113339753528286,0.886660246471714
64,1,C,NHB,0.604526425000,-0.000134214000,-0.000222015108769,0.000222015108769,-0.000403403088378,NHB,-0.001,0.000,0.403403088377979,0.596596911622021
65,1,C,NHB,0.610796623000,-0.000267774000,-0.000438401245057,0.000438401245057,-0.000506661676366,NHB,-0.001,0.000,0.506661676365659,0.493338323634341
66,1,C,NHB,0.610796623000,-0.000392746000,-0.000643006174577,0.000643006174577,-0.000036927350290,NHB,-0.001,0.000,0.036927350290123,0.963072649709877
67,1,C,NHB,0.610796623000,-0.000065931000,-0.000107942640017,0.000107942640017,0.000012561467078,NHB,0.000,0.001,0.987438532922358,0.012561467077642
68,1,C,NHB,0.610796623000,-0.000033688000,-0.000055154201467,0.000055154201467,-0.000063668166788,NHB,-0.001,0.000,0.063668166788358,0.936331833211642
69,1,C,NHB,0.610796623000,0.000045274000,0.000074122872156,-0.000074122872156,-0.000119346458309,NHB,-0.001,0.000,0.119346458309249,0.880653541690751
70,1,C,NHB,0.610796623000,-0.000070754000,-0.000115838885376,0.000115838885376,-0.000316443606207,NHB,-0.001,0.000,0.316443606206722,0.683556393793278
71,1,C,NHB,0.610796623000,-0.000311191000,-0.000509483825355,0.000509483825355,-0.000400637384466,NHB,-0.001,0.000,0.400637384465878,0.599362615534123
72,1,C,NHB,0.610796623000,-0.000072032000,-0.000117931234862,0.000117931234862,-0.000034589394609,NHB,-0.001,0.000,0.034589394609023,0.965410605390977
73,1,C,NHB,0.610796623000,-0.000062986000,-0.000103121067845,0.000103121067845,-0.000341012082861,NHB,-0.001,0.000,0.341012082860919,0.658987917139081
74,1,C,NHB,0.610796623000,-0.000167848000,-0.000274801781280,0.000274801781280,0.000041495088089,NHB,0.000,0.001,0.958504911911460,0.041495088088540
75,1,C,NHB,0.610796623000,-0.000525792000,-0.000860829906717,0.000860829906717,-0.000358091681869,NHB,-0.001,0.000,0.358091681869292,0.641908318130708
76,1,C,NHB,0.610796623000,-0.000312019000,-0.000510839432064,0.000510839432064,0.000172816360208,NHB,0.000,0.001,0.827183639791526,0.172816360208474
77,1,C,NHB,0.610796623000,-0.000336386000,-0.000550733234817,0.000550733234817,-0.000040928637488,NHB,-0.001,0.000,0.040928637488218,0.959071362511782
78,1,C,NHB,0.610796623000,-0.000319436000,-0.000522982590230,0.000522982590230,-0.000351509363264,NHB,-0.001,0.000,0.351509363264299,0.648490636735701
79,1,C,NHB,0.610796623000,-0.000213294000,-0.000349206252897,0.000349206252897,-0.000079014630864,NHB,-0.001,0.000,0.079014630864265,0.920985369135735
80,1,C,NHB,0.610796623000,-0.000156626000,-0.000256429053636,0.000256429053636,-0.000015052620250,NHB,-0.001,0.000,0.015052620249952,0.984947379750048
81,1,C,NHB,0.610796623000,-0.000236915000,-0.000387878699847,0.000387878699847,0.000096548237490,NHB,0.000,0.001,0.903451762509783,0.096548237490217
82,2,C,NHB,0.241185721000,-0.000043909000,-0.000182054724542,0.000182054724542,0.000041247979122,NHB,0.000,0.001,0.958752020878311,0.041247979121689
83,2,C,NHB,0.241185721000,-0.000138431000,-0.000573960180669,0.000573960180669,-0.000301917714887,NHB,-0.001,0.000,0.301917714886714,0.698082285113286
84,2,C,NHB,0.241185721000,-0.000017441000,-0.000072313567850,0.000072313567850,-0.000214375486535,NHB,-0.001,0.000,0.214375486535099,0.785624513464901
85,2,C,NHB,0.617017436000,0.000009529000,0.000015443647852,-0.000015443647852,0.000160241984641,NHB,0.000,0.001,0.839758015358878,0.160241984641122
86,2,C,NHB,0.617017436000,-0.000326170000,-0.000528623635200,0.000528623635200,-0.000041095204558,NHB,-0.001,0.000,0.041095204558198,0.958904795441802
87,2,C,NHB,0.617017436000,-0.000036179000,-0.000058635296005,0.000058635296005,0.000041422158527,NHB,0.000,0.001,0.958577841473106,0.041422158526894
88,2,C,NHB,0.617017436000,-0.000054788000,-0.000088794897524,0.000088794897524,0.000090713369748,NHB,0.000,0.001,0.909286630252214,0.090713369747786
89,2,C,NHB,0.517349488000,-0.000095994000,-0.000185549618250,0.000185549618250,-0.000135601463161,NHB,-0.001,0.000,0.135601463160749,0.864398536839251
90,2,C,NHB,0.517349488000,-0.000075603000,-0.000146135256251,0.000146135256251,-0.000392292472528,NHB,-0.001,0.000,0.392292472528467,0.607707527471533
91,2,C,NHB,0.517349488000,-0.000058452000,-0.000112983585286,0.000112983585286,0.000001019017987,NHB,0.000,0.001,0.998980982013090,0.001019017986910
92,2,C,NHB,0.517349488000,0.000060791000,0.000117504706992,-0.000117504706992,-0.000191155828164,NHB,-0.001,0.000,0.191155828163708,0.808844171836292
93,2,C,NHB,0.517349488000,-0.000093758000,-0.000181227588264,0.000181227588264,-0.000077566675239,NHB,-0.001,0.000,0.077566675239268,0.922433324760732
94,2,C,NHB,0.517349488000,-0.000205405000,-0.000397033349340,0.000397033349340,-0.000050081345107,NHB,-0.001,0.000,0.050081345106691,0.949918654893309
95,2,C,NHB,0.517349488000,-0.000276501000,-0.000534456893094,0.000534456893094,-0.000174217323725,NHB,-0.001,0.000,0.174217323725440,0.825782676274560
96,2,C,NHB,0.517349488000,-0.000099692000,-0.000192697590917,0.000192697590917,0.000140774843393,NHB,0.000,0.001,0.859225156606896,0.140774843393104
97,2,C,NHB,0.517349488000,-0.000113161000,-0.000218732216084,0.000218732216084,0.000053819347601,NHB,0.000,0.001,0.946180652398521,0.053819347601479
98,2,C,NHB,0.517349488000,-0.000202883000,-0.000392158501566,0.000392158501566,-0.000241892413413,NHB,-0.001,0.000,0.241892413413240,0.758107586586760
99,2,C,NHB,0.517349488000,-0.000238661000,-0.000461314847189,0.000461314847189,-0.000392355733525,NHB,-0.001,0.000,0.392355733524792,0.607644266475208
100,2,C,NHB,0.626409493000,0.000012560000,0.000020050781702,-0.000020050781702,0.000091363467099,NHB,0.000,0.001,0.908636532900999,0.091363467099001
101,2,C,NHB,0.626409493000,-0.000288442000,-0.000460468756019,0.000460468756019,0.000194487610983,NHB,0.000,0.001,0.805512389017461,0.194487610982539
102,2,C,NHB,0.626409493000,0.000001864000,0.000002975689259,-0.000002975689259,0.000004868257640,NHB,0.000,0.001,0.995131742360074,0.004868257639926
103,2,C,NHB,0.626409493000,-0.000235129000,-0.000375359892574,0.000375359892574,0.000137645777719,NHB,0.000,0.001,0.862354222281465,0.137645777718535
104,2,C,NHB,0.626409493000,-0.000011886000,-0.000018974808225,0.000018974808225,-0.000100960709893,NHB,-0.001,0.000,0.100960709892532,0.899039290107468
105,2,C,NHB,0.626409493000,-0.000138023000,-0.000220339891943,0.000220339891943,0.000276340184123,NHB,0.000,0.001,0.723659815876821,0.276340184123179
106,2,C,NHB,0.626409493000,-0.000167396000,-0.000267230943769,0.000267230943769,0.000087985582242,NHB,0.000,0.001,0.912014417757675,0.087985582242325
107,2,C,NHB,0.626409493000,-0.000121060000,-0.000193260161848,0.000193260161848,-0.000034505050148,NHB,-0.001,0.000,0.034505050147628,0.965494949852372
108,2,C,NHB,0.626409493000,-0.000203258000,-0.000324481034006,0.000324481034006,-0.000025856375377,NHB,-0.001,0.000,0.025856375377190,0.974143624622810
109,2,C,NHB,0.626409493000,-0.000389549000,-0.000621875952317,0.000621875952317,-0.000262385127360,NHB,-0.001,0.000,0.262385127359996,0.737614872640004
110,2,C,NHB,0.626409493000,-0.000076834000,-0.000122657783540,0.000122657783540,-0.000044903737154,NHB,-0.001,0.000,0.044903737153663,0.955096262846337
111,2,C,NHB,0.626409493000,0.000077167000,0.000123189384679,-0.000123189384679,-0.000250671939961,NHB,-0.001,0.000,0.250671939960997,0.749328060039004
112,2,C,NHB,0.604526425000,-0.000045485000,-0.000075240714250,0.000075240714250,-0.000135397565115,NHB,-0.001,0.000,0.135397565115368,0.864602434884632
113,2,C,NHB,0.604526425000,-0.000062103000,-0.000102730000595,0.000102730000595,0.000041408107263,NHB,0.000,0.001,0.958591892736708,0.041408107263292
114,2,C,NHB,0.604526425000,-0.000246960000,-0.000408518122264,0.000408518122264,-0.000310571171304,NHB,-0.001,0.000,0.310571171303621,0.689428828696379
115,2,C,NHB,0.604526425000,-0.000082865000,-0.000137074239559,0.000137074239559,0.000084563263990,NHB,0.000,0.001,0.915436736009999,0.084563263990001
116,2,C,NHB,0.604526425000,0.000120222000,0.000198869718557,-0.000198869718557,-0.000080423530912,NHB,-0.001,0.000,0.080423530911883,0.919576469088117
117,2,C,NHB,0.604526425000,-0.000111604000,-0.000184613931475,0.000184613931475,0.000154775538053,NHB,0.000,0.001,0.845224461946832,0.154775538053168
118,2,C,NHB,0.604526425000,-0.000181412000,-0.000300089446049,0.000300089446049,-0.000031252141015,NHB,-0.001,0.000,0.031252141014620,0.968747858985380
119,2,C,NHB,0.604526425000,-0.000058726000,-0.000097143809718,0.000097143809718,0.000148414339434,NHB,0.000,0.001,0.851585660565958,0.148414339434042
120,2,C,NHB,0.604526425000,-0.000246996000,-0.000408577673011,0.000408577673011,-0.000040702642572,NHB,-0.001,0.000,0.040702642572168,0.959297357427832
121,2,C,NHB,0.604526425000,-0.000076037000,-0.000125779447937,0.000125779447937,-0.000010004576934,NHB,-0.001,0.000,0.010004576934201,0.989995423065799
122,2,C,NHB,0.604526425000,-0.000129891000,-0.000214864056604,0.000214864056604,-0.000248992666365,NHB,-0.001,0.000,0.248992666365317,0.751007333634683
123,2,C,NHB,0.604526425000,-0.000303938000,-0.000502770412393,0.000502770412393,0.000469824335825,NHB,0.000,0.001,0.530175664175169,0.469824335824831
124,2,C,NHB,0.610796623000,-0.000022800000,-0.000037328300684,0.000037328300684,0.000120844311409,NHB,0.000,0.001,0.879155688591456,0.120844311408544
125,2,C,NHB,0.610796623000,-0.000307561000,-0.000503540766957,0.000503540766957,-0.000076357283841,NHB,-0.001,0.000,0.076357283840660,0.923642716159340
126,2,C,NHB,0.610796623000,-0.000032133000,-0.000052608345872,0.000052608345872,0.000062521328545,NHB,0.000,0.001,0.937478671455227,0.062521328544773
127,2,C,NHB,0.610796623000,0.000006269000,0.000010263645482,-0.000010263645482,-0.000145712230501,NHB,-0.001,0.000,0.145712230501216,0.854287769498784
128,2,C,NHB,0.610796623000,-0.000019264000,-0.000031539139665,0.000031539139665,0.000453852652262,NHB,0.000,0.001,0.546147347737566,0.453852652262434
129,2,C,NHB,0.610796623000,-0.000041251000,-0.000067536391733,0.000067536391733,-0.000180020902867,NHB,-0.001,0.000,0.180020902867202,0.819979097132797
130,2,C,NHB,0.610796623000,-0.000281937000,-0.000461588996048,0.000461588996048,-0.000332137058079,NHB,-0.001,0.000,0.332137058079396,0.667862941920604
131,2,C,NHB,0.610796623000,0.000011650000,0.000019073451884,-0.000019073451884,-0.000065519283907,NHB,-0.001,0.000,0.065519283906878,0.934480716093122
132,2,C,NHB,0.610796623000,-0.000200087000,-0.000327583671005,0.000327583671005,0.000057724463256,NHB,0.000,0.001,0.942275536743544,0.057724463256456
133,2,C,NHB,0.610796623000,-0.000225321000,-0.000368896931508,0.000368896931508,0.000010765812414,NHB,0.000,0.001,0.989234187586268,0.010765812413732
134,2,C,NHB,0.610796623000,-0.000128718000,-0.000210737903834,0.000210737903834,-0.000360589824875,NHB,-0.001,0.000,0.360589824874981,0.639410175125019
135,3,C,NHB,0.241185721000,-0.000115988000,-0.000480907408279,0.000480907408279,-0.000610962000869,NHB,-0.001,0.000,0.610962000868646,0.389037999131354
136,3,C,NHB,0.241185721000,-0.000107767000,-0.000446821642480,0.000446821642480,-0.000036855270468,NHB,-0.001,0.000,0.036855270468048,0.963144729531952
137,3,C,NHB,0.241185721000,0.000064554000,0.000267652660914,-0.000267652660914,-0.000482865902701,NHB,-0.001,0.000,0.482865902701260,0.517134097298740
138,3,C,NHB,0.617017436000,0.000105947000,0.000171708275680,-0.000171708275680,-0.000269186465879,NHB,-0.001,0.000,0.269186465878861,0.730813534121139
139,3,C,NHB,0.617017436000,-0.000233235000,-0.000378003904577,0.000378003904577,0.000228576113949,NHB,0.000,0.001,0.771423886051356,0.228576113948644
140,3,C,NHB,0.617017436000,-0.000215001000,-0.000348452065462,0.000348452065462,-0.000321906858005,NHB,-0.001,0.000,0.321906858005420,0.678093141994580
141,3,C,NHB,0.517349488000,0.000235776000,0.000455738346068,-0.000455738346068,-0.000467737946738,NHB,-0.001,0.000,0.467737946738300,0.532262053261700
142,3,C,NHB,0.517349488000,0.000099044000,0.000191445052711,-0.000191445052711,-0.000181396011731,NHB,-0.001,0.000,0.181396011730759,0.818603988269241
143,3,C,NHB,0.517349488000,-0.000021445000,-0.000041451669514,0.000041451669514,-0.000704788835569,NHB,-0.001,0.000,0.704788835568934,0.295211164431066
144,3,C,NHB,0.517349488000,0.000040686000,0.000078643162782,-0.000078643162782,-0.000343217515686,NHB,-0.001,0.000,0.343217515685818,0.656782484314182
145,3,C,NHB,0.517349488000,-0.000268823000,-0.000519615861686,0.000519615861686,-0.000752406815185,NHB,-0.001,0.000,0.752406815184959,0.247593184815041
146,3,C,NHB,0.517349488000,-0.000123192000,-0.000238121430208,0.000238121430208,-0.000493223209062,NHB,-0.001,0.000,0.493223209061873,0.506776790938127
147,3,C,NHB,0.517349488000,-0.000098963000,-0.000191288485435,0.000191288485435,-0.000029436866562,NHB,-0.001,0.000,0.029436866562335,0.970563133437665
148,3,C,NHB,0.517349488000,-0.000220664000,-0.000426527918010,0.000426527918010,-0.000477506528477,NHB,-0.001,0.000,0.477506528476551,0.522493471523449
149,3,C,NHB,0.517349488000,-0.000070900000,-0.000137044689604,0.000137044689604,-0.000424371103788,NHB,-0.001,0.000,0.424371103788475,0.575628896211525
150,3,C,NHB,0.517349488000,-0.000017067000,-0.000032989304901,0.000032989304901,-0.000007859680075,NHB,-0.001,0.000,0.007859680074744,0.992140319925256
151,3,C,NHB,0.626409493000,0.000030138000,0.000048112297685,-0.000048112297685,-0.000271009844311,NHB,-0.001,0.000,0.271009844311272,0.728990155688728
152,3,C,NHB,0.626409493000,-0.000040207000,-0.000064186447443,0.000064186447443,-0.000030291126792,NHB,-0.001,0.000,0.030291126791991,0.969708873208009
153,3,C,NHB,0.626409493000,-0.000032332000,-0.000051614798884,0.000051614798884,-0.000167665569391,NHB,-0.001,0.000,0.167665569390520,0.832334430609480
154,3,C,NHB,0.626409493000,0.000042860000,0.000068421696157,-0.000068421696157,-0.000104571809548,NHB,-0.001,0.000,0.104571809548365,0.895428190451635
155,3,C,NHB,0.626409493000,-0.000177678000,-0.000283645126687,0.000283645126687,0.000353983470689,NHB,0.000,0.001,0.646016529310577,0.353983470689423
156,3,C,NHB,0.626409493000,0.000014755000,0.000023554879300,-0.000023554879300,-0.000311542820931,NHB,-0.001,0.000,0.311542820931223,0.688457179068777
157,3,C,NHB,0.626409493000,0.000229178000,0.000365859717263,-0.000365859717263,-0.000532708053800,NHB,-0.001,0.000,0.532708053799587,0.467291946200413
158,3,C,NHB,0.626409493000,0.000126642000,0.000202171265626,-0.000202171265626,-0.000242848771420,NHB,-0.001,0.000,0.242848771420445,0.757151228579555
159,3,C,NHB,0.626409493000,-0.000336865000,-0.000537771224358,0.000537771224358,-0.000576836027393,NHB,-0.001,0.000,0.576836027393447,0.423163972606553
160,3,C,NHB,0.626409493000,-0.000083105000,-0.000132668806793,0.000132668806793,-0.000402683994391,NHB,-0.001,0.000,0.402683994390940,0.597316005609060
161,3,C,NHB,0.626409493000,-0.000188533000,-0.000300974046701,0.000300974046701,0.000055850399588,NHB,0.000,0.001,0.944149600411888,0.055850399588112
162,3,C,NHB,0.626409493000,-0.000069999000,-0.000111746390791,0.000111746390791,-0.000136877850430,NHB,-0.001,0.000,0.136877850429830,0.863122149570170
163,3,C,NHB,0.604526425000,0.000264933000,0.000438248832547,-0.000438248832547,-0.000344788532943,NHB,-0.001,0.000,0.344788532943237,0.655211467056763
164,3,C,NHB,0.604526425000,-0.000111366000,-0.000184220234872,0.000184220234872,0.000096231558137,NHB,0.000,0.001,0.903768441862962,0.096231558137038
165,3,C,NHB,0.604526425000,-0.000266525000,-0.000440882298900,0.000440882298900,-0.000691433302000,NHB,-0.001,0.000,0.691433302000409,0.308566697999591
166,3,C,NHB,0.604526425000,-0.000067913000,-0.000112340829435,0.000112340829435,-0.000120100725036,NHB,-0.001,0.000,0.120100725035855,0.879899274964145
167,3,C,NHB,0.604526425000,-0.000068359000,-0.000113078597019,0.000113078597019,-0.000632086704965,NHB,-0.001,0.000,0.632086704964715,0.367913295035285
168,3,C,NHB,0.604526425000,-0.000004315000,-0.000007137818665,0.000007137818665,-0.000139265155462,NHB,-0.001,0.000,0.139265155461765,0.860734844538235
169,3,C,NHB,0.604526425000,-0.000173599000,-0.000287165279830,0.000287165279830,-0.000142495510774,NHB,-0.001,0.000,0.142495510774119,0.857504489225881
170,3,C,NHB,0.604526425000,-0.000154523000,-0.000255610000837,0.000255610000837,-0.000075745590765,NHB,-0.001,0.000,0.075745590765074,0.924254409234926
171,3,C,NHB,0.604526425000,-0.000080746000,-0.000133569016441,0.000133569016441,-0.000015956112688,NHB,-0.001,0.000,0.015956112688045,0.984043887311955
172,3,C,NHB,0.604526425000,-0.000001736000,-0.000002871669340,0.000002871669340,-0.000209025978238,NHB,-0.001,0.000,0.209025978238185,0.790974021761815
173,3,C,NHB,0.610796623000,-0.000205331000,-0.000336169180163,0.000336169180163,-0.000439253709443,NHB,-0.001,0.000,0.439253709442742,0.560746290557258
174,3,C,NHB,0.610796623000,-0.000011291000,-0.000018485694869,0.000018485694869,-0.000209731858391,NHB,-0.001,0.000,0.209731858391028,0.790268141608972
175,3,C,NHB,0.610796623000,-0.000021377000,-0.000034998556303,0.000034998556303,0.000093570884333,NHB,0.000,0.001,0.906429115667288,0.093570884332712
176,3,C,NHB,0.610796623000,0.000126079000,0.000206417316751,-0.000206417316751,-0.000485206518444,NHB,-0.001,0.000,0.485206518443536,0.514793481556464
177,3,C,NHB,0.610796623000,-0.000132444000,-0.000216838134025,0.000216838134025,0.000127182403974,NHB,0.000,0.001,0.872817596025686,0.127182403974314
178,3,C,NHB,0.610796623000,-0.000028542000,-0.000046729138514,0.000046729138514,-0.000056931327718,NHB,-0.001,0.000,0.056931327717948,0.943068672282052
179,3,C,NHB,0.610796623000,0.000263740000,0.000431796755366,-0.000431796755366,-0.000328996883505,NHB,-0.001,0.000,0.328996883505244,0.671003116494756
180,3,C,NHB,0.610796623000,-0.000221520000,-0.000362673910854,0.000362673910854,-0.000633038466578,NHB,-0.001,0.000,0.633038466577771,0.366961533422229
181,3,C,NHB,0.610796623000,-0.000112461000,-0.000184121843123,0.000184121843123,-0.000049050510224,NHB,-0.001,0.000,0.049050510223810,0.950949489776190
182,3,C,NHB,0.610796623000,-0.000019004000,-0.000031113466061,0.000031113466061,-0.000652219811890,NHB,-0.001,0.000,0.652219811889988,0.347780188110012
183,3,C,NHB,0.610796623000,-0.000029207000,-0.000047817880617,0.000047817880617,-0.000345397107267,NHB,-0.001,0.000,0.345397107267384,0.654602892732616
184,3,C,NHB,0.610796623000,-0.000055056000,-0.000090138022914,0.000090138022914,-0.000215941899797,NHB,-0.001,0.000,0.215941899797285,0.784058100202715
185,4,C,NHB,0.241185721000,-0.000054358000,-0.000225378184806,0.000225378184806,0.000270209658368,NHB,0.000,0.001,0.729790341631777,0.270209658368223
186,4,C,NHB,0.241185721000,-0.000060183000,-0.000249529697490,0.000249529697490,0.000557547196621,NHB,0.000,0.001,0.442452803379018,0.557547196620982
187,4,C,NHB,0.617017436000,-0.000211264000,-0.000342395510522,0.000342395510522,0.000664887100413,NHB,0.000,0.001,0.335112899586864,0.664887100413136
188,4,C,NHB,0.517349488000,-0.000025354000,-0.000049007490271,0.000049007490271,0.000140082493426,NHB,0.000,0.001,0.859917506573881,0.140082493426119
189,4,C,NHB,0.517349488000,-0.000321052000,-0.000620570827742,0.000620570827742,0.000446847153226,NHB,0.000,0.001,0.553152846774310,0.446847153225690
190,4,C,NHB,0.517349488000,0.000095278000,0.000184165640848,-0.000184165640848,0.000014228895863,NHB,0.000,0.001,0.985771104136923,0.014228895863077
191,4,C,NHB,0.517349488000,-0.000027412000,-0.000052985458836,0.000052985458836,0.000397387479376,NHB,0.000,0.001,0.602612520623886,0.397387479376114
192,4,C,NHB,0.517349488000,-0.000042076000,-0.000081329934553,0.000081329934553,0.000297215092121,NHB,0.000,0.001,0.702784907879381,0.297215092120619
193,4,C,NHB,0.517349488000,-0.000379407000,-0.000733366918883,0.000733366918883,0.000455907803097,NHB,0.000,0.001,0.544092196903015,0.455907803096985
194,4,C,NHB,0.517349488000,-0.000289726000,-0.000560019883503,0.000560019883503,0.000717647739214,NHB,0.000,0.001,0.282352260786176,0.717647739213824
195,4,C,NHB,0.517349488000,0.000059700000,0.000115395881092,-0.000115395881092,-0.000200102833088,NHB,-0.001,0.000,0.200102833088496,0.799897166911504
196,4,C,NHB,0.626409493000,-0.000407446000,-0.000650446719842,0.000650446719842,0.000688813690218,NHB,0.000,0.001,0.311186309782346,0.688813690217654
197,4,C,NHB,0.626409493000,0.000074416000,0.000118797688783,-0.000118797688783,0.000058426656197,NHB,0.000,0.001,0.941573343803289,0.058426656196711
198,4,C,NHB,0.626409493000,-0.000242870000,-0.000387717623558,0.000387717623558,0.000471949543641,NHB,0.000,0.001,0.528050456359009,0.471949543640991
199,4,C,NHB,0.626409493000,-0.000295726000,-0.000472096932286,0.000472096932286,0.000416491035870,NHB,0.000,0.001,0.583508964129798,0.416491035870202
200,4,C,NHB,0.626409493000,-0.000014095000,-0.000022501255421,0.000022501255421,0.000678679884863,NHB,0.000,0.001,0.321320115136739,0.678679884863261
201,4,C,NHB,0.604526425000,-0.000458250000,-0.000758031379687,0.000758031379687,0.000600099247751,NHB,0.000,0.001,0.399900752248625,0.600099247751375
202,4,C,NHB,0.604526425000,0.000074607000,0.000123413959944,-0.000123413959944,-0.000345550435345,NHB,-0.001,0.000,0.345550435344608,0.654449564655392
203,4,C,NHB,0.604526425000,0.000005550000,0.000009180740114,-0.000009180740114,0.000030541194963,NHB,0.000,0.001,0.969458805036674,0.030541194963326
204,4,C,NHB,0.604526425000,-0.000010816000,-0.000017891691004,0.000017891691004,0.000298700521620,NHB,0.000,0.001,0.701299478379733,0.298700521620267
205,4,C,NHB,0.604526425000,-0.000308568000,-0.000510429300092,0.000510429300092,0.000706074710261,NHB,0.000,0.001,0.293925289739405,0.706074710260595
206,4,C,NHB,0.604526425000,-0.000017444000,-0.000028855645144,0.000028855645144,0.000101464166215,NHB,0.000,0.001,0.898535833784638,0.101464166215362
207,4,C,NHB,0.610796623000,0.000010112000,0.000016555428795,-0.000016555428795,-0.000021806073205,NHB,-0.001,0.000,0.021806073205492,0.978193926794508
208,4,C,NHB,0.610796623000,-0.000207626000,-0.000339926568324,0.000339926568324,0.000628228895728,NHB,0.000,0.001,0.371771104271536,0.628228895728464
209,4,C,NHB,0.610796623000,-0.000257319000,-0.000421284254546,0.000421284254546,0.000323547875570,NHB,0.000,0.001,0.676452124429904,0.323547875570096
210,4,C,NHB,0.610796623000,-0.000578875000,-0.000947737721857,0.000947737721857,0.000663618964503,NHB,0.000,0.001,0.336381035496662,0.663618964503338
211,4,C,NHB,0.610796623000,0.000066068000,0.000108166937262,-0.000108166937262,0.000160834864906,NHB,0.000,0.001,0.839165135094435,0.160834864905565
212,5,C,NHB,0.241185721000,-0.000011698000,-0.000048502042125,0.000048502042125,-0.000035352596018,NHB,-0.001,0.000,0.035352596018294,0.964647403981706
213,5,C,NHB,0.241185721000,-0.000111789000,-0.000463497588234,0.000463497588234,0.000345019283641,NHB,0.000,0.001,0.654980716359264,0.345019283640736
214,5,C,NHB,0.241185721000,-0.000338162000,-0.001402081344608,0.001402081344608,0.000729338466776,NHB,0.000,0.001,0.270661533224204,0.729338466775796
215,5,C,NHB,0.617017436000,-0.000748746000,-0.001213492449831,0.001213492449831,0.000745605519590,NHB,0.000,0.001,0.254394480410053,0.745605519589947
216,5,C,NHB,0.617017436000,-0.000238002000,-0.000385729780252,0.000385729780252,-0.000556705857278,NHB,-0.001,0.000,0.556705857277829,0.443294142722171
217,5,C,NHB,0.617017436000,-0.000042021000,-0.000068103423904,0.000068103423904,0.000029154742003,NHB,0.000,0.001,0.970845257996720,0.029154742003280
218,5,C,NHB,0.617017436000,-0.000364725000,-0.000591109713794,0.000591109713794,0.000195103328914,NHB,0.000,0.001,0.804896671085776,0.195103328914224
219,5,C,NHB,0.517349488000,-0.000276930000,-0.000535286119777,0.000535286119777,0.000281470667769,NHB,0.000,0.001,0.718529332231307,0.281470667768693
220,5,C,NHB,0.517349488000,-0.000371311000,-0.000717717923015,0.000717717923015,0.000556391865136,NHB,0.000,0.001,0.443608134864268,0.556391865135732
221,5,C,NHB,0.517349488000,-0.000035586000,-0.000068785223191,0.000068785223191,0.000016457764618,NHB,0.000,0.001,0.983542235381767,0.016457764618233
222,5,C,NHB,0.517349488000,-0.000232137000,-0.000448704416230,0.000448704416230,0.000330053857161,NHB,0.000,0.001,0.669946142839319,0.330053857160681
223,5,C,NHB,0.517349488000,-0.000327159000,-0.000632375227169,0.000632375227169,0.000686526587500,NHB,0.000,0.001,0.313473412499719,0.686526587500281
224,5,C,NHB,0.517349488000,-0.000052928000,-0.000102306083658,0.000102306083658,0.000691969420309,NHB,0.000,0.001,0.308030579691403,0.691969420308597
225,5,C,NHB,0.517349488000,-0.000656912000,-0.001269764473025,0.001269764473025,0.000691028221013,NHB,0.000,0.001,0.308971778987171,0.691028221012829
226,5,C,NHB,0.517349488000,-0.000424149000,-0.000819850043033,0.000819850043033,0.000731044563741,NHB,0.000,0.001,0.268955436258830,0.731044563741170
227,5,C,NHB,0.517349488000,-0.000016146000,-0.000031209076987,0.000031209076987,-0.000301124856808,NHB,-0.001,0.000,0.301124856807718,0.698875143192282
228,5,C,NHB,0.517349488000,-0.000003745000,-0.000007238820347,0.000007238820347,-0.000091719209749,NHB,-0.001,0.000,0.091719209748974,0.908280790251026
229,5,C,NHB,0.517349488000,-0.000061395000,-0.000118672196308,0.000118672196308,0.000043740859200,NHB,0.000,0.001,0.956259140799586,0.043740859200414
230,5,C,NHB,0.517349488000,-0.000132284000,-0.000255695623690,0.000255695623690,0.000096930724482,NHB,0.000,0.001,0.903069275517869,0.096930724482131
231,5,C,NHB,0.517349488000,-0.000002032000,-0.000003927712402,0.000003927712402,-0.000109994271393,NHB,-0.001,0.000,0.109994271392580,0.890005728607420
232,5,C,NHB,0.626409493000,-0.000148172000,-0.000236541753686,0.000236541753686,-0.000424512627549,NHB,-0.001,0.000,0.424512627548695,0.575487372451305
233,5,C,NHB,0.626409493000,-0.000074505000,-0.000118939768367,0.000118939768367,-0.000048515097405,NHB,-0.001,0.000,0.048515097404669,0.951484902595331
234,5,C,NHB,0.626409493000,-0.000229673000,-0.000366649935173,0.000366649935173,0.000662978018677,NHB,0.000,0.001,0.337021981322949,0.662978018677051
235,5,C,NHB,0.626409493000,0.000059823000,0.000095501426253,-0.000095501426253,-0.000407680327496,NHB,-0.001,0.000,0.407680327495936,0.592319672504064
236,5,C,NHB,0.626409493000,-0.000030846000,-0.000049242548756,0.000049242548756,0.000345434302278,NHB,0.000,0.001,0.654565697722359,0.345434302277641
237,5,C,NHB,0.626409493000,-0.000273687000,-0.000436913876719,0.000436913876719,0.000140858226962,NHB,0.000,0.001,0.859141773038321,0.140858226961679
238,5,C,NHB,0.626409493000,-0.000064239000,-0.000102551127845,0.000102551127845,0.000353438097516,NHB,0.000,0.001,0.646561902484374,0.353438097515626
239,5,C,NHB,0.626409493000,-0.000736979000,-0.001176513140742,0.001176513140742,0.000639412493923,NHB,0.000,0.001,0.360587506076753,0.639412493923248
240,5,C,NHB,0.626409493000,-0.000108594000,-0.000173359441729,0.000173359441729,-0.000441572326197,NHB,-0.001,0.000,0.441572326197088,0.558427673802912
241,5,C,NHB,0.626409493000,-0.000017481000,-0.000027906665201,0.000027906665201,-0.000039504281886,NHB,-0.001,0.000,0.039504281885691,0.960495718114309
242,5,C,NHB,0.626409493000,-0.000452117000,-0.000721759496068,0.000721759496068,0.000529952317631,NHB,0.000,0.001,0.470047682369128,0.529952317630872
243,5,C,NHB,0.626409493000,-0.000158435000,-0.000252925605008,0.000252925605008,0.000503543037895,NHB,0.000,0.001,0.496456962104771,0.503543037895229
244,5,C,NHB,0.604526425000,-0.000376267000,-0.000622416133422,0.000622416133422,0.000115255426368,NHB,0.000,0.001,0.884744573632183,0.115255426367817
245,5,C,NHB,0.604526425000,-0.000563483000,-0.000932106483186,0.000932106483186,0.000694458506697,NHB,0.000,0.001,0.305541493302509,0.694458506697491
246,5,C,NHB,0.604526425000,0.000022379000,0.000037019060002,-0.000037019060002,-0.000364414431558,NHB,-0.001,0.000,0.364414431558495,0.635585568441505
247,5,C,NHB,0.604526425000,-0.000246307000,-0.000407437937887,0.000407437937887,0.000246334344436,NHB,0.000,0.001,0.753665655563753,0.246334344436247
248,5,C,NHB,0.604526425000,-0.000538154000,-0.000890207570331,0.000890207570331,0.000492873080516,NHB,0.000,0.001,0.507126919484059,0.492873080515941
249,5,C,NHB,0.604526425000,-0.000219712000,-0.000363444823773,0.000363444823773,0.000665105210039,NHB,0.000,0.001,0.334894789961070,0.665105210038930
250,5,C,NHB,0.604526425000,-0.000232161000,-0.000384037802814,0.000384037802814,-0.000555735894209,NHB,-0.001,0.000,0.555735894209278,0.444264105790722
251,5,C,NHB,0.604526425000,-0.000030605000,-0.000050626405620,0.000050626405620,-0.000102808318381,NHB,-0.001,0.000,0.102808318380724,0.897191681619276
252,5,C,NHB,0.604526425000,-0.000186409000,-0.000308355420526,0.000308355420526,0.000195506338212,NHB,0.000,0.001,0.804493661787777,0.195506338212223
253,5,C,NHB,0.604526425000,-0.000000000000,-0.000000000000000,0.000000000000000,0.000142656707865,NHB,0.000,0.001,0.857343292134902,0.142656707865098
254,5,C,NHB,0.604526425000,-0.000062279000,-0.000103021137579,0.000103021137579,-0.000338041984240,NHB,-0.001,0.000,0.338041984239559,0.661958015760441
255,5,C,NHB,0.604526425000,-0.000288986000,-0.000478037002270,0.000478037002270,-0.000032566386660,NHB,-0.001,0.000,0.032566386659677,0.967433613340323
256,5,C,NHB,0.610796623000,0.000011617000,0.000019019424081,-0.000019019424081,-0.000296568779821,NHB,-0.001,0.000,0.296568779820579,0.703431220179421
257,5,C,NHB,0.610796623000,-0.000091783000,-0.000150267693933,0.000150267693933,-0.000076300658084,NHB,-0.001,0.000,0.076300658083728,0.923699341916272
258,5,C,NHB,0.610796623000,-0.000036501000,-0.000059759662424,0.000059759662424,-0.000137597725203,NHB,-0.001,0.000,0.137597725202829,0.862402274797171
259,5,C,NHB,0.610796623000,-0.000408348000,-0.000668549865247,0.000668549865247,0.000532137494436,NHB,0.000,0.001,0.467862505563832,0.532137494436168
260,5,C,NHB,0.610796623000,-0.000517048000,-0.000846514175963,0.000846514175963,0.000478103371214,NHB,0.000,0.001,0.521896628785951,0.478103371214049
261,5,C,NHB,0.610796623000,-0.000530861000,-0.000869128904794,0.000869128904794,0.000501843685300,NHB,0.000,0.001,0.498156314700141,0.501843685299859
262,5,C,NHB,0.610796623000,-0.000012252000,-0.000020059049999,0.000020059049999,-0.000078059012907,NHB,-0.001,0.000,0.078059012906970,0.921940987093030
263,5,C,NHB,0.610796623000,-0.000568436000,-0.000930646926645,0.000930646926645,0.000683890767313,NHB,0.000,0.001,0.316109232686724,0.683890767313276
264,5,C,NHB,0.610796623000,-0.000014205000,-0.000023256513650,0.000023256513650,-0.000271590438145,NHB,-0.001,0.000,0.271590438145187,0.728409561854813
265,5,C,NHB,0.610796623000,-0.000318576000,-0.000521574592923,0.000521574592923,0.000337635925842,NHB,0.000,0.001,0.662364074158148,0.337635925841852
266,6,C,NHB,0.241185721000,-0.000006246000,-0.000025897055489,0.000025897055489,-0.000049890642885,NHB,-0.001,0.000,0.049890642885396,0.950109357114604
267,6,C,NHB,0.241185721000,-0.000007441000,-0.000030851743499,0.000030851743499,-0.000233064888432,NHB,-0.001,0.000,0.233064888432477,0.766935111567522
268,6,C,NHB,0.241185721000,-0.000159769000,-0.000662431421469,0.000662431421469,0.000478731009216,NHB,0.000,0.001,0.521268990784014,0.478731009215986
269,6,C,NHB,0.241185721000,-0.000089000000,-0.000369010236721,0.000369010236721,0.000710624028113,NHB,0.000,0.001,0.289375971886988,0.710624028113012
270,6,C,NHB,0.617017436000,-0.000314533000,-0.000509763552290,0.000509763552290,0.000669226734884,NHB,0.000,0.001,0.330773265116019,0.669226734883981
271,6,C,NHB,0.617017436000,-0.000001891000,-0.000003064743214,0.000003064743214,-0.000310617887950,NHB,-0.001,0.000,0.310617887950368,0.689382112049632
272,6,C,NHB,0.617017436000,-0.000380509000,-0.000616690838539,0.000616690838539,0.000559016010007,NHB,0.000,0.001,0.440983989992828,0.559016010007172
273,6,C,NHB,0.617017436000,-0.000157017000,-0.000254477411559,0.000254477411559,0.000150986037159,NHB,0.000,0.001,0.849013962841361,0.150986037158639
274,6,C,NHB,0.517349488000,-0.000207107000,-0.000400323195062,0.000400323195062,0.000572463685686,NHB,0.000,0.001,0.427536314313655,0.572463685686345
275,6,C,NHB,0.517349488000,-0.000431201000,-0.000833481060679,0.000833481060679,0.000596407080182,NHB,0.000,0.001,0.403592919818301,0.596407080181699
276,6,C,NHB,0.517349488000,-0.000214787000,-0.000415168092328,0.000415168092328,0.000324706215014,NHB,0.000,0.001,0.675293784985609,0.324706215014391
277,6,C,NHB,0.517349488000,-0.000275545000,-0.000532609012653,0.000532609012653,0.000337671239816,NHB,0.000,0.001,0.662328760183700,0.337671239816300
278,6,C,NHB,0.517349488000,-0.000153268000,-0.000296256212783,0.000296256212783,0.000712581213417,NHB,0.000,0.001,0.287418786582657,0.712581213417343
279,6,C,NHB,0.517349488000,-0.000529736000,-0.001023942252360,0.001023942252360,0.000761330726641,NHB,0.000,0.001,0.238669273358906,0.761330726641094
280,6,C,NHB,0.517349488000,-0.000246316000,-0.000476111421222,0.000476111421222,0.000630981808032,NHB,0.000,0.001,0.369018191968469,0.630981808031531
281,6,C,NHB,0.517349488000,0.000003030000,0.000005856775874,-0.000005856775874,-0.000133786167935,NHB,-0.001,0.000,0.133786167934858,0.866213832065142
282,6,C,NHB,0.517349488000,-0.000127777000,-0.000246983911193,0.000246983911193,-0.000439668101049,NHB,-0.001,0.000,0.439668101048845,0.560331898951155
283,6,C,NHB,0.517349488000,-0.000073591000,-0.000142246202436,0.000142246202436,0.000044695354594,NHB,0.000,0.001,0.955304645405908,0.044695354594092
284,6,C,NHB,0.517349488000,0.000010539000,0.000020371142225,-0.000020371142225,-0.000259801180869,NHB,-0.001,0.000,0.259801180868765,0.740198819131235
285,6,C,NHB,0.517349488000,-0.000009938000,-0.000019209451697,0.000019209451697,0.000104546044487,NHB,0.000,0.001,0.895453955513498,0.104546044486502
286,6,C,NHB,0.517349488000,-0.000051007000,-0.000098592926413,0.000098592926413,0.000040599949413,NHB,0.000,0.001,0.959400050586901,0.040599949413099
287,6,C,NHB,0.517349488000,-0.000008628000,-0.000016677314272,0.000016677314272,-0.000090767747556,NHB,-0.001,0.000,0.090767747556425,0.909232252443575
288,6,C,NHB,0.626409493000,-0.000157345000,-0.000251185529208,0.000251185529208,-0.000425704343700,NHB,-0.001,0.000,0.425704343699726,0.574295656300273
289,6,C,NHB,0.626409493000,-0.000047647000,-0.000076063662081,0.000076063662081,0.000254408771228,NHB,0.000,0.001,0.745591228772149,0.254408771227851
290,6,C,NHB,0.626409493000,-0.000040818000,-0.000065161847731,0.000065161847731,-0.000190866251538,NHB,-0.001,0.000,0.190866251537876,0.809133748462124
291,6,C,NHB,0.626409493000,-0.000431236000,-0.000688425071489,0.000688425071489,0.000478388907016,NHB,0.000,0.001,0.521611092984361,0.478388907015639
292,6,C,NHB,0.626409493000,-0.000124581000,-0.000198881085603,0.000198881085603,0.000146554429777,NHB,0.000,0.001,0.853445570223374,0.146554429776626
293,6,C,NHB,0.626409493000,-0.000237830000,-0.000379671768480,0.000379671768480,0.000668045199874,NHB,0.000,0.001,0.331954800126249,0.668045199873751
294,6,C,NHB,0.626409493000,-0.000019310000,-0.000030826480467,0.000030826480467,0.000116686496204,NHB,0.000,0.001,0.883313503795725,0.116686496204275
295,6,C,NHB,0.626409493000,-0.000208385000,-0.000332665775868,0.000332665775868,0.000678623247332,NHB,0.000,0.001,0.321376752667624,0.678623247332376
296,6,C,NHB,0.626409493000,-0.000644124000,-0.001028279435733,0.001028279435733,0.000789347888888,NHB,0.000,0.001,0.210652111111597,0.789347888888403
297,6,C,NHB,0.626409493000,-0.000009226000,-0.000014728384712,0.000014728384712,-0.000047211002615,NHB,-0.001,0.000,0.047211002614640,0.952788997385360
298,6,C,NHB,0.626409493000,-0.000027160000,-0.000043358219030,0.000043358219030,-0.000216648896469,NHB,-0.001,0.000,0.216648896468570,0.783351103531430
299,6,C,NHB,0.626409493000,-0.000437923000,-0.000699100197066,0.000699100197066,0.000522689303884,NHB,0.000,0.001,0.477310696116244,0.522689303883756
300,6,C,NHB,0.626409493000,-0.000265826000,-0.000424364577757,0.000424364577757,0.000343636760022,NHB,0.000,0.001,0.656363239977808,0.343636760022192
301,6,C,NHB,0.604526425000,-0.000552217000,-0.000913470407849,0.000913470407849,0.000678793426215,NHB,0.000,0.001,0.321206573785282,0.678793426214718
302,6,C,NHB,0.604526425000,-0.000024457000,-0.000040456461436,0.000040456461436,0.000029052593861,NHB,0.000,0.001,0.970947406138522,0.029052593861478
303,6,C,NHB,0.604526425000,-0.000046028000,-0.000076138938013,0.000076138938013,0.000034041469275,NHB,0.000,0.001,0.965958530725274,0.034041469274726
304,6,C,NHB,0.604526425000,-0.000558946000,-0.000924601434917,0.000924601434917,0.000728046075318,NHB,0.000,0.001,0.271953924682047,0.728046075317953
305,6,C,NHB,0.604526425000,-0.000303576000,-0.000502171596552,0.000502171596552,0.000423068913643,NHB,0.000,0.001,0.576931086356738,0.423068913643262
306,6,C,NHB,0.604526425000,0.000041696000,0.000068972998161,-0.000068972998161,-0.000109964395136,NHB,-0.001,0.000,0.109964395135837,0.890035604864163
307,6,C,NHB,0.604526425000,-0.000208876000,-0.000345520049020,0.000345520049020,-0.000498567965636,NHB,-0.001,0.000,0.498567965635551,0.501432034364449
308,6,C,NHB,0.604526425000,-0.000309937000,-0.000512693882654,0.000512693882654,0.000328133273576,NHB,0.000,0.001,0.671866726423833,0.328133273576167
309,6,C,NHB,0.604526425000,-0.000019254000,-0.000031849724352,0.000031849724352,-0.000093209573652,NHB,-0.001,0.000,0.093209573651693,0.906790426348307
310,6,C,NHB,0.604526425000,-0.000040420000,-0.000066862255029,0.000066862255029,0.000383717315408,NHB,0.000,0.001,0.616282684591942,0.383717315408058
311,6,C,NHB,0.604526425000,-0.000035132000,-0.000058114912016,0.000058114912016,-0.000103636454837,NHB,-0.001,0.000,0.103636454836912,0.896363545163088
312,6,C,NHB,0.604526425000,-0.000040092000,-0.000066319681559,0.000066319681559,0.000001613323832,NHB,0.000,0.001,0.998386676167834,0.001613323832166
313,6,C,NHB,0.610796623000,-0.000110163000,-0.000180359543343,0.000180359543343,0.000083521276278,NHB,0.000,0.001,0.916478723721867,0.083521276278133
314,6,C,NHB,0.610796623000,-0.000160246000,-0.000262355739973,0.000262355739973,-0.000464573053354,NHB,-0.001,0.000,0.464573053354040,0.535426946645960
315,6,C,NHB,0.610796623000,0.000009335000,0.000015283319600,-0.000015283319600,-0.000140906850781,NHB,-0.001,0.000,0.140906850780687,0.859093149219313
316,6,C,NHB,0.610796623000,-0.000382109000,-0.000625591212543,0.000625591212543,0.000439008473312,NHB,0.000,0.001,0.560991526688205,0.439008473311795
317,6,C,NHB,0.610796623000,-0.000695140000,-0.001138087497252,0.001138087497252,0.000737767725499,NHB,0.000,0.001,0.262232274500677,0.737767725499323
318,6,C,NHB,0.610796623000,-0.000239133000,-0.000391510023133,0.000391510023133,0.000252456989153,NHB,0.000,0.001,0.747543010846708,0.252456989153292
319,6,C,NHB,0.610796623000,-0.000554960000,-0.000908583936293,0.000908583936293,0.000731352842182,NHB,0.000,0.001,0.268647157817763,0.731352842182238
320,6,C,NHB,0.610796623000,-0.000143174000,-0.000234405356233,0.000234405356233,0.000112469041608,NHB,0.000,0.001,0.887530958391532,0.112469041608468
321,6,C,NHB,0.610796623000,-0.000471313000,-0.000771636551763,0.000771636551763,0.000648499440007,NHB,0.000,0.001,0.351500559993363,0.648499440006637
322,6,C,NHB,0.610796623000,-0.000318680000,-0.000521744862365,0.000521744862365,0.000704387800938,NHB,0.000,0.001,0.295612199062294,0.704387800937706
323,6,C,NHB,0.610796623000,-0.000044724000,-0.000073222408762,0.000073222408762,-0.000252592456294,NHB,-0.001,0.000,0.252592456294388,0.747407543705612
324,6,C,NHB,0.610796623000,-0.000138509000,-0.000226767789448,0.000226767789448,0.000162153106886,NHB,0.000,0.001,0.837846893114094,0.162153106885906
325,7,C,NHB,0.241185721000,-0.000057317000,-0.000237646738631,0.000237646738631,-0.000395201774155,NHB,-0.001,0.000,0.395201774154839,0.604798225845161
326,7,C,NHB,0.241185721000,-0.000093114000,-0.000386067631259,0.000386067631259,0.000702109237737,NHB,0.000,0.001,0.297890762263169,0.702109237736831
327,7,C,NHB,0.241185721000,-0.000169242000,-0.000701708207676,0.000701708207676,0.000533032962630,NHB,0.000,0.001,0.466967037370395,0.533032962629605
328,7,C,NHB,0.617017436000,-0.000416932000,-0.000675721585281,0.000675721585281,0.000511522836719,NHB,0.000,0.001,0.488477163281026,0.511522836718974
329,7,C,NHB,0.617017436000,-0.000158175000,-0.000256354181861,0.000256354181861,0.000096095188763,NHB,0.000,0.001,0.903904811236908,0.096095188763092
330,7,C,NHB,0.617017436000,-0.000029553000,-0.000047896539507,0.000047896539507,-0.000060027771776,NHB,-0.001,0.000,0.060027771775731,0.939972228224269
331,7,C,NHB,0.617017436000,-0.000426777000,-0.000691677374252,0.000691677374252,0.000745834118891,NHB,0.000,0.001,0.254165881108924,0.745834118891076
332,7,C,NHB,0.617017436000,-0.000065128000,-0.000105552932867,0.000105552932867,-0.000025729988250,NHB,-0.001,0.000,0.025729988250198,0.974270011749802
333,7,C,NHB,0.517349488000,-0.000437362000,-0.000845389838291,0.000845389838291,0.000768685030436,NHB,0.000,0.001,0.231314969564450,0.768685030435550
334,7,C,NHB,0.517349488000,-0.000515037000,-0.000995530124116,0.000995530124116,0.000733721544953,NHB,0.000,0.001,0.266278455046657,0.733721544953343
335,7,C,NHB,0.517349488000,-0.000102436000,-0.000198001549003,0.000198001549003,0.000541507400848,NHB,0.000,0.001,0.458492599152264,0.541507400847736
336,7,C,NHB,0.517349488000,-0.000132978000,-0.000257037076646,0.000257037076646,0.000568799271352,NHB,0.000,0.001,0.431200728647741,0.568799271352259
337,7,C,NHB,0.517349488000,-0.000269015000,-0.000519986984118,0.000519986984118,0.000384895926367,NHB,0.000,0.001,0.615104073632641,0.384895926367359
338,7,C,NHB,0.517349488000,-0.000458119000,-0.000885511652425,0.000885511652425,0.000655034228784,NHB,0.000,0.001,0.344965771216481,0.655034228783519
339,7,C,NHB,0.517349488000,-0.000325730000,-0.000629613071155,0.000629613071155,0.000457170157728,NHB,0.000,0.001,0.542829842271773,0.457170157728227
340,7,C,NHB,0.517349488000,-0.000047938000,-0.000092660766294,0.000092660766294,0.000102183414053,NHB,0.000,0.001,0.897816585946705,0.102183414053295
341,7,C,NHB,0.517349488000,-0.000025556000,-0.000049397941996,0.000049397941996,-0.000182792175917,NHB,-0.001,0.000,0.182792175916668,0.817207824083332
342,7,C,NHB,0.517349488000,-0.000068453000,-0.000132314811530,0.000132314811530,-0.000283880356729,NHB,-0.001,0.000,0.283880356729277,0.716119643270723
343,7,C,NHB,0.517349488000,-0.000135667000,-0.000262234723619,0.000262234723619,-0.000339056834934,NHB,-0.001,0.000,0.339056834934179,0.660943165065821
344,7,C,NHB,0.517349488000,-0.000217203000,-0.000419838049593,0.000419838049593,-0.000468653073682,NHB,-0.001,0.000,0.468653073681596,0.531346926318404
345,7,C,NHB,0.626409493000,-0.000257815000,-0.000411575818823,0.000411575818823,0.000250108938796,NHB,0.000,0.001,0.749891061204303,0.250108938795697
346,7,C,NHB,0.626409493000,-0.000015411000,-0.000024602117580,0.000024602117580,-0.000057179575558,NHB,-0.001,0.000,0.057179575558395,0.942820424441605
347,7,C,NHB,0.626409493000,-0.000070139000,-0.000111969886765,0.000111969886765,-0.000003356041292,NHB,-0.001,0.000,0.003356041292063,0.996643958707937
348,7,C,NHB,0.626409493000,-0.000065821000,-0.000105076632356,0.000105076632356,-0.000111545061450,NHB,-0.001,0.000,0.111545061449922,0.888454938550078
349,7,C,NHB,0.626409493000,-0.000366453000,-0.000585005502144,0.000585005502144,0.000424770131521,NHB,0.000,0.001,0.575229868479225,0.424770131520775
350,7,C,NHB,0.626409493000,-0.000289085000,-0.000461495241101,0.000461495241101,0.000260190500245,NHB,0.000,0.001,0.739809499755383,0.260190500244617
351,7,C,NHB,0.626409493000,-0.000058971000,-0.000094141293609,0.000094141293609,-0.000073536283934,NHB,-0.001,0.000,0.073536283933552,0.926463716066448
352,7,C,NHB,0.626409493000,-0.000782923000,-0.001249858133935,0.001249858133935,0.000735112005201,NHB,0.000,0.001,0.264887994799353,0.735112005200647
353,7,C,NHB,0.626409493000,-0.000028861000,-0.000046073695119,0.000046073695119,-0.000189882989759,NHB,-0.001,0.000,0.189882989759152,0.810117010240848
354,7,C,NHB,0.626409493000,-0.000033954000,-0.000054204159387,0.000054204159387,0.000693712142636,NHB,0.000,0.001,0.306287857364372,0.693712142635628
355,7,C,NHB,0.626409493000,-0.000538355000,-0.000859429823488,0.000859429823488,0.000709794016536,NHB,0.000,0.001,0.290205983464488,0.709794016535512
356,7,C,NHB,0.626409493000,-0.000493453000,-0.000787748278904,0.000787748278904,0.000669761934157,NHB,0.000,0.001,0.330238065842602,0.669761934157398
357,7,C,NHB,0.626409493000,-0.000339521000,-0.000542011262272,0.000542011262272,0.000392681073424,NHB,0.000,0.001,0.607318926576365,0.392681073423635
358,7,C,NHB,0.604526425000,-0.000635809000,-0.001051747241653,0.001051747241653,0.000696062099322,NHB,0.000,0.001,0.303937900678442,0.696062099321558
359,7,C,NHB,0.604526425000,-0.000539883000,-0.000893067660359,0.000893067660359,0.000702254346338,NHB,0.000,0.001,0.297745653661634,0.702254346338365
360,7,C,NHB,0.604526425000,-0.000137987000,-0.000228256357859,0.000228256357859,0.000314676670947,NHB,0.000,0.001,0.685323329052626,0.314676670947374
361,7,C,NHB,0.604526425000,-0.000152234000,-0.000251823565860,0.000251823565860,0.000129929772778,NHB,0.000,0.001,0.870070227221511,0.129929772778489
362,7,C,NHB,0.604526425000,-0.000656404000,-0.001085815231319,0.001085815231319,0.000745424361319,NHB,0.000,0.001,0.254575638681500,0.745424361318500
363,7,C,NHB,0.604526425000,-0.000177336000,-0.000293346978174,0.000293346978174,0.000223532091504,NHB,0.000,0.001,0.776467908495964,0.223532091504036
364,7,C,NHB,0.604526425000,-0.000211202000,-0.000349367688931,0.000349367688931,0.000456180845214,NHB,0.000,0.001,0.543819154785508,0.456180845214492
365,7,C,NHB,0.604526425000,-0.000179766000,-0.000297366653575,0.000297366653575,0.000155552101852,NHB,0.000,0.001,0.844447898147704,0.155552101852296
366,7,C,NHB,0.604526425000,-0.000180394000,-0.000298405483267,0.000298405483267,0.000195575080351,NHB,0.000,0.001,0.804424919648711,0.195575080351289
367,7,C,NHB,0.604526425000,-0.000084472000,-0.000139732518723,0.000139732518723,-0.000020552662956,NHB,-0.001,0.000,0.020552662956354,0.979447337043646
368,7,C,NHB,0.604526425000,-0.000052700000,-0.000087175676398,0.000087175676398,-0.000141595574162,NHB,-0.001,0.000,0.141595574162166,0.858404425837834
369,7,C,NHB,0.604526425000,-0.000150283000,-0.000248596246227,0.000248596246227,-0.000362524868924,NHB,-0.001,0.000,0.362524868924066,0.637475131075934
370,7,C,NHB,0.610796623000,-0.000014374000,-0.000023533201493,0.000023533201493,0.000070556929587,NHB,0.000,0.001,0.929443070412566,0.070556929587434
371,7,C,NHB,0.610796623000,-0.000049043000,-0.000080293502212,0.000080293502212,-0.000033984819957,NHB,-0.001,0.000,0.033984819957497,0.966015180042503
372,7,C,NHB,0.610796623000,-0.000077660000,-0.000127145431189,0.000127145431189,-0.000025600558913,NHB,-0.001,0.000,0.025600558912964,0.974399441087036
373,7,C,NHB,0.610796623000,-0.000131618000,-0.000215485801728,0.000215485801728,-0.000281271222270,NHB,-0.001,0.000,0.281271222269611,0.718728777730389
374,7,C,NHB,0.610796623000,-0.000447783000,-0.000733113090575,0.000733113090575,0.000515021760751,NHB,0.000,0.001,0.484978239249085,0.515021760750915
375,7,C,NHB,0.610796623000,-0.000428096000,-0.000700881412699,0.000700881412699,0.000728975131823,NHB,0.000,0.001,0.271024868176819,0.728975131823181
376,7,C,NHB,0.610796623000,-0.000151302000,-0.000247712567985,0.000247712567985,0.000163649757545,NHB,0.000,0.001,0.836350242454516,0.163649757545484
377,7,C,NHB,0.610796623000,-0.000098783000,-0.000161728137125,0.000161728137125,0.000051424895924,NHB,0.000,0.001,0.948575104076021,0.051424895923979
378,7,C,NHB,0.610796623000,-0.000184525000,-0.000302105468582,0.000302105468582,-0.000376100969525,NHB,-0.001,0.000,0.376100969525038,0.623899030474962
379,7,C,NHB,0.610796623000,-0.000730154000,-0.001195412634100,0.001195412634100,0.000793026779584,NHB,0.000,0.001,0.206973220416071,0.793026779583929
380,7,C,NHB,0.610796623000,-0.000489589000,-0.000801558131732,0.000801558131732,0.000597520586952,NHB,0.000,0.001,0.402479413048113,0.597520586951887
381,7,C,NHB,0.610796623000,-0.000287158000,-0.000470136849463,0.000470136849463,0.000431467765560,NHB,0.000,0.001,0.568532234440049,0.431467765559951
382,8,C,NHB,0.241185721000,-0.000019781000,-0.000082015634748,0.000082015634748,-0.000014794507566,NHB,-0.001,0.000,0.014794507566139,0.985205492433861
383,8,C,NHB,0.241185721000,-0.000013624000,-0.000056487589495,0.000056487589495,-0.000024645577302,NHB,-0.001,0.000,0.024645577302052,0.975354422697948
384,8,C,NHB,0.241185721000,-0.000294395000,-0.001220615377973,0.001220615377973,0.000730625312942,NHB,0.000,0.001,0.269374687058471,0.730625312941529
385,8,C,NHB,0.241185721000,-0.000130826000,-0.000542428463251,0.000542428463251,0.000424802129309,NHB,0.000,0.001,0.575197870690963,0.424802129309037
386,8,C,NHB,0.617017436000,-0.000346832000,-0.000562110533291,0.000562110533291,0.000452072003199,NHB,0.000,0.001,0.547927996800601,0.452072003199399
387,8,C,NHB,0.617017436000,-0.000027865000,-0.000045160798341,0.000045160798341,0.000018203516638,NHB,0.000,0.001,0.981796483362286,0.018203516637714
388,8,C,NHB,0.617017436000,-0.000217611000,-0.000352682091791,0.000352682091791,-0.000492720825722,NHB,-0.001,0.000,0.492720825722411,0.507279174277589
389,8,C,NHB,0.617017436000,-0.000701260000,-0.001136531901831,0.001136531901831,0.000751741091237,NHB,0.000,0.001,0.248258908762751,0.751741091237249
390,8,C,NHB,0.517349488000,-0.000385145000,-0.000744458067387,0.000744458067387,0.000686733116115,NHB,0.000,0.001,0.313266883884977,0.686733116115023
391,8,C,NHB,0.517349488000,-0.000602688000,-0.001164953312953,0.001164953312953,0.000745972364599,NHB,0.000,0.001,0.254027635401241,0.745972364598759
392,8,C,NHB,0.517349488000,-0.000053369000,-0.000103158505494,0.000103158505494,0.000675660091559,NHB,0.000,0.001,0.324339908441192,0.675660091558808
393,8,C,NHB,0.517349488000,-0.000233531000,-0.000451398919718,0.000451398919718,0.000768272460211,NHB,0.000,0.001,0.231727539789014,0.768272460210986
394,8,C,NHB,0.517349488000,-0.000253491000,-0.000489980189175,0.000489980189175,0.000369319671390,NHB,0.000,0.001,0.630680328610009,0.369319671389991
395,8,C,NHB,0.517349488000,-0.000066398000,-0.000128342641754,0.000128342641754,0.000097841318939,NHB,0.000,0.001,0.902158681060721,0.097841318939279
396,8,C,NHB,0.517349488000,-0.000410224000,-0.000792934002092,0.000792934002092,0.000628019332358,NHB,0.000,0.001,0.371980667641553,0.628019332358447
397,8,C,NHB,0.517349488000,-0.000307845000,-0.000595042630061,0.000595042630061,0.000458260497480,NHB,0.000,0.001,0.541739502520455,0.458260497479545
398,8,C,NHB,0.517349488000,-0.000100757000,-0.000194756160656,0.000194756160656,0.000082558735073,NHB,0.000,0.001,0.917441264926583,0.082558735073417
399,8,C,NHB,0.517349488000,-0.000079415000,-0.000153503582862,0.000153503582862,0.000057228038402,NHB,0.000,0.001,0.942771961598102,0.057228038401898
400,8,C,NHB,0.517349488000,0.000021422000,0.000041407212140,-0.000041407212140,-0.000090011555101,NHB,-0.001,0.000,0.090011555100808,0.909988444899192
401,8,C,NHB,0.517349488000,-0.000029050000,-0.000056151597081,0.000056151597081,-0.000261919994454,NHB,-0.001,0.000,0.261919994454447,0.738080005545553
402,8,C,NHB,0.517349488000,-0.000145214000,-0.000280688399947,0.000280688399947,0.000140145386395,NHB,0.000,0.001,0.859854613604932,0.140145386395068
403,8,C,NHB,0.517349488000,0.000010663000,0.000020610825462,-0.000020610825462,-0.000053244835509,NHB,-0.001,0.000,0.053244835508527,0.946755164491473
404,8,C,NHB,0.517349488000,-0.000002759000,-0.000005332952026,0.000005332952026,-0.000139556201352,NHB,-0.001,0.000,0.139556201352015,0.860443798647985
405,8,C,NHB,0.626409493000,-0.000045690000,-0.000072939507639,0.000072939507639,-0.000009117920309,NHB,-0.001,0.000,0.009117920309381,0.990882079690619
406,8,C,NHB,0.626409493000,-0.000112856000,-0.000180163297749,0.000180163297749,-0.000428485873753,NHB,-0.001,0.000,0.428485873753216,0.571514126246784
407,8,C,NHB,0.626409493000,-0.000378513000,-0.000604258083937,0.000604258083937,0.000557291848362,NHB,0.000,0.001,0.442708151638418,0.557291848361583
408,8,C,NHB,0.626409493000,-0.000022384000,-0.000035733813504,0.000035733813504,0.000341294990869,NHB,0.000,0.001,0.658705009130820,0.341294990869180
409,8,C,NHB,0.626409493000,-0.000029085000,-0.000046431288678,0.000046431288678,-0.000173053509858,NHB,-0.001,0.000,0.173053509857874,0.826946490142126
410,8,C,NHB,0.626409493000,-0.000198654000,-0.000317131209249,0.000317131209249,0.000643263795960,NHB,0.000,0.001,0.356736204040495,0.643263795959505
411,8,C,NHB,0.626409493000,-0.000155719000,-0.000248589783105,0.000248589783105,0.000161898788037,NHB,0.000,0.001,0.838101211963498,0.161898788036502
412,8,C,NHB,0.626409493000,-0.000118790000,-0.000189636334263,0.000189636334263,0.000474870267743,NHB,0.000,0.001,0.525129732257058,0.474870267742942
413,8,C,NHB,0.626409493000,-0.000451504000,-0.000720780902980,0.000720780902980,0.000551876187958,NHB,0.000,0.001,0.448123812041983,0.551876187958017
414,8,C,NHB,0.626409493000,-0.000039418000,-0.000062926887987,0.000062926887987,-0.000017352727077,NHB,-0.001,0.000,0.017352727076520,0.982647272923480
415,8,C,NHB,0.626409493000,-0.000099131000,-0.000158252710260,0.000158252710260,-0.000381973645350,NHB,-0.001,0.000,0.381973645350056,0.618026354649944
416,8,C,NHB,0.626409493000,-0.000660177000,-0.001053906441996,0.001053906441996,0.000740261920987,NHB,0.000,0.001,0.259738079013379,0.740261920986621
417,8,C,NHB,0.626409493000,-0.000045733000,-0.000073008152831,0.000073008152831,0.000568733072963,NHB,0.000,0.001,0.431266927036513,0.568733072963487
418,8,C,NHB,0.604526425000,-0.000523341000,-0.000865704092257,0.000865704092257,0.000688801702679,NHB,0.000,0.001,0.311198297321029,0.688801702678971
419,8,C,NHB,0.604526425000,-0.000236154000,-0.000390642973134,0.000390642973134,0.000261186067336,NHB,0.000,0.001,0.738813932664246,0.261186067335754
420,8,C,NHB,0.604526425000,0.000008515000,0.000014085405779,-0.000014085405779,-0.000284844848645,NHB,-0.001,0.000,0.284844848644592,0.715155151355408
421,8,C,NHB,0.604526425000,-0.000567972000,-0.000939532130461,0.000939532130461,0.000750742524588,NHB,0.000,0.001,0.249257475411651,0.750742524588349
422,8,C,NHB,0.604526425000,-0.000314615000,-0.000520432171348,0.000520432171348,0.000436999160629,NHB,0.000,0.001,0.563000839370853,0.436999160629147
423,8,C,NHB,0.604526425000,-0.000000001000,-0.000000001654187,0.000000001654187,0.000110810202980,NHB,0.000,0.001,0.889189797019664,0.110810202980336
424,8,C,NHB,0.604526425000,-0.000190932000,-0.000315837310172,0.000315837310172,0.000219681565156,NHB,0.000,0.001,0.780318434844297,0.219681565155703
425,8,C,NHB,0.604526425000,0.000011787000,0.000019497906977,-0.000019497906977,-0.000114608621240,NHB,-0.001,0.000,0.114608621240357,0.885391378759643
426,8,C,NHB,0.604526425000,-0.000208946000,-0.000345635842139,0.000345635842139,-0.000497234074478,NHB,-0.001,0.000,0.497234074477710,0.502765925522290
427,8,C,NHB,0.604526425000,-0.000186172000,-0.000307963378110,0.000307963378110,0.000701748461560,NHB,0.000,0.001,0.298251538440240,0.701748461559760
428,8,C,NHB,0.604526425000,-0.000255965000,-0.000423414079873,0.000423414079873,0.000287381142247,NHB,0.000,0.001,0.712618857753243,0.287381142246757
429,8,C,NHB,0.604526425000,-0.000067282000,-0.000111297037181,0.000111297037181,-0.000293337506908,NHB,-0.001,0.000,0.293337506907690,0.706662493092310
430,8,C,NHB,0.610796623000,0.000007730000,0.000012655603697,-0.000012655603697,-0.000271276285739,NHB,-0.001,0.000,0.271276285738729,0.728723714261271
431,8,C,NHB,0.610796623000,-0.000040520000,-0.000066339594022,0.000066339594022,-0.000092144447505,NHB,-0.001,0.000,0.092144447504747,0.907855552495253
432,8,C,NHB,0.610796623000,-0.000378032000,-0.000618916322987,0.000618916322987,0.000739736885377,NHB,0.000,0.001,0.260263114622698,0.739736885377302
433,8,C,NHB,0.610796623000,-0.000376617000,-0.000616599676256,0.000616599676256,0.000552365777491,NHB,0.000,0.001,0.447634222509057,0.552365777490943
434,8,C,NHB,0.610796623000,-0.000114215000,-0.000186993502746,0.000186993502746,0.000138370838774,NHB,0.000,0.001,0.861629161225537,0.138370838774463
435,8,C,NHB,0.610796623000,-0.000060902000,-0.000099709130186,0.000099709130186,0.000312637287306,NHB,0.000,0.001,0.687362712693656,0.312637287306344
436,8,C,NHB,0.610796623000,0.000007212000,0.000011807530901,-0.000011807530901,-0.000038346555163,NHB,-0.001,0.000,0.038346555163056,0.961653444836944
437,8,C,NHB,0.610796623000,-0.000544753000,-0.000891872972913,0.000891872972913,0.000669595756730,NHB,0.000,0.001,0.330404243270109,0.669595756729891
438,8,C,NHB,0.610796623000,-0.000037524000,-0.000061434524336,0.000061434524336,-0.000033719605205,NHB,-0.001,0.000,0.033719605205075,0.966280394794925
439,8,C,NHB,0.610796623000,-0.000504946000,-0.000826700706890,0.000826700706890,0.000653071147879,NHB,0.000,0.001,0.346928852120654,0.653071147879346
440,8,C,NHB,0.610796623000,-0.000285077000,-0.000466729823423,0.000466729823423,0.000329288148763,NHB,0.000,0.001,0.670711851236669,0.329288148763331
441,8,C,NHB,0.610796623000,-0.000020986000,-0.000034358408691,0.000034358408691,-0.000233797878767,NHB,-0.001,0.000,0.233797878766998,0.766202121233001
442,9,C,NHB,0.241185721000,-0.000003686000,-0.000015282828456,0.000015282828456,-0.000280232470388,NHB,-0.001,0.000,0.280232470388009,0.719767529611991
443,9,C,NHB,0.241185721000,-0.000112176000,-0.000465102160836,0.000465102160836,0.000562397939283,NHB,0.000,0.001,0.437602060717494,0.562397939282506
444,9,C,NHB,0.241185721000,-0.000171102000,-0.000709420107005,0.000709420107005,0.000487810349776,NHB,0.000,0.001,0.512189650223503,0.487810349776497
445,9,C,NHB,0.617017436000,-0.000057725000,-0.000093554892669,0.000093554892669,-0.000236134884294,NHB,-0.001,0.000,0.236134884293974,0.763865115706026
446,9,C,NHB,0.617017436000,-0.000426709000,-0.000691567166669,0.000691567166669,0.000549292422040,NHB,0.000,0.001,0.450707577960008,0.549292422039992
447,9,C,NHB,0.617017436000,-0.000033169000,-0.000053756989778,0.000053756989778,-0.000306548042746,NHB,-0.001,0.000,0.306548042746314,0.693451957253686
448,9,C,NHB,0.617017436000,-0.000333341000,-0.000540245673057,0.000540245673057,0.000384127996831,NHB,0.000,0.001,0.615872003168884,0.384127996831116
449,9,C,NHB,0.517349488000,-0.000336976000,-0.000651350794417,0.000651350794417,0.000421158319339,NHB,0.000,0.001,0.578841680660986,0.421158319339014
450,9,C,NHB,0.517349488000,-0.000560676000,-0.001083747085877,0.001083747085877,0.000654339313073,NHB,0.000,0.001,0.345660686926577,0.654339313073423
451,9,C,NHB,0.517349488000,-0.000187438000,-0.000362304408041,0.000362304408041,0.000632813632572,NHB,0.000,0.001,0.367186367428135,0.632813632571865
452,9,C,NHB,0.517349488000,-0.000275309000,-0.000532152841330,0.000532152841330,0.000332162674557,NHB,0.000,0.001,0.667837325442547,0.332162674557453
453,9,C,NHB,0.517349488000,-0.000254573000,-0.000492071618712,0.000492071618712,0.000342177936194,NHB,0.000,0.001,0.657822063806053,0.342177936193947
454,9,C,NHB,0.517349488000,-0.000436043000,-0.000842840304502,0.000842840304502,0.000572526359700,NHB,0.000,0.001,0.427473640300241,0.572526359699759
455,9,C,NHB,0.517349488000,-0.000249932000,-0.000483100893684,0.000483100893684,0.000604411786993,NHB,0.000,0.001,0.395588213006830,0.604411786993170
456,9,C,NHB,0.517349488000,0.000001501000,0.000002901326927,-0.000002901326927,-0.000317841097714,NHB,-0.001,0.000,0.317841097714168,0.682158902285832
457,9,C,NHB,0.517349488000,-0.000045200000,-0.000087368405785,0.000087368405785,0.000011525364941,NHB,0.000,0.001,0.988474635058724,0.011525364941276
458,9,C,NHB,0.517349488000,-0.000142833000,-0.000276086095208,0.000276086095208,-0.000498718641528,NHB,-0.001,0.000,0.498718641528374,0.501281358471626
459,9,C,NHB,0.517349488000,0.000018875000,0.000036484041132,-0.000036484041132,-0.000164384714314,NHB,-0.001,0.000,0.164384714314047,0.835615285685953
460,9,C,NHB,0.626409493000,0.000062276000,0.000099417395004,-0.000099417395004,-0.000400029482889,NHB,-0.001,0.000,0.400029482888805,0.599970517111195
461,9,C,NHB,0.626409493000,-0.000066163000,-0.000105622601093,0.000105622601093,0.000257800819910,NHB,0.000,0.001,0.742199180089917,0.257800819910083
462,9,C,NHB,0.626409493000,-0.000181144000,-0.000289178248453,0.000289178248453,-0.000422013509949,NHB,-0.001,0.000,0.422013509949330,0.577986490050670
463,9,C,NHB,0.626409493000,-0.000255847000,-0.000408434103983,0.000408434103983,0.000685185393160,NHB,0.000,0.001,0.314814606840320,0.685185393159680
464,9,C,NHB,0.626409493000,-0.000140508000,-0.000224306945489,0.000224306945489,-0.000003389881671,NHB,-0.001,0.000,0.003389881671261,0.996610118328739
465,9,C,NHB,0.626409493000,-0.000478936000,-0.000764573342761,0.000764573342761,0.000095565618078,NHB,0.000,0.001,0.904434381922169,0.095565618077831
466,9,C,NHB,0.626409493000,-0.000224099000,-0.000357751602593,0.000357751602593,0.000160403519927,NHB,0.000,0.001,0.839596480072686,0.160403519927314
467,9,C,NHB,0.626409493000,-0.000395230000,-0.000630945099678,0.000630945099678,0.000470391487634,NHB,0.000,0.001,0.529608512365844,0.470391487634156
468,9,C,NHB,0.626409493000,-0.000008221000,-0.000013124002896,0.000013124002896,-0.000249880419809,NHB,-0.001,0.000,0.249880419808862,0.750119580191138
469,9,C,NHB,0.626409493000,-0.000033269000,-0.000053110625512,0.000053110625512,-0.000048507509158,NHB,-0.001,0.000,0.048507509157616,0.951492490842384
470,9,C,NHB,0.626409493000,-0.000788887000,-0.001259379062443,0.001259379062443,0.000710085612409,NHB,0.000,0.001,0.289914387590890,0.710085612409110
471,9,C,NHB,0.626409493000,-0.000235535000,-0.000376008030900,0.000376008030900,0.000723855505641,NHB,0.000,0.001,0.276144494359316,0.723855505640683
472,9,C,NHB,0.604526425000,-0.000370586000,-0.000613018694758,0.000613018694758,0.000125428518570,NHB,0.000,0.001,0.874571481429952,0.125428518570048
473,9,C,NHB,0.604526425000,-0.000534123000,-0.000883539540889,0.000883539540889,0.000676644708839,NHB,0.000,0.001,0.323355291161061,0.676644708838939
474,9,C,NHB,0.604526425000,-0.000050155000,-0.000082965769445,0.000082965769445,0.000018202744903,NHB,0.000,0.001,0.981797255097096,0.018202744902904
475,9,C,NHB,0.604526425000,-0.000035668000,-0.000059001556466,0.000059001556466,0.000055627750540,NHB,0.000,0.001,0.944372249460498,0.055627750539502
476,9,C,NHB,0.604526425000,-0.000608441000,-0.001006475440672,0.001006475440672,0.000498343523642,NHB,0.000,0.001,0.501656476358028,0.498343523641972
477,9,C,NHB,0.604526425000,0.000042871000,0.000070916668366,-0.000070916668366,-0.000224041860486,NHB,-0.001,0.000,0.224041860485935,0.775958139514065
478,9,C,NHB,0.604526425000,-0.000304098000,-0.000503035082379,0.000503035082379,0.000306558157368,NHB,0.000,0.001,0.693441842632475,0.306558157367525
479,9,C,NHB,0.604526425000,-0.000234118000,-0.000387275047571,0.000387275047571,-0.000548373252226,NHB,-0.001,0.000,0.548373252225826,0.451626747774174
480,9,C,NHB,0.604526425000,-0.000006851000,-0.000011332837932,0.000011332837932,-0.000105622594668,NHB,-0.001,0.000,0.105622594668033,0.894377405331967
481,9,C,NHB,0.604526425000,-0.000079521000,-0.000131542636867,0.000131542636867,-0.000096503795122,NHB,-0.001,0.000,0.096503795121588,0.903496204878412
482,9,C,NHB,0.610796623000,-0.000173176000,-0.000283524815755,0.000283524815755,-0.000526983819373,NHB,-0.001,0.000,0.526983819372570,0.473016180627430
483,9,C,NHB,0.610796623000,-0.000122339000,-0.000200294165674,0.000200294165674,0.000076874107903,NHB,0.000,0.001,0.923125892097384,0.076874107902616
484,9,C,NHB,0.610796623000,-0.000000075000,-0.000000122790463,0.000000122790463,-0.000262529968485,NHB,-0.001,0.000,0.262529968484987,0.737470031515013
485,9,C,NHB,0.610796623000,-0.000733850000,-0.001201463748106,0.001201463748106,0.000707652373635,NHB,0.000,0.001,0.292347626364973,0.707652373635027
486,9,C,NHB,0.610796623000,-0.000377363000,-0.000617821032059,0.000617821032059,0.000281366740098,NHB,0.000,0.001,0.718633259901800,0.281366740098200
487,9,C,NHB,0.610796623000,-0.000466762000,-0.000764185626481,0.000764185626481,0.000504445543232,NHB,0.000,0.001,0.495554456767978,0.504445543232022
488,9,C,NHB,0.610796623000,-0.000136912000,-0.000224153171194,0.000224153171194,0.000108095600375,NHB,0.000,0.001,0.891904399625152,0.108095600374848
489,9,C,NHB,0.610796623000,-0.000614222000,-0.001005608048360,0.001005608048360,0.000740946608290,NHB,0.000,0.001,0.259053391709600,0.740946608290400
490,9,C,NHB,0.610796623000,-0.000112284000,-0.000183832057631,0.000183832057631,0.000104554665034,NHB,0.000,0.001,0.895445334965530,0.104554665034470
491,9,C,NHB,0.610796623000,-0.000031586000,-0.000051712794096,0.000051712794096,-0.000291793887667,NHB,-0.001,0.000,0.291793887667037,0.708206112332963
492,9,C,NHB,0.610796623000,-0.000408798000,-0.000669286608024,0.000669286608024,0.000700813805395,NHB,0.000,0.001,0.299186194605119,0.700813805394881
493,10,H,NHB,0.070423299000,0.000137892000,0.001958045163434,-0.001958045163434,-0.000493147180674,NHB,-0.001,0.000,0.493147180673753,0.506852819326247
494,10,H,NHB,0.180161591000,0.000347915000,0.001931127484326,-0.001931127484326,-0.000470368001976,NHB,-0.001,0.000,0.470368001975597,0.529631998024403
495,10,H,NHB,0.180161591000,0.000174419000,0.000968125331442,-0.000968125331442,-0.000258001853182,NHB,-0.001,0.000,0.258001853181909,0.741998146818091
496,10,H,NHB,0.180161591000,0.000227246000,0.001261345432945,-0.001261345432945,-0.000360969526576,NHB,-0.001,0.000,0.360969526575541,0.639030473424459
497,10,H,NHB,0.180161591000,0.000029483000,0.000163647533508,-0.000163647533508,-0.000026948208241,NHB,-0.001,0.000,0.026948208240679,0.973051791759321
498,10,H,NHB,0.151059761000,0.000026909000,0.000178134797923,-0.000178134797923,-0.000213667506402,NHB,-0.001,0.000,0.213667506402203,0.786332493597797
499,10,H,NHB,0.151059761000,0.000004533000,0.000030007991341,-0.000030007991341,-0.000139935925457,NHB,-0.001,0.000,0.139935925456515,0.860064074543485
500,10,H,NHB,0.151059761000,0.000284531000,0.001883565802808,-0.001883565802808,-0.000553503141343,NHB,-0.001,0.000,0.553503141343008,0.446496858656992
501,10,H,NHB,0.151059761000,0.000300268000,0.001987743115786,-0.001987743115786,-0.000432969165300,NHB,-0.001,0.000,0.432969165299508,0.567030834700492
502,10,H,NHB,0.151059761000,0.000296862000,0.001965195747927,-0.001965195747927,-0.000513843815457,NHB,-0.001,0.000,0.513843815457055,0.486156184542945
503,10,H,NHB,0.151059761000,0.000298961000,0.001979090910914,-0.001979090910914,-0.000384683231999,NHB,-0.001,0.000,0.384683231999272,0.615316768000729
504,10,H,NHB,0.151059761000,0.000046629000,0.000308679159104,-0.000308679159104,-0.000301481997093,NHB,-0.001,0.000,0.301481997093069,0.698518002906931
505,10,H,NHB,0.151059761000,0.000018831000,0.000124659273094,-0.000124659273094,-0.000283161050499,NHB,-0.001,0.000,0.283161050498853,0.716838949501147
506,10,H,NHB,0.182903957000,0.000365136000,0.001996326410806,-0.001996326410806,-0.000526601741466,NHB,-0.001,0.000,0.526601741466389,0.473398258533611
507,10,H,NHB,0.182903957000,0.000207698000,0.001135557717868,-0.001135557717868,-0.000215046164602,NHB,-0.001,0.000,0.215046164601509,0.784953835398491
508,10,H,NHB,0.182903957000,0.000360597000,0.001971510107898,-0.001971510107898,-0.000485248029227,NHB,-0.001,0.000,0.485248029226702,0.514751970773298
509,10,H,NHB,0.182903957000,0.000141438000,0.000773291088503,-0.000773291088503,-0.000102684895886,NHB,-0.001,0.000,0.102684895885524,0.897315104114476
510,10,H,NHB,0.182903957000,0.000097631000,0.000533782874911,-0.000533782874911,-0.000316747391819,NHB,-0.001,0.000,0.316747391818591,0.683252608181409
511,10,H,NHB,0.182903957000,0.000000333000,0.000001820627642,-0.000001820627642,-0.000225275382454,NHB,-0.001,0.000,0.225275382454155,0.774724617545845
512,10,H,NHB,0.182903957000,0.000371072000,0.002028780602051,-0.002028780602051,-0.000457455283502,NHB,-0.001,0.000,0.457455283501540,0.542544716498460
513,10,H,NHB,0.182903957000,0.000335508000,0.001834339756794,-0.001834339756794,-0.000347743015939,NHB,-0.001,0.000,0.347743015938767,0.652256984061233
514,10,H,NHB,0.182903957000,0.000255626000,0.001397596881953,-0.001397596881953,-0.000307199042771,NHB,-0.001,0.000,0.307199042771019,0.692800957228981
515,10,H,NHB,0.182903957000,0.000168228000,0.000919761402428,-0.000919761402428,-0.000162821933661,NHB,-0.001,0.000,0.162821933661260,0.837178066338740
516,10,H,NHB,0.176514367000,0.000225508000,0.001277561729579,-0.001277561729579,-0.000352314051650,NHB,-0.001,0.000,0.352314051649842,0.647685948350158
517,10,H,NHB,0.176514367000,0.000078617000,0.000445385842162,-0.000445385842162,-0.000206200324238,NHB,-0.001,0.000,0.206200324237993,0.793799675762007
518,10,H,NHB,0.176514367000,0.000020019000,0.000113412864574,-0.000113412864574,-0.000203215484536,NHB,-0.001,0.000,0.203215484536295,0.796784515463705
519,10,H,NHB,0.176514367000,0.000337030000,0.001909362992532,-0.001909362992532,-0.000555645023604,NHB,-0.001,0.000,0.555645023604318,0.444354976395682
520,10,H,NHB,0.176514367000,0.000338243000,0.001916234954405,-0.001916234954405,-0.000339208991561,NHB,-0.001,0.000,0.339208991560679,0.660791008439321
521,10,H,NHB,0.176514367000,0.000357727000,0.002026616904221,-0.002026616904221,-0.000472999778989,NHB,-0.001,0.000,0.472999778989138,0.527000221010862
522,10,H,NHB,0.176514367000,0.000278888000,0.001579973374065,-0.001579973374065,-0.000207088260323,NHB,-0.001,0.000,0.207088260322770,0.792911739677230
523,10,H,NHB,0.176514367000,0.000247064000,0.001399682100664,-0.001399682100664,-0.000403373006125,NHB,-0.001,0.000,0.403373006124549,0.596626993875451
524,10,H,NHB,0.176514367000,0.000126541000,0.000716887821375,-0.000716887821375,-0.000343191615809,NHB,-0.001,0.000,0.343191615808902,0.656808384191098
525,10,H,NHB,0.178345189000,0.000348919000,0.001956425076316,-0.001956425076316,-0.000565482013610,NHB,-0.001,0.000,0.565482013609583,0.434517986390417
526,10,H,NHB,0.178345189000,0.000339367000,0.001902866020120,-0.001902866020120,-0.000267030059859,NHB,-0.001,0.000,0.267030059859278,0.732969940140722
527,10,H,NHB,0.178345189000,0.000275762000,0.001546226178268,-0.001546226178268,-0.000424137003022,NHB,-0.001,0.000,0.424137003022250,0.575862996977750
528,10,H,NHB,0.178345189000,0.000000036000,0.000000201855739,-0.000000201855739,-0.000212765048294,NHB,-0.001,0.000,0.212765048293815,0.787234951706185
529,10,H,NHB,0.178345189000,0.000000456000,0.000002556839366,-0.000002556839366,-0.000234725730675,NHB,-0.001,0.000,0.234725730675468,0.765274269324532
530,10,H,NHB,0.178345189000,0.000238984000,0.001340008112021,-0.001340008112021,-0.000299363899688,NHB,-0.001,0.000,0.299363899688456,0.700636100311544
531,10,H,NHB,0.178345189000,0.000018273000,0.000102458609074,-0.000102458609074,-0.000110847507889,NHB,-0.001,0.000,0.110847507888669,0.889152492111331
532,10,H,NHB,0.178345189000,0.000345633000,0.001938000132989,-0.001938000132989,-0.000481938205885,NHB,-0.001,0.000,0.481938205885131,0.518061794114869
533,10,H,NHB,0.178345189000,0.000340175000,0.001907396560050,-0.001907396560050,-0.000367965467025,NHB,-0.001,0.000,0.367965467025423,0.632034532974577
534,11,H,NHB,0.070423299000,0.000000838000,0.000011899470941,-0.000011899470941,-0.000250955201627,NHB,-0.001,0.000,0.250955201627276,0.749044798372724
535,11,H,NHB,0.070423299000,0.000058636000,0.000832622169546,-0.000832622169546,-0.000185217297541,NHB,-0.001,0.000,0.185217297540543,0.814782702459457
536,11,H,NHB,0.070423299000,0.000138958000,0.001973182199261,-0.001973182199261,-0.000402226529541,NHB,-0.001,0.000,0.402226529540814,0.597773470459185
537,11,H,NHB,0.180161591000,0.000020203000,0.000112138219294,-0.000112138219294,-0.000260511298364,NHB,-0.001,0.000,0.260511298364397,0.739488701635603
538,11,H,NHB,0.180161591000,0.000358310000,0.001988825687047,-0.001988825687047,-0.000555742128320,NHB,-0.001,0.000,0.555742128319723,0.444257871680277
539,11,H,NHB,0.180161591000,0.000248472000,0.001379161888063,-0.001379161888063,-0.000165632068980,NHB,-0.001,0.000,0.165632068979644,0.834367931020356
540,11,H,NHB,0.151059761000,0.000290046000,0.001920074532622,-0.001920074532622,-0.000398414138563,NHB,-0.001,0.000,0.398414138563157,0.601585861436843
541,11,H,NHB,0.151059761000,0.000236643000,0.001566552193870,-0.001566552193870,-0.000288403624805,NHB,-0.001,0.000,0.288403624805343,0.711596375194657
542,11,H,NHB,0.151059761000,0.000299930000,0.001985505590731,-0.001985505590731,-0.000501501934597,NHB,-0.001,0.000,0.501501934597236,0.498498065402764
543,11,H,NHB,0.151059761000,0.000293758000,0.001944647588844,-0.001944647588844,-0.000369734488022,NHB,-0.001,0.000,0.369734488022407,0.630265511977593
544,11,H,NHB,0.151059761000,0.000261777000,0.001732936675307,-0.001732936675307,-0.000337562986181,NHB,-0.001,0.000,0.337562986181452,0.662437013818548
545,11,H,NHB,0.151059761000,0.000189052000,0.001251504694225,-0.001251504694225,-0.000184819789263,NHB,-0.001,0.000,0.184819789262697,0.815180210737303
546,11,H,NHB,0.151059761000,0.000040097000,0.000265437994437,-0.000265437994437,-0.000170564023770,NHB,-0.001,0.000,0.170564023769826,0.829435976230174
547,11,H,NHB,0.151059761000,0.000004187000,0.000027717507113,-0.000027717507113,-0.000036879973155,NHB,-0.001,0.000,0.036879973155162,0.963120026844838
548,11,H,NHB,0.151059761000,0.000010712000,0.000070912332504,-0.000070912332504,-0.000263252776575,NHB,-0.001,0.000,0.263252776575161,0.736747223424839
549,11,H,NHB,0.151059761000,0.000125242000,0.000829089091436,-0.000829089091436,-0.000361619283914,NHB,-0.001,0.000,0.361619283913835,0.638380716086165
550,11,H,NHB,0.182903957000,0.000332029000,0.001815318845179,-0.001815318845179,-0.000448820681323,NHB,-0.001,0.000,0.448820681323374,0.551179318676626
551,11,H,NHB,0.182903957000,0.000029846000,0.000163178536373,-0.000163178536373,-0.000275356041633,NHB,-0.001,0.000,0.275356041632987,0.724643958367013
552,11,H,NHB,0.182903957000,0.000283617000,0.001550633483561,-0.001550633483561,-0.000412135580101,NHB,-0.001,0.000,0.412135580101232,0.587864419898768
553,11,H,NHB,0.182903957000,0.000361845000,0.001978333361044,-0.001978333361044,-0.000535859562923,NHB,-0.001,0.000,0.535859562922907,0.464140437077093
554,11,H,NHB,0.182903957000,0.000137163000,0.000749918166068,-0.000749918166068,-0.000197612754486,NHB,-0.001,0.000,0.197612754485753,0.802387245514247
555,11,H,NHB,0.182903957000,0.000003265000,0.000017850898655,-0.000017850898655,-0.000188248803955,NHB,-0.001,0.000,0.188248803955348,0.811751196044652
556,11,H,NHB,0.182903957000,0.000364098000,0.001990651301218,-0.001990651301218,-0.000519418138201,NHB,-0.001,0.000,0.519418138200877,0.480581861799123
557,11,H,NHB,0.182903957000,0.000368638000,0.002015473071477,-0.002015473071477,-0.000338943272061,NHB,-0.001,0.000,0.338943272061003,0.661056727938997
558,11,H,NHB,0.176514367000,0.000221312000,0.001253790293455,-0.001253790293455,-0.000347904845223,NHB,-0.001,0.000,0.347904845223176,0.652095154776824
559,11,H,NHB,0.176514367000,0.000038978000,0.000220820552244,-0.000220820552244,-0.000169474932391,NHB,-0.001,0.000,0.169474932390939,0.830525067609061
560,11,H,NHB,0.176514367000,0.000347727000,0.001969964291915,-0.001969964291915,-0.000567982924945,NHB,-0.001,0.000,0.567982924944880,0.432017075055120
561,11,H,NHB,0.176514367000,0.000340747000,0.001930420768526,-0.001930420768526,-0.000288204896073,NHB,-0.001,0.000,0.288204896072771,0.711795103927229
562,11,H,NHB,0.176514367000,0.000356893000,0.002021892076354,-0.002021892076354,-0.000481032398838,NHB,-0.001,0.000,0.481032398837675,0.518967601162325
563,11,H,NHB,0.176514367000,0.000261514000,0.001481545125446,-0.001481545125446,-0.000167493803245,NHB,-0.001,0.000,0.167493803244836,0.832506196755164
564,11,H,NHB,0.176514367000,0.000025022000,0.000141756166511,-0.000141756166511,-0.000275277965302,NHB,-0.001,0.000,0.275277965302086,0.724722034697914
565,11,H,NHB,0.176514367000,0.000332667000,0.001884645457783,-0.001884645457783,-0.000483788762717,NHB,-0.001,0.000,0.483788762716881,0.516211237283119
566,11,H,NHB,0.178345189000,0.000214512000,0.001202791066038,-0.001202791066038,-0.000335925518645,NHB,-0.001,0.000,0.335925518644601,0.664074481355399
567,11,H,NHB,0.178345189000,0.000009180000,0.000051473213556,-0.000051473213556,-0.000005922396505,NHB,-0.001,0.000,0.005922396504779,0.994077603495221
568,11,H,NHB,0.178345189000,0.000122115000,0.000684711489470,-0.000684711489470,-0.000350378055867,NHB,-0.001,0.000,0.350378055866879,0.649621944133121
569,11,H,NHB,0.178345189000,0.000359333000,0.002014817456051,-0.002014817456051,-0.000504242663445,NHB,-0.001,0.000,0.504242663444804,0.495757336555196
570,11,H,NHB,0.178345189000,0.000230122000,0.001290317957498,-0.001290317957498,-0.000251031888309,NHB,-0.001,0.000,0.251031888309184,0.748968111690816
571,11,H,NHB,0.178345189000,0.000266324000,0.001493306331913,-0.001493306331913,-0.000417132130961,NHB,-0.001,0.000,0.417132130960636,0.582867869039364
572,11,H,NHB,0.178345189000,0.000124261000,0.000696744334382,-0.000696744334382,-0.000230314856780,NHB,-0.001,0.000,0.230314856780232,0.769685143219768
573,11,H,NHB,0.178345189000,0.000355718000,0.001994547775550,-0.001994547775550,-0.000465311508003,NHB,-0.001,0.000,0.465311508003252,0.534688491996748
574,11,H,NHB,0.178345189000,0.000347964000,0.001951070292118,-0.001951070292118,-0.000379515287210,NHB,-0.001,0.000,0.379515287209864,0.620484712790136
575,12,H,NHB,0.070423299000,0.000078919000,0.001120637645788,-0.001120637645788,-0.000370015310104,NHB,-0.001,0.000,0.370015310104260,0.629984689895740
576,12,H,NHB,0.070423299000,0.000005294000,0.000075173984678,-0.000075173984678,-0.000109657450557,NHB,-0.001,0.000,0.109657450556927,0.890342549443073
577,12,H,NHB,0.070423299000,0.000129056000,0.001832575324255,-0.001832575324255,-0.000299186621659,NHB,-0.001,0.000,0.299186621658945,0.700813378341055
578,12,H,NHB,0.180161591000,0.000216404000,0.001201166124249,-0.001201166124249,-0.000339919855008,NHB,-0.001,0.000,0.339919855008128,0.660080144991872
579,12,H,NHB,0.180161591000,0.000347412000,0.001928335546282,-0.001928335546282,-0.000525529431310,NHB,-0.001,0.000,0.525529431310048,0.474470568689952
580,12,H,NHB,0.151059761000,0.000282084000,0.001867366915800,-0.001867366915800,-0.000356744249910,NHB,-0.001,0.000,0.356744249910268,0.643255750089732
581,12,H,NHB,0.151059761000,0.000176069000,0.001165558576516,-0.001165558576516,-0.000175642113173,NHB,-0.001,0.000,0.175642113173442,0.824357886826558
582,12,H,NHB,0.151059761000,0.000291444000,0.001929329148085,-0.001929329148085,-0.000411777325401,NHB,-0.001,0.000,0.411777325400915,0.588222674599085
583,12,H,NHB,0.151059761000,0.000253315000,0.001676919110179,-0.001676919110179,-0.000221577246077,NHB,-0.001,0.000,0.221577246077305,0.778422753922695
584,12,H,NHB,0.151059761000,0.000002140000,0.000014166578749,-0.000014166578749,-0.000138009896212,NHB,-0.001,0.000,0.138009896211888,0.861990103788112
585,12,H,NHB,0.151059761000,0.000162417000,0.001075183747974,-0.001075183747974,-0.000244440870895,NHB,-0.001,0.000,0.244440870895459,0.755559129104541
586,12,H,NHB,0.151059761000,0.000020120000,0.000133192319826,-0.000133192319826,-0.000087076531560,NHB,-0.001,0.000,0.087076531559999,0.912923468440001
587,12,H,NHB,0.151059761000,0.000018037000,0.000119403075184,-0.000119403075184,-0.000264475642305,NHB,-0.001,0.000,0.264475642305023,0.735524357694977
588,12,H,NHB,0.151059761000,0.000086684000,0.000573839117884,-0.000573839117884,-0.000323328034892,NHB,-0.001,0.000,0.323328034892049,0.676671965107951
589,12,H,NHB,0.151059761000,0.000216540000,0.001433472412286,-0.001433472412286,-0.000399303423229,NHB,-0.001,0.000,0.399303423228710,0.600696576771290
590,12,H,NHB,0.151059761000,0.000275505000,0.001823814615992,-0.001823814615992,-0.000462893503180,NHB,-0.001,0.000,0.462893503180189,0.537106496819811
591,12,H,NHB,0.182903957000,0.000089475000,0.000489191166050,-0.000489191166050,-0.000302135836736,NHB,-0.001,0.000,0.302135836736120,0.697864163263880
592,12,H,NHB,0.182903957000,0.000018026000,0.000098554456096,-0.000098554456096,-0.000257012407992,NHB,-0.001,0.000,0.257012407992175,0.742987592007825
593,12,H,NHB,0.182903957000,0.000349356000,0.001910051623432,-0.001910051623432,-0.000451051371266,NHB,-0.001,0.000,0.451051371266264,0.548948628733736
594,12,H,NHB,0.182903957000,0.000355366000,0.001942910398598,-0.001942910398598,-0.000488985083701,NHB,-0.001,0.000,0.488985083701015,0.511014916298985
595,12,H,NHB,0.182903957000,0.000355134000,0.001941641973334,-0.001941641973334,-0.000561921372828,NHB,-0.001,0.000,0.561921372827991,0.438078627172009
596,12,H,NHB,0.182903957000,0.000077564000,0.000424069556899,-0.000424069556899,-0.000208576399280,NHB,-0.001,0.000,0.208576399280416,0.791423600719584
597,12,H,NHB,0.182903957000,0.000348941000,0.001907782673067,-0.001907782673067,-0.000405592769148,NHB,-0.001,0.000,0.405592769148230,0.594407230851770
598,12,H,NHB,0.182903957000,0.000261347000,0.001428875592888,-0.001428875592888,-0.000189667780328,NHB,-0.001,0.000,0.189667780327764,0.810332219672236
599,12,H,NHB,0.176514367000,0.000317401000,0.001798159579837,-0.001798159579837,-0.000378846191421,NHB,-0.001,0.000,0.378846191420783,0.621153808579217
600,12,H,NHB,0.176514367000,0.000004437000,0.000025136764080,-0.000025136764080,-0.000046214836447,NHB,-0.001,0.000,0.046214836446681,0.953785163553319
601,12,H,NHB,0.176514367000,0.000340831000,0.001930896650469,-0.001930896650469,-0.000504102047975,NHB,-0.001,0.000,0.504102047974964,0.495897952025036
602,12,H,NHB,0.176514367000,0.000171749000,0.000973002951086,-0.000973002951086,-0.000123434637449,NHB,-0.001,0.000,0.123434637449349,0.876565362550651
603,12,H,NHB,0.176514367000,0.000001259000,0.000007132563889,-0.000007132563889,-0.000195020159810,NHB,-0.001,0.000,0.195020159810387,0.804979840189613
604,12,H,NHB,0.176514367000,0.000336826000,0.001908207279241,-0.001908207279241,-0.000406331288654,NHB,-0.001,0.000,0.406331288654200,0.593668711345800
605,12,H,NHB,0.176514367000,0.000022826000,0.000129315252849,-0.000129315252849,-0.000063379133193,NHB,-0.001,0.000,0.063379133192717,0.936620866807283
606,12,H,NHB,0.176514367000,0.000005273000,0.000029872922469,-0.000029872922469,-0.000258266049250,NHB,-0.001,0.000,0.258266049250460,0.741733950749540
607,12,H,NHB,0.176514367000,0.000263254000,0.001491402679987,-0.001491402679987,-0.000398397207391,NHB,-0.001,0.000,0.398397207391132,0.601602792608868
608,12,H,NHB,0.176514367000,0.000342619000,0.001941026137549,-0.001941026137549,-0.000532598192621,NHB,-0.001,0.000,0.532598192620705,0.467401807379295
609,12,H,NHB,0.178345189000,0.000185615000,0.001040762585415,-0.001040762585415,-0.000307302886416,NHB,-0.001,0.000,0.307302886416108,0.692697113583892
610,12,H,NHB,0.178345189000,0.000021072000,0.000118152892815,-0.000118152892815,-0.000266582827236,NHB,-0.001,0.000,0.266582827235574,0.733417172764426
611,12,H,NHB,0.178345189000,0.000271546000,0.001522586628339,-0.001522586628339,-0.000408853306689,NHB,-0.001,0.000,0.408853306689329,0.591146693310671
612,12,H,NHB,0.178345189000,0.000348527000,0.001954227091598,-0.001954227091598,-0.000502517048210,NHB,-0.001,0.000,0.502517048209508,0.497482951790492
613,12,H,NHB,0.178345189000,0.000054468000,0.000305407733763,-0.000305407733763,-0.000072095568886,NHB,-0.001,0.000,0.072095568885834,0.927904431114166
614,12,H,NHB,0.178345189000,0.000341873000,0.001916917422426,-0.001916917422426,-0.000517273762388,NHB,-0.001,0.000,0.517273762388201,0.482726237611799
615,12,H,NHB,0.178345189000,0.000155975000,0.000874568026615,-0.000874568026615,-0.000194234462474,NHB,-0.001,0.000,0.194234462474360,0.805765537525640
616,12,H,NHB,0.178345189000,0.000344380000,0.001930974431836,-0.001930974431836,-0.000325333785380,NHB,-0.001,0.000,0.325333785380127,0.674666214619873
617,12,H,NHB,0.178345189000,0.000269480000,0.001511002351737,-0.001511002351737,-0.000245673082140,NHB,-0.001,0.000,0.245673082140428,0.754326917859572
618,13,H,NHB,0.070423299000,0.000039291000,0.000557926148845,-0.000557926148845,-0.000032323418396,NHB,-0.001,0.000,0.032323418396112,0.967676581603888
619,13,H,NHB,0.070423299000,0.000111087000,0.001577418291637,-0.001577418291637,-0.000394127054370,NHB,-0.001,0.000,0.394127054369998,0.605872945630002
620,13,H,NHB,0.180161591000,0.000206360000,0.001145416172529,-0.001145416172529,-0.000100006050363,NHB,-0.001,0.000,0.100006050362735,0.899993949637265
621,13,H,NHB,0.180161591000,0.000276387000,0.001534106123652,-0.001534106123652,-0.000210773327348,NHB,-0.001,0.000,0.210773327348380,0.789226672651620
622,13,H,NHB,0.180161591000,0.000017058000,0.000094681668303,-0.000094681668303,-0.000080901933232,NHB,-0.001,0.000,0.080901933231974,0.919098066768026
623,13,H,NHB,0.151059761000,0.000235642000,0.001559925677362,-0.001559925677362,-0.000356847976149,NHB,-0.001,0.000,0.356847976149311,0.643152023850689
624,13,H,NHB,0.151059761000,0.000226976000,0.001502557653325,-0.001502557653325,-0.000426032045732,NHB,-0.001,0.000,0.426032045731915,0.573967954268085
625,13,H,NHB,0.151059761000,0.000194585000,0.001288132582177,-0.001288132582177,-0.000303531191095,NHB,-0.001,0.000,0.303531191095167,0.696468808904833
626,13,H,NHB,0.151059761000,0.000228679000,0.001513831337255,-0.001513831337255,-0.000374736058765,NHB,-0.001,0.000,0.374736058764948,0.625263941235052
627,13,H,NHB,0.151059761000,0.000002426000,0.000016059869180,-0.000016059869180,0.000046645539527,NHB,0.000,0.001,0.953354460472729,0.046645539527271
628,13,H,NHB,0.151059761000,0.000025866000,0.000171230245757,-0.000171230245757,-0.000005146101243,NHB,-0.001,0.000,0.005146101243074,0.994853898756926
629,13,H,NHB,0.151059761000,0.000124024000,0.000821026057363,-0.000821026057363,-0.000071182586298,NHB,-0.001,0.000,0.071182586298419,0.928817413701581
630,13,H,NHB,0.151059761000,0.000198960000,0.001317094629853,-0.001317094629853,-0.000115462497759,NHB,-0.001,0.000,0.115462497758835,0.884537502241165
631,13,H,NHB,0.151059761000,0.000061801000,0.000409116230496,-0.000409116230496,0.000074145365311,NHB,0.000,0.001,0.925854634689092,0.074145365310908
632,13,H,NHB,0.182903957000,0.000212210000,0.001160226402319,-0.001160226402319,-0.000081530632441,NHB,-0.001,0.000,0.081530632441489,0.918469367558511
633,13,H,NHB,0.182903957000,0.000121331000,0.000663359076480,-0.000663359076480,-0.000077495918075,NHB,-0.001,0.000,0.077495918074702,0.922504081925298
634,13,H,NHB,0.182903957000,0.000291910000,0.001595974219410,-0.001595974219410,-0.000182463831807,NHB,-0.001,0.000,0.182463831807335,0.817536168192665
635,13,H,NHB,0.182903957000,0.000005125000,0.000028020170171,-0.000028020170171,-0.000046320888840,NHB,-0.001,0.000,0.046320888839844,0.953679111160156
636,13,H,NHB,0.182903957000,0.000220880000,0.001207628329222,-0.001207628329222,-0.000128453590311,NHB,-0.001,0.000,0.128453590311466,0.871546409688534
637,13,H,NHB,0.182903957000,0.000279383000,0.001527484722487,-0.001527484722487,-0.000274914738176,NHB,-0.001,0.000,0.274914738175891,0.725085261824109
638,13,H,NHB,0.182903957000,0.000285528000,0.001561081589941,-0.001561081589941,-0.000333886165291,NHB,-0.001,0.000,0.333886165290781,0.666113834709219
639,13,H,NHB,0.182903957000,0.000004257000,0.000023274510130,-0.000023274510130,-0.000199829813697,NHB,-0.001,0.000,0.199829813697019,0.800170186302981
640,13,H,NHB,0.176514367000,0.000273151000,0.001547471770386,-0.001547471770386,-0.000249653406494,NHB,-0.001,0.000,0.249653406494029,0.750346593505971
641,13,H,NHB,0.176514367000,0.000266102000,0.001507537343972,-0.001507537343972,-0.000362580906236,NHB,-0.001,0.000,0.362580906235852,0.637419093764148
642,13,H,NHB,0.176514367000,0.000037727000,0.000213733310445,-0.000213733310445,-0.000155356741959,NHB,-0.001,0.000,0.155356741959034,0.844643258040967
643,13,H,NHB,0.176514367000,0.000177647000,0.001006416661823,-0.001006416661823,-0.000270583475132,NHB,-0.001,0.000,0.270583475131622,0.729416524868378
644,13,H,NHB,0.176514367000,0.000182688000,0.001034975243687,-0.001034975243687,-0.000101576940448,NHB,-0.001,0.000,0.101576940448247,0.898423059551753
645,13,H,NHB,0.176514367000,0.000277740000,0.001573469654173,-0.001573469654173,-0.000188554160669,NHB,-0.001,0.000,0.188554160669024,0.811445839330976
646,13,H,NHB,0.176514367000,0.000232440000,0.001316833320429,-0.001316833320429,-0.000048869133422,NHB,-0.001,0.000,0.048869133421512,0.951130866578488
647,13,H,NHB,0.176514367000,0.000016647000,0.000094309603705,-0.000094309603705,0.000088976127926,NHB,0.000,0.001,0.911023872073989,0.088976127926011
648,13,H,NHB,0.178345189000,0.000005897000,0.000033065091540,-0.000033065091540,0.000047994064255,NHB,0.000,0.001,0.952005935745403,0.047994064254597
649,13,H,NHB,0.178345189000,0.000147092000,0.000824760122910,-0.000824760122910,-0.000063097351982,NHB,-0.001,0.000,0.063097351982410,0.936902648017590
650,13,H,NHB,0.178345189000,0.000179422000,0.001006037791129,-0.001006037791129,-0.000193925696347,NHB,-0.001,0.000,0.193925696346513,0.806074303653487
651,13,H,NHB,0.178345189000,0.000274033000,0.001536531495672,-0.001536531495672,-0.000329330170494,NHB,-0.001,0.000,0.329330170494177,0.670669829505823
652,13,H,NHB,0.178345189000,0.000196910000,0.001104094823662,-0.001104094823662,0.000016286646209,NHB,0.000,0.001,0.983713353790879,0.016286646209121
653,13,H,NHB,0.178345189000,0.000270551000,0.001517007559985,-0.001517007559985,-0.000395181011089,NHB,-0.001,0.000,0.395181011089043,0.604818988910957
654,13,H,NHB,0.178345189000,0.000110506000,0.000619618620607,-0.000619618620607,-0.000271339685372,NHB,-0.001,0.000,0.271339685372119,0.728660314627881
655,13,H,NHB,0.178345189000,0.000269461000,0.001510895816764,-0.001510895816764,-0.000229331810432,NHB,-0.001,0.000,0.229331810431572,0.770668189568428
656,14,H,NHB,0.070423299000,0.000107330000,0.001524069470247,-0.001524069470247,-0.000366809426738,NHB,-0.001,0.000,0.366809426737834,0.633190573262166
657,14,H,NHB,0.180161591000,0.000020671000,0.000114735887296,-0.000114735887296,0.000033696919841,NHB,0.000,0.001,0.966303080159404,0.033696919840596
658,14,H,NHB,0.180161591000,0.000157835000,0.000876074634576,-0.000876074634576,-0.000051556788959,NHB,-0.001,0.000,0.051556788959133,0.948443211040867
659,14,H,NHB,0.180161591000,0.000134317000,0.000745536266939,-0.000745536266939,-0.000167711282638,NHB,-0.001,0.000,0.167711282638409,0.832288717361591
660,14,H,NHB,0.180161591000,0.000270933000,0.001503833300406,-0.001503833300406,-0.000225582911408,NHB,-0.001,0.000,0.225582911408187,0.774417088591813
661,14,H,NHB,0.151059761000,0.000006455000,0.000042731432628,-0.000042731432628,-0.000175076941554,NHB,-0.001,0.000,0.175076941554177,0.824923058445823
662,14,H,NHB,0.151059761000,0.000026235000,0.000173672987607,-0.000173672987607,-0.000229216132300,NHB,-0.001,0.000,0.229216132299929,0.770783867700071
663,14,H,NHB,0.151059761000,0.000230183000,0.001523787661759,-0.001523787661759,-0.000283630331242,NHB,-0.001,0.000,0.283630331241814,0.716369668758186
664,14,H,NHB,0.151059761000,0.000229931000,0.001522119447812,-0.001522119447812,-0.000290869338400,NHB,-0.001,0.000,0.290869338400171,0.709130661599829
665,14,H,NHB,0.151059761000,0.000233103000,0.001543117759865,-0.001543117759865,-0.000378116961467,NHB,-0.001,0.000,0.378116961467145,0.621883038532855
666,14,H,NHB,0.151059761000,0.000220377000,0.001458872955585,-0.001458872955585,-0.000393681129661,NHB,-0.001,0.000,0.393681129660724,0.606318870339276
667,14,H,NHB,0.151059761000,0.000030199000,0.000199914257775,-0.000199914257775,0.000139950024752,NHB,0.000,0.001,0.860049975248456,0.139950024751544
668,14,H,NHB,0.182903957000,0.000105394000,0.000576225915112,-0.000576225915112,-0.000034291810278,NHB,-0.001,0.000,0.034291810278187,0.965708189721813
669,14,H,NHB,0.182903957000,0.000254805000,0.001393108187375,-0.001393108187375,-0.000077892581380,NHB,-0.001,0.000,0.077892581379661,0.922107418620339
670,14,H,NHB,0.182903957000,0.000154784000,0.000846258345302,-0.000846258345302,-0.000116629794251,NHB,-0.001,0.000,0.116629794251419,0.883370205748581
671,14,H,NHB,0.182903957000,0.000281186000,0.001537342355037,-0.001537342355037,-0.000137497492709,NHB,-0.001,0.000,0.137497492708859,0.862502507291141
672,14,H,NHB,0.182903957000,0.000077255000,0.000422380145663,-0.000422380145663,-0.000050746123143,NHB,-0.001,0.000,0.050746123142931,0.949253876857069
673,14,H,NHB,0.182903957000,0.000111800000,0.000611249760988,-0.000611249760988,-0.000042643074477,NHB,-0.001,0.000,0.042643074476934,0.957356925523066
674,14,H,NHB,0.182903957000,0.000178994000,0.000978622895512,-0.000978622895512,-0.000079008461304,NHB,-0.001,0.000,0.079008461303830,0.920991538696170
675,14,H,NHB,0.182903957000,0.000271493000,0.001484347328801,-0.001484347328801,-0.000342286505687,NHB,-0.001,0.000,0.342286505687367,0.657713494312633
676,14,H,NHB,0.182903957000,0.000281300000,0.001537965632969,-0.001537965632969,-0.000389588823640,NHB,-0.001,0.000,0.389588823640400,0.610411176359600
677,14,H,NHB,0.176514367000,0.000071171000,0.000403202307039,-0.000403202307039,-0.000178383715680,NHB,-0.001,0.000,0.178383715679761,0.821616284320239
678,14,H,NHB,0.176514367000,0.000179807000,0.001018653626081,-0.001018653626081,-0.000263562608192,NHB,-0.001,0.000,0.263562608191991,0.736437391808009
679,14,H,NHB,0.176514367000,0.000195919000,0.001109932315028,-0.001109932315028,-0.000125579757216,NHB,-0.001,0.000,0.125579757215569,0.874420242784431
680,14,H,NHB,0.176514367000,0.000265201000,0.001502432943603,-0.001502432943603,-0.000156238263839,NHB,-0.001,0.000,0.156238263839325,0.843761736160675
681,14,H,NHB,0.176514367000,0.000258173000,0.001462617487675,-0.001462617487675,-0.000308048033588,NHB,-0.001,0.000,0.308048033587973,0.691951966412027
682,14,H,NHB,0.176514367000,0.000260690000,0.001476876950192,-0.001476876950192,-0.000350985029902,NHB,-0.001,0.000,0.350985029901506,0.649014970098494
683,14,H,NHB,0.176514367000,0.000000080000,0.000000453220898,-0.000000453220898,0.000008579373866,NHB,0.000,0.001,0.991420626134101,0.008579373865899
684,14,H,NHB,0.176514367000,0.000188608000,0.001068513590171,-0.001068513590171,0.000004386449527,NHB,0.000,0.001,0.995613550472634,0.004386449527366
685,14,H,NHB,0.178345189000,0.000247820000,0.001389552481845,-0.001389552481845,-0.000217653925654,NHB,-0.001,0.000,0.217653925653544,0.782346074346456
686,14,H,NHB,0.178345189000,0.000263629000,0.001478195186975,-0.001478195186975,-0.000238330295660,NHB,-0.001,0.000,0.238330295660018,0.761669704339982
687,14,H,NHB,0.178345189000,0.000190693000,0.001069235458883,-0.001069235458883,0.000022744106885,NHB,0.000,0.001,0.977255893114964,0.022744106885036
688,14,H,NHB,0.178345189000,0.000000107000,0.000000599960114,-0.000000599960114,-0.000107886890276,NHB,-0.001,0.000,0.107886890275708,0.892113109724292
689,14,H,NHB,0.178345189000,0.000000205000,0.000001149456294,-0.000001149456294,0.000149192333546,NHB,0.000,0.001,0.850807666453709,0.149192333546291
690,14,H,NHB,0.178345189000,0.000009973000,0.000055919646927,-0.000055919646927,0.000008214688935,NHB,0.000,0.001,0.991785311065312,0.008214688934688
691,14,H,NHB,0.178345189000,0.000195057000,0.001093704860185,-0.001093704860185,-0.000314829538068,NHB,-0.001,0.000,0.314829538068396,0.685170461931604
692,14,H,NHB,0.178345189000,0.000261772000,0.001467782795083,-0.001467782795083,-0.000184863338977,NHB,-0.001,0.000,0.184863338977055,0.815136661022945
693,14,H,NHB,0.178345189000,0.000273868000,0.001535606323533,-0.001535606323533,-0.000428998980419,NHB,-0.001,0.000,0.428998980419442,0.571001019580558
694,15,H,NHB,0.070423299000,0.000064592000,0.000917196452271,-0.000917196452271,-0.000281177605121,NHB,-0.001,0.000,0.281177605121108,0.718822394878892
695,15,H,NHB,0.070423299000,0.000152389000,0.002163900330770,-0.002163900330770,-0.000703633756317,NHB,-0.001,0.000,0.703633756316571,0.296366243683429
696,15,H,NHB,0.180161591000,0.000021491000,0.000119287356871,-0.000119287356871,-0.000395190381172,NHB,-0.001,0.000,0.395190381171784,0.604809618828216
697,15,H,NHB,0.180161591000,0.000389830000,0.002163779737047,-0.002163779737047,-0.000561996250884,NHB,-0.001,0.000,0.561996250884181,0.438003749115819
698,15,H,NHB,0.180161591000,0.000282799000,0.001569696395499,-0.001569696395499,-0.000417454038448,NHB,-0.001,0.000,0.417454038448216,0.582545961551784
699,15,H,NHB,0.151059761000,0.000313744000,0.002076952842524,-0.002076952842524,-0.000688625183582,NHB,-0.001,0.000,0.688625183581804,0.311374816418196
700,15,H,NHB,0.151059761000,0.000275219000,0.001821921325561,-0.001821921325561,-0.000584623686622,NHB,-0.001,0.000,0.584623686622399,0.415376313377601
701,15,H,NHB,0.151059761000,0.000322033000,0.002131825165538,-0.002131825165538,-0.000762126006026,NHB,-0.001,0.000,0.762126006026460,0.237873993973540
702,15,H,NHB,0.151059761000,0.000328470000,0.002174437440027,-0.002174437440027,-0.000652474829029,NHB,-0.001,0.000,0.652474829028808,0.347525170971192
703,15,H,NHB,0.151059761000,0.000275319000,0.001822583315222,-0.001822583315222,-0.000361743402393,NHB,-0.001,0.000,0.361743402392642,0.638256597607358
704,15,H,NHB,0.151059761000,0.000223262000,0.001477971357309,-0.001477971357309,-0.000398044483825,NHB,-0.001,0.000,0.398044483825308,0.601955516174692
705,15,H,NHB,0.151059761000,0.000040425000,0.000267609320526,-0.000267609320526,-0.000159511013507,NHB,-0.001,0.000,0.159511013507242,0.840488986492758
706,15,H,NHB,0.151059761000,0.000005251000,0.000034761077108,-0.000034761077108,-0.000223039343244,NHB,-0.001,0.000,0.223039343243922,0.776960656756078
707,15,H,NHB,0.151059761000,0.000004547000,0.000030100669893,-0.000030100669893,-0.000228447438356,NHB,-0.001,0.000,0.228447438356046,0.771552561643954
708,15,H,NHB,0.151059761000,0.000115119000,0.000762075878036,-0.000762075878036,-0.000275984229769,NHB,-0.001,0.000,0.275984229769484,0.724015770230516
709,15,H,NHB,0.182903957000,0.000343184000,0.001876307137521,-0.001876307137521,-0.000313580430181,NHB,-0.001,0.000,0.313580430180966,0.686419569819034
710,15,H,NHB,0.182903957000,0.000303479000,0.001659225994766,-0.001659225994766,-0.000509311473874,NHB,-0.001,0.000,0.509311473873518,0.490688526126482
711,15,H,NHB,0.182903957000,0.000009252000,0.000050583924764,-0.000050583924764,-0.000200860256966,NHB,-0.001,0.000,0.200860256965577,0.799139743034423
712,15,H,NHB,0.182903957000,0.000392448000,0.002145650681576,-0.002145650681576,-0.000585071973428,NHB,-0.001,0.000,0.585071973428374,0.414928026571626
713,15,H,NHB,0.182903957000,0.000172055000,0.000940684951939,-0.000940684951939,-0.000303743137448,NHB,-0.001,0.000,0.303743137448097,0.696256862551903
714,15,H,NHB,0.182903957000,0.000005083000,0.000027790541459,-0.000027790541459,-0.000473240851164,NHB,-0.001,0.000,0.473240851164493,0.526759148835507
715,15,H,NHB,0.182903957000,0.000396512000,0.002167869993102,-0.002167869993102,-0.000669304282425,NHB,-0.001,0.000,0.669304282425046,0.330695717574954
716,15,H,NHB,0.182903957000,0.000399496000,0.002184184566330,-0.002184184566330,-0.000588628751853,NHB,-0.001,0.000,0.588628751852644,0.411371248147356
717,15,H,NHB,0.176514367000,0.000250430000,0.001418751369966,-0.001418751369966,-0.000584261016596,NHB,-0.001,0.000,0.584261016596107,0.415738983403893
718,15,H,NHB,0.176514367000,0.000060755000,0.000344192946062,-0.000344192946062,-0.000387340359829,NHB,-0.001,0.000,0.387340359829325,0.612659640170675
719,15,H,NHB,0.176514367000,0.000376330000,0.002132007758893,-0.002132007758893,-0.000730279122692,NHB,-0.001,0.000,0.730279122691921,0.269720877308079
720,15,H,NHB,0.176514367000,0.000366262000,0.002074969908823,-0.002074969908823,-0.000530046093398,NHB,-0.001,0.000,0.530046093397524,0.469953906602476
721,15,H,NHB,0.176514367000,0.000373468000,0.002115793781251,-0.002115793781251,-0.000473377221082,NHB,-0.001,0.000,0.473377221081522,0.526622778918478
722,15,H,NHB,0.176514367000,0.000315898000,0.001789644692208,-0.001789644692208,-0.000463544616475,NHB,-0.001,0.000,0.463544616474776,0.536455383525224
723,15,H,NHB,0.176514367000,0.000020996000,0.000118947824797,-0.000118947824797,-0.000284965509638,NHB,-0.001,0.000,0.284965509637881,0.715034490362119
724,15,H,NHB,0.176514367000,0.000350136000,0.001983611906220,-0.001983611906220,-0.000392686958378,NHB,-0.001,0.000,0.392686958377963,0.607313041622037
725,15,H,NHB,0.178345189000,0.000218743000,0.001226514722525,-0.001226514722525,-0.000216030059056,NHB,-0.001,0.000,0.216030059056390,0.783969940943610
726,15,H,NHB,0.178345189000,0.000110211000,0.000617964524964,-0.000617964524964,-0.000210445301802,NHB,-0.001,0.000,0.210445301801942,0.789554698198058
727,15,H,NHB,0.178345189000,0.000388814000,0.002180120485336,-0.002180120485336,-0.000693714747898,NHB,-0.001,0.000,0.693714747898200,0.306285252101800
728,15,H,NHB,0.178345189000,0.000286253000,0.001605050305001,-0.001605050305001,-0.000430920090913,NHB,-0.001,0.000,0.430920090912999,0.569079909087001
729,15,H,NHB,0.178345189000,0.000264008000,0.001480320279343,-0.001480320279343,-0.000391773846335,NHB,-0.001,0.000,0.391773846334732,0.608226153665268
730,15,H,NHB,0.178345189000,0.000146647000,0.000822264961686,-0.000822264961686,-0.000554929083404,NHB,-0.001,0.000,0.554929083404340,0.445070916595660
731,15,H,NHB,0.178345189000,0.000385563000,0.002161891790644,-0.002161891790644,-0.000718301805849,NHB,-0.001,0.000,0.718301805848736,0.281698194151264
732,15,H,NHB,0.178345189000,0.000383140000,0.002148305777960,-0.002148305777960,-0.000540763192610,NHB,-0.001,0.000,0.540763192609898,0.459236807390102
733,16,H,NHB,0.070423299000,0.000149632000,0.002124751355372,-0.002124751355372,-0.000695103688470,NHB,-0.001,0.000,0.695103688469517,0.304896311530483
734,16,H,NHB,0.180161591000,0.000377404000,0.002094808321270,-0.002094808321270,-0.000606621145279,NHB,-0.001,0.000,0.606621145279197,0.393378854720803
735,16,H,NHB,0.180161591000,0.000229401000,0.001273306917011,-0.001273306917011,-0.000376435312810,NHB,-0.001,0.000,0.376435312809553,0.623564687190447
736,16,H,NHB,0.180161591000,0.000224185000,0.001244355130057,-0.001244355130057,-0.000238817769785,NHB,-0.001,0.000,0.238817769784638,0.761182230215362
737,16,H,NHB,0.151059761000,0.000034731000,0.000229915629219,-0.000229915629219,-0.000507028922705,NHB,-0.001,0.000,0.507028922705459,0.492971077294541
738,16,H,NHB,0.151059761000,0.000009022000,0.000059724707230,-0.000059724707230,-0.000438021120490,NHB,-0.001,0.000,0.438021120490234,0.561978879509766
739,16,H,NHB,0.151059761000,0.000313313000,0.002074099667085,-0.002074099667085,-0.000753832414810,NHB,-0.001,0.000,0.753832414809662,0.246167585190338
740,16,H,NHB,0.151059761000,0.000319528000,0.002115242324526,-0.002115242324526,-0.000673438700706,NHB,-0.001,0.000,0.673438700705868,0.326561299294132
741,16,H,NHB,0.151059761000,0.000324780000,0.002150010021530,-0.002150010021530,-0.000640683255156,NHB,-0.001,0.000,0.640683255156008,0.359316744843992
742,16,H,NHB,0.151059761000,0.000328653000,0.002175648881107,-0.002175648881107,-0.000589786443099,NHB,-0.001,0.000,0.589786443099313,0.410213556900687
743,16,H,NHB,0.151059761000,0.000039094000,0.000258798238136,-0.000258798238136,-0.000267399279397,NHB,-0.001,0.000,0.267399279396825,0.732600720603175
744,16,H,NHB,0.182903957000,0.000387647000,0.002119401932895,-0.002119401932895,-0.000557997905422,NHB,-0.001,0.000,0.557997905421804,0.442002094578196
745,16,H,NHB,0.182903957000,0.000261910000,0.001431953711094,-0.001431953711094,-0.000346156757363,NHB,-0.001,0.000,0.346156757363010,0.653843242636990
746,16,H,NHB,0.182903957000,0.000370007000,0.002022957874006,-0.002022957874006,-0.000413156813588,NHB,-0.001,0.000,0.413156813587939,0.586843186412061
747,16,H,NHB,0.182903957000,0.000126996000,0.000694331615800,-0.000694331615800,-0.000366605074540,NHB,-0.001,0.000,0.366605074540133,0.633394925459867
748,16,H,NHB,0.182903957000,0.000101193000,0.000553257576598,-0.000553257576598,-0.000400806580344,NHB,-0.001,0.000,0.400806580344064,0.599193419655936
749,16,H,NHB,0.182903957000,0.000397090000,0.002171030121563,-0.002171030121563,-0.000719074775005,NHB,-0.001,0.000,0.719074775005103,0.280925224994897
750,16,H,NHB,0.182903957000,0.000384697000,0.002103273249578,-0.002103273249578,-0.000625484772993,NHB,-0.001,0.000,0.625484772993361,0.374515227006639
751,16,H,NHB,0.182903957000,0.000260446000,0.001423949510289,-0.001423949510289,-0.000302872621114,NHB,-0.001,0.000,0.302872621114140,0.697127378885860
752,16,H,NHB,0.182903957000,0.000192164000,0.001050627898663,-0.001050627898663,-0.000364287471516,NHB,-0.001,0.000,0.364287471516066,0.635712528483934
753,16,H,NHB,0.176514367000,0.000249872000,0.001415590154200,-0.001415590154200,-0.000577367318992,NHB,-0.001,0.000,0.577367318992016,0.422632681007984
754,16,H,NHB,0.176514367000,0.000109779000,0.000621926712628,-0.000621926712628,-0.000418708682433,NHB,-0.001,0.000,0.418708682433214,0.581291317566786
755,16,H,NHB,0.176514367000,0.000370415000,0.002098497738714,-0.002098497738714,-0.000734565597461,NHB,-0.001,0.000,0.734565597460535,0.265434402539465
756,16,H,NHB,0.176514367000,0.000381528000,0.002161455786769,-0.002161455786769,-0.000563925204023,NHB,-0.001,0.000,0.563925204023369,0.436074795976631
757,16,H,NHB,0.176514367000,0.000372158000,0.002108372289039,-0.002108372289039,-0.000465396326655,NHB,-0.001,0.000,0.465396326655357,0.534603673344643
758,16,H,NHB,0.176514367000,0.000334742000,0.001896400874836,-0.001896400874836,-0.000461767274619,NHB,-0.001,0.000,0.461767274619009,0.538232725380991
759,16,H,NHB,0.176514367000,0.000248728000,0.001409109095352,-0.001409109095352,-0.000408441392567,NHB,-0.001,0.000,0.408441392567075,0.591558607432925
760,16,H,NHB,0.176514367000,0.000116408000,0.000659481729326,-0.000659481729326,-0.000232895300657,NHB,-0.001,0.000,0.232895300656931,0.767104699343069
761,16,H,NHB,0.178345189000,0.000381260000,0.002137764422678,-0.002137764422678,-0.000635346683106,NHB,-0.001,0.000,0.635346683106388,0.364653316893612
762,16,H,NHB,0.178345189000,0.000381965000,0.002141717430909,-0.002141717430909,-0.000491859279679,NHB,-0.001,0.000,0.491859279679393,0.508140720320607
763,16,H,NHB,0.178345189000,0.000272446000,0.001527633021825,-0.001527633021825,-0.000361654689576,NHB,-0.001,0.000,0.361654689575994,0.638345310424006
764,16,H,NHB,0.178345189000,0.000000060000,0.000000336426232,-0.000000336426232,-0.000390094795440,NHB,-0.001,0.000,0.390094795440175,0.609905204559825
765,16,H,NHB,0.178345189000,0.000000146000,0.000000818637165,-0.000000818637165,-0.000225189400759,NHB,-0.001,0.000,0.225189400758964,0.774810599241036
766,16,H,NHB,0.178345189000,0.000270724000,0.001517977588955,-0.001517977588955,-0.000607855972743,NHB,-0.001,0.000,0.607855972742998,0.392144027257002
767,16,H,NHB,0.178345189000,0.000018841000,0.000105643444074,-0.000105643444074,-0.000191966011644,NHB,-0.001,0.000,0.191966011644397,0.808033988355602
768,16,H,NHB,0.178345189000,0.000374144000,0.002097864271517,-0.002097864271517,-0.000749882646120,NHB,-0.001,0.000,0.749882646120011,0.250117353879989
769,16,H,NHB,0.178345189000,0.000367221000,0.002059046291403,-0.002059046291403,-0.000493345885059,NHB,-0.001,0.000,0.493345885059320,0.506654114940680
770,17,H,NHB,0.070423299000,0.000049934000,0.000709055109730,-0.000709055109730,-0.000233373051106,NHB,-0.001,0.000,0.233373051106118,0.766626948893882
771,17,H,NHB,0.070423299000,0.000102697000,0.001458281583770,-0.001458281583770,-0.000400704981281,NHB,-0.001,0.000,0.400704981280960,0.599295018719040
772,17,H,NHB,0.070423299000,0.000036449000,0.000517570186537,-0.000517570186537,-0.000276188940586,NHB,-0.001,0.000,0.276188940585972,0.723811059414028
773,17,H,NHB,0.180161591000,0.000299076000,0.001660043066560,-0.001660043066560,-0.000581765194270,NHB,-0.001,0.000,0.581765194269860,0.418234805730140
774,17,H,NHB,0.180161591000,0.000035557000,0.000197361711798,-0.000197361711798,-0.000200746009112,NHB,-0.001,0.000,0.200746009111863,0.799253990888137
775,17,H,NHB,0.180161591000,0.000063350000,0.000351628777523,-0.000351628777523,-0.000176643195367,NHB,-0.001,0.000,0.176643195367051,0.823356804632949
776,17,H,NHB,0.151059761000,0.000048122000,0.000318562664746,-0.000318562664746,-0.000268535658798,NHB,-0.001,0.000,0.268535658797514,0.731464341202486
777,17,H,NHB,0.151059761000,0.000000020000,0.000000132397932,-0.000000132397932,-0.000117794403103,NHB,-0.001,0.000,0.117794403103356,0.882205596896644
778,17,H,NHB,0.151059761000,0.000209725000,0.001388357816878,-0.001388357816878,-0.000411853361477,NHB,-0.001,0.000,0.411853361477030,0.588146638522970
779,17,H,NHB,0.151059761000,0.000091105000,0.000603105680804,-0.000603105680804,-0.000269574152910,NHB,-0.001,0.000,0.269574152910048,0.730425847089953
780,17,H,NHB,0.151059761000,0.000251035000,0.001661825745905,-0.001661825745905,-0.000510904165107,NHB,-0.001,0.000,0.510904165107308,0.489095834892692
781,17,H,NHB,0.151059761000,0.000204829000,0.001355946803067,-0.001355946803067,-0.000379302171337,NHB,-0.001,0.000,0.379302171336831,0.620697828663169
782,17,H,NHB,0.151059761000,0.000213876000,0.001415837007712,-0.001415837007712,-0.000387904747011,NHB,-0.001,0.000,0.387904747011186,0.612095252988814
783,17,H,NHB,0.151059761000,0.000095471000,0.000632008149410,-0.000632008149410,-0.000262506530249,NHB,-0.001,0.000,0.262506530249268,0.737493469750732
784,17,H,NHB,0.151059761000,0.000037348000,0.000247239898652,-0.000247239898652,-0.000300920708307,NHB,-0.001,0.000,0.300920708307239,0.699079291692761
785,17,H,NHB,0.151059761000,0.000228507000,0.001512692715037,-0.001512692715037,-0.000349391244756,NHB,-0.001,0.000,0.349391244755951,0.650608755244049
786,17,H,NHB,0.151059761000,0.000122618000,0.000811718482727,-0.000811718482727,-0.000199766569096,NHB,-0.001,0.000,0.199766569096223,0.800233430903777
787,17,H,NHB,0.182903957000,0.000304132000,0.001662796174497,-0.001662796174497,-0.000540706242435,NHB,-0.001,0.000,0.540706242435109,0.459293757564891
788,17,H,NHB,0.182903957000,0.000281754000,0.001540447809995,-0.001540447809995,-0.000379133597578,NHB,-0.001,0.000,0.379133597577760,0.620866402422240
789,17,H,NHB,0.182903957000,0.000145735000,0.000796784292644,-0.000796784292644,-0.000403632354570,NHB,-0.001,0.000,0.403632354570074,0.596367645429926
790,17,H,NHB,0.182903957000,0.000301573000,0.001648805225138,-0.001648805225138,-0.000501082258111,NHB,-0.001,0.000,0.501082258110687,0.498917741889313
791,17,H,NHB,0.182903957000,0.000307207000,0.001679608276600,-0.001679608276600,-0.000555811299627,NHB,-0.001,0.000,0.555811299627308,0.444188700372692
792,17,H,NHB,0.182903957000,0.000264518000,0.001446212560617,-0.001446212560617,-0.000395836799327,NHB,-0.001,0.000,0.395836799327088,0.604163200672912
793,17,H,NHB,0.182903957000,0.000001684000,0.000009207017867,-0.000009207017867,-0.000095763528334,NHB,-0.001,0.000,0.095763528334404,0.904236471665596
794,17,H,NHB,0.176514367000,0.000009060000,0.000051327266749,-0.000051327266749,-0.000276251011327,NHB,-0.001,0.000,0.276251011326760,0.723748988673240
795,17,H,NHB,0.176514367000,0.000292268000,0.001655774569330,-0.001655774569330,-0.000530067418385,NHB,-0.001,0.000,0.530067418385407,0.469932581614593
796,17,H,NHB,0.176514367000,0.000088467000,0.000501188665283,-0.000501188665283,-0.000238536284829,NHB,-0.001,0.000,0.238536284828702,0.761463715171298
797,17,H,NHB,0.176514367000,0.000294244000,0.001666969125522,-0.001666969125522,-0.000584472254090,NHB,-0.001,0.000,0.584472254089916,0.415527745910084
798,17,H,NHB,0.176514367000,0.000166532000,0.000943447283246,-0.000943447283246,-0.000312709504316,NHB,-0.001,0.000,0.312709504316090,0.687290495683910
799,17,H,NHB,0.176514367000,0.000193576000,0.001096658607965,-0.001096658607965,-0.000315312229289,NHB,-0.001,0.000,0.315312229289166,0.684687770710834
800,17,H,NHB,0.176514367000,0.000296296000,0.001678594241567,-0.001678594241567,-0.000495457647523,NHB,-0.001,0.000,0.495457647522789,0.504542352477211
801,17,H,NHB,0.176514367000,0.000125521000,0.000711109254920,-0.000711109254920,-0.000193545455035,NHB,-0.001,0.000,0.193545455034542,0.806454544965458
802,17,H,NHB,0.178345189000,0.000296532000,0.001662685725714,-0.001662685725714,-0.000504655052754,NHB,-0.001,0.000,0.504655052753818,0.495344947246182
803,17,H,NHB,0.178345189000,0.000030439000,0.000170674634795,-0.000170674634795,-0.000214278225552,NHB,-0.001,0.000,0.214278225552181,0.785721774447819
804,17,H,NHB,0.178345189000,0.000289664000,0.001624176136313,-0.001624176136313,-0.000379872245849,NHB,-0.001,0.000,0.379872245848895,0.620127754151105
805,17,H,NHB,0.178345189000,0.000240000000,0.001345704929557,-0.001345704929557,-0.000419250621421,NHB,-0.001,0.000,0.419250621421462,0.580749378578538
806,17,H,NHB,0.178345189000,0.000249343000,0.001398092101043,-0.001398092101043,-0.000419065283635,NHB,-0.001,0.000,0.419065283635000,0.580934716365000
807,17,H,NHB,0.178345189000,0.000280685000,0.001573829950636,-0.001573829950636,-0.000442018108985,NHB,-0.001,0.000,0.442018108985479,0.557981891014521
808,17,H,NHB,0.178345189000,0.000295229000,0.001655379669367,-0.001655379669367,-0.000497187641504,NHB,-0.001,0.000,0.497187641504430,0.502812358495570
809,17,H,NHB,0.178345189000,0.000039535000,0.000221676851625,-0.000221676851625,-0.000182772620622,NHB,-0.001,0.000,0.182772620622366,0.817227379377634
810,18,H,NHB,0.070423299000,0.000022936000,0.000325687667657,-0.000325687667657,-0.000183507225816,NHB,-0.001,0.000,0.183507225816100,0.816492774183900
811,18,H,NHB,0.070423299000,0.000106063000,0.001506078265376,-0.001506078265376,-0.000443691634212,NHB,-0.001,0.000,0.443691634212409,0.556308365787591
812,18,H,NHB,0.070423299000,0.000000046000,0.000000653192916,-0.000000653192916,-0.000053317950402,NHB,-0.001,0.000,0.053317950401551,0.946682049598449
813,18,H,NHB,0.180161591000,0.000030200000,0.000167627294100,-0.000167627294100,-0.000172790355570,NHB,-0.001,0.000,0.172790355569884,0.827209644430116
814,18,H,NHB,0.180161591000,0.000268845000,0.001492243704708,-0.001492243704708,-0.000468956558524,NHB,-0.001,0.000,0.468956558524219,0.531043441475781
815,18,H,NHB,0.180161591000,0.000176935000,0.000982090572235,-0.000982090572235,-0.000266525425912,NHB,-0.001,0.000,0.266525425912242,0.733474574087758
816,18,H,NHB,0.151059761000,0.000005592000,0.000037018461852,-0.000037018461852,-0.000095142871880,NHB,-0.001,0.000,0.095142871879718,0.904857128120282
817,18,H,NHB,0.151059761000,0.000068769000,0.000455243670086,-0.000455243670086,-0.000191343091022,NHB,-0.001,0.000,0.191343091022289,0.808656908977711
818,18,H,NHB,0.151059761000,0.000220153000,0.001457390098744,-0.001457390098744,-0.000391660339536,NHB,-0.001,0.000,0.391660339536184,0.608339660463816
819,18,H,NHB,0.151059761000,0.000227944000,0.001508965713245,-0.001508965713245,-0.000505826233303,NHB,-0.001,0.000,0.505826233303238,0.494173766696762
820,18,H,NHB,0.151059761000,0.000195255000,0.001292567912907,-0.001292567912907,-0.000339050726681,NHB,-0.001,0.000,0.339050726680548,0.660949273319452
821,18,H,NHB,0.151059761000,0.000226130000,0.001496957220792,-0.001496957220792,-0.000453856836112,NHB,-0.001,0.000,0.453856836112479,0.546143163887521
822,18,H,NHB,0.151059761000,0.000004993000,0.000033053143782,-0.000033053143782,-0.000104318578289,NHB,-0.001,0.000,0.104318578288688,0.895681421711312
823,18,H,NHB,0.151059761000,0.000159439000,0.001055469695864,-0.001055469695864,-0.000286654955874,NHB,-0.001,0.000,0.286654955874130,0.713345044125870
824,18,H,NHB,0.151059761000,0.000104797000,0.000693745305211,-0.000693745305211,-0.000238233281800,NHB,-0.001,0.000,0.238233281800250,0.761766718199750
825,18,H,NHB,0.182903957000,0.000014490000,0.000079221905516,-0.000079221905516,-0.000156385612385,NHB,-0.001,0.000,0.156385612385254,0.843614387614746
826,18,H,NHB,0.182903957000,0.000273990000,0.001497999302443,-0.001497999302443,-0.000503643430037,NHB,-0.001,0.000,0.503643430037491,0.496356569962509
827,18,H,NHB,0.182903957000,0.000000060000,0.000000328041017,-0.000000328041017,-0.000071964146622,NHB,-0.001,0.000,0.071964146622469,0.928035853377531
828,18,H,NHB,0.182903957000,0.000272510000,0.001489907624032,-0.001489907624032,-0.000428554555480,NHB,-0.001,0.000,0.428554555479705,0.571445444520295
829,18,H,NHB,0.182903957000,0.000002320000,0.000012684252643,-0.000012684252643,-0.000068127549566,NHB,-0.001,0.000,0.068127549565784,0.931872450434217
830,18,H,NHB,0.182903957000,0.000212994000,0.001164512804936,-0.001164512804936,-0.000316317391044,NHB,-0.001,0.000,0.316317391043740,0.683682608956260
831,18,H,NHB,0.182903957000,0.000008677000,0.000047440198355,-0.000047440198355,-0.000106498811879,NHB,-0.001,0.000,0.106498811878576,0.893501188121424
832,18,H,NHB,0.182903957000,0.000216558000,0.001183998441324,-0.001183998441324,-0.000298299439142,NHB,-0.001,0.000,0.298299439141632,0.701700560858368
833,18,H,NHB,0.182903957000,0.000269603000,0.001474014036777,-0.001474014036777,-0.000433833133232,NHB,-0.001,0.000,0.433833133232442,0.566166866767558
834,18,H,NHB,0.182903957000,0.000011783000,0.000064421788316,-0.000064421788316,-0.000107079409464,NHB,-0.001,0.000,0.107079409464486,0.892920590535514
835,18,H,NHB,0.182903957000,0.000116604000,0.000637514911719,-0.000637514911719,-0.000223083413096,NHB,-0.001,0.000,0.223083413095575,0.776916586904425
836,18,H,NHB,0.176514367000,0.000023304000,0.000132023247717,-0.000132023247717,-0.000140973973153,NHB,-0.001,0.000,0.140973973153274,0.859026026846726
837,18,H,NHB,0.176514367000,0.000235515000,0.001334253998713,-0.001334253998713,-0.000352951174421,NHB,-0.001,0.000,0.352951174420559,0.647048825579441
838,18,H,NHB,0.176514367000,0.000006649000,0.000037668321922,-0.000037668321922,-0.000083326427474,NHB,-0.001,0.000,0.083326427473787,0.916673572526213
839,18,H,NHB,0.176514367000,0.000188590000,0.001068411615469,-0.001068411615469,-0.000288311299682,NHB,-0.001,0.000,0.288311299681509,0.711688700318492
840,18,H,NHB,0.176514367000,0.000261092000,0.001479154385207,-0.001479154385207,-0.000523132620962,NHB,-0.001,0.000,0.523132620962110,0.476867379037890
841,18,H,NHB,0.176514367000,0.000061228000,0.000346872614624,-0.000346872614624,-0.000169309025374,NHB,-0.001,0.000,0.169309025373798,0.830690974626202
842,18,H,NHB,0.176514367000,0.000255036000,0.001444845563194,-0.001444845563194,-0.000400143701023,NHB,-0.001,0.000,0.400143701023049,0.599856298976951
843,18,H,NHB,0.176514367000,0.000259897000,0.001472384398036,-0.001472384398036,-0.000405758119705,NHB,-0.001,0.000,0.405758119704941,0.594241880295059
844,18,H,NHB,0.176514367000,0.000170578000,0.000966368930185,-0.000966368930185,-0.000268788479065,NHB,-0.001,0.000,0.268788479065309,0.731211520934691
845,18,H,NHB,0.178345189000,0.000129470000,0.000725951738457,-0.000725951738457,-0.000234904954965,NHB,-0.001,0.000,0.234904954965054,0.765095045034946
846,18,H,NHB,0.178345189000,0.000266590000,0.001494797821544,-0.001494797821544,-0.000514903887579,NHB,-0.001,0.000,0.514903887579369,0.485096112420631
847,18,H,NHB,0.178345189000,0.000260440000,0.001460314132724,-0.001460314132724,-0.000397879651714,NHB,-0.001,0.000,0.397879651713565,0.602120348286435
848,18,H,NHB,0.178345189000,0.000048697000,0.000273049137311,-0.000273049137311,-0.000166164924201,NHB,-0.001,0.000,0.166164924201046,0.833835075798954
849,18,H,NHB,0.178345189000,0.000097246000,0.000545268423249,-0.000545268423249,-0.000202191475503,NHB,-0.001,0.000,0.202191475502722,0.797808524497278
850,18,H,NHB,0.178345189000,0.000185575000,0.001040538301260,-0.001040538301260,-0.000273780104045,NHB,-0.001,0.000,0.273780104045093,0.726219895954907
851,18,H,NHB,0.178345189000,0.000267582000,0.001500360068586,-0.001500360068586,-0.000438984162327,NHB,-0.001,0.000,0.438984162326657,0.561015837673343
852,18,H,NHB,0.178345189000,0.000196880000,0.001103926610546,-0.001103926610546,-0.000305570468716,NHB,-0.001,0.000,0.305570468715573,0.694429531284427
853,19,H,NHB,0.070423299000,0.000099462000,0.001412345081988,-0.001412345081988,-0.000452160278240,NHB,-0.001,0.000,0.452160278240099,0.547839721759901
854,19,H,NHB,0.070423299000,0.000000005000,0.000000070999230,-0.000000070999230,-0.000014189836593,NHB,-0.001,0.000,0.014189836592605,0.985810163407395
855,19,H,NHB,0.180161591000,0.000010682000,0.000059291217072,-0.000059291217072,-0.000066612107758,NHB,-0.001,0.000,0.066612107758378,0.933387892241622
856,19,H,NHB,0.180161591000,0.000099784000,0.000553858341537,-0.000553858341537,-0.000163322165533,NHB,-0.001,0.000,0.163322165533295,0.836677834466705
857,19,H,NHB,0.180161591000,0.000166320000,0.000923171243531,-0.000923171243531,-0.000223537480368,NHB,-0.001,0.000,0.223537480368484,0.776462519631516
858,19,H,NHB,0.180161591000,0.000246214000,0.001366628695014,-0.001366628695014,-0.000335212252882,NHB,-0.001,0.000,0.335212252881514,0.664787747118486
859,19,H,NHB,0.151059761000,0.000019755000,0.000130776057563,-0.000130776057563,-0.000099411225760,NHB,-0.001,0.000,0.099411225760473,0.900588774239527
860,19,H,NHB,0.151059761000,0.000042702000,0.000282682825111,-0.000282682825111,-0.000133537899512,NHB,-0.001,0.000,0.133537899511632,0.866462100488368
861,19,H,NHB,0.151059761000,0.000017620000,0.000116642578297,-0.000116642578297,-0.000102244128912,NHB,-0.001,0.000,0.102244128912452,0.897755871087549
862,19,H,NHB,0.151059761000,0.000216617000,0.001433982144325,-0.001433982144325,-0.000389487279621,NHB,-0.001,0.000,0.389487279620774,0.610512720379226
863,19,H,NHB,0.151059761000,0.000213963000,0.001416412938718,-0.001416412938718,-0.000419913760047,NHB,-0.001,0.000,0.419913760047004,0.580086239952996
864,19,H,NHB,0.151059761000,0.000216157000,0.001430936991884,-0.001430936991884,-0.000434861149537,NHB,-0.001,0.000,0.434861149536977,0.565138850463023
865,19,H,NHB,0.151059761000,0.000212999000,0.001410031358384,-0.001410031358384,-0.000474067050665,NHB,-0.001,0.000,0.474067050665058,0.525932949334942
866,19,H,NHB,0.182903957000,0.000101019000,0.000552306257650,-0.000552306257650,-0.000164631466661,NHB,-0.001,0.000,0.164631466661326,0.835368533338674
867,19,H,NHB,0.182903957000,0.000232554000,0.001271454176358,-0.001271454176358,-0.000282705969462,NHB,-0.001,0.000,0.282705969461644,0.717294030538356
868,19,H,NHB,0.182903957000,0.000173438000,0.000948246297372,-0.000948246297372,-0.000219799943704,NHB,-0.001,0.000,0.219799943704142,0.780200056295858
869,19,H,NHB,0.182903957000,0.000258197000,0.001411653439515,-0.001411653439515,-0.000350637676808,NHB,-0.001,0.000,0.350637676807819,0.649362323192181
870,19,H,NHB,0.182903957000,0.000076537000,0.000418454588164,-0.000418454588164,-0.000149541798700,NHB,-0.001,0.000,0.149541798700467,0.850458201299533
871,19,H,NHB,0.182903957000,0.000121954000,0.000666765235702,-0.000666765235702,-0.000175955177323,NHB,-0.001,0.000,0.175955177322747,0.824044822677253
872,19,H,NHB,0.182903957000,0.000254320000,0.001390456522491,-0.001390456522491,-0.000341095678562,NHB,-0.001,0.000,0.341095678561798,0.658904321438202
873,19,H,NHB,0.182903957000,0.000263751000,0.001442019102955,-0.001442019102955,-0.000393450664029,NHB,-0.001,0.000,0.393450664029484,0.606549335970516
874,19,H,NHB,0.182903957000,0.000077374000,0.000423030760346,-0.000423030760346,-0.000147002039473,NHB,-0.001,0.000,0.147002039473430,0.852997960526570
875,19,H,NHB,0.176514367000,0.000000190000,0.000001076399634,-0.000001076399634,-0.000034343774242,NHB,-0.001,0.000,0.034343774242000,0.965656225758000
876,19,H,NHB,0.176514367000,0.000097997000,0.000555178604810,-0.000555178604810,-0.000179979737685,NHB,-0.001,0.000,0.179979737685056,0.820020262314944
877,19,H,NHB,0.176514367000,0.000183176000,0.001037739891167,-0.001037739891167,-0.000256189427832,NHB,-0.001,0.000,0.256189427831592,0.743810572168408
878,19,H,NHB,0.176514367000,0.000041472000,0.000234949713753,-0.000234949713753,-0.000140012748793,NHB,-0.001,0.000,0.140012748793273,0.859987251206727
879,19,H,NHB,0.176514367000,0.000012957000,0.000073404789764,-0.000073404789764,-0.000120686106000,NHB,-0.001,0.000,0.120686106000307,0.879313893999693
880,19,H,NHB,0.176514367000,0.000155539000,0.000881169066538,-0.000881169066538,-0.000213844284808,NHB,-0.001,0.000,0.213844284808313,0.786155715191687
881,19,H,NHB,0.176514367000,0.000191796000,0.001086574442974,-0.001086574442974,-0.000257791283767,NHB,-0.001,0.000,0.257791283766774,0.742208716233226
882,19,H,NHB,0.176514367000,0.000236521000,0.001339953251511,-0.001339953251511,-0.000314808600565,NHB,-0.001,0.000,0.314808600564550,0.685191399435450
883,19,H,NHB,0.176514367000,0.000255159000,0.001445542390326,-0.001445542390326,-0.000353795036964,NHB,-0.001,0.000,0.353795036964154,0.646204963035846
884,19,H,NHB,0.176514367000,0.000252019000,0.001427753470062,-0.001427753470062,-0.000443808671679,NHB,-0.001,0.000,0.443808671679398,0.556191328320602
885,19,H,NHB,0.178345189000,0.000009031000,0.000050637755078,-0.000050637755078,-0.000085853589140,NHB,-0.001,0.000,0.085853589140448,0.914146410859552
886,19,H,NHB,0.178345189000,0.000155990000,0.000874652133173,-0.000874652133173,-0.000214464934577,NHB,-0.001,0.000,0.214464934577327,0.785535065422673
887,19,H,NHB,0.178345189000,0.000242606000,0.001360317042250,-0.001360317042250,-0.000323135533458,NHB,-0.001,0.000,0.323135533458156,0.676864466541844
888,19,H,NHB,0.178345189000,0.000256483000,0.001438126822698,-0.001438126822698,-0.000415342777150,NHB,-0.001,0.000,0.415342777150123,0.584657222849877
889,19,H,NHB,0.178345189000,0.000000395000,0.000002214806030,-0.000002214806030,-0.000022208171051,NHB,-0.001,0.000,0.022208171050581,0.977791828949419
890,19,H,NHB,0.178345189000,0.000200658000,0.001125110248979,-0.001125110248979,-0.000273554522050,NHB,-0.001,0.000,0.273554522049788,0.726445477950212
891,19,H,NHB,0.178345189000,0.000234611000,0.001315488246784,-0.001315488246784,-0.000309775156388,NHB,-0.001,0.000,0.309775156387738,0.690224843612262
892,19,H,NHB,0.178345189000,0.000255902000,0.001434869095347,-0.001434869095347,-0.000446569742069,NHB,-0.001,0.000,0.446569742068708,0.553430257931292
893,19,H,NHB,0.178345189000,0.000001501000,0.000008416262914,-0.000008416262914,-0.000038595393556,NHB,-0.001,0.000,0.038595393555835,0.961404606444165
894,19,H,NHB,0.178345189000,0.000000122000,0.000000684066673,-0.000000684066673,-0.000026488538863,NHB,-0.001,0.000,0.026488538863072,0.973511461136928
895,20,H,NHB,0.070423299000,0.000041075000,0.000583258674093,-0.000583258674093,-0.000215790093675,NHB,-0.001,0.000,0.215790093675007,0.784209906324993
896,20,H,NHB,0.070423299000,0.000091948000,0.001305647439209,-0.001305647439209,-0.000352511177320,NHB,-0.001,0.000,0.352511177319933,0.647488822680067
897,20,H,NHB,0.070423299000,0.000031825000,0.000451910098673,-0.000451910098673,-0.000206836449440,NHB,-0.001,0.000,0.206836449439928,0.793163550560072
898,20,H,NHB,0.180161591000,0.000056532000,0.000313784973180,-0.000313784973180,-0.000175433741031,NHB,-0.001,0.000,0.175433741031029,0.824566258968971
899,20,H,NHB,0.180161591000,0.000030361000,0.000168520936297,-0.000168520936297,-0.000164824501768,NHB,-0.001,0.000,0.164824501768425,0.835175498231575
900,20,H,NHB,0.180161591000,0.000268411000,0.001489834756177,-0.001489834756177,-0.000521768064054,NHB,-0.001,0.000,0.521768064054064,0.478231935945936
901,20,H,NHB,0.151059761000,0.000079852000,0.000528611984233,-0.000528611984233,-0.000212996742218,NHB,-0.001,0.000,0.212996742217872,0.787003257782128
902,20,H,NHB,0.151059761000,0.000187943000,0.001244163228883,-0.001244163228883,-0.000340857280569,NHB,-0.001,0.000,0.340857280568985,0.659142719431015
903,20,H,NHB,0.151059761000,0.000000007000,0.000000046339276,-0.000000046339276,-0.000050031246887,NHB,-0.001,0.000,0.050031246886685,0.949968753113315
904,20,H,NHB,0.151059761000,0.000039980000,0.000264663466534,-0.000264663466534,-0.000168658824950,NHB,-0.001,0.000,0.168658824949771,0.831341175050229
905,20,H,NHB,0.151059761000,0.000084041000,0.000556342731139,-0.000556342731139,-0.000225551011588,NHB,-0.001,0.000,0.225551011588063,0.774448988411937
906,20,H,NHB,0.151059761000,0.000191876000,0.001270199282256,-0.001270199282256,-0.000344671616601,NHB,-0.001,0.000,0.344671616600863,0.655328383399137
907,20,H,NHB,0.151059761000,0.000182710000,0.001209521309914,-0.001209521309914,-0.000331660384137,NHB,-0.001,0.000,0.331660384136856,0.668339615863144
908,20,H,NHB,0.151059761000,0.000228134000,0.001510223493601,-0.001510223493601,-0.000455139387681,NHB,-0.001,0.000,0.455139387680585,0.544860612319415
909,20,H,NHB,0.151059761000,0.000104918000,0.000694546312701,-0.000694546312701,-0.000227059386496,NHB,-0.001,0.000,0.227059386496471,0.772940613503529
910,20,H,NHB,0.151059761000,0.000196269000,0.001299280488071,-0.001299280488071,-0.000337159134452,NHB,-0.001,0.000,0.337159134451890,0.662840865548110
911,20,H,NHB,0.151059761000,0.000054721000,0.000362247362486,-0.000362247362486,-0.000189550784753,NHB,-0.001,0.000,0.189550784753279,0.810449215246721
912,20,H,NHB,0.182903957000,0.000254497000,0.001391424243490,-0.001391424243490,-0.000378045245365,NHB,-0.001,0.000,0.378045245364549,0.621954754635451
913,20,H,NHB,0.182903957000,0.000270599000,0.001479459517653,-0.001479459517653,-0.000505444794831,NHB,-0.001,0.000,0.505444794830921,0.494555205169079
914,20,H,NHB,0.182903957000,0.000272438000,0.001489513974812,-0.001489513974812,-0.000421799262102,NHB,-0.001,0.000,0.421799262102047,0.578200737897953
915,20,H,NHB,0.182903957000,0.000115834000,0.000633305052006,-0.000633305052006,-0.000218724068090,NHB,-0.001,0.000,0.218724068090294,0.781275931909706
916,20,H,NHB,0.182903957000,0.000001646000,0.000008999258556,-0.000008999258556,-0.000075041801633,NHB,-0.001,0.000,0.075041801633239,0.924958198366761
917,20,H,NHB,0.182903957000,0.000233122000,0.001274559631315,-0.001274559631315,-0.000341926385133,NHB,-0.001,0.000,0.341926385132872,0.658073614867128
918,20,H,NHB,0.182903957000,0.000274579000,0.001501219571756,-0.001501219571756,-0.000490861281477,NHB,-0.001,0.000,0.490861281476798,0.509138718523202
919,20,H,NHB,0.176514367000,0.000076698000,0.000434514205861,-0.000434514205861,-0.000191873335630,NHB,-0.001,0.000,0.191873335629972,0.808126664370028
920,20,H,NHB,0.176514367000,0.000262247000,0.001485697761928,-0.001485697761928,-0.000460142074958,NHB,-0.001,0.000,0.460142074957959,0.539857925042041
921,20,H,NHB,0.176514367000,0.000006534000,0.000037016816880,-0.000037016816880,-0.000092423658321,NHB,-0.001,0.000,0.092423658321039,0.907576341678961
922,20,H,NHB,0.176514367000,0.000174178000,0.000986763870615,-0.000986763870615,-0.000290783464033,NHB,-0.001,0.000,0.290783464033427,0.709216535966573
923,20,H,NHB,0.176514367000,0.000144771000,0.000820165533608,-0.000820165533608,-0.000269916579086,NHB,-0.001,0.000,0.269916579086098,0.730083420913902
924,20,H,NHB,0.176514367000,0.000263399000,0.001492224142865,-0.001492224142865,-0.000524522817987,NHB,-0.001,0.000,0.524522817986907,0.475477182013093
925,20,H,NHB,0.176514367000,0.000113314000,0.000641953411078,-0.000641953411078,-0.000219561200275,NHB,-0.001,0.000,0.219561200275448,0.780438799724552
926,20,H,NHB,0.176514367000,0.000268307000,0.001520029244985,-0.001520029244985,-0.000460703274943,NHB,-0.001,0.000,0.460703274942627,0.539296725057373
927,20,H,NHB,0.176514367000,0.000009386000,0.000053174141910,-0.000053174141910,-0.000133069736155,NHB,-0.001,0.000,0.133069736155455,0.866930263844546
928,20,H,NHB,0.178345189000,0.000026933000,0.000151016128616,-0.000151016128616,-0.000184782194737,NHB,-0.001,0.000,0.184782194736978,0.815217805263022
929,20,H,NHB,0.178345189000,0.000265762000,0.001490155139537,-0.001490155139537,-0.000462108404494,NHB,-0.001,0.000,0.462108404494444,0.537891595505556
930,20,H,NHB,0.178345189000,0.000256531000,0.001438395963684,-0.001438395963684,-0.000397473532678,NHB,-0.001,0.000,0.397473532677583,0.602526467322417
931,20,H,NHB,0.178345189000,0.000204662000,0.001147561092887,-0.001147561092887,-0.000315603617175,NHB,-0.001,0.000,0.315603617175206,0.684396382824794
932,20,H,NHB,0.178345189000,0.000215914000,0.001210652225668,-0.001210652225668,-0.000310429759566,NHB,-0.001,0.000,0.310429759566120,0.689570240433880
933,20,H,NHB,0.178345189000,0.000250114000,0.001402415178130,-0.001402415178130,-0.000380270990365,NHB,-0.001,0.000,0.380270990365091,0.619729009634910
934,20,H,NHB,0.178345189000,0.000035741000,0.000200403499530,-0.000200403499530,-0.000152696979148,NHB,-0.001,0.000,0.152696979148190,0.847303020851810
935,20,H,NHB,0.178345189000,0.000268869000,0.001507576411271,-0.001507576411271,-0.000438580748537,NHB,-0.001,0.000,0.438580748537103,0.561419251462897
936,21,H,NHB,0.070423299000,0.000021979000,0.000312098415043,-0.000312098415043,-0.000231506666424,NHB,-0.001,0.000,0.231506666423651,0.768493333576349
937,21,H,NHB,0.070423299000,0.000118110000,0.001677143810034,-0.001677143810034,-0.000503597942020,NHB,-0.001,0.000,0.503597942019713,0.496402057980287
938,21,H,NHB,0.070423299000,0.000000037000,0.000000525394302,-0.000000525394302,-0.000074240717260,NHB,-0.001,0.000,0.074240717259753,0.925759282740247
939,21,H,NHB,0.180161591000,0.000207668000,0.001152676321558,-0.001152676321558,-0.000386503672644,NHB,-0.001,0.000,0.386503672644233,0.613496327355767
940,21,H,NHB,0.180161591000,0.000299215000,0.001660814596159,-0.001660814596159,-0.000492999014297,NHB,-0.001,0.000,0.492999014297245,0.507000985702755
941,21,H,NHB,0.180161591000,0.000033719000,0.000187159759263,-0.000187159759263,-0.000201365007185,NHB,-0.001,0.000,0.201365007185440,0.798634992814560
942,21,H,NHB,0.151059761000,0.000075620000,0.000500596581773,-0.000500596581773,-0.000216564086894,NHB,-0.001,0.000,0.216564086894349,0.783435913105651
943,21,H,NHB,0.151059761000,0.000005930000,0.000039255986907,-0.000039255986907,-0.000120106480589,NHB,-0.001,0.000,0.120106480589176,0.879893519410824
944,21,H,NHB,0.151059761000,0.000252179000,0.001669398907628,-0.001669398907628,-0.000515910105448,NHB,-0.001,0.000,0.515910105448224,0.484089894551776
945,21,H,NHB,0.151059761000,0.000220867000,0.001462116704924,-0.001462116704924,-0.000393232384667,NHB,-0.001,0.000,0.393232384666909,0.606767615333091
946,21,H,NHB,0.151059761000,0.000251804000,0.001666916446399,-0.001666916446399,-0.000567031028005,NHB,-0.001,0.000,0.567031028005483,0.432968971994517
947,21,H,NHB,0.151059761000,0.000245200000,0.001623198649176,-0.001623198649176,-0.000446986337138,NHB,-0.001,0.000,0.446986337137948,0.553013662862051
948,21,H,NHB,0.151059761000,0.000122259000,0.000809341939843,-0.000809341939843,-0.000329870153190,NHB,-0.001,0.000,0.329870153189622,0.670129846810378
949,21,H,NHB,0.151059761000,0.000180448000,0.001194547103778,-0.001194547103778,-0.000276570315626,NHB,-0.001,0.000,0.276570315625765,0.723429684374235
950,21,H,NHB,0.182903957000,0.000303598000,0.001659876609449,-0.001659876609449,-0.000489382570597,NHB,-0.001,0.000,0.489382570596533,0.510617429403467
951,21,H,NHB,0.182903957000,0.000000083000,0.000000453790073,-0.000000453790073,-0.000103921440942,NHB,-0.001,0.000,0.103921440941709,0.896078559058291
952,21,H,NHB,0.182903957000,0.000305830000,0.001672079735268,-0.001672079735268,-0.000531327159365,NHB,-0.001,0.000,0.531327159364990,0.468672840635010
953,21,H,NHB,0.182903957000,0.000016598000,0.000090747079901,-0.000090747079901,-0.000185811881539,NHB,-0.001,0.000,0.185811881538692,0.814188118461308
954,21,H,NHB,0.182903957000,0.000006275000,0.000034307622989,-0.000034307622989,-0.000333715852969,NHB,-0.001,0.000,0.333715852969161,0.666284147030838
955,21,H,NHB,0.182903957000,0.000235602000,0.001288118660003,-0.001288118660003,-0.000306643239138,NHB,-0.001,0.000,0.306643239138206,0.693356760861794
956,21,H,NHB,0.182903957000,0.000002673000,0.000014614227291,-0.000014614227291,-0.000099925976543,NHB,-0.001,0.000,0.099925976542505,0.900074023457495
957,21,H,NHB,0.182903957000,0.000137563000,0.000752105106179,-0.000752105106179,-0.000307333230957,NHB,-0.001,0.000,0.307333230957053,0.692666769042948
958,21,H,NHB,0.182903957000,0.000014310000,0.000078237782466,-0.000078237782466,-0.000163456174185,NHB,-0.001,0.000,0.163456174185273,0.836543825814727
959,21,H,NHB,0.182903957000,0.000303304000,0.001658269208468,-0.001658269208468,-0.000482547219950,NHB,-0.001,0.000,0.482547219949898,0.517452780050102
960,21,H,NHB,0.182903957000,0.000242699000,0.001326920444920,-0.001326920444920,-0.000343056850107,NHB,-0.001,0.000,0.343056850106711,0.656943149893289
961,21,H,NHB,0.176514367000,0.000008920000,0.000050534130176,-0.000050534130176,-0.000247563670847,NHB,-0.001,0.000,0.247563670847304,0.752436329152696
962,21,H,NHB,0.176514367000,0.000260843000,0.001477743735160,-0.001477743735160,-0.000379247992193,NHB,-0.001,0.000,0.379247992193414,0.620752007806586
963,21,H,NHB,0.176514367000,0.000025353000,0.000143631367978,-0.000143631367978,-0.000168776064511,NHB,-0.001,0.000,0.168776064510943,0.831223935489057
964,21,H,NHB,0.176514367000,0.000285398000,0.001616854224676,-0.001616854224676,-0.000469115107179,NHB,-0.001,0.000,0.469115107178985,0.530884892821015
965,21,H,NHB,0.176514367000,0.000070838000,0.000401315775050,-0.000401315775050,-0.000214263478420,NHB,-0.001,0.000,0.214263478420077,0.785736521579923
966,21,H,NHB,0.176514367000,0.000292755000,0.001658533551549,-0.001658533551549,-0.000575406865879,NHB,-0.001,0.000,0.575406865879457,0.424593134120543
967,21,H,NHB,0.176514367000,0.000213364000,0.001208762797195,-0.001208762797195,-0.000332985426834,NHB,-0.001,0.000,0.332985426833722,0.667014573166278
968,21,H,NHB,0.176514367000,0.000198260000,0.001123194691569,-0.001123194691569,-0.000400835536664,NHB,-0.001,0.000,0.400835536664002,0.599164463335998
969,21,H,NHB,0.176514367000,0.000284935000,0.001614231208726,-0.001614231208726,-0.000388386482048,NHB,-0.001,0.000,0.388386482047600,0.611613517952400
970,21,H,NHB,0.178345189000,0.000298481000,0.001673613971162,-0.001673613971162,-0.000571155400425,NHB,-0.001,0.000,0.571155400424820,0.428844599575180
971,21,H,NHB,0.178345189000,0.000149390000,0.000837645247610,-0.000837645247610,-0.000278380514073,NHB,-0.001,0.000,0.278380514072816,0.721619485927184
972,21,H,NHB,0.178345189000,0.000290386000,0.001628224465309,-0.001628224465309,-0.000420548591588,NHB,-0.001,0.000,0.420548591588321,0.579451408411679
973,21,H,NHB,0.178345189000,0.000054452000,0.000305318020101,-0.000305318020101,-0.000177637628234,NHB,-0.001,0.000,0.177637628234196,0.822362371765804
974,21,H,NHB,0.178345189000,0.000112847000,0.000632744850774,-0.000632744850774,-0.000190517134517,NHB,-0.001,0.000,0.190517134517466,0.809482865482534
975,21,H,NHB,0.178345189000,0.000208420000,0.001168632589242,-0.001168632589242,-0.000312973314147,NHB,-0.001,0.000,0.312973314147295,0.687026685852705
976,21,H,NHB,0.178345189000,0.000221032000,0.001239349383291,-0.001239349383291,-0.000364759007943,NHB,-0.001,0.000,0.364759007943038,0.635240992056962
977,21,H,NHB,0.178345189000,0.000293867000,0.001647742793892,-0.001647742793892,-0.000495543193181,NHB,-0.001,0.000,0.495543193181332,0.504456806818668
