segment,atom,element,atom_class,area_square_angstrom,native_xtb_charge_electron,native_xtb_raw_sigma,tm_nist_raw_sigma,nist_hsieh_averaged_sigma,pre_probability_partition,left_bin,right_bin,left_weight,right_weight
1,1,C,NHB,0.241185721000,0.000408992000,0.001695755446484,-0.001695755446484,-0.001706130199656,NHB,-0.002,-0.001,0.706130199655871,0.293869800344129
2,1,C,NHB,0.241185721000,-0.000282816000,-0.001172606731557,0.001172606731557,0.000988855671982,NHB,0.000,0.001,0.011144328018402,0.988855671981598
3,1,C,NHB,0.241185721000,0.000062979000,0.000261122423578,-0.000261122423578,-0.001560123566211,NHB,-0.002,-0.001,0.560123566211231,0.439876433788769
4,1,C,NHB,0.241185721000,0.000298562000,0.001237892520180,-0.001237892520180,-0.001271521972243,NHB,-0.002,-0.001,0.271521972242776,0.728478027757224
5,1,C,NHB,0.241185721000,0.000351301000,0.001456558035623,-0.001456558035623,-0.000856291881810,NHB,-0.001,0.000,0.856291881810106,0.143708118189894
6,1,C,NHB,0.617017436000,0.001160620000,0.001881016535811,-0.001881016535811,-0.001627160920971,NHB,-0.002,-0.001,0.627160920971115,0.372839079028885
7,1,C,NHB,0.617017436000,-0.000087072000,-0.000141117568029,0.000141117568029,0.001719269143357,NHB,0.001,0.002,0.280730856642680,0.719269143357320
8,1,C,NHB,0.617017436000,0.000944051000,0.001530023213153,-0.001530023213153,-0.001942062900130,NHB,-0.002,-0.001,0.942062900129773,0.057937099870227
9,1,C,NHB,0.617017436000,0.001076903000,0.001745336415420,-0.001745336415420,-0.001543786832199,NHB,-0.002,-0.001,0.543786832198995,0.456213167801005
10,1,C,NHB,0.617017436000,0.000595573000,0.000965245008084,-0.000965245008084,-0.001976358456096,NHB,-0.002,-0.001,0.976358456096108,0.023641543903892
11,1,C,NHB,0.517349488000,0.000708393000,0.001369273607941,-0.001369273607941,-0.001554092268155,NHB,-0.002,-0.001,0.554092268154948,0.445907731845052
12,1,C,NHB,0.517349488000,0.000699051000,0.001351216182126,-0.001351216182126,-0.000633852294721,NHB,-0.001,0.000,0.633852294721177,0.366147705278823
13,1,C,NHB,0.517349488000,0.000376529000,0.000727803948266,-0.000727803948266,-0.001770585397531,NHB,-0.002,-0.001,0.770585397530608,0.229414602469392
14,1,C,NHB,0.517349488000,0.000667894000,0.001290991902944,-0.001290991902944,-0.000964286674474,NHB,-0.001,0.000,0.964286674473835,0.035713325526165
15,1,C,NHB,0.517349488000,0.000810793000,0.001567205571488,-0.001567205571488,-0.001120603772388,NHB,-0.002,-0.001,0.120603772387759,0.879396227612241
16,1,C,NHB,0.517349488000,0.000304534000,0.000588642701044,-0.000588642701044,0.000169671119312,NHB,0.000,0.001,0.830328880688304,0.169671119311696
17,1,C,NHB,0.517349488000,0.000582248000,0.001125444237417,-0.001125444237417,-0.001483526380697,NHB,-0.002,-0.001,0.483526380696568,0.516473619303432
18,1,C,NHB,0.517349488000,0.000808104000,0.001562007924515,-0.001562007924515,-0.000647651684632,NHB,-0.001,0.000,0.647651684632442,0.352348315367558
19,1,C,NHB,0.517349488000,0.000272661000,0.000527034444460,-0.000527034444460,-0.000623343475318,NHB,-0.001,0.000,0.623343475317681,0.376656524682319
20,1,C,NHB,0.517349488000,-0.001043941000,-0.002017864179272,0.002017864179272,0.002118737162336,NHB,0.002,0.003,0.881262837664465,0.118737162335535
21,1,C,NHB,0.517349488000,0.000723891000,0.001399230146720,-0.001399230146720,-0.001643940463998,NHB,-0.002,-0.001,0.643940463997954,0.356059536002046
22,1,C,NHB,0.517349488000,0.000023756000,0.000045918669199,-0.000045918669199,-0.000456106599096,NHB,-0.001,0.000,0.456106599095617,0.543893400904383
23,1,C,NHB,0.517349488000,-0.000918039000,-0.001774504510576,0.001774504510576,0.002819915774221,NHB,0.002,0.003,0.180084225778694,0.819915774221306
24,1,C,NHB,0.517349488000,0.000915384000,0.001769372583200,-0.001769372583200,-0.001520123050481,NHB,-0.002,-0.001,0.520123050481178,0.479876949518822
25,1,C,NHB,0.517349488000,0.000894129000,0.001728288170259,-0.001728288170259,-0.001672204193333,NHB,-0.002,-0.001,0.672204193332898,0.327795806667102
26,1,C,NHB,0.517349488000,0.001057888000,0.002044822744659,-0.002044822744659,-0.001778150226724,NHB,-0.002,-0.001,0.778150226724413,0.221849773275587
27,1,C,NHB,0.517349488000,0.000827468000,0.001599437168091,-0.001599437168091,-0.001672819473797,NHB,-0.002,-0.001,0.672819473797066,0.327180526202934
28,1,C,NHB,0.517349488000,0.000982185000,0.001898494195475,-0.001898494195475,-0.001734379651975,NHB,-0.002,-0.001,0.734379651975480,0.265620348024520
29,1,C,NHB,0.626409493000,0.001127739000,0.001800322333238,-0.001800322333238,-0.001593148751525,NHB,-0.002,-0.001,0.593148751525030,0.406851248474970
30,1,C,NHB,0.626409493000,0.001427880000,0.002279467370716,-0.002279467370716,-0.001827372412701,NHB,-0.002,-0.001,0.827372412700630,0.172627587299370
31,1,C,NHB,0.626409493000,0.001080974000,0.001725666695795,-0.001725666695795,-0.001574226609205,NHB,-0.002,-0.001,0.574226609205157,0.425773390794843
32,1,C,NHB,0.626409493000,0.001205990000,0.001925242215319,-0.001925242215319,-0.001790274180225,NHB,-0.002,-0.001,0.790274180224755,0.209725819775245
33,1,C,NHB,0.626409493000,0.001245759000,0.001988729439641,-0.001988729439641,-0.001859101662119,NHB,-0.002,-0.001,0.859101662118723,0.140898337881277
34,1,C,NHB,0.626409493000,0.000738326000,0.001178663491295,-0.001178663491295,-0.002073912996865,NHB,-0.003,-0.002,0.073912996864754,0.926087003135246
35,1,C,NHB,0.626409493000,0.001269381000,0.002026439596119,-0.002026439596119,-0.001735024059854,NHB,-0.002,-0.001,0.735024059854360,0.264975940145640
36,1,C,NHB,0.626409493000,0.000865774000,0.001382121455174,-0.001382121455174,-0.001954819813955,NHB,-0.002,-0.001,0.954819813954730,0.045180186045270
37,1,C,NHB,0.626409493000,0.001070893000,0.001709573389240,-0.001709573389240,-0.001113434144134,NHB,-0.002,-0.001,0.113434144134260,0.886565855865740
38,1,C,NHB,0.626409493000,0.000030645000,0.000048921672392,-0.000048921672392,0.000775626393884,NHB,0.000,0.001,0.224373606116146,0.775626393883854
39,1,C,NHB,0.626409493000,0.001140834000,0.001821227188841,-0.001821227188841,-0.001717050169316,NHB,-0.002,-0.001,0.717050169316301,0.282949830683699
40,1,C,NHB,0.626409493000,0.000831570000,0.001327518195833,-0.001327518195833,-0.000642755514949,NHB,-0.001,0.000,0.642755514948616,0.357244485051384
41,1,C,NHB,0.626409493000,-0.000089587000,-0.000143016670407,0.000143016670407,0.002460168287717,NHB,0.002,0.003,0.539831712282555,0.460168287717445
42,1,C,NHB,0.626409493000,0.000647676000,0.001033949847883,-0.001033949847883,-0.001619842704163,NHB,-0.002,-0.001,0.619842704162626,0.380157295837374
43,1,C,NHB,0.626409493000,0.000809044000,0.001291557693555,-0.001291557693555,-0.001110339853927,NHB,-0.002,-0.001,0.110339853926924,0.889660146073076
44,1,C,NHB,0.604526425000,0.001065824000,0.001763072639877,-0.001763072639877,-0.001660455638561,NHB,-0.002,-0.001,0.660455638560860,0.339544361439140
45,1,C,NHB,0.604526425000,0.000228344000,0.000377723769478,-0.000377723769478,0.000370054787606,NHB,0.000,0.001,0.629945212394365,0.370054787605635
46,1,C,NHB,0.604526425000,0.000357575000,0.000591496062393,-0.000591496062393,-0.002041666707730,NHB,-0.003,-0.002,0.041666707730315,0.958333292269685
47,1,C,NHB,0.604526425000,0.000041215000,0.000068177334018,-0.000068177334018,-0.000856501371237,NHB,-0.001,0.000,0.856501371236530,0.143498628763470
48,1,C,NHB,0.604526425000,0.001092152000,0.001806624085953,-0.001806624085953,-0.001395071055754,NHB,-0.002,-0.001,0.395071055754469,0.604928944245531
49,1,C,NHB,0.604526425000,-0.000696564000,-0.001152247397622,0.001152247397622,0.001891553387575,NHB,0.001,0.002,0.108446612425053,0.891553387574947
50,1,C,NHB,0.604526425000,0.000265585000,0.000439327362737,-0.000439327362737,-0.001912677427578,NHB,-0.002,-0.001,0.912677427578352,0.087322572421648
51,1,C,NHB,0.604526425000,0.000595032000,0.000984294441719,-0.000984294441719,-0.000653129020393,NHB,-0.001,0.000,0.653129020392910,0.346870979607090
52,1,C,NHB,0.604526425000,0.001103593000,0.001825549644087,-0.001825549644087,-0.001388156746615,NHB,-0.002,-0.001,0.388156746614900,0.611843253385100
53,1,C,NHB,0.604526425000,-0.001267733000,-0.002097067965226,0.002097067965226,0.002490538725233,NHB,0.002,0.003,0.509461274767285,0.490538725232715
54,1,C,NHB,0.604526425000,0.001206876000,0.001996399082141,-0.001996399082141,-0.001732272666158,NHB,-0.002,-0.001,0.732272666157537,0.267727333842463
55,1,C,NHB,0.604526425000,0.000752257000,0.001244374056932,-0.001244374056932,-0.001358069947511,NHB,-0.002,-0.001,0.358069947510562,0.641930052489438
56,1,C,NHB,0.604526425000,0.001028795000,0.001701819734348,-0.001701819734348,-0.001668082932349,NHB,-0.002,-0.001,0.668082932349046,0.331917067650954
57,1,C,NHB,0.604526425000,0.001147940000,0.001898907893067,-0.001898907893067,-0.001672429345903,NHB,-0.002,-0.001,0.672429345902664,0.327570654097336
58,1,C,NHB,0.604526425000,0.001215658000,0.002010926155958,-0.002010926155958,-0.001881333218790,NHB,-0.002,-0.001,0.881333218789630,0.118666781210370
59,1,C,NHB,0.604526425000,0.001086723000,0.001797643502515,-0.001797643502515,-0.001668819373534,NHB,-0.002,-0.001,0.668819373533923,0.331180626466077
60,1,C,NHB,0.604526425000,0.001060450000,0.001754183036746,-0.001754183036746,-0.001852442486922,NHB,-0.002,-0.001,0.852442486922382,0.147557513077618
61,1,C,NHB,0.610796623000,0.000974029000,0.001594686288893,-0.001594686288893,-0.001560743100575,NHB,-0.002,-0.001,0.560743100575048,0.439256899424952
62,1,C,NHB,0.610796623000,0.001155570000,0.001891906334263,-0.001891906334263,-0.001681318350973,NHB,-0.002,-0.001,0.681318350972551,0.318681649027449
63,1,C,NHB,0.610796623000,0.000946132000,0.001549013148359,-0.001549013148359,-0.001584489780843,NHB,-0.002,-0.001,0.584489780843121,0.415510219156879
64,1,C,NHB,0.610796623000,0.001378834000,0.002257435532678,-0.002257435532678,-0.001812778327365,NHB,-0.002,-0.001,0.812778327365454,0.187221672634546
65,1,C,NHB,0.610796623000,0.000604559000,0.000989787725136,-0.000989787725136,-0.002038671378917,NHB,-0.003,-0.002,0.038671378916783,0.961328621083217
66,1,C,NHB,0.610796623000,0.000238275000,0.000390105300238,-0.000390105300238,-0.000292332885661,NHB,-0.001,0.000,0.292332885660967,0.707667114339033
67,1,C,NHB,0.610796623000,0.000909869000,0.001489643141003,-0.001489643141003,-0.001726268257926,NHB,-0.002,-0.001,0.726268257925914,0.273731742074086
68,1,C,NHB,0.610796623000,0.000068053000,0.000111416791510,-0.000111416791510,0.000387296852902,NHB,0.000,0.001,0.612703147097517,0.387296852902483
69,1,C,NHB,0.610796623000,0.001289950000,0.002111914099433,-0.002111914099433,-0.001824502723173,NHB,-0.002,-0.001,0.824502723172885,0.175497276827115
70,1,C,NHB,0.610796623000,0.001220577000,0.001998336195778,-0.001998336195778,-0.001782550270920,NHB,-0.002,-0.001,0.782550270919730,0.217449729080270
71,1,C,NHB,0.610796623000,0.000872545000,0.001428536057902,-0.001428536057902,-0.000783976661392,NHB,-0.001,0.000,0.783976661392087,0.216023338607913
72,1,C,NHB,0.610796623000,0.000854734000,0.001399375778802,-0.001399375778802,-0.001491548339039,NHB,-0.002,-0.001,0.491548339038806,0.508451660961194
73,1,C,NHB,0.610796623000,0.000530532000,0.000868590263964,-0.000868590263964,0.000218351930399,NHB,0.000,0.001,0.781648069601081,0.218351930398919
74,1,C,NHB,0.610796623000,0.000657563000,0.001076566200989,-0.001076566200989,-0.001292962991102,NHB,-0.002,-0.001,0.292962991101778,0.707037008898222
75,1,C,NHB,0.610796623000,0.000219212000,0.000358895239013,-0.000358895239013,0.000235155036876,NHB,0.000,0.001,0.764844963123878,0.235155036876122
76,1,C,NHB,0.610796623000,0.000655679000,0.001073481704564,-0.001073481704564,-0.001640296931530,NHB,-0.002,-0.001,0.640296931529821,0.359703068470179
77,1,C,NHB,0.610796623000,0.000034591000,0.000056632598638,-0.000056632598638,0.001172144872850,NHB,0.001,0.002,0.827855127149999,0.172144872850001
78,1,C,NHB,0.610796623000,0.001135166000,0.001858500779563,-0.001858500779563,-0.001355901642231,NHB,-0.002,-0.001,0.355901642231046,0.644098357768954
79,2,N,OT,0.236199696000,-0.000026639000,-0.000112781686222,0.000112781686222,-0.000409978273801,NHB,-0.001,0.000,0.409978273800951,0.590021726199049
80,2,N,OT,0.236199696000,-0.000326335000,-0.001381606350586,0.001381606350586,0.000093719361434,OT,0.000,0.001,0.906280638565574,0.093719361434426
81,2,N,OT,0.604261852000,0.000050565000,0.000083680609379,-0.000083680609379,-0.001522585129927,NHB,-0.002,-0.001,0.522585129926588,0.477414870073412
82,2,N,OT,0.604261852000,-0.000059849000,-0.000099044809468,0.000099044809468,-0.001227611140545,NHB,-0.002,-0.001,0.227611140544731,0.772388859455269
83,2,N,OT,0.506654336000,-0.000039625000,-0.000078209140206,0.000078209140206,-0.000309283410966,NHB,-0.001,0.000,0.309283410966409,0.690716589033590
84,2,N,OT,0.506654336000,-0.000328590000,-0.000648548678364,0.000648548678364,-0.000099293073221,NHB,-0.001,0.000,0.099293073221093,0.900706926778908
85,2,N,OT,0.506654336000,-0.000063631000,-0.000125590556478,0.000125590556478,-0.000743258180898,NHB,-0.001,0.000,0.743258180897950,0.256741819102050
86,2,N,OT,0.506654336000,-0.000138873000,-0.000274098118051,0.000274098118051,-0.000622645744038,NHB,-0.001,0.000,0.622645744037633,0.377354255962367
87,2,N,OT,0.506654336000,-0.000838238000,-0.001654457369531,0.001654457369531,0.000440272718428,OT,0.000,0.001,0.559727281571715,0.440272718428285
88,2,N,OT,0.506654336000,-0.000984061000,-0.001942272926684,0.001942272926684,0.000677460980649,OT,0.000,0.001,0.322539019351271,0.677460980648729
89,2,N,OT,0.506654336000,0.000044050000,0.000086942905389,-0.000086942905389,-0.000471053881066,NHB,-0.001,0.000,0.471053881065532,0.528946118934468
90,2,N,OT,0.506654336000,-0.000389884000,-0.000769526622585,0.000769526622585,-0.000355020783509,NHB,-0.001,0.000,0.355020783509128,0.644979216490872
91,2,N,OT,0.613459747000,-0.001186948000,-0.001934842515429,0.001934842515429,0.001001881042255,OT,0.001,0.002,0.998118957745284,0.001881042254716
92,2,N,OT,0.613459747000,-0.000565327000,-0.000921538866673,0.000921538866673,0.001634311332742,OT,0.001,0.002,0.365688667257832,0.634311332742169
93,2,N,OT,0.613459747000,-0.000914372000,-0.001490516703780,0.001490516703780,0.002665370426277,OT,0.002,0.003,0.334629573722961,0.665370426277039
94,2,N,OT,0.613459747000,-0.000024657000,-0.000040193346215,0.000040193346215,-0.001255829027583,NHB,-0.002,-0.001,0.255829027582957,0.744170972417044
95,2,N,OT,0.592029067000,-0.000074768000,-0.000126291096447,0.000126291096447,-0.000344428138841,NHB,-0.001,0.000,0.344428138841205,0.655571861158795
96,2,N,OT,0.592029067000,-0.001110813000,-0.001876281186038,0.001876281186038,0.000306349469530,OT,0.000,0.001,0.693650530469992,0.306349469530008
97,2,N,OT,0.592029067000,0.000060609000,0.000102375040988,-0.000102375040988,-0.001228234224899,NHB,-0.002,-0.001,0.228234224898780,0.771765775101220
98,2,N,OT,0.592029067000,-0.000185022000,-0.000312521817447,0.000312521817447,0.000682668010271,OT,0.000,0.001,0.317331989728881,0.682668010271119
99,2,N,OT,0.592029067000,0.000058883000,0.000099459643592,-0.000099459643592,-0.000973175668000,NHB,-0.001,0.000,0.973175668000233,0.026824331999767
100,2,N,OT,0.592029067000,-0.000176176000,-0.000297579983518,0.000297579983518,-0.000755853273504,NHB,-0.001,0.000,0.755853273503629,0.244146726496371
101,2,N,OT,0.592029067000,-0.000014205000,-0.000023993754347,0.000023993754347,0.001156872643902,OT,0.001,0.002,0.843127356097503,0.156872643902497
102,2,N,OT,0.598169642000,-0.000038804000,-0.000064871229289,0.000064871229289,-0.001005034411998,NHB,-0.002,-0.001,0.005034411998285,0.994965588001715
103,2,N,OT,0.598169642000,-0.000390005000,-0.000651997314167,0.000651997314167,-0.000429375210072,NHB,-0.001,0.000,0.429375210071598,0.570624789928402
104,2,N,OT,0.598169642000,0.000013385000,0.000022376595300,-0.000022376595300,-0.000659061800945,NHB,-0.001,0.000,0.659061800945340,0.340938199054660
105,2,N,OT,0.598169642000,-0.000108160000,-0.000180818270279,0.000180818270279,-0.000241743839119,NHB,-0.001,0.000,0.241743839118880,0.758256160881120
106,2,N,OT,0.598169642000,-0.000922033000,-0.001541423929368,0.001541423929368,0.000495625856835,OT,0.000,0.001,0.504374143164660,0.495625856835340
107,2,N,OT,0.598169642000,-0.000006013000,-0.000010052332278,0.000010052332278,-0.001064148110306,NHB,-0.002,-0.001,0.064148110305912,0.935851889694088
108,2,N,OT,0.598169642000,-0.000774089000,-0.001294096098578,0.001294096098578,0.002076514269709,OT,0.002,0.003,0.923485730291375,0.076514269708625
109,2,N,OT,0.598169642000,0.000086285000,0.000144248376951,-0.000144248376951,-0.000907839606672,NHB,-0.001,0.000,0.907839606672297,0.092160393327703
110,2,N,OT,0.598169642000,-0.000218280000,-0.000364913203001,0.000364913203001,0.002624236132633,OT,0.002,0.003,0.375763867367116,0.624236132632884
111,3,C,NHB,0.241185721000,0.000492203000,0.002040763433089,-0.002040763433089,-0.001630742242260,NHB,-0.002,-0.001,0.630742242260144,0.369257757739856
112,3,C,NHB,0.241185721000,0.000487195000,0.002019999351454,-0.002019999351454,-0.001365298034555,NHB,-0.002,-0.001,0.365298034554873,0.634701965445127
113,3,C,NHB,0.241185721000,0.000400661000,0.001661213600618,-0.001661213600618,-0.001136280742886,NHB,-0.002,-0.001,0.136280742885522,0.863719257114478
114,3,C,NHB,0.617017436000,0.000808665000,0.001310603157736,-0.001310603157736,-0.002257104945384,NHB,-0.003,-0.002,0.257104945383776,0.742895054616224
115,3,C,NHB,0.617017436000,0.001216099000,0.001970931336858,-0.001970931336858,-0.001898337001172,NHB,-0.002,-0.001,0.898337001171560,0.101662998828440
116,3,C,NHB,0.617017436000,0.001061441000,0.001720277155993,-0.001720277155993,-0.001400868606248,NHB,-0.002,-0.001,0.400868606247949,0.599131393752051
117,3,C,NHB,0.517349488000,0.000982921000,0.001899916831463,-0.001899916831463,-0.001042549451698,NHB,-0.002,-0.001,0.042549451698490,0.957450548301510
118,3,C,NHB,0.517349488000,0.000848599000,0.001640281897795,-0.001640281897795,-0.001151776546241,NHB,-0.002,-0.001,0.151776546241352,0.848223453758648
119,3,C,NHB,0.517349488000,0.000873800000,0.001688993649879,-0.001688993649879,-0.001761702324255,NHB,-0.002,-0.001,0.761702324255191,0.238297675744809
120,3,C,NHB,0.517349488000,0.001065913000,0.002060334502544,-0.002060334502544,-0.001491366928304,NHB,-0.002,-0.001,0.491366928304220,0.508633071695780
121,3,C,NHB,0.517349488000,0.000873449000,0.001688315191683,-0.001688315191683,-0.000811227483695,NHB,-0.001,0.000,0.811227483694951,0.188772516305049
122,3,C,NHB,0.517349488000,0.000830532000,0.001605359663563,-0.001605359663563,-0.000802153743998,NHB,-0.001,0.000,0.802153743998400,0.197846256001600
123,3,C,NHB,0.517349488000,0.000610613000,0.001180271777905,-0.001180271777905,-0.001508695521067,NHB,-0.002,-0.001,0.508695521067473,0.491304478932527
124,3,C,NHB,0.517349488000,0.000767438000,0.001483403420320,-0.001483403420320,-0.001392264978578,NHB,-0.002,-0.001,0.392264978577996,0.607735021422004
125,3,C,NHB,0.517349488000,0.001255897000,0.002427560148663,-0.002427560148663,-0.001898292038626,NHB,-0.002,-0.001,0.898292038625617,0.101707961374383
126,3,C,NHB,0.517349488000,0.000851371000,0.001645639977902,-0.001645639977902,-0.001387089511339,NHB,-0.002,-0.001,0.387089511339317,0.612910488660683
127,3,C,NHB,0.517349488000,0.001173198000,0.002267708825876,-0.002267708825876,-0.001858240020106,NHB,-0.002,-0.001,0.858240020106179,0.141759979893821
128,3,C,NHB,0.517349488000,0.001048412000,0.002026506306313,-0.002026506306313,-0.001470776102925,NHB,-0.002,-0.001,0.470776102924770,0.529223897075230
129,3,C,NHB,0.517349488000,0.001105706000,0.002137251559433,-0.002137251559433,-0.001645007619163,NHB,-0.002,-0.001,0.645007619163307,0.354992380836693
130,3,C,NHB,0.517349488000,0.000814625000,0.001574612556686,-0.001574612556686,-0.001511139001087,NHB,-0.002,-0.001,0.511139001087108,0.488860998912892
131,3,C,NHB,0.626409493000,0.001446550000,0.002309272155299,-0.002309272155299,-0.002043476004419,NHB,-0.003,-0.002,0.043476004419152,0.956523995580848
132,3,C,NHB,0.626409493000,0.001503790000,0.002400650080825,-0.002400650080825,-0.001954833520098,NHB,-0.002,-0.001,0.954833520098249,0.045166479901751
133,3,C,NHB,0.626409493000,0.001217639000,0.001943838676787,-0.001943838676787,-0.001336789814784,NHB,-0.002,-0.001,0.336789814783683,0.663210185216317
134,3,C,NHB,0.626409493000,0.000986084000,0.001574184317159,-0.001574184317159,-0.001943461126508,NHB,-0.002,-0.001,0.943461126508194,0.056538873491806
135,3,C,NHB,0.626409493000,0.001178742000,0.001881743513105,-0.001881743513105,-0.001425425367275,NHB,-0.002,-0.001,0.425425367274727,0.574574632725273
136,3,C,NHB,0.626409493000,0.000177172000,0.000282837348380,-0.000282837348380,-0.001002034459968,NHB,-0.002,-0.001,0.002034459967599,0.997965540032401
137,3,C,NHB,0.626409493000,0.000048821000,0.000077937835466,-0.000077937835466,-0.000236642712543,NHB,-0.001,0.000,0.236642712543023,0.763357287456977
138,3,C,NHB,0.626409493000,0.001100584000,0.001756972096207,-0.001756972096207,-0.002065462364941,NHB,-0.003,-0.002,0.065462364940847,0.934537635059153
139,3,C,NHB,0.626409493000,0.001331566000,0.002125711718740,-0.002125711718740,-0.001448110459531,NHB,-0.002,-0.001,0.448110459531234,0.551889540468766
140,3,C,NHB,0.626409493000,0.000738779000,0.001179386660413,-0.001179386660413,-0.002017657028429,NHB,-0.003,-0.002,0.017657028429268,0.982342971570732
141,3,C,NHB,0.626409493000,0.001076227000,0.001718088585864,-0.001718088585864,-0.001730441532622,NHB,-0.002,-0.001,0.730441532622377,0.269558467377623
142,3,C,NHB,0.604526425000,0.000984531000,0.001628598782923,-0.001628598782923,-0.000781766834250,NHB,-0.001,0.000,0.781766834250145,0.218233165749855
143,3,C,NHB,0.604526425000,0.000510791000,0.000844944040287,-0.000844944040287,-0.002190393175218,NHB,-0.003,-0.002,0.190393175218442,0.809606824781558
144,3,C,NHB,0.604526425000,0.000438635000,0.000725584493680,-0.000725584493680,-0.001354127641465,NHB,-0.002,-0.001,0.354127641464827,0.645872358535173
145,3,C,NHB,0.604526425000,0.000690388000,0.001142031136191,-0.001142031136191,-0.001787043217900,NHB,-0.002,-0.001,0.787043217899615,0.212956782100385
146,3,C,NHB,0.604526425000,0.000987323000,0.001633217274166,-0.001633217274166,-0.001409175696466,NHB,-0.002,-0.001,0.409175696465840,0.590824303534160
147,3,C,NHB,0.604526425000,0.001385595000,0.002292033801500,-0.002292033801500,-0.002120249237697,NHB,-0.003,-0.002,0.120249237697313,0.879750762302687
148,3,C,NHB,0.604526425000,0.000914130000,0.001512142335217,-0.001512142335217,-0.001284950525537,NHB,-0.002,-0.001,0.284950525536674,0.715049474463326
149,3,C,NHB,0.604526425000,0.001273609000,0.002106787970435,-0.002106787970435,-0.001964015568753,NHB,-0.002,-0.001,0.964015568752638,0.035984431247362
150,3,C,NHB,0.604526425000,0.001360601000,0.002250689041426,-0.002250689041426,-0.001485691502362,NHB,-0.002,-0.001,0.485691502361765,0.514308497638235
151,3,C,NHB,0.604526425000,0.001298797000,0.002148453642866,-0.002148453642866,-0.001928883579077,NHB,-0.002,-0.001,0.928883579076512,0.071116420923488
152,3,C,NHB,0.604526425000,0.001321897000,0.002186665371989,-0.002186665371989,-0.001655928055964,NHB,-0.002,-0.001,0.655928055964208,0.344071944035792
153,3,C,NHB,0.610796623000,0.001569822000,0.002570122264740,-0.002570122264740,-0.002051297940887,NHB,-0.003,-0.002,0.051297940887018,0.948702059112982
154,3,C,NHB,0.610796623000,0.000971453000,0.001590468845798,-0.001590468845798,-0.001365052833959,NHB,-0.002,-0.001,0.365052833959322,0.634947166040678
155,3,C,NHB,0.610796623000,0.001379092000,0.002257857931870,-0.002257857931870,-0.001799698710625,NHB,-0.002,-0.001,0.799698710625201,0.200301289374799
156,3,C,NHB,0.610796623000,0.001013382000,0.001659115263314,-0.001659115263314,-0.001559144098096,NHB,-0.002,-0.001,0.559144098095567,0.440855901904433
157,3,C,NHB,0.610796623000,0.000929833000,0.001522328324988,-0.001522328324988,-0.001138111335950,NHB,-0.002,-0.001,0.138111335949511,0.861888664050489
158,3,C,NHB,0.610796623000,0.000973579000,0.001593949546116,-0.001593949546116,-0.000987622108233,NHB,-0.001,0.000,0.987622108232515,0.012377891767485
159,3,C,NHB,0.610796623000,0.001243641000,0.002036096718891,-0.002036096718891,-0.001585103564510,NHB,-0.002,-0.001,0.585103564509503,0.414896435490497
160,3,C,NHB,0.610796623000,0.000084328000,0.000138062321933,-0.000138062321933,-0.001297235620131,NHB,-0.002,-0.001,0.297235620131017,0.702764379868983
161,3,C,NHB,0.610796623000,0.000860683000,0.001409115518309,-0.001409115518309,-0.000551323404402,NHB,-0.001,0.000,0.551323404401908,0.448676595598092
162,3,C,NHB,0.610796623000,0.001235259000,0.002022373656771,-0.002022373656771,-0.001742538388130,NHB,-0.002,-0.001,0.742538388130272,0.257461611869728
163,3,C,NHB,0.610796623000,0.000499483000,0.000817756649581,-0.000817756649581,-0.001887988003270,NHB,-0.002,-0.001,0.887988003269826,0.112011996730174
164,3,C,NHB,0.610796623000,0.001343412000,0.002199442415712,-0.002199442415712,-0.001692885502272,NHB,-0.002,-0.001,0.692885502271890,0.307114497728110
165,3,C,NHB,0.610796623000,0.001207489000,0.001976908441421,-0.001976908441421,-0.001782937874927,NHB,-0.002,-0.001,0.782937874926655,0.217062125073345
166,4,C,NHB,0.241185721000,0.000193615000,0.000802763112166,-0.000802763112166,-0.000734249206585,NHB,-0.001,0.000,0.734249206584507,0.265750793415493
167,4,C,NHB,0.241185721000,0.000367680000,0.001524468357727,-0.001524468357727,-0.001464672147930,NHB,-0.002,-0.001,0.464672147929697,0.535327852070303
168,4,C,NHB,0.241185721000,0.000054383000,0.000225481839366,-0.000225481839366,-0.001680308952723,NHB,-0.002,-0.001,0.680308952722878,0.319691047277122
169,4,C,NHB,0.241185721000,0.000170973000,0.000708885249471,-0.000708885249471,-0.001013625539098,NHB,-0.002,-0.001,0.013625539097775,0.986374460902225
170,4,C,NHB,0.617017436000,0.000786830000,0.001275215178846,-0.001275215178846,-0.001074231968143,NHB,-0.002,-0.001,0.074231968142659,0.925768031857341
171,4,C,NHB,0.617017436000,0.000143559000,0.000232666034417,-0.000232666034417,-0.001554146275008,NHB,-0.002,-0.001,0.554146275007896,0.445853724992104
172,4,C,NHB,0.617017436000,0.001049271000,0.001700553240119,-0.001700553240119,-0.001456985405239,NHB,-0.002,-0.001,0.456985405238583,0.543014594761417
173,4,C,NHB,0.617017436000,0.000320039000,0.000518687125075,-0.000518687125075,-0.001667378307133,NHB,-0.002,-0.001,0.667378307133067,0.332621692866933
174,4,C,NHB,0.517349488000,0.000350600000,0.000677685023630,-0.000677685023630,-0.001446110064861,NHB,-0.002,-0.001,0.446110064860528,0.553889935139472
175,4,C,NHB,0.517349488000,0.000040018000,0.000077351965989,-0.000077351965989,-0.001632593629552,NHB,-0.002,-0.001,0.632593629552327,0.367406370447673
176,4,C,NHB,0.517349488000,0.000512917000,0.000991432313933,-0.000991432313933,-0.001578606416175,NHB,-0.002,-0.001,0.578606416174622,0.421393583825378
177,4,C,NHB,0.517349488000,0.000267486000,0.000517031535170,-0.000517031535170,-0.001683036876606,NHB,-0.002,-0.001,0.683036876605799,0.316963123394201
178,4,C,NHB,0.517349488000,0.000045325000,0.000087610021951,-0.000087610021951,-0.000845836370775,NHB,-0.001,0.000,0.845836370775229,0.154163629224771
179,4,C,NHB,0.517349488000,0.000406136000,0.000785032186985,-0.000785032186985,-0.001055208066070,NHB,-0.002,-0.001,0.055208066069500,0.944791933930500
180,4,C,NHB,0.517349488000,0.000735102000,0.001420900217456,-0.001420900217456,-0.001029155960733,NHB,-0.002,-0.001,0.029155960733151,0.970844039266849
181,4,C,NHB,0.517349488000,0.000521445000,0.001007916335272,-0.001007916335272,-0.001294240979942,NHB,-0.002,-0.001,0.294240979941950,0.705759020058050
182,4,C,NHB,0.517349488000,0.000855897000,0.001654388416057,-0.001654388416057,-0.001539379255491,NHB,-0.002,-0.001,0.539379255490898,0.460620744509102
183,4,C,NHB,0.517349488000,0.000711088000,0.001374482852489,-0.001374482852489,-0.001400814234544,NHB,-0.002,-0.001,0.400814234544234,0.599185765455766
184,4,C,NHB,0.517349488000,0.000673358000,0.001301553428811,-0.001301553428811,-0.001746546360274,NHB,-0.002,-0.001,0.746546360274360,0.253453639725640
185,4,C,NHB,0.517349488000,0.000287505000,0.000555726847458,-0.000555726847458,-0.000778120781099,NHB,-0.001,0.000,0.778120781099191,0.221879218900809
186,4,C,NHB,0.517349488000,0.000592600000,0.001145453921856,-0.001145453921856,-0.000963623551877,NHB,-0.001,0.000,0.963623551876539,0.036376448123461
187,4,C,NHB,0.517349488000,0.000237737000,0.000459528820487,-0.000459528820487,-0.000690552415751,NHB,-0.001,0.000,0.690552415751131,0.309447584248869
188,4,C,NHB,0.517349488000,0.000643791000,0.001244402507266,-0.001244402507266,-0.000927663926706,NHB,-0.001,0.000,0.927663926706155,0.072336073293845
189,4,C,NHB,0.626409493000,0.000993755000,0.001586430300155,-0.001586430300155,-0.001593483427390,NHB,-0.002,-0.001,0.593483427389642,0.406516572610358
190,4,C,NHB,0.626409493000,0.000316600000,0.000505420182066,-0.000505420182066,-0.001830287501095,NHB,-0.002,-0.001,0.830287501094757,0.169712498905243
191,4,C,NHB,0.626409493000,0.000088893000,0.000141908768934,-0.000141908768934,-0.000782205549734,NHB,-0.001,0.000,0.782205549734213,0.217794450265787
192,4,C,NHB,0.626409493000,0.000794501000,0.001268341251016,-0.001268341251016,-0.001201724455335,NHB,-0.002,-0.001,0.201724455334857,0.798275544665143
193,4,C,NHB,0.626409493000,0.000915794000,0.001461973374021,-0.001461973374021,-0.001368055715098,NHB,-0.002,-0.001,0.368055715097639,0.631944284902361
194,4,C,NHB,0.626409493000,0.000808310000,0.001290385936089,-0.001290385936089,-0.001177648792398,NHB,-0.002,-0.001,0.177648792398431,0.822351207601569
195,4,C,NHB,0.626409493000,0.000482994000,0.000771051533218,-0.000771051533218,-0.000420698407067,NHB,-0.001,0.000,0.420698407066582,0.579301592933418
196,4,C,NHB,0.626409493000,0.000804132000,0.001283716177654,-0.001283716177654,-0.000905254690528,NHB,-0.001,0.000,0.905254690528462,0.094745309471538
197,4,C,NHB,0.626409493000,0.000940947000,0.001502127618618,-0.001502127618618,-0.001345892438601,NHB,-0.002,-0.001,0.345892438600888,0.654107561399112
198,4,C,NHB,0.626409493000,0.001020462000,0.001629065350068,-0.001629065350068,-0.001452501602737,NHB,-0.002,-0.001,0.452501602736851,0.547498397263149
199,4,C,NHB,0.626409493000,0.000673968000,0.001075922391872,-0.001075922391872,-0.001461234748428,NHB,-0.002,-0.001,0.461234748428266,0.538765251571734
200,4,C,NHB,0.626409493000,0.000702188000,0.001120972794708,-0.001120972794708,-0.001554216859638,NHB,-0.002,-0.001,0.554216859638332,0.445783140361668
201,4,C,NHB,0.604526425000,0.000695965000,0.001151256539365,-0.001151256539365,-0.000778545512147,NHB,-0.001,0.000,0.778545512147404,0.221454487852596
202,4,C,NHB,0.604526425000,0.000541573000,0.000895863237079,-0.000895863237079,-0.001349738783193,NHB,-0.002,-0.001,0.349738783192914,0.650261216807086
203,4,C,NHB,0.604526425000,0.000879744000,0.001455261447008,-0.001455261447008,-0.001458470727528,NHB,-0.002,-0.001,0.458470727528330,0.541529272471670
204,4,C,NHB,0.604526425000,0.000795671000,0.001316188949060,-0.001316188949060,-0.001525776672377,NHB,-0.002,-0.001,0.525776672377058,0.474223327622942
205,4,C,NHB,0.604526425000,0.000935563000,0.001547596533931,-0.001547596533931,-0.001208675688916,NHB,-0.002,-0.001,0.208675688916320,0.791324311083680
206,4,C,NHB,0.604526425000,0.000439701000,0.000727347857457,-0.000727347857457,-0.001360667143902,NHB,-0.002,-0.001,0.360667143901683,0.639332856098317
207,4,C,NHB,0.604526425000,0.001062316000,0.001757269750450,-0.001757269750450,-0.001562035733614,NHB,-0.002,-0.001,0.562035733614214,0.437964266385786
208,4,C,NHB,0.604526425000,0.000069881000,0.000115596270254,-0.000115596270254,-0.001391523131919,NHB,-0.002,-0.001,0.391523131918969,0.608476868081031
209,4,C,NHB,0.604526425000,0.000162083000,0.000268115657641,-0.000268115657641,-0.001908837229504,NHB,-0.002,-0.001,0.908837229504313,0.091162770495687
210,4,C,NHB,0.604526425000,0.000544799000,0.000901199645657,-0.000901199645657,-0.000943251368974,NHB,-0.001,0.000,0.943251368974320,0.056748631025680
211,4,C,NHB,0.604526425000,0.000941362000,0.001557189166710,-0.001557189166710,-0.001298727809606,NHB,-0.002,-0.001,0.298727809605577,0.701272190394423
212,4,C,NHB,0.604526425000,0.000652431000,0.001079243144748,-0.001079243144748,-0.001397969729549,NHB,-0.002,-0.001,0.397969729548529,0.602030270451472
213,4,C,NHB,0.610796623000,0.000026385000,0.000043197684804,-0.000043197684804,-0.001293754446626,NHB,-0.002,-0.001,0.293754446626198,0.706245553373802
214,4,C,NHB,0.610796623000,0.000719532000,0.001178022230159,-0.001178022230159,-0.001827158101845,NHB,-0.002,-0.001,0.827158101844538,0.172841898155462
215,4,C,NHB,0.610796623000,0.000860530000,0.001408865025765,-0.001408865025765,-0.001387003132575,NHB,-0.002,-0.001,0.387003132575426,0.612996867424574
216,4,C,NHB,0.610796623000,0.000677493000,0.001109195719964,-0.001109195719964,-0.001328248017891,NHB,-0.002,-0.001,0.328248017891443,0.671751982108557
217,4,C,NHB,0.610796623000,0.000454584000,0.000744247729739,-0.000744247729739,-0.001576496798253,NHB,-0.002,-0.001,0.576496798253117,0.423503201746883
218,4,C,NHB,0.610796623000,0.000299186000,0.000489829165280,-0.000489829165280,-0.001195661689749,NHB,-0.002,-0.001,0.195661689749476,0.804338310250524
219,4,C,NHB,0.610796623000,0.000692245000,0.001133347785389,-0.001133347785389,-0.001039478674049,NHB,-0.002,-0.001,0.039478674049407,0.960521325950593
220,4,C,NHB,0.610796623000,0.000599832000,0.000982048651569,-0.000982048651569,-0.000909237582602,NHB,-0.001,0.000,0.909237582602167,0.090762417397833
221,4,C,NHB,0.610796623000,0.000512132000,0.000838465670430,-0.000838465670430,-0.001142660339913,NHB,-0.002,-0.001,0.142660339912952,0.857339660087048
222,4,C,NHB,0.610796623000,0.000921269000,0.001508307291345,-0.001508307291345,-0.001477475209221,NHB,-0.002,-0.001,0.477475209221219,0.522524790778781
223,4,C,NHB,0.610796623000,0.000888602000,0.001454824677379,-0.001454824677379,-0.001180413164605,NHB,-0.002,-0.001,0.180413164605348,0.819586835394652
224,4,C,NHB,0.610796623000,0.000802370000,0.001313645114898,-0.001313645114898,-0.001369888606939,NHB,-0.002,-0.001,0.369888606939333,0.630111393060667
225,4,C,NHB,0.610796623000,0.000829437000,0.001357959374310,-0.001357959374310,-0.001620942380575,NHB,-0.002,-0.001,0.620942380575438,0.379057619424562
226,5,C,NHB,0.241185721000,0.000273518000,0.001134055527276,-0.001134055527276,-0.001050319199009,NHB,-0.002,-0.001,0.050319199008684,0.949680800991316
227,5,C,NHB,0.241185721000,0.000074460000,0.000308724744115,-0.000308724744115,-0.000978600723074,NHB,-0.001,0.000,0.978600723073743,0.021399276926257
228,5,C,NHB,0.241185721000,0.000075746000,0.000314056734727,-0.000314056734727,-0.001229973508621,NHB,-0.002,-0.001,0.229973508620942,0.770026491379058
229,5,C,NHB,0.617017436000,-0.000191507000,-0.000310375345698,0.000310375345698,-0.001238378735602,NHB,-0.002,-0.001,0.238378735602124,0.761621264397876
230,5,C,NHB,0.617017436000,0.000612237000,0.000992252348603,-0.000992252348603,-0.000480677614373,NHB,-0.001,0.000,0.480677614372739,0.519322385627261
231,5,C,NHB,0.617017436000,0.000862902000,0.001398505049702,-0.001398505049702,-0.001234236387979,NHB,-0.002,-0.001,0.234236387978794,0.765763612021206
232,5,C,NHB,0.517349488000,-0.000262022000,-0.000506470009302,0.000506470009302,-0.000504858225774,NHB,-0.001,0.000,0.504858225774395,0.495141774225605
233,5,C,NHB,0.517349488000,0.000529044000,0.001022604665263,-0.001022604665263,-0.000919316287229,NHB,-0.001,0.000,0.919316287228797,0.080683712771203
234,5,C,NHB,0.517349488000,-0.000197133000,-0.000381044157910,0.000381044157910,-0.000346876765003,NHB,-0.001,0.000,0.346876765002657,0.653123234997343
235,5,C,NHB,0.517349488000,0.000103473000,0.000200005996720,-0.000200005996720,-0.001231893034414,NHB,-0.002,-0.001,0.231893034414162,0.768106965585838
236,5,C,NHB,0.517349488000,0.000553756000,0.001070371214903,-0.001070371214903,-0.001051383229411,NHB,-0.002,-0.001,0.051383229410529,0.948616770589471
237,5,C,NHB,0.517349488000,-0.000083966000,-0.000162300344250,0.000162300344250,-0.001665942746227,NHB,-0.002,-0.001,0.665942746226769,0.334057253773231
238,5,C,NHB,0.517349488000,-0.001160211000,-0.002242605872648,0.002242605872648,0.002303481963075,NHB,0.002,0.003,0.696518036925338,0.303481963074662
239,5,C,NHB,0.517349488000,-0.001198553000,-0.002316718249077,0.002316718249077,0.003114677193652,NHB,0.003,0.004,0.885322806348259,0.114677193651741
240,5,C,NHB,0.517349488000,0.000468946000,0.000906439478297,-0.000906439478297,-0.001272456693480,NHB,-0.002,-0.001,0.272456693479551,0.727543306520449
241,5,C,NHB,0.517349488000,0.000520209000,0.001005527234619,-0.001005527234619,-0.000871852370279,NHB,-0.001,0.000,0.871852370278915,0.128147629721085
242,5,C,NHB,0.517349488000,0.000625898000,0.001209816602737,-0.001209816602737,-0.001125713399301,NHB,-0.002,-0.001,0.125713399300758,0.874286600699242
243,5,C,NHB,0.517349488000,0.000487449000,0.000942204469718,-0.000942204469718,-0.000952155067729,NHB,-0.001,0.000,0.952155067728964,0.047844932271036
244,5,C,NHB,0.626409493000,0.000110862000,0.000176980076514,-0.000176980076514,-0.001085756313694,NHB,-0.002,-0.001,0.085756313693734,0.914243686306266
245,5,C,NHB,0.626409493000,0.000011806000,0.000018847096240,-0.000018847096240,-0.000823056620505,NHB,-0.001,0.000,0.823056620505345,0.176943379494655
246,5,C,NHB,0.626409493000,0.000590507000,0.000942685266745,-0.000942685266745,-0.000568295192370,NHB,-0.001,0.000,0.568295192370143,0.431704807629857
247,5,C,NHB,0.626409493000,0.000390777000,0.000623836331293,-0.000623836331293,-0.001005267310695,NHB,-0.002,-0.001,0.005267310695340,0.994732689304660
248,5,C,NHB,0.626409493000,0.000035914000,0.000057333103028,-0.000057333103028,-0.001308848500711,NHB,-0.002,-0.001,0.308848500711316,0.691151499288684
249,5,C,NHB,0.626409493000,0.000367333000,0.000586410333983,-0.000586410333983,-0.000932168692263,NHB,-0.001,0.000,0.932168692262995,0.067831307737005
250,5,C,NHB,0.626409493000,0.000736685000,0.001176043799196,-0.001176043799196,-0.001354411742505,NHB,-0.002,-0.001,0.354411742504741,0.645588257495259
251,5,C,NHB,0.626409493000,0.000595563000,0.000950756664219,-0.000950756664219,-0.001522636954535,NHB,-0.002,-0.001,0.522636954535267,0.477363045464733
252,5,C,NHB,0.626409493000,-0.000459926000,-0.000734225782239,0.000734225782239,0.001485662861878,NHB,0.001,0.002,0.514337138121590,0.485662861878410
253,5,C,NHB,0.626409493000,-0.000305968000,-0.000488447259212,0.000488447259212,-0.000043776913459,NHB,-0.001,0.000,0.043776913459335,0.956223086540665
254,5,C,NHB,0.626409493000,-0.000348092000,-0.000555694005103,0.000555694005103,0.001369156583444,NHB,0.001,0.002,0.630843416556488,0.369156583443512
255,5,C,NHB,0.626409493000,0.000540638000,0.000863074404270,-0.000863074404270,-0.000991262961518,NHB,-0.001,0.000,0.991262961517937,0.008737038482063
256,5,C,NHB,0.626409493000,0.000564444000,0.000901078298314,-0.000901078298314,-0.001157298579904,NHB,-0.002,-0.001,0.157298579903570,0.842701420096430
257,5,C,NHB,0.604526425000,-0.000311823000,-0.000515813680105,0.000515813680105,0.000291601219361,NHB,0.000,0.001,0.708398780639444,0.291601219360556
258,5,C,NHB,0.604526425000,0.000470283000,0.000777936216767,-0.000777936216767,-0.001056116569935,NHB,-0.002,-0.001,0.056116569935179,0.943883430064821
259,5,C,NHB,0.604526425000,-0.000090088000,-0.000149022435206,0.000149022435206,0.001264920816564,NHB,0.001,0.002,0.735079183436077,0.264920816563923
260,5,C,NHB,0.604526425000,0.000498001000,0.000823786983340,-0.000823786983340,-0.000909428049206,NHB,-0.001,0.000,0.909428049205666,0.090571950794334
261,5,C,NHB,0.604526425000,0.000693847000,0.001147752970435,-0.001147752970435,-0.000847643428098,NHB,-0.001,0.000,0.847643428098089,0.152356571901911
262,5,C,NHB,0.604526425000,0.000071297000,0.000117938599624,-0.000117938599624,-0.001598568956338,NHB,-0.002,-0.001,0.598568956337848,0.401431043662152
263,5,C,NHB,0.604526425000,-0.000444019000,-0.000734490638685,0.000734490638685,0.000027684710031,NHB,0.000,0.001,0.972315289969102,0.027684710030898
264,5,C,NHB,0.604526425000,-0.000396126000,-0.000655266641156,0.000655266641156,0.001448120423857,NHB,0.001,0.002,0.551879576142746,0.448120423857254
265,5,C,NHB,0.604526425000,0.000396895000,0.000656538711273,-0.000656538711273,-0.001177293997882,NHB,-0.002,-0.001,0.177293997881696,0.822706002118304
266,5,C,NHB,0.604526425000,-0.000094655000,-0.000156577109098,0.000156577109098,-0.001478394104840,NHB,-0.002,-0.001,0.478394104840342,0.521605895159658
267,5,C,NHB,0.604526425000,0.000441364000,0.000730098771117,-0.000730098771117,-0.000747410424454,NHB,-0.001,0.000,0.747410424454129,0.252589575545871
268,5,C,NHB,0.604526425000,0.000816013000,0.001349838429313,-0.001349838429313,-0.001056147591957,NHB,-0.002,-0.001,0.056147591957073,0.943852408042927
269,5,C,NHB,0.604526425000,0.000732202000,0.001211199328466,-0.001211199328466,-0.001076611654312,NHB,-0.002,-0.001,0.076611654312187,0.923388345687813
270,5,C,NHB,0.610796623000,-0.000174164000,-0.000285142375452,0.000285142375452,0.000608971976894,NHB,0.000,0.001,0.391028023105613,0.608971976894387
271,5,C,NHB,0.610796623000,0.000527918000,0.000864310607035,-0.000864310607035,-0.001233758879257,NHB,-0.002,-0.001,0.233758879257040,0.766241120742960
272,5,C,NHB,0.610796623000,0.000086699000,0.000141944137763,-0.000141944137763,-0.000716088300515,NHB,-0.001,0.000,0.716088300515014,0.283911699484986
273,5,C,NHB,0.610796623000,-0.000205597000,-0.000336604677004,0.000336604677004,-0.000360436370642,NHB,-0.001,0.000,0.360436370641895,0.639563629358105
274,5,C,NHB,0.610796623000,0.000345074000,0.000564957282025,-0.000564957282025,-0.001074073540719,NHB,-0.002,-0.001,0.074073540718854,0.925926459281146
275,5,C,NHB,0.610796623000,-0.000386799000,-0.000633269709482,0.000633269709482,-0.000224066734231,NHB,-0.001,0.000,0.224066734231442,0.775933265768558
276,5,C,NHB,0.610796623000,0.000007036000,0.000011519382615,-0.000011519382615,-0.001709034007326,NHB,-0.002,-0.001,0.709034007325612,0.290965992674388
277,5,C,NHB,0.610796623000,0.000515618000,0.000844172971140,-0.000844172971140,-0.001134871627063,NHB,-0.002,-0.001,0.134871627062586,0.865128372937414
278,5,C,NHB,0.610796623000,0.000832340000,0.001362712183823,-0.001362712183823,-0.001243271077243,NHB,-0.002,-0.001,0.243271077242718,0.756728922757282
279,5,C,NHB,0.610796623000,-0.000193797000,-0.000317285644194,0.000317285644194,-0.000157899859172,NHB,-0.001,0.000,0.157899859171652,0.842100140828348
280,5,C,NHB,0.610796623000,-0.000358486000,-0.000586915491181,0.000586915491181,0.000556289292688,NHB,0.000,0.001,0.443710707312045,0.556289292687955
281,5,C,NHB,0.610796623000,0.000564814000,0.000924716965896,-0.000924716965896,-0.001312916277480,NHB,-0.002,-0.001,0.312916277480095,0.687083722519905
282,5,C,NHB,0.610796623000,-0.001418226000,-0.002321928358140,0.002321928358140,0.002135434580573,NHB,0.002,0.003,0.864565419426890,0.135434580573110
283,5,C,NHB,0.610796623000,-0.000598591000,-0.000980016878712,0.000980016878712,0.003692202835997,NHB,0.003,0.004,0.307797164002538,0.692202835997462
284,5,C,NHB,0.610796623000,0.000012366000,0.000020245691502,-0.000020245691502,-0.001010202377126,NHB,-0.002,-0.001,0.010202377125532,0.989797622874468
285,6,C,NHB,0.241185721000,0.000175888000,0.000729263736140,-0.000729263736140,0.000233639373077,NHB,0.000,0.001,0.766360626922516,0.233639373077484
286,6,C,NHB,0.241185721000,-0.000424126000,-0.001758503771457,0.001758503771457,0.001399017295276,NHB,0.001,0.002,0.600982704724407,0.399017295275593
287,6,C,NHB,0.617017436000,-0.000118922000,-0.000192736854846,0.000192736854846,0.002799178794996,NHB,0.002,0.003,0.200821205004424,0.799178794995576
288,6,C,NHB,0.617017436000,-0.000486273000,-0.000788102526166,0.000788102526166,0.002299605475949,NHB,0.002,0.003,0.700394524051185,0.299605475948815
289,6,C,NHB,0.617017436000,0.000204511000,0.000331450925157,-0.000331450925157,0.004837918729378,NHB,0.004,0.005,0.162081270622051,0.837918729377949
290,6,C,NHB,0.617017436000,0.000339313000,0.000549924491923,-0.000549924491923,0.004055081278197,NHB,0.004,0.005,0.944918721803100,0.055081278196900
291,6,C,NHB,0.517349488000,-0.000384691000,-0.000743580517470,0.000743580517470,0.000954629682039,NHB,0.000,0.001,0.045370317960948,0.954629682039052
292,6,C,NHB,0.517349488000,-0.000342711000,-0.000662436144133,0.000662436144133,0.000643229575724,NHB,0.000,0.001,0.356770424275852,0.643229575724148
293,6,C,NHB,0.517349488000,0.000823148000,0.001591086913379,-0.001591086913379,-0.000028736282527,NHB,-0.001,0.000,0.028736282527222,0.971263717472778
294,6,C,NHB,0.517349488000,0.001037606000,0.002005619071957,-0.002005619071957,-0.000286492902582,NHB,-0.001,0.000,0.286492902582107,0.713507097417893
295,6,C,NHB,0.517349488000,-0.001150396000,-0.002223634171259,0.002223634171259,0.003012966808898,NHB,0.003,0.004,0.987033191102291,0.012966808897709
296,6,C,NHB,0.517349488000,-0.001017518000,-0.001966790387546,0.001966790387546,0.002220202293870,NHB,0.002,0.003,0.779797706130331,0.220202293869669
297,6,C,NHB,0.517349488000,-0.000323753000,-0.000625791669866,0.000625791669866,0.000748214574549,NHB,0.000,0.001,0.251785425451470,0.748214574548530
298,6,C,NHB,0.517349488000,0.000216798000,0.000419055213214,-0.000419055213214,0.000077901116469,NHB,0.000,0.001,0.922098883530757,0.077901116469243
299,6,C,NHB,0.626409493000,0.000375184000,0.000598943668946,-0.000598943668946,0.003214672009445,NHB,0.003,0.004,0.785327990554861,0.214672009445139
300,6,C,NHB,0.626409493000,0.000262386000,0.000418872962387,-0.000418872962387,0.003143174588715,NHB,0.003,0.004,0.856825411285326,0.143174588714674
301,6,C,NHB,0.626409493000,0.001015069000,0.001620455965855,-0.001620455965855,0.004000975097226,NHB,0.004,0.005,0.999024902773916,0.000975097226084
302,6,C,NHB,0.626409493000,0.000325661000,0.000519885160808,-0.000519885160808,-0.000060872633644,NHB,-0.001,0.000,0.060872633643731,0.939127366356269
303,6,C,NHB,0.626409493000,-0.000054085000,-0.000086341284103,0.000086341284103,0.002193353022077,NHB,0.002,0.003,0.806646977922824,0.193353022077176
304,6,C,NHB,0.626409493000,0.000116934000,0.000186673416203,-0.000186673416203,0.000969397932341,NHB,0.000,0.001,0.030602067659450,0.969397932340550
305,6,C,NHB,0.626409493000,-0.000307980000,-0.000491659215643,0.000491659215643,0.004431580856082,NHB,0.004,0.005,0.568419143918407,0.431580856081593
306,6,C,NHB,0.626409493000,-0.000530953000,-0.000847613272042,0.000847613272042,0.004313590457892,NHB,0.004,0.005,0.686409542107682,0.313590457892318
307,6,C,NHB,0.626409493000,0.000042481000,0.000067816660627,-0.000067816660627,0.006229177679756,NHB,0.006,0.007,0.770822320244367,0.229177679755633
308,6,C,NHB,0.626409493000,0.000297797000,0.000475403076307,-0.000475403076307,-0.000584906915499,NHB,-0.001,0.000,0.584906915498930,0.415093084501070
309,6,C,NHB,0.626409493000,0.000457551000,0.000730434332674,-0.000730434332674,-0.000798485056487,NHB,-0.001,0.000,0.798485056487337,0.201514943512663
310,6,C,NHB,0.604526425000,-0.001004462000,-0.001661568392151,0.001661568392151,0.001926446259784,NHB,0.001,0.002,0.073553740216474,0.926446259783526
311,6,C,NHB,0.604526425000,-0.000746868000,-0.001235459640991,0.001235459640991,0.001425910328668,NHB,0.001,0.002,0.574089671332439,0.425910328667561
312,6,C,NHB,0.604526425000,-0.000085302000,-0.000141105494272,0.000141105494272,0.004413864959817,NHB,0.004,0.005,0.586135040182770,0.413864959817230
313,6,C,NHB,0.604526425000,-0.000735972000,-0.001217435614994,0.001217435614994,0.003304695037936,NHB,0.003,0.004,0.695304962063813,0.304695037936187
314,6,C,NHB,0.604526425000,0.000824874000,0.001364496183934,-0.001364496183934,0.000094793119169,NHB,0.000,0.001,0.905206880830700,0.094793119169300
315,6,C,NHB,0.604526425000,0.000166252000,0.000275011964944,-0.000275011964944,-0.000841060600343,NHB,-0.001,0.000,0.841060600343450,0.158939399656550
316,6,C,NHB,0.604526425000,0.000001431000,0.000002367142181,-0.000002367142181,0.005347541100549,NHB,0.005,0.006,0.652458899451014,0.347541100548986
317,6,C,NHB,0.604526425000,0.000444732000,0.000735670074307,-0.000735670074307,0.005171390276110,NHB,0.005,0.006,0.828609723889549,0.171390276110451
318,6,C,NHB,0.604526425000,0.000043756000,0.000072380624222,-0.000072380624222,0.000394798616759,NHB,0.000,0.001,0.605201383241380,0.394798616758620
319,6,C,NHB,0.604526425000,0.000029833000,0.000049349372941,-0.000049349372941,0.002233465378920,NHB,0.002,0.003,0.766534621080280,0.233465378919720
320,6,C,NHB,0.604526425000,0.000202954000,0.000335723951190,-0.000335723951190,0.001815659491390,NHB,0.001,0.002,0.184340508610415,0.815659491389585
321,6,C,NHB,0.610796623000,0.000000096000,0.000000157171792,-0.000000157171792,0.005855549504937,NHB,0.005,0.006,0.144450495063371,0.855549504936629
322,6,C,NHB,0.610796623000,0.000143003000,0.000234125393977,-0.000234125393977,0.001396118239724,NHB,0.001,0.002,0.603881760275595,0.396118239724405
323,6,C,NHB,0.610796623000,0.000273107000,0.000447132465564,-0.000447132465564,0.000344127925783,NHB,0.000,0.001,0.655872074217090,0.344127925782910
324,6,C,NHB,0.610796623000,0.000879126000,0.001439310511709,-0.001439310511709,-0.000278572544758,NHB,-0.001,0.000,0.278572544758322,0.721427455241678
325,6,C,NHB,0.610796623000,-0.000716992000,-0.001173863726486,0.001173863726486,0.001568732601221,NHB,0.001,0.002,0.431267398778534,0.568732601221466
326,6,C,NHB,0.610796623000,0.000218850000,0.000358302570379,-0.000358302570379,0.000119156540145,NHB,0.000,0.001,0.880843459854731,0.119156540145269
327,6,C,NHB,0.610796623000,-0.001544560000,-0.002528763162464,0.002528763162464,0.002713612734028,NHB,0.002,0.003,0.286387265972152,0.713612734027848
328,6,C,NHB,0.610796623000,0.000137131000,0.000224511719345,-0.000224511719345,0.005249066001350,NHB,0.005,0.006,0.750933998649517,0.249066001350483
329,6,C,NHB,0.610796623000,0.001199680000,0.001964123498437,-0.001964123498437,-0.000356396968290,NHB,-0.001,0.000,0.356396968290280,0.643603031709720
330,6,C,NHB,0.610796623000,0.000031681000,0.000051868328683,-0.000051868328683,0.006151124724175,NHB,0.006,0.007,0.848875275824640,0.151124724175360
331,7,O,OT,0.161385165000,-0.000181465000,-0.001124421814112,0.001124421814112,0.002514157793572,OT,0.002,0.003,0.485842206428477,0.514157793571523
332,7,O,OT,0.161385165000,-0.001852101000,-0.011476277884649,0.011476277884649,0.011314478391480,OT,0.011,0.012,0.685521608519521,0.314478391480479
333,7,O,OT,0.161385165000,-0.000995612000,-0.006169166788038,0.006169166788038,0.003420517763325,OT,0.003,0.004,0.579482236675193,0.420517763324807
334,7,O,OT,0.161385165000,-0.001909001000,-0.011828850563805,0.011828850563805,0.005841055325370,OT,0.005,0.006,0.158944674630099,0.841055325369901
335,7,O,OT,0.412866318000,-0.004653580000,-0.011271396568610,0.011271396568610,0.006655747465726,OT,0.006,0.007,0.344252534274390,0.655747465725610
336,7,O,OT,0.412866318000,-0.004699220000,-0.011381940824730,0.011381940824730,0.006636162065453,OT,0.006,0.007,0.363837934547375,0.636162065452625
337,7,O,OT,0.412866318000,-0.004711079000,-0.011410664407844,0.011410664407844,0.009606993279213,OT,0.009,0.010,0.393006720787344,0.606993279212656
338,7,O,OT,0.412866318000,-0.004579822000,-0.011092747943658,0.011092747943658,0.008632989722983,OT,0.008,0.009,0.367010277017460,0.632989722982540
339,7,O,OT,0.346175271000,-0.004231536000,-0.012223680760836,0.012223680760836,0.004334305730075,OT,0.004,0.005,0.665694269924964,0.334305730075036
340,7,O,OT,0.346175271000,-0.004198986000,-0.012129653247242,0.012129653247242,0.004507578130126,OT,0.004,0.005,0.492421869874403,0.507578130125597
341,7,O,OT,0.346175271000,-0.000038257000,-0.000110513382107,0.000110513382107,0.002301064323036,OT,0.002,0.003,0.698935676964254,0.301064323035746
342,7,O,OT,0.346175271000,-0.003911934000,-0.011300443237033,0.011300443237033,0.007401347475124,OT,0.007,0.008,0.598652524875943,0.401347475124057
343,7,O,OT,0.346175271000,-0.003893922000,-0.011248411790801,0.011248411790801,0.006733122380518,OT,0.006,0.007,0.266877619481970,0.733122380518030
344,7,O,OT,0.346175271000,-0.004285678000,-0.012380081302803,0.012380081302803,0.004584596817732,OT,0.004,0.005,0.415403182268181,0.584596817731819
345,7,O,OT,0.346175271000,-0.004146454000,-0.011977903528528,0.011977903528528,0.004167186918758,OT,0.004,0.005,0.832813081241773,0.167186918758227
346,7,O,OT,0.346175271000,-0.004013026000,-0.011592468717963,0.011592468717963,0.011049489564128,OT,0.011,0.012,0.950510435872402,0.049489564127598
347,7,O,OT,0.346175271000,-0.004031231000,-0.011645057685244,0.011645057685244,0.010816909497279,OT,0.010,0.011,0.183090502720818,0.816909497279182
348,7,O,OT,0.346175271000,-0.003933842000,-0.011363729097796,0.011363729097796,0.011434587313895,OT,0.011,0.012,0.565412686105033,0.434587313894967
349,7,O,OT,0.346175271000,-0.004019891000,-0.011612299712766,0.011612299712766,0.011231399878518,OT,0.011,0.012,0.768600121481751,0.231399878518249
350,7,O,OT,0.346175271000,-0.003143801000,-0.009081529685579,0.009081529685579,0.002463045408799,OT,0.002,0.003,0.536954591201046,0.463045408798954
351,7,O,OT,0.346175271000,-0.004295141000,-0.012407417166433,0.012407417166433,0.003258476706735,OT,0.003,0.004,0.741523293264876,0.258476706735124
352,7,O,OT,0.346175271000,-0.003943385000,-0.011391296058233,0.011391296058233,0.003106282644041,OT,0.003,0.004,0.893717355958702,0.106282644041298
353,7,O,OT,0.346175271000,-0.004272260000,-0.012341320590748,0.012341320590748,0.003848676198099,OT,0.003,0.004,0.151323801901310,0.848676198098690
354,7,O,OT,0.419150847000,-0.004821311000,-0.011502567714005,0.011502567714005,0.008206596689102,OT,0.008,0.009,0.793403310898182,0.206596689101818
355,7,O,OT,0.419150847000,-0.004681788000,-0.011169697099527,0.011169697099527,0.007715453153341,OT,0.007,0.008,0.284546846658790,0.715453153341210
356,7,O,OT,0.419150847000,-0.004907897000,-0.011709142508306,0.011709142508306,0.009501820528068,OT,0.009,0.010,0.498179471931946,0.501820528068054
357,7,O,OT,0.419150847000,-0.004671898000,-0.011146101775622,0.011146101775622,0.008654470234452,OT,0.008,0.009,0.345529765548169,0.654470234451831
358,7,O,OT,0.419150847000,-0.005043574000,-0.012032837428574,0.012032837428574,0.003393289156447,OT,0.003,0.004,0.606710843552799,0.393289156447201
359,7,O,OT,0.419150847000,-0.005182162000,-0.012363477342562,0.012363477342562,0.003751656952341,OT,0.003,0.004,0.248343047658704,0.751656952341296
360,7,O,OT,0.419150847000,-0.004691967000,-0.011193981912674,0.011193981912674,0.005916969565640,OT,0.005,0.006,0.083030434360137,0.916969565639863
361,7,O,OT,0.419150847000,-0.004925772000,-0.011751788252977,0.011751788252977,0.005457036523260,OT,0.005,0.006,0.542963476740431,0.457036523259569
362,7,O,OT,0.419150847000,-0.005106929000,-0.012183988262345,0.012183988262345,0.003131358176679,OT,0.003,0.004,0.868641823320846,0.131358176679154
363,7,O,OT,0.419150847000,-0.002401968000,-0.005730557428648,0.005730557428648,0.002691603052171,OT,0.002,0.003,0.308396947828509,0.691603052171491
364,7,O,OT,0.419150847000,-0.004643182000,-0.011077591834140,0.011077591834140,0.007947168128442,OT,0.007,0.008,0.052831871558242,0.947168128441758
365,7,O,OT,0.419150847000,-0.004637808000,-0.011064770674315,0.011064770674315,0.007828378022329,OT,0.007,0.008,0.171621977670979,0.828378022329021
366,7,O,OT,0.419150847000,-0.004834342000,-0.011533656760092,0.011533656760092,0.010783858873742,OT,0.010,0.011,0.216141126258321,0.783858873741679
367,7,O,OT,0.419150847000,-0.004800166000,-0.011452120482056,0.011452120482056,0.010146519843553,OT,0.010,0.011,0.853480156446694,0.146519843553306
368,7,O,OT,0.404508178000,-0.004647286000,-0.011488731879235,0.011488731879235,0.005397785526650,OT,0.005,0.006,0.602214473350028,0.397785526649972
369,7,O,OT,0.404508178000,-0.004728125000,-0.011688577035394,0.011688577035394,0.005516783332812,OT,0.005,0.006,0.483216667187892,0.516783332812108
370,7,O,OT,0.404508178000,-0.004496799000,-0.011116707262220,0.011116707262220,0.008847127826239,OT,0.008,0.009,0.152872173760815,0.847127826239185
371,7,O,OT,0.404508178000,-0.004427040000,-0.010944253394056,0.010944253394056,0.007626445296275,OT,0.007,0.008,0.373554703724966,0.626445296275034
372,7,O,OT,0.404508178000,-0.002167694000,-0.005358838505361,0.005358838505361,0.002949617055289,OT,0.002,0.003,0.050382944711083,0.949617055288917
373,7,O,OT,0.404508178000,-0.000286897000,-0.000709248948732,0.000709248948732,0.002201547279171,OT,0.002,0.003,0.798452720829249,0.201547279170751
374,7,O,OT,0.404508178000,-0.004681003000,-0.011572084953002,0.011572084953002,0.009725110074852,OT,0.009,0.010,0.274889925148057,0.725110074851943
375,7,O,OT,0.404508178000,-0.004598359000,-0.011367777587923,0.011367777587923,0.009251963958004,OT,0.009,0.010,0.748036041995623,0.251963958004377
376,7,O,OT,0.404508178000,-0.004689999000,-0.011594324305602,0.011594324305602,0.011205313918074,OT,0.011,0.012,0.794686081925783,0.205313918074217
377,7,O,OT,0.404508178000,-0.004689922000,-0.011594133950983,0.011594133950983,0.010611896843953,OT,0.010,0.011,0.388103156047122,0.611896843952878
378,7,O,OT,0.404508178000,-0.004567198000,-0.011290743298644,0.011290743298644,0.004096333476542,OT,0.004,0.005,0.903666523458235,0.096333476541765
379,7,O,OT,0.404508178000,-0.004825683000,-0.011929753865199,0.011929753865199,0.004779714894743,OT,0.004,0.005,0.220285105257236,0.779714894742764
380,7,O,OT,0.404508178000,-0.004564343000,-0.011283685344923,0.011283685344923,0.006086434172633,OT,0.006,0.007,0.913565827366567,0.086434172633433
381,7,O,OT,0.404508178000,-0.004680652000,-0.011571217232597,0.011571217232597,0.006086031184508,OT,0.006,0.007,0.913968815492079,0.086031184507921
382,7,O,OT,0.408703771000,-0.004788182000,-0.011715531736554,0.011715531736554,0.010925103548193,OT,0.010,0.011,0.074896451807225,0.925103548192775
383,7,O,OT,0.408703771000,-0.004689743000,-0.011474675138243,0.011474675138243,0.010092413620214,OT,0.010,0.011,0.907586379786050,0.092413620213950
384,7,O,OT,0.408703771000,-0.004587867000,-0.011225409026138,0.011225409026138,0.005348385376439,OT,0.005,0.006,0.651614623560722,0.348385376439278
385,7,O,OT,0.408703771000,-0.004692216000,-0.011480725975489,0.011480725975489,0.005823976433031,OT,0.005,0.006,0.176023566968916,0.823976433031084
386,7,O,OT,0.408703771000,-0.004261817000,-0.010427642959037,0.010427642959037,0.002839118007573,OT,0.002,0.003,0.160881992426683,0.839118007573317
387,7,O,OT,0.408703771000,-0.001560972000,-0.003819323702790,0.003819323702790,0.002963903646008,OT,0.002,0.003,0.036096353992028,0.963903646007972
388,7,O,OT,0.408703771000,-0.004773425000,-0.011679424900633,0.011679424900633,0.005343165042368,OT,0.005,0.006,0.656834957632417,0.343165042367583
389,7,O,OT,0.408703771000,-0.004934597000,-0.012073774088079,0.012073774088079,0.004684772796797,OT,0.004,0.005,0.315227203203275,0.684772796796725
390,7,O,OT,0.408703771000,-0.000058459000,-0.000143035137300,0.000143035137300,0.001837289093096,OT,0.001,0.002,0.162710906903716,0.837289093096284
391,7,O,OT,0.408703771000,-0.000074773000,-0.000182951578394,0.000182951578394,0.002109130146205,OT,0.002,0.003,0.890869853794930,0.109130146205070
392,7,O,OT,0.408703771000,-0.004804897000,-0.011756429328370,0.011756429328370,0.003169432622028,OT,0.003,0.004,0.830567377972046,0.169432622027954
393,7,O,OT,0.408703771000,-0.005022104000,-0.012287882707106,0.012287882707106,0.003402311388623,OT,0.003,0.004,0.597688611376667,0.402311388623333
394,7,O,OT,0.408703771000,-0.004561862000,-0.011161781034802,0.011161781034802,0.006291422053914,OT,0.006,0.007,0.708577946086208,0.291422053913792
395,7,O,OT,0.408703771000,-0.004557705000,-0.011151609853876,0.011151609853876,0.009253799612833,OT,0.009,0.010,0.746200387166640,0.253799612833360
396,7,O,OT,0.408703771000,-0.000116618000,-0.000285336246628,0.000285336246628,0.002484619498853,OT,0.002,0.003,0.515380501146927,0.484619498853073
397,7,O,OT,0.408703771000,-0.004689144000,-0.011473209529060,0.011473209529060,0.009834866697956,OT,0.009,0.010,0.165133302043607,0.834866697956393
398,7,O,OT,0.408703771000,-0.004755890000,-0.011636520965695,0.011636520965695,0.011265132539752,OT,0.011,0.012,0.734867460247913,0.265132539752087
399,8,H,NHB,0.070423299000,0.000071917000,0.001021210324157,-0.001021210324157,-0.001817879043976,NHB,-0.002,-0.001,0.817879043975883,0.182120956024117
400,8,H,NHB,0.070423299000,0.000000601000,0.000008534107441,-0.000008534107441,-0.001610140608166,NHB,-0.002,-0.001,0.610140608166037,0.389859391833963
401,8,H,NHB,0.070423299000,0.000248643000,0.003530692306817,-0.003530692306817,-0.001806578683910,NHB,-0.002,-0.001,0.806578683909589,0.193421316090411
402,8,H,NHB,0.180161591000,0.000466003000,0.002586583507691,-0.002586583507691,-0.001862798323586,NHB,-0.002,-0.001,0.862798323586424,0.137201676413576
403,8,H,NHB,0.180161591000,0.000669299000,0.003714992725614,-0.003714992725614,-0.002069250138182,NHB,-0.003,-0.002,0.069250138181936,0.930749861818064
404,8,H,NHB,0.151059761000,0.000549654000,0.003638652652178,-0.003638652652178,-0.001911069554199,NHB,-0.002,-0.001,0.911069554199332,0.088930445800668
405,8,H,NHB,0.151059761000,0.000480140000,0.003178477159116,-0.003178477159116,-0.001556871963705,NHB,-0.002,-0.001,0.556871963705476,0.443128036294524
406,8,H,NHB,0.151059761000,0.000542219000,0.003589433720870,-0.003589433720870,-0.001983861776310,NHB,-0.002,-0.001,0.983861776310151,0.016138223689849
407,8,H,NHB,0.151059761000,0.000531247000,0.003516800215247,-0.003516800215247,-0.001649586940743,NHB,-0.002,-0.001,0.649586940743308,0.350413059256692
408,8,H,NHB,0.151059761000,0.000202824000,0.001342673910361,-0.001342673910361,-0.001734583175125,NHB,-0.002,-0.001,0.734583175124632,0.265416824875368
409,8,H,NHB,0.151059761000,0.000022228000,0.000147147061884,-0.000147147061884,-0.001566026617611,NHB,-0.002,-0.001,0.566026617611374,0.433973382388626
410,8,H,NHB,0.151059761000,0.000307360000,0.002034691422556,-0.002034691422556,-0.001862840352294,NHB,-0.002,-0.001,0.862840352293882,0.137159647706118
411,8,H,NHB,0.151059761000,0.000424398000,0.002809470882189,-0.002809470882189,-0.001936782897198,NHB,-0.002,-0.001,0.936782897198407,0.063217102801593
412,8,H,NHB,0.151059761000,0.000000117000,0.000000774527904,-0.000000774527904,-0.001695253512592,NHB,-0.002,-0.001,0.695253512591590,0.304746487408410
413,8,H,NHB,0.151059761000,0.000022613000,0.000149695722079,-0.000149695722079,-0.001774650984025,NHB,-0.002,-0.001,0.774650984025038,0.225349015974962
414,8,H,NHB,0.182903957000,0.000032413000,0.000177213224534,-0.000177213224534,-0.001705860053300,NHB,-0.002,-0.001,0.705860053299614,0.294139946700386
415,8,H,NHB,0.182903957000,0.000550911000,0.003012023408548,-0.003012023408548,-0.001943865169777,NHB,-0.002,-0.001,0.943865169776868,0.056134830223132
416,8,H,NHB,0.182903957000,0.000013587000,0.000074284888216,-0.000074284888216,-0.001784606048052,NHB,-0.002,-0.001,0.784606048052139,0.215393951947861
417,8,H,NHB,0.182903957000,0.000650525000,0.003556648039058,-0.003556648039058,-0.002052528642971,NHB,-0.003,-0.002,0.052528642971249,0.947471357028751
418,8,H,NHB,0.182903957000,0.000658259000,0.003598932526102,-0.003598932526102,-0.002131897468251,NHB,-0.003,-0.002,0.131897468250688,0.868102531749312
419,8,H,NHB,0.182903957000,0.000314078000,0.001717174440354,-0.001717174440354,-0.001693950878855,NHB,-0.002,-0.001,0.693950878855014,0.306049121144986
420,8,H,NHB,0.182903957000,0.000034519000,0.000188727464218,-0.000188727464218,-0.001253530831836,NHB,-0.002,-0.001,0.253530831836096,0.746469168163904
421,8,H,NHB,0.182903957000,0.000655708000,0.003584985315545,-0.003584985315545,-0.001941937608668,NHB,-0.002,-0.001,0.941937608667922,0.058062391332078
422,8,H,NHB,0.182903957000,0.000557638000,0.003048802273862,-0.003048802273862,-0.001640641608030,NHB,-0.002,-0.001,0.640641608029780,0.359358391970220
423,8,H,NHB,0.176514367000,0.000640710000,0.003629789523025,-0.003629789523025,-0.001941598616808,NHB,-0.002,-0.001,0.941598616808293,0.058401383191707
424,8,H,NHB,0.176514367000,0.000167451000,0.000948653658317,-0.000948653658317,-0.001181910476520,NHB,-0.002,-0.001,0.181910476519745,0.818089523480255
425,8,H,NHB,0.176514367000,0.000649285000,0.003678369138077,-0.003678369138077,-0.002087299239507,NHB,-0.003,-0.002,0.087299239506994,0.912700760493006
426,8,H,NHB,0.176514367000,0.000503172000,0.002850600823898,-0.002850600823898,-0.001448227625259,NHB,-0.002,-0.001,0.448227625259330,0.551772374740670
427,8,H,NHB,0.176514367000,0.000024230000,0.000137269279616,-0.000137269279616,-0.001647423812866,NHB,-0.002,-0.001,0.647423812865542,0.352576187134458
428,8,H,NHB,0.176514367000,0.000592972000,0.003359341282401,-0.003359341282401,-0.001912346168933,NHB,-0.002,-0.001,0.912346168933155,0.087653831066845
429,8,H,NHB,0.176514367000,0.000069176000,0.000391900110884,-0.000391900110884,-0.001486513627110,NHB,-0.002,-0.001,0.486513627110330,0.513486372889670
430,8,H,NHB,0.176514367000,0.000466371000,0.002642113545352,-0.002642113545352,-0.001896067948352,NHB,-0.002,-0.001,0.896067948351894,0.103932051648106
431,8,H,NHB,0.176514367000,0.000630418000,0.003571482654440,-0.003571482654440,-0.002045069441857,NHB,-0.003,-0.002,0.045069441857424,0.954930558142576
432,8,H,NHB,0.178345189000,0.000151366000,0.000848724884864,-0.000848724884864,-0.001799825754763,NHB,-0.002,-0.001,0.799825754763434,0.200174245236566
433,8,H,NHB,0.178345189000,0.000006818000,0.000038229234207,-0.000038229234207,-0.001694881365465,NHB,-0.002,-0.001,0.694881365464636,0.305118634535364
434,8,H,NHB,0.178345189000,0.000288474000,0.001617503682704,-0.001617503682704,-0.001879476555570,NHB,-0.002,-0.001,0.879476555570127,0.120523444429873
435,8,H,NHB,0.178345189000,0.000649716000,0.003643025100049,-0.003643025100049,-0.002096635018700,NHB,-0.003,-0.002,0.096635018700177,0.903364981299823
436,8,H,NHB,0.178345189000,0.000345731000,0.001938549629169,-0.001938549629169,-0.001239847747136,NHB,-0.002,-0.001,0.239847747135972,0.760152252864028
437,8,H,NHB,0.178345189000,0.000628566000,0.003524434853132,-0.003524434853132,-0.002041287985557,NHB,-0.003,-0.002,0.041287985556774,0.958712014443226
438,8,H,NHB,0.178345189000,0.000501191000,0.002810229997289,-0.002810229997289,-0.001641924059566,NHB,-0.002,-0.001,0.641924059565870,0.358075940434130
439,8,H,NHB,0.178345189000,0.000643634000,0.003608922694293,-0.003608922694293,-0.001847276669294,NHB,-0.002,-0.001,0.847276669293892,0.152723330706108
440,8,H,NHB,0.178345189000,0.000480152000,0.002692262138902,-0.002692262138902,-0.001731564119604,NHB,-0.002,-0.001,0.731564119604142,0.268435880395858
441,9,H,NHB,0.070423299000,0.000210335000,0.002986724606582,-0.002986724606582,0.000806041123561,NHB,0.000,0.001,0.193958876438792,0.806041123561208
442,9,H,NHB,0.180161591000,0.000273492000,0.001518037215824,-0.001518037215824,-0.001319678566299,NHB,-0.002,-0.001,0.319678566299088,0.680321433700912
443,9,H,NHB,0.180161591000,0.000090993000,0.000505063257351,-0.000505063257351,0.001855382018174,NHB,0.001,0.002,0.144617981826420,0.855382018173580
444,9,H,NHB,0.180161591000,0.000495397000,0.002749737040233,-0.002749737040233,-0.001254026448462,NHB,-0.002,-0.001,0.254026448461805,0.745973551538195
445,9,H,NHB,0.180161591000,0.000048008000,0.000266471891892,-0.000266471891892,0.002957705086114,NHB,0.002,0.003,0.042294913886276,0.957705086113724
446,9,H,NHB,0.151059761000,0.000027615000,0.000182808444931,-0.000182808444931,-0.000325821124739,NHB,-0.001,0.000,0.325821124739468,0.674178875260532
447,9,H,NHB,0.151059761000,0.000011840000,0.000078379575882,-0.000078379575882,0.001013559477350,NHB,0.001,0.002,0.986440522649614,0.013559477350386
448,9,H,NHB,0.151059761000,0.000501202000,0.003317905421550,-0.003317905421550,-0.000178138214631,NHB,-0.001,0.000,0.178138214630848,0.821861785369152
449,9,H,NHB,0.151059761000,0.000364536000,0.002413190631223,-0.002413190631223,0.001526373254589,NHB,0.001,0.002,0.473626745411439,0.526373254588561
450,9,H,NHB,0.151059761000,0.000478471000,0.003167428551671,-0.003167428551671,-0.000032681071175,NHB,-0.001,0.000,0.032681071174837,0.967318928825163
451,9,H,NHB,0.151059761000,0.000403482000,0.002671009124660,-0.002671009124660,0.001846632127474,NHB,0.001,0.002,0.153367872526100,0.846632127473900
452,9,H,NHB,0.151059761000,0.000000079000,0.000000522971832,-0.000000522971832,-0.001499006723331,NHB,-0.002,-0.001,0.499006723330841,0.500993276669159
453,9,H,NHB,0.151059761000,0.000006043000,0.000040004035224,-0.000040004035224,-0.001507502903122,NHB,-0.002,-0.001,0.507502903122239,0.492497096877761
454,9,H,NHB,0.182903957000,0.000518425000,0.002834411067443,-0.002834411067443,-0.001466724887382,NHB,-0.002,-0.001,0.466724887382022,0.533275112617978
455,9,H,NHB,0.182903957000,0.000576361000,0.003151167473102,-0.003151167473102,-0.001455111763744,NHB,-0.002,-0.001,0.455111763744205,0.544888236255795
456,9,H,NHB,0.182903957000,0.000057150000,0.000312459068340,-0.000312459068340,-0.001366336006402,NHB,-0.002,-0.001,0.366336006402099,0.633663993597901
457,9,H,NHB,0.182903957000,0.000405408000,0.002216507541168,-0.002216507541168,-0.000589899734518,NHB,-0.001,0.000,0.589899734518132,0.410100265481868
458,9,H,NHB,0.182903957000,0.000326059000,0.001782678764025,-0.001782678764025,0.000856994997329,NHB,0.000,0.001,0.143005002671155,0.856994997328845
459,9,H,NHB,0.182903957000,0.000591060000,0.003231532054826,-0.003231532054826,-0.000217111015353,NHB,-0.001,0.000,0.217111015353423,0.782888984646577
460,9,H,NHB,0.182903957000,0.000416138000,0.002275172209642,-0.002275172209642,0.001796887374463,NHB,0.001,0.002,0.203112625536637,0.796887374463363
461,9,H,NHB,0.176514367000,0.000012614000,0.000071461605162,-0.000071461605162,-0.001069523399171,NHB,-0.002,-0.001,0.069523399170538,0.930476600829462
462,9,H,NHB,0.176514367000,0.000000572000,0.000003240529424,-0.000003240529424,0.000971631126479,NHB,0.000,0.001,0.028368873520842,0.971631126479158
463,9,H,NHB,0.176514367000,0.000288807000,0.001636167100211,-0.001636167100211,-0.000866178700404,NHB,-0.001,0.000,0.866178700403743,0.133821299596257
464,9,H,NHB,0.176514367000,0.000096929000,0.000549128105816,-0.000549128105816,0.002073827135658,NHB,0.002,0.003,0.926172864341690,0.073827135658310
465,9,H,NHB,0.176514367000,0.000580050000,0.003286134776780,-0.003286134776780,-0.000974144439363,NHB,-0.001,0.000,0.974144439363139,0.025855560636861
466,9,H,NHB,0.176514367000,0.000288527000,0.001634580827067,-0.001634580827067,0.001949308730915,NHB,0.001,0.002,0.050691269085200,0.949308730914800
467,9,H,NHB,0.176514367000,0.000550231000,0.003117202352146,-0.003117202352146,-0.000842891584658,NHB,-0.001,0.000,0.842891584658307,0.157108415341693
468,9,H,NHB,0.176514367000,0.000350819000,0.001987481279640,-0.001987481279640,0.002757305839004,NHB,0.002,0.003,0.242694160995760,0.757305839004240
469,9,H,NHB,0.176514367000,0.000088270000,0.000500072608821,-0.000500072608821,-0.001504175297676,NHB,-0.002,-0.001,0.504175297675843,0.495824702324157
470,9,H,NHB,0.176514367000,0.000260223000,0.001474231273197,-0.001474231273197,-0.001501027100588,NHB,-0.002,-0.001,0.501027100588116,0.498972899411884
471,9,H,NHB,0.178345189000,0.000555057000,0.003112262254520,-0.003112262254520,-0.001115512850091,NHB,-0.002,-0.001,0.115512850091365,0.884487149908635
472,9,H,NHB,0.178345189000,0.000311544000,0.001746859569057,-0.001746859569057,0.002794534085373,NHB,0.002,0.003,0.205465914626666,0.794534085373334
473,9,H,NHB,0.178345189000,0.000317698000,0.001781365686293,-0.001781365686293,-0.001548523090033,NHB,-0.002,-0.001,0.548523090033391,0.451476909966609
474,9,H,NHB,0.178345189000,0.000039231000,0.000219972292048,-0.000219972292048,-0.000126016580537,NHB,-0.001,0.000,0.126016580537026,0.873983419462974
475,9,H,NHB,0.178345189000,0.000363632000,0.002038922395602,-0.002038922395602,0.000570060008423,NHB,0.000,0.001,0.429939991576702,0.570060008423298
476,9,H,NHB,0.178345189000,0.000579278000,0.003248071917432,-0.003248071917432,0.000363692028644,NHB,0.000,0.001,0.636307971356289,0.363692028643711
477,9,H,NHB,0.178345189000,0.000565721000,0.003172056410224,-0.003172056410224,0.000896633145277,NHB,0.000,0.001,0.103366854722673,0.896633145277327
478,10,H,NHB,0.070423299000,0.000073985000,0.001050575605667,-0.001050575605667,-0.001782113938617,NHB,-0.002,-0.001,0.782113938617222,0.217886061382778
479,10,H,NHB,0.070423299000,0.000087937000,0.001248691856938,-0.001248691856938,-0.001468795615232,NHB,-0.002,-0.001,0.468795615231786,0.531204384768214
480,10,H,NHB,0.070423299000,0.000231264000,0.003283913183334,-0.003283913183334,-0.001594945564606,NHB,-0.002,-0.001,0.594945564606024,0.405054435393976
481,10,H,NHB,0.180161591000,0.000130881000,0.000726464499306,-0.000726464499306,-0.001711331914922,NHB,-0.002,-0.001,0.711331914922000,0.288668085078000
482,10,H,NHB,0.180161591000,0.000615820000,0.003418153650741,-0.003418153650741,-0.002003593896793,NHB,-0.003,-0.002,0.003593896792890,0.996406103207110
483,10,H,NHB,0.180161591000,0.000161729000,0.000897688564484,-0.000897688564484,-0.001145266551006,NHB,-0.002,-0.001,0.145266551005804,0.854733448994196
484,10,H,NHB,0.151059761000,0.000477340000,0.003159941448603,-0.003159941448603,-0.001669989269215,NHB,-0.002,-0.001,0.669989269215459,0.330010730784541
485,10,H,NHB,0.151059761000,0.000294031000,0.001946454820619,-0.001946454820619,-0.001310967298406,NHB,-0.002,-0.001,0.310967298406467,0.689032701593533
486,10,H,NHB,0.151059761000,0.000516473000,0.003418997862707,-0.003418997862707,-0.001804422344655,NHB,-0.002,-0.001,0.804422344654653,0.195577655345347
487,10,H,NHB,0.151059761000,0.000475990000,0.003151004588178,-0.003151004588178,-0.001476928030585,NHB,-0.002,-0.001,0.476928030584878,0.523071969415122
488,10,H,NHB,0.151059761000,0.000099488000,0.000658600274099,-0.000658600274099,-0.001538503654682,NHB,-0.002,-0.001,0.538503654681670,0.461496345318330
489,10,H,NHB,0.151059761000,0.000000790000,0.000005229718323,-0.000005229718323,-0.001344535693932,NHB,-0.002,-0.001,0.344535693932436,0.655464306067564
490,10,H,NHB,0.151059761000,0.000443882000,0.002938452947771,-0.002938452947771,-0.001636699105641,NHB,-0.002,-0.001,0.636699105641186,0.363300894358814
491,10,H,NHB,0.151059761000,0.000243718000,0.001613387962397,-0.001613387962397,-0.001389953545853,NHB,-0.002,-0.001,0.389953545853174,0.610046454146826
492,10,H,NHB,0.151059761000,0.000000002000,0.000000013239793,-0.000000013239793,-0.001688623674035,NHB,-0.002,-0.001,0.688623674034728,0.311376325965272
493,10,H,NHB,0.151059761000,0.000080710000,0.000534291855526,-0.000534291855526,-0.001750164597781,NHB,-0.002,-0.001,0.750164597780499,0.249835402219501
494,10,H,NHB,0.151059761000,0.000205142000,0.001358018830706,-0.001358018830706,-0.001812009878677,NHB,-0.002,-0.001,0.812009878676774,0.187990121323226
495,10,H,NHB,0.151059761000,0.000428214000,0.002834732407660,-0.002834732407660,-0.001887462908258,NHB,-0.002,-0.001,0.887462908258363,0.112537091741637
496,10,H,NHB,0.182903957000,0.000235028000,0.001284980400943,-0.001284980400943,-0.001757241093906,NHB,-0.002,-0.001,0.757241093906432,0.242758906093568
497,10,H,NHB,0.182903957000,0.000637598000,0.003485971602025,-0.003485971602025,-0.001921269203720,NHB,-0.002,-0.001,0.921269203719777,0.078730796280223
498,10,H,NHB,0.182903957000,0.000589274000,0.003221767367231,-0.003221767367231,-0.001886740342616,NHB,-0.002,-0.001,0.886740342616220,0.113259657383780
499,10,H,NHB,0.182903957000,0.000632898000,0.003460275055722,-0.003460275055722,-0.002012964154150,NHB,-0.003,-0.002,0.012964154149791,0.987035845850209
500,10,H,NHB,0.182903957000,0.000010397000,0.000056844040832,-0.000056844040832,-0.001449761714478,NHB,-0.002,-0.001,0.449761714478356,0.550238285521644
501,10,H,NHB,0.182903957000,0.000619349000,0.003386197926817,-0.003386197926817,-0.001838827532282,NHB,-0.002,-0.001,0.838827532282289,0.161172467717711
502,10,H,NHB,0.182903957000,0.000606860000,0.003317916189205,-0.003317916189205,-0.001473095869654,NHB,-0.002,-0.001,0.473095869654276,0.526904130345724
503,10,H,NHB,0.176514367000,0.000425886000,0.002412755444434,-0.002412755444434,-0.001709436476982,NHB,-0.002,-0.001,0.709436476982176,0.290563523017824
504,10,H,NHB,0.176514367000,0.000002016000,0.000011421166641,-0.000011421166641,-0.000861481918004,NHB,-0.001,0.000,0.861481918003993,0.138518081996007
505,10,H,NHB,0.176514367000,0.000603236000,0.003417489523671,-0.003417489523671,-0.001958428503393,NHB,-0.002,-0.001,0.958428503393218,0.041571496606782
506,10,H,NHB,0.176514367000,0.000448284000,0.002539645965475,-0.002539645965475,-0.001295810863876,NHB,-0.002,-0.001,0.295810863876147,0.704189136123853
507,10,H,NHB,0.176514367000,0.000008959000,0.000050755075364,-0.000050755075364,-0.001607061064599,NHB,-0.002,-0.001,0.607061064598716,0.392938935401284
508,10,H,NHB,0.176514367000,0.000603343000,0.003418095706623,-0.003418095706623,-0.001857998750200,NHB,-0.002,-0.001,0.857998750199928,0.142001249800072
509,10,H,NHB,0.176514367000,0.000283442000,0.001605772973709,-0.001605772973709,-0.001282497085950,NHB,-0.002,-0.001,0.282497085950330,0.717502914049670
510,10,H,NHB,0.176514367000,0.000005831000,0.000033034138235,-0.000033034138235,-0.001712044246729,NHB,-0.002,-0.001,0.712044246728882,0.287955753271118
511,10,H,NHB,0.176514367000,0.000232806000,0.001318906806039,-0.001318906806039,-0.001810062035504,NHB,-0.002,-0.001,0.810062035503540,0.189937964496460
512,10,H,NHB,0.176514367000,0.000598831000,0.003392534047951,-0.003392534047951,-0.001991906658940,NHB,-0.002,-0.001,0.991906658939938,0.008093341060062
513,10,H,NHB,0.178345189000,0.000487121000,0.002731338045794,-0.002731338045794,-0.001750934953086,NHB,-0.002,-0.001,0.750934953085746,0.249065046914254
514,10,H,NHB,0.178345189000,0.000463860000,0.002600911202600,-0.002600911202600,-0.001854751121820,NHB,-0.002,-0.001,0.854751121820027,0.145248878179973
515,10,H,NHB,0.178345189000,0.000613200000,0.003438276095017,-0.003438276095017,-0.001907100287983,NHB,-0.002,-0.001,0.907100287983332,0.092899712016668
516,10,H,NHB,0.178345189000,0.000157878000,0.000885238345286,-0.000885238345286,-0.001051491070959,NHB,-0.002,-0.001,0.051491070959044,0.948508929040956
517,10,H,NHB,0.178345189000,0.000592519000,0.003322315579816,-0.003322315579816,-0.001942271727886,NHB,-0.002,-0.001,0.942271727885806,0.057728272114194
518,10,H,NHB,0.178345189000,0.000147918000,0.000829391590709,-0.000829391590709,-0.001351386363844,NHB,-0.002,-0.001,0.351386363844467,0.648613636155533
519,10,H,NHB,0.178345189000,0.000615342000,0.003450286511513,-0.003450286511513,-0.001702522670933,NHB,-0.002,-0.001,0.702522670933306,0.297477329066694
520,10,H,NHB,0.178345189000,0.000589022000,0.003302707537572,-0.003302707537572,-0.001595614769848,NHB,-0.002,-0.001,0.595614769847966,0.404385230152034
521,11,H,NHB,0.070423299000,0.000115810000,0.001644484164254,-0.001644484164254,-0.001787891651936,NHB,-0.002,-0.001,0.787891651936121,0.212108348063879
522,11,H,NHB,0.070423299000,0.000221071000,0.003139174153145,-0.003139174153145,-0.001648239462412,NHB,-0.002,-0.001,0.648239462411828,0.351760537588172
523,11,H,NHB,0.180161591000,0.000567539000,0.003150166452515,-0.003150166452515,-0.001968370534476,NHB,-0.002,-0.001,0.968370534475875,0.031629465524125
524,11,H,NHB,0.180161591000,0.000507780000,0.002818469781386,-0.002818469781386,-0.001696194123139,NHB,-0.002,-0.001,0.696194123139468,0.303805876860532
525,11,H,NHB,0.151059761000,0.000441920000,0.002925464710619,-0.002925464710619,-0.001463997605165,NHB,-0.002,-0.001,0.463997605164970,0.536002394835030
526,11,H,NHB,0.151059761000,0.000391212000,0.002589782993235,-0.002589782993235,-0.001447155330826,NHB,-0.002,-0.001,0.447155330826152,0.552844669173848
527,11,H,NHB,0.151059761000,0.000486489000,0.003220506882703,-0.003220506882703,-0.001796895257888,NHB,-0.002,-0.001,0.796895257888241,0.203104742111759
528,11,H,NHB,0.151059761000,0.000470998000,0.003117958064292,-0.003117958064292,-0.001764345504306,NHB,-0.002,-0.001,0.764345504306404,0.235654495693596
529,11,H,NHB,0.151059761000,0.000079082000,0.000523514663842,-0.000523514663842,-0.001806864318045,NHB,-0.002,-0.001,0.806864318045191,0.193135681954809
530,11,H,NHB,0.151059761000,0.000029738000,0.000196862485437,-0.000196862485437,-0.001603407126934,NHB,-0.002,-0.001,0.603407126933534,0.396592873066466
531,11,H,NHB,0.151059761000,0.000422010000,0.002793662569081,-0.002793662569081,-0.001925090717184,NHB,-0.002,-0.001,0.925090717183793,0.074909282816207
532,11,H,NHB,0.151059761000,0.000375002000,0.002482474469161,-0.002482474469161,-0.001780705010104,NHB,-0.002,-0.001,0.780705010104408,0.219294989895592
533,11,H,NHB,0.151059761000,0.000105244000,0.000696704398996,-0.000696704398996,-0.001644767060384,NHB,-0.002,-0.001,0.644767060383714,0.355232939616286
534,11,H,NHB,0.182903957000,0.000020665000,0.000112982793478,-0.000112982793478,-0.001870784765253,NHB,-0.002,-0.001,0.870784765253433,0.129215234746567
535,11,H,NHB,0.182903957000,0.000499305000,0.002729875330144,-0.002729875330144,-0.001941633772271,NHB,-0.002,-0.001,0.941633772270679,0.058366227729321
536,11,H,NHB,0.182903957000,0.000144686000,0.000791049042203,-0.000791049042203,-0.001535582066510,NHB,-0.002,-0.001,0.535582066509658,0.464417933490342
537,11,H,NHB,0.182903957000,0.000365967000,0.002000869778886,-0.002000869778886,-0.001355494874177,NHB,-0.002,-0.001,0.355494874176781,0.644505125823219
538,11,H,NHB,0.182903957000,0.000047407000,0.000259190674590,-0.000259190674590,-0.001212284199236,NHB,-0.002,-0.001,0.212284199235928,0.787715800764072
539,11,H,NHB,0.182903957000,0.000558369000,0.003052798906915,-0.003052798906915,-0.001735877609887,NHB,-0.002,-0.001,0.735877609886687,0.264122390113313
540,11,H,NHB,0.182903957000,0.000377769000,0.002065395446857,-0.002065395446857,-0.001508323475534,NHB,-0.002,-0.001,0.508323475534389,0.491676524465611
541,11,H,NHB,0.182903957000,0.000566609000,0.003097849873199,-0.003097849873199,-0.002022053169851,NHB,-0.003,-0.002,0.022053169851088,0.977946830148912
542,11,H,NHB,0.182903957000,0.000582190000,0.003183036657867,-0.003183036657867,-0.001927397418397,NHB,-0.002,-0.001,0.927397418396579,0.072602581603421
543,11,H,NHB,0.176514367000,0.000301968000,0.001710727603266,-0.001710727603266,-0.001229691211942,NHB,-0.002,-0.001,0.229691211941719,0.770308788058281
544,11,H,NHB,0.176514367000,0.000109788000,0.000621977699980,-0.000621977699980,-0.001173064563563,NHB,-0.002,-0.001,0.173064563562815,0.826935436437185
545,11,H,NHB,0.176514367000,0.000555753000,0.003148485924661,-0.003148485924661,-0.001914411699511,NHB,-0.002,-0.001,0.914411699510993,0.085588300489007
546,11,H,NHB,0.176514367000,0.000552904000,0.003132345595415,-0.003132345595415,-0.001789425910037,NHB,-0.002,-0.001,0.789425910036826,0.210574089963174
547,11,H,NHB,0.176514367000,0.000562471000,0.003186545149608,-0.003186545149608,-0.002006729145405,NHB,-0.003,-0.002,0.006729145404599,0.993270854595401
548,11,H,NHB,0.176514367000,0.000516081000,0.002923733681123,-0.002923733681123,-0.001766813182671,NHB,-0.002,-0.001,0.766813182671420,0.233186817328580
549,11,H,NHB,0.176514367000,0.000476175000,0.002697655766457,-0.002697655766457,-0.001822647146686,NHB,-0.002,-0.001,0.822647146685580,0.177352853314420
550,11,H,NHB,0.176514367000,0.000088347000,0.000500508833935,-0.000500508833935,-0.001450994800646,NHB,-0.002,-0.001,0.450994800645566,0.549005199354434
551,11,H,NHB,0.178345189000,0.000321616000,0.001803334319268,-0.001803334319268,-0.001925287487737,NHB,-0.002,-0.001,0.925287487736657,0.074712512263343
552,11,H,NHB,0.178345189000,0.000086602000,0.000485586409623,-0.000485586409623,-0.001539773612626,NHB,-0.002,-0.001,0.539773612625831,0.460226387374169
553,11,H,NHB,0.178345189000,0.000106815000,0.000598922800211,-0.000598922800211,-0.001819723482026,NHB,-0.002,-0.001,0.819723482025676,0.180276517974324
554,11,H,NHB,0.178345189000,0.000561174000,0.003146560908912,-0.003146560908912,-0.001596375617089,NHB,-0.002,-0.001,0.596375617089073,0.403624382910927
555,11,H,NHB,0.178345189000,0.000466983000,0.002618422187996,-0.002618422187996,-0.001510568166657,NHB,-0.002,-0.001,0.510568166656641,0.489431833343359
556,11,H,NHB,0.178345189000,0.000323777000,0.001815451270738,-0.001815451270738,-0.001513968504745,NHB,-0.002,-0.001,0.513968504745362,0.486031495254638
557,11,H,NHB,0.178345189000,0.000196549000,0.001102070659164,-0.001102070659164,-0.001153809804757,NHB,-0.002,-0.001,0.153809804756829,0.846190195243171
558,11,H,NHB,0.178345189000,0.000549366000,0.003080352226378,-0.003080352226378,-0.001949400290222,NHB,-0.002,-0.001,0.949400290222043,0.050599709777957
559,11,H,NHB,0.178345189000,0.000565412000,0.003170323815127,-0.003170323815127,-0.001965396858117,NHB,-0.002,-0.001,0.965396858116735,0.034603141883265
560,12,H,NHB,0.070423299000,0.000099128000,0.001407602333427,-0.001407602333427,-0.001730891918139,NHB,-0.002,-0.001,0.730891918138678,0.269108081861322
561,12,H,NHB,0.070423299000,0.000066425000,0.000943224769973,-0.000943224769973,-0.001965861091732,NHB,-0.002,-0.001,0.965861091731930,0.034138908268070
562,12,H,NHB,0.070423299000,0.000246518000,0.003500517634086,-0.003500517634086,-0.001848759701975,NHB,-0.002,-0.001,0.848759701974859,0.151240298025141
563,12,H,NHB,0.180161591000,0.000222708000,0.001236156934249,-0.001236156934249,-0.001365149519560,NHB,-0.002,-0.001,0.365149519560031,0.634850480439970
564,12,H,NHB,0.180161591000,0.000654011000,0.003630135570905,-0.003630135570905,-0.002288016486469,NHB,-0.003,-0.002,0.288016486468944,0.711983513531056
565,12,H,NHB,0.180161591000,0.000121052000,0.000671907920707,-0.000671907920707,-0.001577323276331,NHB,-0.002,-0.001,0.577323276331391,0.422676723668609
566,12,H,NHB,0.151059761000,0.000501605000,0.003320573239885,-0.003320573239885,-0.001738333355527,NHB,-0.002,-0.001,0.738333355527042,0.261666644472958
567,12,H,NHB,0.151059761000,0.000322449000,0.002134579042529,-0.002134579042529,-0.001581027482581,NHB,-0.002,-0.001,0.581027482580707,0.418972517419293
568,12,H,NHB,0.151059761000,0.000557736000,0.003692154656593,-0.003692154656593,-0.002073189051039,NHB,-0.003,-0.002,0.073189051039209,0.926810948960791
569,12,H,NHB,0.151059761000,0.000519128000,0.003436573688211,-0.003436573688211,-0.001861035587987,NHB,-0.002,-0.001,0.861035587987374,0.138964412012626
570,12,H,NHB,0.151059761000,0.000447129000,0.002959947752069,-0.002959947752069,-0.002116673970130,NHB,-0.003,-0.002,0.116673970129680,0.883326029870320
571,12,H,NHB,0.151059761000,0.000195625000,0.001295017274653,-0.001295017274653,-0.001877343302740,NHB,-0.002,-0.001,0.877343302739546,0.122656697260454
572,12,H,NHB,0.151059761000,0.000065266000,0.000432054172256,-0.000432054172256,-0.001995641377954,NHB,-0.002,-0.001,0.995641377954202,0.004358622045798
573,12,H,NHB,0.151059761000,0.000277363000,0.001836114383896,-0.001836114383896,-0.001666859729885,NHB,-0.002,-0.001,0.666859729885127,0.333140270114873
574,12,H,NHB,0.151059761000,0.000477548000,0.003161318387098,-0.003161318387098,-0.001916866750036,NHB,-0.002,-0.001,0.916866750036128,0.083133249963872
575,12,H,NHB,0.151059761000,0.000109474000,0.000724706561663,-0.000724706561663,-0.001780033184632,NHB,-0.002,-0.001,0.780033184632305,0.219966815367695
576,12,H,NHB,0.182903957000,0.000663044000,0.003625093797178,-0.003625093797178,-0.002196965483930,NHB,-0.003,-0.002,0.196965483929668,0.803034516070332
577,12,H,NHB,0.182903957000,0.000237773000,0.001299988277454,-0.001299988277454,-0.002007532923010,NHB,-0.003,-0.002,0.007532923009860,0.992467076990140
578,12,H,NHB,0.182903957000,0.000651042000,0.003559474659151,-0.003559474659151,-0.001769267371081,NHB,-0.002,-0.001,0.769267371081118,0.230732628918882
579,12,H,NHB,0.182903957000,0.000666615000,0.003644617705018,-0.003644617705018,-0.002152523836684,NHB,-0.003,-0.002,0.152523836684034,0.847476163315966
580,12,H,NHB,0.182903957000,0.000665667000,0.003639434656955,-0.003639434656955,-0.002229118164328,NHB,-0.003,-0.002,0.229118164327567,0.770881835672433
581,12,H,NHB,0.182903957000,0.000596011000,0.003258600906048,-0.003258600906048,-0.001924332943069,NHB,-0.002,-0.001,0.924332943069125,0.075667056930875
582,12,H,NHB,0.176514367000,0.000505002000,0.002860968251950,-0.002860968251950,-0.001531809726651,NHB,-0.002,-0.001,0.531809726651036,0.468190273348964
583,12,H,NHB,0.176514367000,0.000000505000,0.000002860956921,-0.000002860956921,-0.001274867746283,NHB,-0.002,-0.001,0.274867746282860,0.725132253717140
584,12,H,NHB,0.176514367000,0.000654037000,0.003705290459445,-0.003705290459445,-0.002241658355482,NHB,-0.003,-0.002,0.241658355481748,0.758341644518252
585,12,H,NHB,0.176514367000,0.000449778000,0.002548109865754,-0.002548109865754,-0.001749736834338,NHB,-0.002,-0.001,0.749736834337939,0.250263165662061
586,12,H,NHB,0.176514367000,0.000646689000,0.003663662119923,-0.003663662119923,-0.002246290870302,NHB,-0.003,-0.002,0.246290870301753,0.753709129698247
587,12,H,NHB,0.176514367000,0.000220598000,0.001249745296937,-0.001249745296937,-0.001724763878012,NHB,-0.002,-0.001,0.724763878012356,0.275236121987644
588,12,H,NHB,0.176514367000,0.000003048000,0.000017267716231,-0.000017267716231,-0.001955247157745,NHB,-0.002,-0.001,0.955247157745190,0.044752842254810
589,12,H,NHB,0.176514367000,0.000335032000,0.001898043800593,-0.001898043800593,-0.001562644010798,NHB,-0.002,-0.001,0.562644010797747,0.437355989202253
590,12,H,NHB,0.176514367000,0.000635641000,0.003601072313847,-0.003601072313847,-0.002152109733717,NHB,-0.003,-0.002,0.152109733716539,0.847890266283461
591,12,H,NHB,0.176514367000,0.000008630000,0.000048891204420,-0.000048891204420,-0.001817434128744,NHB,-0.002,-0.001,0.817434128744461,0.182565871255539
592,12,H,NHB,0.178345189000,0.000474238000,0.002659101726596,-0.002659101726596,-0.002123610799492,NHB,-0.003,-0.002,0.123610799491605,0.876389200508395
593,12,H,NHB,0.178345189000,0.000507779000,0.002847169597605,-0.002847169597605,-0.002015289295813,NHB,-0.003,-0.002,0.015289295812871,0.984710704187129
594,12,H,NHB,0.178345189000,0.000645872000,0.003621471392761,-0.003621471392761,-0.002004647616985,NHB,-0.003,-0.002,0.004647616985166,0.995352383014834
595,12,H,NHB,0.178345189000,0.000158792000,0.000890363238226,-0.000890363238226,-0.001571233345784,NHB,-0.002,-0.001,0.571233345784495,0.428766654215505
596,12,H,NHB,0.178345189000,0.000634093000,0.003555425316239,-0.003555425316239,-0.001899464682325,NHB,-0.002,-0.001,0.899464682325227,0.100535317674773
597,12,H,NHB,0.178345189000,0.000193396000,0.001084391460652,-0.001084391460652,-0.001296388194809,NHB,-0.002,-0.001,0.296388194808870,0.703611805191130
598,12,H,NHB,0.178345189000,0.000655305000,0.003674363203596,-0.003674363203596,-0.002086423525517,NHB,-0.003,-0.002,0.086423525516872,0.913576474483128
599,12,H,NHB,0.178345189000,0.000618179000,0.003466193865201,-0.003466193865201,-0.002078451663917,NHB,-0.003,-0.002,0.078451663916613,0.921548336083387
600,13,H,NHB,0.070423299000,0.000122464000,0.001738969939480,-0.001738969939480,-0.001323064530869,NHB,-0.002,-0.001,0.323064530868603,0.676935469131397
601,13,H,NHB,0.070423299000,0.000239175000,0.003396248164972,-0.003396248164972,-0.001809675751207,NHB,-0.002,-0.001,0.809675751207274,0.190324248792726
602,13,H,NHB,0.070423299000,0.000024470000,0.000347470231407,-0.000347470231407,-0.001155548949488,NHB,-0.002,-0.001,0.155548949488399,0.844451050511601
603,13,H,NHB,0.180161591000,0.000323308000,0.001794544543071,-0.001794544543071,-0.001656413323841,NHB,-0.002,-0.001,0.656413323840899,0.343586676159101
604,13,H,NHB,0.180161591000,0.000654320000,0.003631850697855,-0.003631850697855,-0.001827829419785,NHB,-0.002,-0.001,0.827829419784690,0.172170580215310
605,13,H,NHB,0.151059761000,0.000007577000,0.000050158956626,-0.000050158956626,-0.001119663250306,NHB,-0.002,-0.001,0.119663250305862,0.880336749694138
606,13,H,NHB,0.151059761000,0.000081538000,0.000539773129920,-0.000539773129920,-0.001242084499482,NHB,-0.002,-0.001,0.242084499482267,0.757915500517733
607,13,H,NHB,0.151059761000,0.000354020000,0.002343575798455,-0.002343575798455,-0.001358206810420,NHB,-0.002,-0.001,0.358206810420095,0.641793189579905
608,13,H,NHB,0.151059761000,0.000329000000,0.002177945985232,-0.002177945985232,-0.001663814925642,NHB,-0.002,-0.001,0.663814925641882,0.336185074358118
609,13,H,NHB,0.151059761000,0.000523009000,0.003462265506961,-0.003462265506961,-0.001827597222740,NHB,-0.002,-0.001,0.827597222739656,0.172402777260344
610,13,H,NHB,0.151059761000,0.000509070000,0.003369990768091,-0.003369990768091,-0.001757762368392,NHB,-0.002,-0.001,0.757762368391542,0.242237631608458
611,13,H,NHB,0.151059761000,0.000518788000,0.003434322923363,-0.003434322923363,-0.001904747471818,NHB,-0.002,-0.001,0.904747471817801,0.095252528182199
612,13,H,NHB,0.151059761000,0.000013016000,0.000086164574297,-0.000086164574297,-0.001111698866353,NHB,-0.002,-0.001,0.111698866353209,0.888301133646791
613,13,H,NHB,0.151059761000,0.000341936000,0.002263580967800,-0.002263580967800,-0.001462021599186,NHB,-0.002,-0.001,0.462021599186111,0.537978400813889
614,13,H,NHB,0.151059761000,0.000131316000,0.000869298343455,-0.000869298343455,-0.001190568233479,NHB,-0.002,-0.001,0.190568233478688,0.809431766521312
615,13,H,NHB,0.151059761000,0.000487270000,0.003225677021957,-0.003225677021957,-0.001538974387201,NHB,-0.002,-0.001,0.538974387200994,0.461025612799006
616,13,H,NHB,0.182903957000,0.000651107000,0.003559830036919,-0.003559830036919,-0.001817950171106,NHB,-0.002,-0.001,0.817950171105520,0.182049828894480
617,13,H,NHB,0.182903957000,0.000645234000,0.003527720288741,-0.003527720288741,-0.001898970831912,NHB,-0.002,-0.001,0.898970831911963,0.101029168088037
618,13,H,NHB,0.182903957000,0.000007520000,0.000041114474084,-0.000041114474084,-0.001422029845682,NHB,-0.002,-0.001,0.422029845682417,0.577970154317583
619,13,H,NHB,0.182903957000,0.000175283000,0.000958333558634,-0.000958333558634,-0.001243156632825,NHB,-0.002,-0.001,0.243156632824818,0.756843367175182
620,13,H,NHB,0.182903957000,0.000623334000,0.003407985317671,-0.003407985317671,-0.001569493351947,NHB,-0.002,-0.001,0.569493351947027,0.430506648052973
621,13,H,NHB,0.182903957000,0.000093389000,0.000510590375035,-0.000510590375035,-0.001621016554037,NHB,-0.002,-0.001,0.621016554036616,0.378983445963384
622,13,H,NHB,0.182903957000,0.000564495000,0.003086291894713,-0.003086291894713,-0.001650623391709,NHB,-0.002,-0.001,0.650623391708679,0.349376608291321
623,13,H,NHB,0.182903957000,0.000647543000,0.003540344400531,-0.003540344400531,-0.001797681512244,NHB,-0.002,-0.001,0.797681512244108,0.202318487755892
624,13,H,NHB,0.176514367000,0.000094694000,0.000536466246966,-0.000536466246966,-0.001390152076979,NHB,-0.002,-0.001,0.390152076978819,0.609847923021181
625,13,H,NHB,0.176514367000,0.000614799000,0.003482996939280,-0.003482996939280,-0.001624007551626,NHB,-0.002,-0.001,0.624007551626119,0.375992448373881
626,13,H,NHB,0.176514367000,0.000007341000,0.000041588682693,-0.000041588682693,-0.001472071456498,NHB,-0.002,-0.001,0.472071456498431,0.527928543501569
627,13,H,NHB,0.176514367000,0.000572683000,0.003244398797295,-0.003244398797295,-0.001787765305535,NHB,-0.002,-0.001,0.787765305534808,0.212234694465192
628,13,H,NHB,0.176514367000,0.000426498000,0.002416222584307,-0.002416222584307,-0.001651352766035,NHB,-0.002,-0.001,0.651352766034524,0.348647233965476
629,13,H,NHB,0.176514367000,0.000618706000,0.003505131114908,-0.003505131114908,-0.001927063418967,NHB,-0.002,-0.001,0.927063418967105,0.072936581032895
630,13,H,NHB,0.176514367000,0.000420114000,0.002380055556611,-0.002380055556611,-0.001593703345218,NHB,-0.002,-0.001,0.593703345217663,0.406296654782337
631,13,H,NHB,0.176514367000,0.000629823000,0.003568111824008,-0.003568111824008,-0.001736526403329,NHB,-0.002,-0.001,0.736526403329277,0.263473596670723
632,13,H,NHB,0.178345189000,0.000139424000,0.000781764850410,-0.000781764850410,-0.001547711419667,NHB,-0.002,-0.001,0.547711419666620,0.452288580333380
633,13,H,NHB,0.178345189000,0.000634189000,0.003555963598211,-0.003555963598211,-0.001921182366976,NHB,-0.002,-0.001,0.921182366975687,0.078817633024313
634,13,H,NHB,0.178345189000,0.000612662000,0.003435259473133,-0.003435259473133,-0.001744609732174,NHB,-0.002,-0.001,0.744609732174279,0.255390267825721
635,13,H,NHB,0.178345189000,0.000375307000,0.002104385333321,-0.002104385333321,-0.001332779512594,NHB,-0.002,-0.001,0.332779512594239,0.667220487405761
636,13,H,NHB,0.178345189000,0.000011252000,0.000063091132781,-0.000063091132781,-0.001258817017635,NHB,-0.002,-0.001,0.258817017635103,0.741182982364897
637,13,H,NHB,0.178345189000,0.000485036000,0.002719647234218,-0.002719647234218,-0.001408787011463,NHB,-0.002,-0.001,0.408787011462553,0.591212988537448
638,13,H,NHB,0.178345189000,0.000538674000,0.003020401071767,-0.003020401071767,-0.001545246551888,NHB,-0.002,-0.001,0.545246551888026,0.454753448111974
639,13,H,NHB,0.178345189000,0.000251308000,0.001409110060154,-0.001409110060154,-0.001650352076084,NHB,-0.002,-0.001,0.650352076083548,0.349647923916452
640,13,H,NHB,0.178345189000,0.000647733000,0.003631906213069,-0.003631906213069,-0.001834244658674,NHB,-0.002,-0.001,0.834244658673851,0.165755341326149
641,14,H,NHB,0.070423299000,0.000225164000,0.003197294122787,-0.003197294122787,-0.001699916470603,NHB,-0.002,-0.001,0.699916470603346,0.300083529396654
642,14,H,NHB,0.180161591000,0.000253999000,0.001409839903112,-0.001409839903112,-0.001011900517264,NHB,-0.002,-0.001,0.011900517263926,0.988099482736074
643,14,H,NHB,0.180161591000,0.000503817000,0.002796472861965,-0.002796472861965,-0.001379331575523,NHB,-0.002,-0.001,0.379331575523215,0.620668424476785
644,14,H,NHB,0.180161591000,0.000161989000,0.000899131713374,-0.000899131713374,-0.001452815926264,NHB,-0.002,-0.001,0.452815926263907,0.547184073736093
645,14,H,NHB,0.180161591000,0.000430475000,0.002389382762500,-0.002389382762500,-0.001539180141427,NHB,-0.002,-0.001,0.539180141426999,0.460819858573001
646,14,H,NHB,0.151059761000,0.000478251000,0.003165972174416,-0.003165972174416,-0.001624167997338,NHB,-0.002,-0.001,0.624167997337652,0.375832002662348
647,14,H,NHB,0.151059761000,0.000478309000,0.003166356128420,-0.003166356128420,-0.001674505124811,NHB,-0.002,-0.001,0.674505124810755,0.325494875189245
648,14,H,NHB,0.151059761000,0.000486198000,0.003218580492789,-0.003218580492789,-0.001676876878016,NHB,-0.002,-0.001,0.676876878016188,0.323123121983812
649,14,H,NHB,0.151059761000,0.000481944000,0.003190419452603,-0.003190419452603,-0.001712696433838,NHB,-0.002,-0.001,0.712696433838174,0.287303566161826
650,14,H,NHB,0.151059761000,0.000035358000,0.000234066304395,-0.000234066304395,-0.001208572464330,NHB,-0.002,-0.001,0.208572464329724,0.791427535670276
651,14,H,NHB,0.151059761000,0.000022740000,0.000150536448949,-0.000150536448949,-0.001289998238407,NHB,-0.002,-0.001,0.289998238407356,0.710001761592644
652,14,H,NHB,0.182903957000,0.000017971000,0.000098253751831,-0.000098253751831,-0.001162220880252,NHB,-0.002,-0.001,0.162220880252152,0.837779119747848
653,14,H,NHB,0.182903957000,0.000008483000,0.000046379532401,-0.000046379532401,-0.001403418148479,NHB,-0.002,-0.001,0.403418148479482,0.596581851520518
654,14,H,NHB,0.182903957000,0.000383486000,0.002096652288392,-0.002096652288392,-0.001306791114353,NHB,-0.002,-0.001,0.306791114352616,0.693208885647384
655,14,H,NHB,0.182903957000,0.000557399000,0.003047495577146,-0.003047495577146,-0.001532941463032,NHB,-0.002,-0.001,0.532941463031540,0.467058536968460
656,14,H,NHB,0.182903957000,0.000361377000,0.001975774641114,-0.001975774641114,-0.001486036190205,NHB,-0.002,-0.001,0.486036190204885,0.513963809795115
657,14,H,NHB,0.182903957000,0.000568233000,0.003106728850049,-0.003106728850049,-0.001582694130614,NHB,-0.002,-0.001,0.582694130613603,0.417305869386397
658,14,H,NHB,0.182903957000,0.000496614000,0.002715162690548,-0.002715162690548,-0.001203157828178,NHB,-0.002,-0.001,0.203157828178291,0.796842171821709
659,14,H,NHB,0.182903957000,0.000562725000,0.003076614684722,-0.003076614684722,-0.001363428297114,NHB,-0.002,-0.001,0.363428297114405,0.636571702885595
660,14,H,NHB,0.182903957000,0.000418710000,0.002289234234555,-0.002289234234555,-0.001515636657943,NHB,-0.002,-0.001,0.515636657942591,0.484363342057409
661,14,H,NHB,0.182903957000,0.000494799000,0.002705239449795,-0.002705239449795,-0.001573617945117,NHB,-0.002,-0.001,0.573617945116948,0.426382054883052
662,14,H,NHB,0.176514367000,0.000538277000,0.003049479819396,-0.003049479819396,-0.001402602471766,NHB,-0.002,-0.001,0.402602471766317,0.597397528233683
663,14,H,NHB,0.176514367000,0.000553765000,0.003137223385335,-0.003137223385335,-0.001573194646109,NHB,-0.002,-0.001,0.573194646109497,0.426805353890503
664,14,H,NHB,0.176514367000,0.000543936000,0.003081539532700,-0.003081539532700,-0.001585993079997,NHB,-0.002,-0.001,0.585993079996603,0.414006920003397
665,14,H,NHB,0.176514367000,0.000566475000,0.003209228855575,-0.003209228855575,-0.001659514337361,NHB,-0.002,-0.001,0.659514337360646,0.340485662639354
666,14,H,NHB,0.176514367000,0.000064426000,0.000364990120039,-0.000364990120039,-0.000802755579545,NHB,-0.001,0.000,0.802755579545484,0.197244420454516
667,14,H,NHB,0.176514367000,0.000228186000,0.001292733299154,-0.001292733299154,-0.001183781081934,NHB,-0.002,-0.001,0.183781081934068,0.816218918065932
668,14,H,NHB,0.176514367000,0.000007300000,0.000041356406983,-0.000041356406983,-0.001365199803190,NHB,-0.002,-0.001,0.365199803189902,0.634800196810098
669,14,H,NHB,0.176514367000,0.000101696000,0.000576134406102,-0.000576134406102,-0.001469233338739,NHB,-0.002,-0.001,0.469233338738722,0.530766661261278
670,14,H,NHB,0.176514367000,0.000304042000,0.001722477355059,-0.001722477355059,-0.001303778943937,NHB,-0.002,-0.001,0.303778943936951,0.696221056063049
671,14,H,NHB,0.176514367000,0.000228908000,0.001296823617763,-0.001296823617763,-0.001437316077541,NHB,-0.002,-0.001,0.437316077540848,0.562683922459152
672,14,H,NHB,0.178345189000,0.000586368000,0.003287826283893,-0.003287826283893,-0.001564946075302,NHB,-0.002,-0.001,0.564946075301517,0.435053924698483
673,14,H,NHB,0.178345189000,0.000564036000,0.003162608440197,-0.003162608440197,-0.001670258999225,NHB,-0.002,-0.001,0.670258999224796,0.329741000775204
674,14,H,NHB,0.178345189000,0.000396819000,0.002225005351840,-0.002225005351840,-0.001427971733321,NHB,-0.002,-0.001,0.427971733321311,0.572028266678689
675,14,H,NHB,0.178345189000,0.000557884000,0.003128113537170,-0.003128113537170,-0.001518631277315,NHB,-0.002,-0.001,0.518631277315401,0.481368722684599
676,14,H,NHB,0.178345189000,0.000554310000,0.003108073747927,-0.003108073747927,-0.001651762900754,NHB,-0.002,-0.001,0.651762900753745,0.348237099246255
677,14,H,NHB,0.178345189000,0.000263493000,0.001477432620849,-0.001477432620849,-0.001058249736690,NHB,-0.002,-0.001,0.058249736690307,0.941750263309693
678,14,H,NHB,0.178345189000,0.000127950000,0.000717428940570,-0.000717428940570,-0.001450357313558,NHB,-0.002,-0.001,0.450357313558205,0.549642686441795
679,15,H,NHB,0.070423299000,0.000205959000,0.002924586080524,-0.002924586080524,-0.001357606461719,NHB,-0.002,-0.001,0.357606461718973,0.642393538281027
680,15,H,NHB,0.070423299000,0.000109425000,0.001553818147599,-0.001553818147599,0.000426774909972,NHB,0.000,0.001,0.573225090028132,0.426774909971868
681,15,H,NHB,0.070423299000,0.000100653000,0.001429257098563,-0.001429257098563,-0.001057332458643,NHB,-0.002,-0.001,0.057332458643460,0.942667541356540
682,15,H,NHB,0.180161591000,0.000600767000,0.003334600880606,-0.003334600880606,-0.001353930530622,NHB,-0.002,-0.001,0.353930530621749,0.646069469378251
683,15,H,NHB,0.180161591000,0.000086798000,0.000481778605075,-0.000481778605075,-0.001051088649424,NHB,-0.002,-0.001,0.051088649423713,0.948911350576287
684,15,H,NHB,0.180161591000,0.000126305000,0.000701065078849,-0.000701065078849,-0.000859687250345,NHB,-0.001,0.000,0.859687250344546,0.140312749655454
685,15,H,NHB,0.151059761000,0.000139828000,0.000925646903413,-0.000925646903413,-0.000837465898617,NHB,-0.001,0.000,0.837465898616926,0.162534101383074
686,15,H,NHB,0.151059761000,0.000462669000,0.003062820945414,-0.003062820945414,-0.001160302239239,NHB,-0.002,-0.001,0.160302239239236,0.839697760760764
687,15,H,NHB,0.151059761000,0.000222860000,0.001475310158871,-0.001475310158871,-0.001139891369100,NHB,-0.002,-0.001,0.139891369099585,0.860108630900415
688,15,H,NHB,0.151059761000,0.000148914000,0.000985795284027,-0.000985795284027,0.000629340079107,NHB,0.000,0.001,0.370659920893006,0.629340079106994
689,15,H,NHB,0.151059761000,0.000472588000,0.003128483699905,-0.003128483699905,-0.000276409544585,NHB,-0.001,0.000,0.276409544584691,0.723590455415309
690,15,H,NHB,0.151059761000,0.000264268000,0.001749426837767,-0.001749426837767,0.000077506358681,NHB,0.000,0.001,0.922493641319472,0.077506358680528
691,15,H,NHB,0.151059761000,0.000483220000,0.003198866440680,-0.003198866440680,-0.001451101351760,NHB,-0.002,-0.001,0.451101351759516,0.548898648240484
692,15,H,NHB,0.151059761000,0.000405556000,0.002684738790233,-0.002684738790233,-0.001310327911167,NHB,-0.002,-0.001,0.310327911166950,0.689672088833050
693,15,H,NHB,0.151059761000,0.000440054000,0.002913111983541,-0.002913111983541,-0.001342884031682,NHB,-0.002,-0.001,0.342884031682434,0.657115968317566
694,15,H,NHB,0.151059761000,0.000203305000,0.001345858080631,-0.001345858080631,-0.001233335725930,NHB,-0.002,-0.001,0.233335725929741,0.766664274070259
695,15,H,NHB,0.182903957000,0.000611841000,0.003345149060936,-0.003345149060936,-0.001314881516621,NHB,-0.002,-0.001,0.314881516621170,0.685118483378830
696,15,H,NHB,0.182903957000,0.000588066000,0.003215162808096,-0.003215162808096,-0.001118717299145,NHB,-0.002,-0.001,0.118717299144640,0.881282700855360
697,15,H,NHB,0.182903957000,0.000646374000,0.003533953068057,-0.003533953068057,-0.001436496289589,NHB,-0.002,-0.001,0.436496289589426,0.563503710410574
698,15,H,NHB,0.182903957000,0.000569532000,0.003113830938059,-0.003113830938059,-0.001265166837120,NHB,-0.002,-0.001,0.265166837119857,0.734833162880143
699,15,H,NHB,0.182903957000,0.000002262000,0.000012367146327,-0.000012367146327,-0.001056963322062,NHB,-0.002,-0.001,0.056963322062083,0.943036677937917
700,15,H,NHB,0.182903957000,0.000333983000,0.001826002047621,-0.001826002047621,-0.000208839887332,NHB,-0.001,0.000,0.208839887331527,0.791160112668473
701,15,H,NHB,0.182903957000,0.000606823000,0.003317713897245,-0.003317713897245,-0.000930028380069,NHB,-0.001,0.000,0.930028380068714,0.069971619931286
702,15,H,NHB,0.176514367000,0.000032417000,0.000183650773311,-0.000183650773311,-0.000374582492734,NHB,-0.001,0.000,0.374582492733947,0.625417507266053
703,15,H,NHB,0.176514367000,0.000575145000,0.003258346670444,-0.003258346670444,-0.001285454336147,NHB,-0.002,-0.001,0.285454336146663,0.714545663853337
704,15,H,NHB,0.176514367000,0.000198452000,0.001124282421725,-0.001124282421725,-0.001121089910092,NHB,-0.002,-0.001,0.121089910091644,0.878910089908356
705,15,H,NHB,0.176514367000,0.000590583000,0.003345806973321,-0.003345806973321,-0.000963995297124,NHB,-0.001,0.000,0.963995297123791,0.036004702876209
706,15,H,NHB,0.176514367000,0.000267372000,0.001514732225734,-0.001514732225734,-0.000432950042093,NHB,-0.001,0.000,0.432950042092692,0.567049957907308
707,15,H,NHB,0.176514367000,0.000597755000,0.003386438226867,-0.003386438226867,-0.001484086931571,NHB,-0.002,-0.001,0.484086931571091,0.515913068428909
708,15,H,NHB,0.176514367000,0.000359639000,0.002037448883693,-0.002037448883693,-0.001186373733814,NHB,-0.002,-0.001,0.186373733813997,0.813626266186003
709,15,H,NHB,0.176514367000,0.000388972000,0.002203627991369,-0.002203627991369,-0.001218739426895,NHB,-0.002,-0.001,0.218739426894610,0.781260573105390
710,15,H,NHB,0.178345189000,0.000567255000,0.003180657707565,-0.003180657707565,-0.000825936375086,NHB,-0.001,0.000,0.825936375086227,0.174063624913773
711,15,H,NHB,0.178345189000,0.000616389000,0.003456157149269,-0.003456157149269,-0.001401553227252,NHB,-0.002,-0.001,0.401553227251834,0.598446772748166
712,15,H,NHB,0.178345189000,0.000062303000,0.000349339392609,-0.000349339392609,-0.001099787286432,NHB,-0.002,-0.001,0.099787286432197,0.900212713567803
713,15,H,NHB,0.178345189000,0.000598019000,0.003353154651119,-0.003353154651119,-0.001294542403574,NHB,-0.002,-0.001,0.294542403573592,0.705457596426408
714,15,H,NHB,0.178345189000,0.000583746000,0.003273124457537,-0.003273124457537,-0.001411493565454,NHB,-0.002,-0.001,0.411493565453533,0.588506434546467
715,15,H,NHB,0.178345189000,0.000075992000,0.000426095037529,-0.000426095037529,-0.001188702639433,NHB,-0.002,-0.001,0.188702639432741,0.811297360567259
716,15,H,NHB,0.178345189000,0.000506075000,0.002837615092606,-0.002837615092606,-0.000844969318318,NHB,-0.001,0.000,0.844969318318318,0.155030681681682
717,15,H,NHB,0.178345189000,0.000560843000,0.003144704957530,-0.003144704957530,-0.000229236489386,NHB,-0.001,0.000,0.229236489385892,0.770763510614108
718,15,H,NHB,0.178345189000,0.000000016000,0.000000089713662,-0.000000089713662,0.000720714332205,NHB,0.000,0.001,0.279285667795245,0.720714332204755
719,16,H,NHB,0.070423299000,0.000007904000,0.000112235582715,-0.000112235582715,-0.001297138698878,NHB,-0.002,-0.001,0.297138698878279,0.702861301121721
720,16,H,NHB,0.070423299000,0.000267580000,0.003799594790355,-0.003799594790355,-0.001568136471494,NHB,-0.002,-0.001,0.568136471494285,0.431863528505715
721,16,H,NHB,0.180161591000,0.000566884000,0.003146530827428,-0.003146530827428,-0.001315388593945,NHB,-0.002,-0.001,0.315388593945179,0.684611406054821
722,16,H,NHB,0.180161591000,0.000188185000,0.001044534514574,-0.001044534514574,-0.001071467781817,NHB,-0.002,-0.001,0.071467781816623,0.928532218183377
723,16,H,NHB,0.180161591000,0.000642179000,0.003564461195283,-0.003564461195283,-0.001579412451042,NHB,-0.002,-0.001,0.579412451042026,0.420587548957974
724,16,H,NHB,0.151059761000,0.000620438000,0.004107235413937,-0.004107235413937,-0.001262638864652,NHB,-0.002,-0.001,0.262638864651944,0.737361135348056
725,16,H,NHB,0.151059761000,0.000583226000,0.003860895821224,-0.003860895821224,-0.001588889570482,NHB,-0.002,-0.001,0.588889570481678,0.411110429518322
726,16,H,NHB,0.151059761000,0.000557905000,0.003693273419121,-0.003693273419121,-0.001479700342300,NHB,-0.002,-0.001,0.479700342300279,0.520299657699721
727,16,H,NHB,0.151059761000,0.000556473000,0.003683793727173,-0.003683793727173,-0.001721548248907,NHB,-0.002,-0.001,0.721548248907181,0.278451751092819
728,16,H,NHB,0.151059761000,0.000155449000,0.001029056308384,-0.001029056308384,-0.001378973115466,NHB,-0.002,-0.001,0.378973115465942,0.621026884534058
729,16,H,NHB,0.151059761000,0.000224754000,0.001487848243054,-0.001487848243054,-0.001415974349432,NHB,-0.002,-0.001,0.415974349432317,0.584025650567683
730,16,H,NHB,0.182903957000,0.000040454000,0.000221176188113,-0.000221176188113,-0.001051139008205,NHB,-0.002,-0.001,0.051139008204565,0.948860991795435
731,16,H,NHB,0.182903957000,0.000291069000,0.001591376177826,-0.001591376177826,-0.001344068200120,NHB,-0.002,-0.001,0.344068200120378,0.655931799879622
732,16,H,NHB,0.182903957000,0.000027848000,0.000152254770519,-0.000152254770519,-0.000565824902642,NHB,-0.001,0.000,0.565824902642301,0.434175097357699
733,16,H,NHB,0.182903957000,0.000689756000,0.003771137657782,-0.003771137657782,-0.001642372629485,NHB,-0.002,-0.001,0.642372629485445,0.357627370514555
734,16,H,NHB,0.182903957000,0.000251039000,0.001372518146231,-0.001372518146231,-0.000918764196378,NHB,-0.001,0.000,0.918764196377658,0.081235803622342
735,16,H,NHB,0.182903957000,0.000695997000,0.003805259390862,-0.003805259390862,-0.001714238242399,NHB,-0.002,-0.001,0.714238242399025,0.285761757600975
736,16,H,NHB,0.182903957000,0.000292993000,0.001601895359760,-0.001601895359760,-0.000350492680889,NHB,-0.001,0.000,0.350492680889088,0.649507319110912
737,16,H,NHB,0.182903957000,0.000552343000,0.003019852654145,-0.003019852654145,-0.000929041294275,NHB,-0.001,0.000,0.929041294274693,0.070958705725307
738,16,H,NHB,0.182903957000,0.000613975000,0.003356816386427,-0.003356816386427,-0.001349419680046,NHB,-0.002,-0.001,0.349419680045984,0.650580319954016
739,16,H,NHB,0.182903957000,0.000714079000,0.003904120018573,-0.003904120018573,-0.001536525834159,NHB,-0.002,-0.001,0.536525834159357,0.463474165840643
740,16,H,NHB,0.176514367000,0.000507783000,0.002876723343432,-0.002876723343432,-0.000720801581317,NHB,-0.001,0.000,0.720801581316569,0.279198418683431
741,16,H,NHB,0.176514367000,0.000680502000,0.003855221597911,-0.003855221597911,-0.001511834723397,NHB,-0.002,-0.001,0.511834723396554,0.488165276603446
742,16,H,NHB,0.176514367000,0.000602150000,0.003411337049975,-0.003411337049975,-0.001294913611192,NHB,-0.002,-0.001,0.294913611191596,0.705086388808404
743,16,H,NHB,0.176514367000,0.000679212000,0.003847913410924,-0.003847913410924,-0.001727767472399,NHB,-0.002,-0.001,0.727767472399031,0.272232527600969
744,16,H,NHB,0.176514367000,0.000115899000,0.000656598111359,-0.000656598111359,-0.000689277987345,NHB,-0.001,0.000,0.689277987345438,0.310722012654562
745,16,H,NHB,0.176514367000,0.000054037000,0.000306133721115,-0.000306133721115,-0.001088634651006,NHB,-0.002,-0.001,0.088634651005632,0.911365348994368
746,16,H,NHB,0.176514367000,0.000422086000,0.002391227451758,-0.002391227451758,-0.001357479091022,NHB,-0.002,-0.001,0.357479091021761,0.642520908978239
747,16,H,NHB,0.176514367000,0.000421311000,0.002386836874304,-0.002386836874304,-0.001417796299059,NHB,-0.002,-0.001,0.417796299059261,0.582203700940739
748,16,H,NHB,0.176514367000,0.000569216000,0.003224757336608,-0.003224757336608,-0.001531411156020,NHB,-0.002,-0.001,0.531411156019816,0.468588843980184
749,16,H,NHB,0.178345189000,0.000000000000,0.000000000000000,-0.000000000000000,-0.001166125689663,NHB,-0.002,-0.001,0.166125689662598,0.833874310337402
750,16,H,NHB,0.178345189000,0.000035957000,0.000201614633967,-0.000201614633967,-0.001263201363456,NHB,-0.002,-0.001,0.263201363456142,0.736798636543858
751,16,H,NHB,0.178345189000,0.000639971000,0.003588383872805,-0.003588383872805,-0.001057652333229,NHB,-0.002,-0.001,0.057652333229033,0.942347666770967
752,16,H,NHB,0.178345189000,0.000666309000,0.003736063774616,-0.003736063774616,-0.001754717892956,NHB,-0.002,-0.001,0.754717892955957,0.245282107044043
753,16,H,NHB,0.178345189000,0.000616852000,0.003458753238362,-0.003458753238362,-0.001588528184521,NHB,-0.002,-0.001,0.588528184520534,0.411471815479466
754,16,H,NHB,0.178345189000,0.000691364000,0.003876549762158,-0.003876549762158,-0.001110545746278,NHB,-0.002,-0.001,0.110545746277817,0.889454253722183
755,16,H,NHB,0.178345189000,0.000674887000,0.003784161511640,-0.003784161511640,-0.001601677332970,NHB,-0.002,-0.001,0.601677332970147,0.398322667029853
756,16,H,NHB,0.178345189000,0.000053456000,0.000299733344643,-0.000299733344643,-0.000043037378477,NHB,-0.001,0.000,0.043037378477399,0.956962621522601
757,16,H,NHB,0.178345189000,0.000414517000,0.002324239876188,-0.002324239876188,-0.001278097887200,NHB,-0.002,-0.001,0.278097887200201,0.721902112799799
