segment,atom,element,atom_class,area_square_angstrom,native_xtb_charge_electron,native_xtb_raw_sigma,tm_nist_raw_sigma,nist_hsieh_averaged_sigma,pre_probability_partition,left_bin,right_bin,left_weight,right_weight
1,1,C,NHB,0.241185721000,0.000053717000,0.000222720481865,-0.000222720481865,-0.000638883519924,NHB,-0.001,0.000,0.638883519924312,0.361116480075688
2,1,C,NHB,0.241185721000,-0.000070180000,-0.000290979083293,0.000290979083293,0.000492250072698,NHB,0.000,0.001,0.507749927302203,0.492250072697797
3,1,C,NHB,0.241185721000,-0.000011331000,-0.000046980393172,0.000046980393172,-0.000101545741350,NHB,-0.001,0.000,0.101545741350179,0.898454258649821
4,1,C,NHB,0.241185721000,-0.000227793000,-0.000944471335432,0.000944471335432,-0.000399572999647,NHB,-0.001,0.000,0.399572999647269,0.600427000352731
5,1,C,NHB,0.617017436000,-0.000134128000,-0.000217381215140,0.000217381215140,-0.000591131627286,NHB,-0.001,0.000,0.591131627285704,0.408868372714296
6,1,C,NHB,0.617017436000,-0.000368209000,-0.000596756231699,0.000596756231699,-0.000469723244181,NHB,-0.001,0.000,0.469723244180571,0.530276755819429
7,1,C,NHB,0.617017436000,0.000158475000,0.000256840391784,-0.000256840391784,-0.000328694538863,NHB,-0.001,0.000,0.328694538862781,0.671305461137219
8,1,C,NHB,0.617017436000,0.000048423000,0.000078479143659,-0.000078479143659,-0.000062090140002,NHB,-0.001,0.000,0.062090140002042,0.937909859997958
9,1,C,NHB,0.517349488000,-0.000065376000,-0.000126367187977,0.000126367187977,-0.000075626104787,NHB,-0.001,0.000,0.075626104786899,0.924373895213101
10,1,C,NHB,0.517349488000,-0.000070932000,-0.000137106543343,0.000137106543343,-0.000261614402537,NHB,-0.001,0.000,0.261614402536657,0.738385597463343
11,1,C,NHB,0.517349488000,-0.000388248000,-0.000750455947102,0.000750455947102,-0.000201010167846,NHB,-0.001,0.000,0.201010167846339,0.798989832153661
12,1,C,NHB,0.517349488000,-0.000487380000,-0.000942071097594,0.000942071097594,-0.000169638532437,NHB,-0.001,0.000,0.169638532436715,0.830361467563285
13,1,C,NHB,0.517349488000,-0.000337438000,-0.000652243807768,0.000652243807768,-0.000550574184473,NHB,-0.001,0.000,0.550574184472528,0.449425815527472
14,1,C,NHB,0.517349488000,-0.000380727000,-0.000735918385600,0.000735918385600,-0.000438204721026,NHB,-0.001,0.000,0.438204721025511,0.561795278974489
15,1,C,NHB,0.517349488000,0.000096258000,0.000186059911593,-0.000186059911593,-0.000207562566124,NHB,-0.001,0.000,0.207562566123664,0.792437433876336
16,1,C,NHB,0.517349488000,0.000055117000,0.000106537265965,-0.000106537265965,-0.000253196358333,NHB,-0.001,0.000,0.253196358333023,0.746803641666977
17,1,C,NHB,0.517349488000,-0.000075673000,-0.000146270561304,0.000146270561304,-0.000062736456128,NHB,-0.001,0.000,0.062736456127924,0.937263543872076
18,1,C,NHB,0.517349488000,-0.000033369000,-0.000064499918863,0.000064499918863,-0.000094450279364,NHB,-0.001,0.000,0.094450279363612,0.905549720636388
19,1,C,NHB,0.517349488000,-0.000011448000,-0.000022128174987,0.000022128174987,-0.000322120110173,NHB,-0.001,0.000,0.322120110172597,0.677879889827403
20,1,C,NHB,0.517349488000,-0.000190941000,-0.000369075459489,0.000369075459489,-0.000689556813365,NHB,-0.001,0.000,0.689556813365080,0.310443186634920
21,1,C,NHB,0.517349488000,-0.000429458000,-0.000830111964854,0.000830111964854,0.000175311194316,NHB,0.000,0.001,0.824688805684408,0.175311194315592
22,1,C,NHB,0.517349488000,0.000201111000,0.000388733350791,-0.000388733350791,-0.000749129969823,NHB,-0.001,0.000,0.749129969822713,0.250870030177287
23,1,C,NHB,0.517349488000,-0.000293003000,-0.000566354092922,0.000566354092922,0.000414006432251,NHB,0.000,0.001,0.585993567748665,0.414006432251335
24,1,C,NHB,0.626409493000,-0.000076505000,-0.000122132568001,0.000122132568001,-0.000696375753750,NHB,-0.001,0.000,0.696375753750246,0.303624246249754
25,1,C,NHB,0.626409493000,-0.000389415000,-0.000621662034742,0.000621662034742,-0.000547094756014,NHB,-0.001,0.000,0.547094756014110,0.452905243985890
26,1,C,NHB,0.626409493000,0.000156312000,0.000249536448197,-0.000249536448197,-0.000464329798254,NHB,-0.001,0.000,0.464329798253826,0.535670201746174
27,1,C,NHB,0.626409493000,-0.000006283000,-0.000010030180050,0.000010030180050,-0.000265930243689,NHB,-0.001,0.000,0.265930243688873,0.734069756311127
28,1,C,NHB,0.626409493000,-0.000055205000,-0.000088129251898,0.000088129251898,-0.000208886387747,NHB,-0.001,0.000,0.208886387746545,0.791113612253455
29,1,C,NHB,0.626409493000,-0.000266584000,-0.000425574648818,0.000425574648818,-0.000414742475390,NHB,-0.001,0.000,0.414742475389728,0.585257524610272
30,1,C,NHB,0.626409493000,-0.000343078000,-0.000547689656421,0.000547689656421,-0.000147002801580,NHB,-0.001,0.000,0.147002801580128,0.852997198419872
31,1,C,NHB,0.626409493000,0.000191615000,0.000305894150937,-0.000305894150937,-0.000502175373985,NHB,-0.001,0.000,0.502175373985144,0.497824626014856
32,1,C,NHB,0.626409493000,-0.000204153000,-0.000325909811843,0.000325909811843,0.000303239780208,NHB,0.000,0.001,0.696760219792201,0.303239780207799
33,1,C,NHB,0.626409493000,0.000091743000,0.000146458508412,-0.000146458508412,-0.000235930661021,NHB,-0.001,0.000,0.235930661021180,0.764069338978820
34,1,C,NHB,0.626409493000,-0.000028700000,-0.000045816674748,0.000045816674748,-0.000263772161541,NHB,-0.001,0.000,0.263772161540586,0.736227838459415
35,1,C,NHB,0.626409493000,0.000077933000,0.000124412226939,-0.000124412226939,-0.000296499631967,NHB,-0.001,0.000,0.296499631966673,0.703500368033327
36,1,C,NHB,0.626409493000,0.000084212000,0.000134436021390,-0.000134436021390,-0.000260139286458,NHB,-0.001,0.000,0.260139286458211,0.739860713541789
37,1,C,NHB,0.604526425000,-0.000013811000,-0.000022845982291,0.000022845982291,-0.000217022443945,NHB,-0.001,0.000,0.217022443944526,0.782977556055474
38,1,C,NHB,0.604526425000,-0.000056316000,-0.000093157218065,0.000093157218065,-0.000264834310006,NHB,-0.001,0.000,0.264834310005702,0.735165689994298
39,1,C,NHB,0.604526425000,-0.000010399000,-0.000017201894855,0.000017201894855,-0.000010750001359,NHB,-0.001,0.000,0.010750001359217,0.989249998640783
40,1,C,NHB,0.604526425000,-0.000024829000,-0.000041071819152,0.000041071819152,-0.000467819441314,NHB,-0.001,0.000,0.467819441314090,0.532180558685910
41,1,C,NHB,0.604526425000,-0.000096667000,-0.000159905334163,0.000159905334163,-0.000254521372056,NHB,-0.001,0.000,0.254521372056306,0.745478627943694
42,1,C,NHB,0.604526425000,0.000165418000,0.000273632372646,-0.000273632372646,-0.000431183041928,NHB,-0.001,0.000,0.431183041927621,0.568816958072379
43,1,C,NHB,0.604526425000,-0.000098793000,-0.000163422136592,0.000163422136592,-0.000462978076568,NHB,-0.001,0.000,0.462978076567748,0.537021923432252
44,1,C,NHB,0.604526425000,0.000043088000,0.000071275627033,-0.000071275627033,-0.000164040191662,NHB,-0.001,0.000,0.164040191662256,0.835959808337744
45,1,C,NHB,0.604526425000,0.000066733000,0.000110388888294,-0.000110388888294,-0.000136239172540,NHB,-0.001,0.000,0.136239172539853,0.863760827460147
46,1,C,NHB,0.604526425000,-0.000166301000,-0.000275093020127,0.000275093020127,-0.000017924092452,NHB,-0.001,0.000,0.017924092452198,0.982075907547802
47,1,C,NHB,0.604526425000,-0.000454536000,-0.000751887727654,0.000751887727654,-0.000762842305711,NHB,-0.001,0.000,0.762842305711082,0.237157694288918
48,1,C,NHB,0.604526425000,-0.000617708000,-0.001021804795382,0.001021804795382,-0.000262768480983,NHB,-0.001,0.000,0.262768480982720,0.737231519017280
49,1,C,NHB,0.604526425000,0.000247032000,0.000408637223757,-0.000408637223757,-0.000591163894805,NHB,-0.001,0.000,0.591163894804618,0.408836105195382
50,1,C,NHB,0.604526425000,-0.000115909000,-0.000191735208267,0.000191735208267,0.000197716508407,NHB,0.000,0.001,0.802283491593440,0.197716508406560
51,1,C,NHB,0.610796623000,0.000120779000,0.000197740124048,-0.000197740124048,-0.000350539789076,NHB,-0.001,0.000,0.350539789075789,0.649460210924211
52,1,C,NHB,0.610796623000,0.000012118000,0.000019839664372,-0.000019839664372,-0.000368660843042,NHB,-0.001,0.000,0.368660843042133,0.631339156957867
53,1,C,NHB,0.610796623000,-0.000073685000,-0.000120637536662,0.000120637536662,-0.000751207692059,NHB,-0.001,0.000,0.751207692059139,0.248792307940861
54,1,C,NHB,0.610796623000,-0.000317573000,-0.000519932475134,0.000519932475134,-0.000211942438808,NHB,-0.001,0.000,0.211942438807850,0.788057561192150
55,1,C,NHB,0.610796623000,-0.000007899000,-0.000012932291540,0.000012932291540,-0.000184522999778,NHB,-0.001,0.000,0.184522999778144,0.815477000221856
56,1,C,NHB,0.610796623000,-0.000046174000,-0.000075596357709,0.000075596357709,-0.000370239372284,NHB,-0.001,0.000,0.370239372284170,0.629760627715830
57,1,C,NHB,0.610796623000,-0.000323057000,-0.000528910913772,0.000528910913772,0.000038162344569,NHB,0.000,0.001,0.961837655431020,0.038162344568980
58,1,C,NHB,0.610796623000,-0.000324439000,-0.000531173532700,0.000531173532700,-0.000370460788109,NHB,-0.001,0.000,0.370460788109237,0.629539211890763
59,1,C,NHB,0.610796623000,-0.000571908000,-0.000936331306468,0.000936331306468,0.000167295368595,NHB,0.000,0.001,0.832704631405298,0.167295368594702
60,1,C,NHB,0.610796623000,-0.000413449000,-0.000676901253922,0.000676901253922,0.000627134195418,NHB,0.000,0.001,0.372865804582290,0.627134195417710
61,1,C,NHB,0.610796623000,-0.000041261000,-0.000067552763795,0.000067552763795,-0.000087240166096,NHB,-0.001,0.000,0.087240166096330,0.912759833903670
62,1,C,NHB,0.610796623000,-0.000539257000,-0.000882874887800,0.000882874887800,0.000019710771686,NHB,0.000,0.001,0.980289228313621,0.019710771686379
63,1,C,NHB,0.610796623000,-0.000123656000,-0.000202450366200,0.000202450366200,-0.000522231277460,NHB,-0.001,0.000,0.522231277459859,0.477768722540141
64,1,C,NHB,0.610796623000,0.000126973000,0.000207880979067,-0.000207880979067,-0.000237976373765,NHB,-0.001,0.000,0.237976373764917,0.762023626235083
65,1,C,NHB,0.610796623000,-0.000031192000,-0.000051067734865,0.000051067734865,-0.000087093330090,NHB,-0.001,0.000,0.087093330090220,0.912906669909780
66,2,C,NHB,0.617017436000,0.000181126000,0.000293550861665,-0.000293550861665,-0.000112954507076,NHB,-0.001,0.000,0.112954507075527,0.887045492924473
67,2,C,NHB,0.517349488000,0.000046842000,0.000090542275747,-0.000090542275747,0.000025116902949,NHB,0.000,0.001,0.974883097051308,0.025116902948692
68,2,C,NHB,0.626409493000,0.000044508000,0.000071052563056,-0.000071052563056,0.000090562487196,NHB,0.000,0.001,0.909437512804240,0.090562487195760
69,2,C,NHB,0.604526425000,0.000045339000,0.000074999202888,-0.000074999202888,0.000086480862893,NHB,0.000,0.001,0.913519137107015,0.086480862892985
70,2,C,NHB,0.604526425000,0.000227446000,0.000376238309186,-0.000376238309186,-0.000153963414233,NHB,-0.001,0.000,0.153963414233251,0.846036585766749
71,3,C,NHB,0.241185721000,-0.000198929000,-0.000824795925626,0.000824795925626,-0.000139193356843,NHB,-0.001,0.000,0.139193356842730,0.860806643157270
72,3,C,NHB,0.241185721000,-0.000155712000,-0.000645610359330,0.000645610359330,-0.000159172748467,NHB,-0.001,0.000,0.159172748466717,0.840827251533284
73,3,C,NHB,0.241185721000,-0.000023686000,-0.000098206477157,0.000098206477157,-0.000098956118480,NHB,-0.001,0.000,0.098956118480500,0.901043881519500
74,3,C,NHB,0.241185721000,-0.000016791000,-0.000069618549267,0.000069618549267,-0.000107859457969,NHB,-0.001,0.000,0.107859457968961,0.892140542031039
75,3,C,NHB,0.617017436000,0.000094296000,0.000152825502973,-0.000152825502973,-0.000127135476428,NHB,-0.001,0.000,0.127135476428328,0.872864523571673
76,3,C,NHB,0.617017436000,0.000021751000,0.000035251840112,-0.000035251840112,-0.000431663004285,NHB,-0.001,0.000,0.431663004285281,0.568336995714719
77,3,C,NHB,0.617017436000,0.000036650000,0.000059398645584,-0.000059398645584,-0.000316512093177,NHB,-0.001,0.000,0.316512093176717,0.683487906823283
78,3,C,NHB,0.617017436000,-0.000392728000,-0.000636494168700,0.000636494168700,-0.000812731219994,NHB,-0.001,0.000,0.812731219994006,0.187268780005994
79,3,C,NHB,0.517349488000,-0.000072381000,-0.000139907357944,0.000139907357944,-0.000057146059125,NHB,-0.001,0.000,0.057146059125288,0.942853940874712
80,3,C,NHB,0.517349488000,0.000044023000,0.000085093347961,-0.000085093347961,-0.000176545782040,NHB,-0.001,0.000,0.176545782039690,0.823454217960310
81,3,C,NHB,0.517349488000,-0.000004058000,-0.000007843827227,0.000007843827227,-0.000128014229402,NHB,-0.001,0.000,0.128014229402348,0.871985770597651
82,3,C,NHB,0.517349488000,0.000100223000,0.000193723976393,-0.000193723976393,-0.000312238091964,NHB,-0.001,0.000,0.312238091964214,0.687761908035786
83,3,C,NHB,0.517349488000,-0.000230486000,-0.000445513149904,0.000445513149904,-0.000147463627524,NHB,-0.001,0.000,0.147463627524095,0.852536372475905
84,3,C,NHB,0.517349488000,-0.000479684000,-0.000927195273459,0.000927195273459,-0.000368624190289,NHB,-0.001,0.000,0.368624190289485,0.631375809710515
85,3,C,NHB,0.517349488000,-0.000033291000,-0.000064349150376,0.000064349150376,-0.000076172692860,NHB,-0.001,0.000,0.076172692859555,0.923827307140445
86,3,C,NHB,0.517349488000,-0.000059266000,-0.000114556989762,0.000114556989762,-0.000280354351788,NHB,-0.001,0.000,0.280354351788119,0.719645648211881
87,3,C,NHB,0.517349488000,-0.000102366000,-0.000197866243950,0.000197866243950,-0.000105593406496,NHB,-0.001,0.000,0.105593406495879,0.894406593504121
88,3,C,NHB,0.517349488000,-0.000262962000,-0.000508286962874,0.000508286962874,-0.000226945116831,NHB,-0.001,0.000,0.226945116830850,0.773054883169150
89,3,C,NHB,0.517349488000,-0.000449920000,-0.000869663564836,0.000869663564836,-0.000459827498917,NHB,-0.001,0.000,0.459827498916616,0.540172501083384
90,3,C,NHB,0.517349488000,-0.000353577000,-0.000683439354249,0.000683439354249,0.000229786196329,NHB,0.000,0.001,0.770213803671106,0.229786196328894
91,3,C,NHB,0.517349488000,-0.000426757000,-0.000824891122730,0.000824891122730,-0.000044284036727,NHB,-0.001,0.000,0.044284036727474,0.955715963272526
92,3,C,NHB,0.626409493000,-0.000132161000,-0.000210981796216,0.000210981796216,0.000222845116720,NHB,0.000,0.001,0.777154883279894,0.222845116720106
93,3,C,NHB,0.626409493000,-0.000099592000,-0.000158988650576,0.000158988650576,-0.000245981750226,NHB,-0.001,0.000,0.245981750225836,0.754018249774164
94,3,C,NHB,0.626409493000,-0.000090839000,-0.000145015362978,0.000145015362978,-0.000272944885815,NHB,-0.001,0.000,0.272944885814854,0.727055114185146
95,3,C,NHB,0.626409493000,-0.000475382000,-0.000758899737811,0.000758899737811,-0.000472448764470,NHB,-0.001,0.000,0.472448764470151,0.527551235529849
96,3,C,NHB,0.626409493000,-0.000117170000,-0.000187050166559,0.000187050166559,-0.000294106949624,NHB,-0.001,0.000,0.294106949623541,0.705893050376459
97,3,C,NHB,0.626409493000,-0.000392742000,-0.000626973256933,0.000626973256933,-0.000017200303209,NHB,-0.001,0.000,0.017200303208662,0.982799696791338
98,3,C,NHB,0.626409493000,0.000061012000,0.000097399545636,-0.000097399545636,-0.000279985899588,NHB,-0.001,0.000,0.279985899588127,0.720014100411873
99,3,C,NHB,0.626409493000,0.000245847000,0.000392470105813,-0.000392470105813,-0.000425112879459,NHB,-0.001,0.000,0.425112879459353,0.574887120540647
100,3,C,NHB,0.626409493000,-0.000002137000,-0.000003411506409,0.000003411506409,-0.000413552315626,NHB,-0.001,0.000,0.413552315625990,0.586447684374010
101,3,C,NHB,0.626409493000,0.000089001000,0.000142081180114,-0.000142081180114,-0.000624910295820,NHB,-0.001,0.000,0.624910295819630,0.375089704180370
102,3,C,NHB,0.626409493000,0.000062030000,0.000099024680649,-0.000099024680649,-0.000355426691673,NHB,-0.001,0.000,0.355426691673114,0.644573308326887
103,3,C,NHB,0.626409493000,-0.000089266000,-0.000142504226065,0.000142504226065,-0.000537689875925,NHB,-0.001,0.000,0.537689875925309,0.462310124074691
104,3,C,NHB,0.626409493000,0.000176357000,0.000281536282529,-0.000281536282529,-0.000295321821168,NHB,-0.001,0.000,0.295321821167782,0.704678178832218
105,3,C,NHB,0.626409493000,-0.000047605000,-0.000075996613289,0.000075996613289,-0.000674438495407,NHB,-0.001,0.000,0.674438495407015,0.325561504592985
106,3,C,NHB,0.604526425000,0.000048438000,0.000080125529666,-0.000080125529666,-0.000134522367819,NHB,-0.001,0.000,0.134522367819128,0.865477632180872
107,3,C,NHB,0.604526425000,0.000123289000,0.000203943111337,-0.000203943111337,-0.000333909805884,NHB,-0.001,0.000,0.333909805883960,0.666090194116040
108,3,C,NHB,0.604526425000,0.000120051000,0.000198586852510,-0.000198586852510,-0.000229216871539,NHB,-0.001,0.000,0.229216871538933,0.770783128461067
109,3,C,NHB,0.604526425000,0.000046120000,0.000076291123254,-0.000076291123254,-0.000650404452408,NHB,-0.001,0.000,0.650404452407733,0.349595547592267
110,3,C,NHB,0.604526425000,-0.000041247000,-0.000068230268015,0.000068230268015,-0.000129375574733,NHB,-0.001,0.000,0.129375574732770,0.870624425267230
111,3,C,NHB,0.604526425000,-0.000413147000,-0.000683422565027,0.000683422565027,-0.000510380664624,NHB,-0.001,0.000,0.510380664623789,0.489619335376211
112,3,C,NHB,0.604526425000,0.000042734000,0.000070690044691,-0.000070690044691,-0.000135919678667,NHB,-0.001,0.000,0.135919678667233,0.864080321332767
113,3,C,NHB,0.604526425000,-0.000370253000,-0.000612467850351,0.000612467850351,-0.000650037859883,NHB,-0.001,0.000,0.650037859883496,0.349962140116504
114,3,C,NHB,0.604526425000,-0.000023210000,-0.000038393689738,0.000038393689738,-0.000179639291146,NHB,-0.001,0.000,0.179639291145645,0.820360708854355
115,3,C,NHB,0.604526425000,0.000173129000,0.000286387811749,-0.000286387811749,-0.000440694622146,NHB,-0.001,0.000,0.440694622145766,0.559305377854234
116,3,C,NHB,0.604526425000,-0.000316743000,-0.000523952282152,0.000523952282152,-0.000522776771982,NHB,-0.001,0.000,0.522776771981956,0.477223228018044
117,3,C,NHB,0.604526425000,-0.000120548000,-0.000199408983652,0.000199408983652,-0.000613624343551,NHB,-0.001,0.000,0.613624343550645,0.386375656449355
118,3,C,NHB,0.604526425000,-0.000400255000,-0.000662096780964,0.000662096780964,-0.000089976291837,NHB,-0.001,0.000,0.089976291836707,0.910023708163293
119,3,C,NHB,0.610796623000,-0.000300780000,-0.000492438871916,0.000492438871916,0.000304940602783,NHB,0.000,0.001,0.695059397216717,0.304940602783283
120,3,C,NHB,0.610796623000,-0.000435337000,-0.000712736422578,0.000712736422578,-0.000099330695092,NHB,-0.001,0.000,0.099330695092297,0.900669304907703
121,3,C,NHB,0.610796623000,-0.000107719000,-0.000176358211463,0.000176358211463,-0.000185717795206,NHB,-0.001,0.000,0.185717795206067,0.814282204793933
122,3,C,NHB,0.610796623000,-0.000256286000,-0.000419593020572,0.000419593020572,-0.000283640432071,NHB,-0.001,0.000,0.283640432070726,0.716359567929274
123,3,C,NHB,0.610796623000,-0.000308704000,-0.000505412093609,0.000505412093609,0.000313587673559,NHB,0.000,0.001,0.686412326440624,0.313587673559376
124,3,C,NHB,0.610796623000,-0.000347439000,-0.000568829274618,0.000568829274618,-0.000294460477571,NHB,-0.001,0.000,0.294460477570746,0.705539522429254
125,3,C,NHB,0.610796623000,-0.000127069000,-0.000208038150859,0.000208038150859,-0.000154421356433,NHB,-0.001,0.000,0.154421356432550,0.845578643567450
126,3,C,NHB,0.610796623000,-0.000003090000,-0.000005058967066,0.000005058967066,-0.000155673041369,NHB,-0.001,0.000,0.155673041369122,0.844326958630878
127,3,C,NHB,0.610796623000,0.000179686000,0.000294183027924,-0.000294183027924,-0.000380024660351,NHB,-0.001,0.000,0.380024660350671,0.619975339649329
128,3,C,NHB,0.610796623000,-0.000232439000,-0.000380550565028,0.000380550565028,-0.000520287929785,NHB,-0.001,0.000,0.520287929785404,0.479712070214596
129,3,C,NHB,0.610796623000,0.000268355000,0.000439352461842,-0.000439352461842,-0.000572002634373,NHB,-0.001,0.000,0.572002634373340,0.427997365626660
130,3,C,NHB,0.610796623000,0.000078665000,0.000128790823390,-0.000128790823390,-0.000270339724960,NHB,-0.001,0.000,0.270339724959899,0.729660275040101
131,3,C,NHB,0.610796623000,0.000184178000,0.000301537358041,-0.000301537358041,-0.000392111367571,NHB,-0.001,0.000,0.392111367571456,0.607888632428544
132,3,C,NHB,0.610796623000,-0.000313771000,-0.000513707817275,0.000513707817275,-0.000538384346529,NHB,-0.001,0.000,0.538384346529478,0.461615653470522
133,3,C,NHB,0.610796623000,0.000039087000,0.000063993477580,-0.000063993477580,-0.000367289064296,NHB,-0.001,0.000,0.367289064295820,0.632710935704180
134,4,C,NHB,0.241185721000,-0.000109760000,-0.000455084984073,0.000455084984073,0.000627018951890,NHB,0.000,0.001,0.372981048110293,0.627018951889707
135,4,C,NHB,0.617017436000,-0.000085382000,-0.000138378585464,0.000138378585464,0.000766480396986,NHB,0.000,0.001,0.233519603013900,0.766480396986100
136,4,C,NHB,0.617017436000,-0.000005393000,-0.000008740433714,0.000008740433714,0.000065365166913,NHB,0.000,0.001,0.934634833087217,0.065365166912783
137,4,C,NHB,0.517349488000,-0.000379192000,-0.000732951339076,0.000732951339076,0.000596862267344,NHB,0.000,0.001,0.403137732656396,0.596862267343604
138,4,C,NHB,0.517349488000,-0.000287050000,-0.000554847364612,0.000554847364612,0.000352251336704,NHB,0.000,0.001,0.647748663295693,0.352251336704307
139,4,C,NHB,0.626409493000,-0.000517568000,-0.000826245460491,0.000826245460491,0.000692668265713,NHB,0.000,0.001,0.307331734286543,0.692668265713457
140,4,C,NHB,0.626409493000,-0.000171505000,-0.000273790550617,0.000273790550617,0.000333352365333,NHB,0.000,0.001,0.666647634667312,0.333352365332688
141,4,C,NHB,0.626409493000,-0.000021058000,-0.000033616987347,0.000033616987347,-0.000029562671576,NHB,-0.001,0.000,0.029562671576264,0.970437328423736
142,4,C,NHB,0.604526425000,-0.000434838000,-0.000719303544092,0.000719303544092,0.000598072673177,NHB,0.000,0.001,0.401927326822587,0.598072673177413
143,4,C,NHB,0.604526425000,-0.000234239000,-0.000387475204248,0.000387475204248,0.000603680310716,NHB,0.000,0.001,0.396319689283961,0.603680310716039
144,4,C,NHB,0.604526425000,-0.000113781000,-0.000188215097462,0.000188215097462,0.000711685414208,NHB,0.000,0.001,0.288314585791865,0.711685414208135
145,4,C,NHB,0.610796623000,-0.000181944000,-0.000297879839457,0.000297879839457,0.000272923593408,NHB,0.000,0.001,0.727076406592362,0.272923593407638
146,4,C,NHB,0.610796623000,-0.000019792000,-0.000032403584523,0.000032403584523,0.000639783016855,NHB,0.000,0.001,0.360216983144769,0.639783016855231
147,4,C,NHB,0.610796623000,-0.000002015000,-0.000003298970433,0.000003298970433,0.000219448608144,NHB,0.000,0.001,0.780551391856495,0.219448608143505
148,4,C,NHB,0.610796623000,-0.000080065000,-0.000131082912028,0.000131082912028,0.000713706031407,NHB,0.000,0.001,0.286293968593317,0.713706031406683
149,4,C,NHB,0.610796623000,-0.000016204000,-0.000026529288784,0.000026529288784,0.000222501096144,NHB,0.000,0.001,0.777498903855818,0.222501096144182
150,5,C,NHB,0.241185721000,-0.000007094000,-0.000029413018194,0.000029413018194,0.000535098995683,NHB,0.000,0.001,0.464901004317152,0.535098995682848
151,5,C,NHB,0.241185721000,-0.000122453000,-0.000507712477722,0.000507712477722,0.000043298206877,NHB,0.000,0.001,0.956701793122813,0.043298206877187
152,5,C,NHB,0.241185721000,-0.000297080000,-0.001231747877811,0.001231747877811,0.000756677724195,NHB,0.000,0.001,0.243322275805176,0.756677724194824
153,5,C,NHB,0.617017436000,-0.000031546000,-0.000051126594095,0.000051126594095,0.000560286866762,NHB,0.000,0.001,0.439713133237621,0.560286866762379
154,5,C,NHB,0.617017436000,-0.000154515000,-0.000250422420802,0.000250422420802,-0.000189112669344,NHB,-0.001,0.000,0.189112669343732,0.810887330656268
155,5,C,NHB,0.617017436000,-0.000382701000,-0.000620243412376,0.000620243412376,0.000478575835306,NHB,0.000,0.001,0.521424164693800,0.478575835306200
156,5,C,NHB,0.517349488000,-0.000384336000,-0.000742894327558,0.000742894327558,0.000399852282903,NHB,0.000,0.001,0.600147717096745,0.399852282903255
157,5,C,NHB,0.517349488000,-0.000163906000,-0.000316818715011,0.000316818715011,-0.000029180149809,NHB,-0.001,0.000,0.029180149809019,0.970819850190981
158,5,C,NHB,0.517349488000,-0.000244358000,-0.000472326745591,0.000472326745591,0.000223535282351,NHB,0.000,0.001,0.776464717649117,0.223535282350883
159,5,C,NHB,0.517349488000,-0.000521209000,-0.001007460163950,0.001007460163950,0.000756438004632,NHB,0.000,0.001,0.243561995368015,0.756438004631985
160,5,C,NHB,0.517349488000,-0.000623239000,-0.001204676943645,0.001204676943645,0.000739622909527,NHB,0.000,0.001,0.260377090473179,0.739622909526821
161,5,C,NHB,0.517349488000,-0.000812422000,-0.001570354313369,0.001570354313369,0.000661176307466,NHB,0.000,0.001,0.338823692533802,0.661176307466198
162,5,C,NHB,0.517349488000,-0.000051122000,-0.000098815213286,0.000098815213286,-0.000038230769362,NHB,-0.001,0.000,0.038230769362467,0.961769230637533
163,5,C,NHB,0.517349488000,-0.000366592000,-0.000708596429499,0.000708596429499,0.000314026903406,NHB,0.000,0.001,0.685973096593836,0.314026903406164
164,5,C,NHB,0.517349488000,-0.000301945000,-0.000583638347005,0.000583638347005,0.000566899418341,NHB,0.000,0.001,0.433100581659478,0.566899418340522
165,5,C,NHB,0.626409493000,-0.000157878000,-0.000252036410310,0.000252036410310,-0.000152191759628,NHB,-0.001,0.000,0.152191759628327,0.847808240371673
166,5,C,NHB,0.626409493000,-0.000145456000,-0.000232205931783,0.000232205931783,0.000169447871961,NHB,0.000,0.001,0.830552128039391,0.169447871960609
167,5,C,NHB,0.626409493000,-0.000600068000,-0.000957948445395,0.000957948445395,0.000784939466344,NHB,0.000,0.001,0.215060533655724,0.784939466344276
168,5,C,NHB,0.626409493000,-0.000267821000,-0.000427549395392,0.000427549395392,-0.000051846783740,NHB,-0.001,0.000,0.051846783739791,0.948153216260209
169,5,C,NHB,0.626409493000,-0.000832894000,-0.001329631829191,0.001329631829191,0.000732970868464,NHB,0.000,0.001,0.267029131535599,0.732970868464401
170,5,C,NHB,0.626409493000,-0.000161408000,-0.000257671701664,0.000257671701664,0.000042697250617,NHB,0.000,0.001,0.957302749383485,0.042697250616515
171,5,C,NHB,0.626409493000,-0.000682992000,-0.001090328303821,0.001090328303821,0.000704713362322,NHB,0.000,0.001,0.295286637678275,0.704713362321725
172,5,C,NHB,0.626409493000,-0.000320005000,-0.000510855923443,0.000510855923443,0.000416105749600,NHB,0.000,0.001,0.583894250399729,0.416105749600271
173,5,C,NHB,0.626409493000,-0.000145842000,-0.000232822142113,0.000232822142113,0.000121063075962,NHB,0.000,0.001,0.878936924038359,0.121063075961641
174,5,C,NHB,0.626409493000,-0.000002125000,-0.000003392349611,0.000003392349611,0.000369310481756,NHB,0.000,0.001,0.630689518243722,0.369310481756278
175,5,C,NHB,0.604526425000,-0.000435256000,-0.000719994994429,0.000719994994429,0.000626039687588,NHB,0.000,0.001,0.373960312412095,0.626039687587905
176,5,C,NHB,0.604526425000,-0.000096298000,-0.000159294939009,0.000159294939009,-0.000066229499620,NHB,-0.001,0.000,0.066229499619535,0.933770500380464
177,5,C,NHB,0.604526425000,-0.000075670000,-0.000125172361159,0.000125172361159,0.000399427626879,NHB,0.000,0.001,0.600572373120739,0.399427626879261
178,5,C,NHB,0.604526425000,-0.000494366000,-0.000817774012112,0.000817774012112,0.000667240475530,NHB,0.000,0.001,0.332759524469524,0.667240475530476
179,5,C,NHB,0.604526425000,-0.000081774000,-0.000135269521097,0.000135269521097,-0.000023893995519,NHB,-0.001,0.000,0.023893995518585,0.976106004481415
180,5,C,NHB,0.604526425000,-0.000144270000,-0.000238649617343,0.000238649617343,0.000175967679278,NHB,0.000,0.001,0.824032320721685,0.175967679278315
181,5,C,NHB,0.604526425000,-0.000345125000,-0.000570901429164,0.000570901429164,-0.000073374474519,NHB,-0.001,0.000,0.073374474519317,0.926625525480683
182,5,C,NHB,0.604526425000,-0.000350825000,-0.000580330297389,0.000580330297389,0.000556343976857,NHB,0.000,0.001,0.443656023143483,0.556343976856517
183,5,C,NHB,0.610796623000,-0.000095822000,-0.000156880369655,0.000156880369655,0.000016006204125,NHB,0.000,0.001,0.983993795874517,0.016006204125483
184,5,C,NHB,0.610796623000,-0.000185505000,-0.000303709930629,0.000303709930629,0.000118127760929,NHB,0.000,0.001,0.881872239070551,0.118127760929449
185,5,C,NHB,0.610796623000,-0.000636928000,-0.001042782451664,0.001042782451664,0.000641915317826,NHB,0.000,0.001,0.358084682174397,0.641915317825603
186,5,C,NHB,0.610796623000,-0.000099520000,-0.000162934758072,0.000162934758072,-0.000164071969724,NHB,-0.001,0.000,0.164071969723997,0.835928030276003
187,5,C,NHB,0.610796623000,-0.000797188000,-0.001305161112523,0.001305161112523,0.000691706849701,NHB,0.000,0.001,0.308293150298697,0.691706849701303
188,5,C,NHB,0.610796623000,-0.000627572000,-0.001027464750734,0.001027464750734,0.000780225262736,NHB,0.000,0.001,0.219774737263799,0.780225262736201
189,5,C,NHB,0.610796623000,-0.000454762000,-0.000744539152437,0.000744539152437,0.000215390843407,NHB,0.000,0.001,0.784609156592547,0.215390843407453
190,5,C,NHB,0.610796623000,-0.000325114000,-0.000532278646865,0.000532278646865,0.000350415551278,NHB,0.000,0.001,0.649584448722309,0.350415551277691
191,5,C,NHB,0.610796623000,-0.000151546000,-0.000248112046291,0.000248112046291,0.000146700853752,NHB,0.000,0.001,0.853299146247659,0.146700853752341
192,6,C,NHB,0.241185721000,-0.000095014000,-0.000393945377886,0.000393945377886,-0.000386525431903,NHB,-0.001,0.000,0.386525431902822,0.613474568097178
193,6,C,NHB,0.241185721000,-0.000138376000,-0.000573732140635,0.000573732140635,0.000619006936676,NHB,0.000,0.001,0.380993063323570,0.619006936676430
194,6,C,NHB,0.241185721000,-0.000126534000,-0.000524633048239,0.000524633048239,0.000690225936402,NHB,0.000,0.001,0.309774063598330,0.690225936401670
195,6,C,NHB,0.617017436000,-0.000343184000,-0.000556198220629,0.000556198220629,0.000391486637977,NHB,0.000,0.001,0.608513362022870,0.391486637977130
196,6,C,NHB,0.617017436000,-0.000049009000,-0.000079428873709,0.000079428873709,0.000020356071790,NHB,0.000,0.001,0.979643928210498,0.020356071789502
197,6,C,NHB,0.617017436000,-0.000082517000,-0.000133735280700,0.000133735280700,0.000718378503148,NHB,0.000,0.001,0.281621496851992,0.718378503148008
198,6,C,NHB,0.617017436000,-0.000005673000,-0.000009194229642,0.000009194229642,-0.000060206525288,NHB,-0.001,0.000,0.060206525287697,0.939793474712303
199,6,C,NHB,0.617017436000,-0.000189872000,-0.000307725501618,0.000307725501618,0.000202746037902,NHB,0.000,0.001,0.797253962097829,0.202746037902171
200,6,C,NHB,0.517349488000,-0.000406952000,-0.000786609457319,0.000786609457319,0.000596088451143,NHB,0.000,0.001,0.403911548856593,0.596088451143407
201,6,C,NHB,0.517349488000,-0.000252505000,-0.000488074320854,0.000488074320854,0.000463635260475,NHB,0.000,0.001,0.536364739525172,0.463635260474828
202,6,C,NHB,0.517349488000,-0.000408329000,-0.000789271101009,0.000789271101009,0.000750837340001,NHB,0.000,0.001,0.249162659998703,0.750837340001297
203,6,C,NHB,0.517349488000,-0.000056556000,-0.000109318751273,0.000109318751273,0.000460105114147,NHB,0.000,0.001,0.539894885853485,0.460105114146515
204,6,C,NHB,0.517349488000,-0.000384057000,-0.000742355040274,0.000742355040274,0.000637852053083,NHB,0.000,0.001,0.362147946917266,0.637852053082734
205,6,C,NHB,0.517349488000,-0.000529648000,-0.001023772154579,0.001023772154579,0.000815115887722,NHB,0.000,0.001,0.184884112277886,0.815115887722114
206,6,C,NHB,0.517349488000,-0.000099976000,-0.000193246542848,0.000193246542848,-0.000258464621684,NHB,-0.001,0.000,0.258464621684012,0.741535378315988
207,6,C,NHB,0.517349488000,-0.000208510000,-0.000403035094914,0.000403035094914,-0.000427290884229,NHB,-0.001,0.000,0.427290884229222,0.572709115770778
208,6,C,NHB,0.517349488000,-0.000102967000,-0.000199027934478,0.000199027934478,-0.000213104942912,NHB,-0.001,0.000,0.213104942911604,0.786895057088396
209,6,C,NHB,0.517349488000,-0.000160369000,-0.000309981943966,0.000309981943966,-0.000391435766360,NHB,-0.001,0.000,0.391435766360083,0.608564233639917
210,6,C,NHB,0.517349488000,-0.000129732000,-0.000250762788036,0.000250762788036,0.000361345220262,NHB,0.000,0.001,0.638654779737638,0.361345220262362
211,6,C,NHB,0.626409493000,-0.000201781000,-0.000322123151477,0.000322123151477,0.000195337674741,NHB,0.000,0.001,0.804662325258913,0.195337674741087
212,6,C,NHB,0.626409493000,-0.000059005000,-0.000094195571203,0.000094195571203,-0.000103817981093,NHB,-0.001,0.000,0.103817981093243,0.896182018906757
213,6,C,NHB,0.626409493000,-0.000040170000,-0.000064127380649,0.000064127380649,-0.000025135355773,NHB,-0.001,0.000,0.025135355773331,0.974864644226669
214,6,C,NHB,0.626409493000,-0.000076288000,-0.000121786149240,0.000121786149240,-0.000045025471105,NHB,-0.001,0.000,0.045025471105379,0.954974528894621
215,6,C,NHB,0.626409493000,-0.000495182000,-0.000790508454188,0.000790508454188,0.000629345049625,NHB,0.000,0.001,0.370654950374988,0.629345049625012
216,6,C,NHB,0.626409493000,-0.000001987000,-0.000003172046436,0.000003172046436,-0.000020189010290,NHB,-0.001,0.000,0.020189010290089,0.979810989709911
217,6,C,NHB,0.626409493000,-0.000639765000,-0.001021320728931,0.001021320728931,0.000820202894057,NHB,0.000,0.001,0.179797105942908,0.820202894057092
218,6,C,NHB,0.626409493000,-0.000443727000,-0.000708365701603,0.000708365701603,0.000566830245237,NHB,0.000,0.001,0.433169754762722,0.566830245237278
219,6,C,NHB,0.626409493000,-0.000511191000,-0.000816065218858,0.000816065218858,0.000746460771133,NHB,0.000,0.001,0.253539228866722,0.746460771133278
220,6,C,NHB,0.626409493000,-0.000162661000,-0.000259671990635,0.000259671990635,0.000184744672028,NHB,0.000,0.001,0.815255327971620,0.184744672028380
221,6,C,NHB,0.626409493000,-0.000073745000,-0.000117726504506,0.000117726504506,0.000034338489391,NHB,0.000,0.001,0.965661510608880,0.034338489391120
222,6,C,NHB,0.626409493000,-0.000156507000,-0.000249847746161,0.000249847746161,0.000146499083802,NHB,0.000,0.001,0.853500916197693,0.146499083802307
223,6,C,NHB,0.626409493000,-0.000144070000,-0.000229993321637,0.000229993321637,0.000159731374632,NHB,0.000,0.001,0.840268625368412,0.159731374631588
224,6,C,NHB,0.626409493000,-0.000426972000,-0.000681618022669,0.000681618022669,0.000716931096325,NHB,0.000,0.001,0.283068903674740,0.716931096325260
225,6,C,NHB,0.604526425000,-0.000468013000,-0.000774181211351,0.000774181211351,0.000524708542130,NHB,0.000,0.001,0.475291457869865,0.524708542130135
226,6,C,NHB,0.604526425000,-0.000186995000,-0.000309324774347,0.000309324774347,0.000232169189143,NHB,0.000,0.001,0.767830810856733,0.232169189143267
227,6,C,NHB,0.604526425000,-0.000666229000,-0.001102067622602,0.001102067622602,0.000797178327818,NHB,0.000,0.001,0.202821672182348,0.797178327817652
228,6,C,NHB,0.604526425000,-0.000005310000,-0.000008783735136,0.000008783735136,0.000153723843952,NHB,0.000,0.001,0.846276156048188,0.153723843951812
229,6,C,NHB,0.604526425000,-0.000380359000,-0.000629185068295,0.000629185068295,0.000500654388131,NHB,0.000,0.001,0.499345611869197,0.500654388130803
230,6,C,NHB,0.604526425000,-0.000723829000,-0.001197348817299,0.001197348817299,0.000779576259950,NHB,0.000,0.001,0.220423740050334,0.779576259949666
231,6,C,NHB,0.604526425000,-0.000090809000,-0.000150215104327,0.000150215104327,0.000040607302814,NHB,0.000,0.001,0.959392697186400,0.040607302813600
232,6,C,NHB,0.604526425000,-0.000117724000,-0.000194737558412,0.000194737558412,-0.000249198118928,NHB,-0.001,0.000,0.249198118927716,0.750801881072284
233,6,C,NHB,0.604526425000,-0.000026773000,-0.000044287559473,0.000044287559473,-0.000011439637666,NHB,-0.001,0.000,0.011439637665561,0.988560362334439
234,6,C,NHB,0.604526425000,-0.000022513000,-0.000037240721115,0.000037240721115,-0.000198828569637,NHB,-0.001,0.000,0.198828569636544,0.801171430363456
235,6,C,NHB,0.604526425000,-0.000258640000,-0.000427839031189,0.000427839031189,0.000429074510062,NHB,0.000,0.001,0.570925489937913,0.429074510062087
236,6,C,NHB,0.604526425000,-0.000026449000,-0.000043751602753,0.000043751602753,-0.000031370870544,NHB,-0.001,0.000,0.031370870543765,0.968629129456235
237,6,C,NHB,0.604526425000,-0.000276790000,-0.000457862532643,0.000457862532643,0.000322987704217,NHB,0.000,0.001,0.677012295782705,0.322987704217295
238,6,C,NHB,0.610796623000,-0.000062661000,-0.000102588975840,0.000102588975840,-0.000020900092749,NHB,-0.001,0.000,0.020900092749432,0.979099907250568
239,6,C,NHB,0.610796623000,-0.000175141000,-0.000286741925880,0.000286741925880,-0.000353282484297,NHB,-0.001,0.000,0.353282484297180,0.646717515702820
240,6,C,NHB,0.610796623000,-0.000000093000,-0.000000152260174,0.000000152260174,0.000062261108589,NHB,0.000,0.001,0.937738891410543,0.062261108589457
241,6,C,NHB,0.610796623000,-0.000096090000,-0.000157319140908,0.000157319140908,0.000103780397349,NHB,0.000,0.001,0.896219602651092,0.103780397348908
242,6,C,NHB,0.610796623000,-0.000587815000,-0.000962374345020,0.000962374345020,0.000767905064296,NHB,0.000,0.001,0.232094935703626,0.767905064296374
243,6,C,NHB,0.610796623000,-0.000549489000,-0.000899626781335,0.000899626781335,0.000745482167748,NHB,0.000,0.001,0.254517832251643,0.745482167748357
244,6,C,NHB,0.610796623000,-0.000033471000,-0.000054798927728,0.000054798927728,0.000642870870723,NHB,0.000,0.001,0.357129129276555,0.642870870723445
245,6,C,NHB,0.610796623000,-0.000290975000,-0.000476386065415,0.000476386065415,0.000620319524392,NHB,0.000,0.001,0.379680475607785,0.620319524392215
246,6,C,NHB,0.610796623000,-0.000311896000,-0.000510638055705,0.000510638055705,0.000373461345484,NHB,0.000,0.001,0.626538654515648,0.373461345484352
247,6,C,NHB,0.610796623000,-0.000318275000,-0.000521081793866,0.000521081793866,0.000384338404456,NHB,0.000,0.001,0.615661595543674,0.384338404456326
248,6,C,NHB,0.610796623000,-0.000029264000,-0.000047911201369,0.000047911201369,-0.000224348840725,NHB,-0.001,0.000,0.224348840725035,0.775651159274965
249,6,C,NHB,0.610796623000,-0.000065661000,-0.000107500594351,0.000107500594351,-0.000103417353698,NHB,-0.001,0.000,0.103417353698241,0.896582646301759
250,7,C,NHB,0.241185721000,-0.000054214000,-0.000224781134535,0.000224781134535,0.000110957415049,NHB,0.000,0.001,0.889042584951430,0.110957415048570
251,7,C,NHB,0.241185721000,-0.000018252000,-0.000075676121805,0.000075676121805,-0.000013056488437,NHB,-0.001,0.000,0.013056488436622,0.986943511563378
252,7,C,NHB,0.241185721000,-0.000189646000,-0.000786306914081,0.000786306914081,0.000812239309162,NHB,0.000,0.001,0.187760690838358,0.812239309161642
253,7,C,NHB,0.241185721000,-0.000162172000,-0.000672394697860,0.000672394697860,0.000522563583792,NHB,0.000,0.001,0.477436416208099,0.522563583791901
254,7,C,NHB,0.617017436000,-0.000300659000,-0.000487277964054,0.000487277964054,0.000360402569959,NHB,0.000,0.001,0.639597430040627,0.360402569959373
255,7,C,NHB,0.617017436000,-0.000203585000,-0.000329950157195,0.000329950157195,-0.000387393686378,NHB,-0.001,0.000,0.387393686377541,0.612606313622459
256,7,C,NHB,0.617017436000,-0.000257667000,-0.000417600840700,0.000417600840700,0.000440784550937,NHB,0.000,0.001,0.559215449062860,0.440784550937140
257,7,C,NHB,0.617017436000,-0.000158549000,-0.000256960323565,0.000256960323565,0.000774508980644,NHB,0.000,0.001,0.225491019355737,0.774508980644263
258,7,C,NHB,0.517349488000,-0.000506060000,-0.000978178217507,0.000978178217507,0.000758366984195,NHB,0.000,0.001,0.241633015805188,0.758366984194812
259,7,C,NHB,0.517349488000,-0.000612697000,-0.001184300002632,0.001184300002632,0.000816987483812,NHB,0.000,0.001,0.183012516187636,0.816987483812364
260,7,C,NHB,0.517349488000,-0.000187903000,-0.000363203220180,0.000363203220180,0.000284428967472,NHB,0.000,0.001,0.715571032527839,0.284428967472161
261,7,C,NHB,0.517349488000,-0.000373431000,-0.000721815733197,0.000721815733197,0.000565831053342,NHB,0.000,0.001,0.434168946658472,0.565831053341528
262,7,C,NHB,0.517349488000,-0.000301330000,-0.000582449595466,0.000582449595466,0.000420669179152,NHB,0.000,0.001,0.579330820848089,0.420669179151911
263,7,C,NHB,0.517349488000,-0.000437813000,-0.000846261589419,0.000846261589419,0.000671682192683,NHB,0.000,0.001,0.328317807317006,0.671682192682994
264,7,C,NHB,0.517349488000,-0.000078574000,-0.000151877989295,0.000151877989295,0.000038984562432,NHB,0.000,0.001,0.961015437568117,0.038984562431883
265,7,C,NHB,0.517349488000,-0.000007290000,-0.000014091054827,0.000014091054827,-0.000087909974541,NHB,-0.001,0.000,0.087909974541219,0.912090025458781
266,7,C,NHB,0.517349488000,-0.000068468000,-0.000132343805470,0.000132343805470,-0.000095058978206,NHB,-0.001,0.000,0.095058978205514,0.904941021794486
267,7,C,NHB,0.517349488000,-0.000063389000,-0.000122526457395,0.000122526457395,0.000007702388526,NHB,0.000,0.001,0.992297611473964,0.007702388526036
268,7,C,NHB,0.517349488000,-0.000143189000,-0.000276774218050,0.000276774218050,0.000141437992313,NHB,0.000,0.001,0.858562007687152,0.141437992312848
269,7,C,NHB,0.517349488000,-0.000220909000,-0.000427001485696,0.000427001485696,0.000251228958010,NHB,0.000,0.001,0.748771041990315,0.251228958009685
270,7,C,NHB,0.517349488000,-0.000071560000,-0.000138320422963,0.000138320422963,-0.000085337168218,NHB,-0.001,0.000,0.085337168218070,0.914662831781930
271,7,C,NHB,0.517349488000,-0.000066867000,-0.000129249185610,0.000129249185610,0.000016994880471,NHB,0.000,0.001,0.983005119529321,0.016994880470679
272,7,C,NHB,0.626409493000,-0.000055862000,-0.000089178086578,0.000089178086578,-0.000078806787596,NHB,-0.001,0.000,0.078806787595527,0.921193212404473
273,7,C,NHB,0.626409493000,-0.000241544000,-0.000385600797400,0.000385600797400,-0.000403055506740,NHB,-0.001,0.000,0.403055506740300,0.596944493259700
274,7,C,NHB,0.626409493000,-0.000487286000,-0.000777903281233,0.000777903281233,0.000557302383707,NHB,0.000,0.001,0.442697616293034,0.557302383706966
275,7,C,NHB,0.626409493000,-0.000476185000,-0.000760181646864,0.000760181646864,0.000656587917958,NHB,0.000,0.001,0.343412082041646,0.656587917958354
276,7,C,NHB,0.626409493000,-0.000104990000,-0.000167606016788,0.000167606016788,-0.000139268701191,NHB,-0.001,0.000,0.139268701190759,0.860731298809241
277,7,C,NHB,0.626409493000,-0.000507411000,-0.000810030827550,0.000810030827550,0.000721848640608,NHB,0.000,0.001,0.278151359392357,0.721848640607643
278,7,C,NHB,0.626409493000,-0.000099595000,-0.000158993439775,0.000158993439775,0.000031529742836,NHB,0.000,0.001,0.968470257163961,0.031529742836039
279,7,C,NHB,0.626409493000,-0.000735977000,-0.001174913548125,0.001174913548125,0.000843227372010,NHB,0.000,0.001,0.156772627989907,0.843227372010093
280,7,C,NHB,0.626409493000,-0.000347238000,-0.000554330679660,0.000554330679660,0.000399997489919,NHB,0.000,0.001,0.600002510081123,0.399997489918877
281,7,C,NHB,0.626409493000,-0.000073974000,-0.000118092080064,0.000118092080064,-0.000139696782844,NHB,-0.001,0.000,0.139696782843724,0.860303217156276
282,7,C,NHB,0.626409493000,-0.000276279000,-0.000441051745044,0.000441051745044,0.000245150168494,NHB,0.000,0.001,0.754849831506031,0.245150168493969
283,7,C,NHB,0.604526425000,-0.000493652000,-0.000816592922303,0.000816592922303,0.000595181472508,NHB,0.000,0.001,0.404818527491967,0.595181472508033
284,7,C,NHB,0.604526425000,-0.000421646000,-0.000697481503807,0.000697481503807,0.000785336203778,NHB,0.000,0.001,0.214663796221736,0.785336203778264
285,7,C,NHB,0.604526425000,-0.000049705000,-0.000082221385111,0.000082221385111,-0.000108950846485,NHB,-0.001,0.000,0.108950846484962,0.891049153515038
286,7,C,NHB,0.604526425000,-0.000440167000,-0.000728118708789,0.000728118708789,0.000524469827793,NHB,0.000,0.001,0.475530172207394,0.524469827792606
287,7,C,NHB,0.604526425000,-0.000070011000,-0.000115811314617,0.000115811314617,0.000209516585690,NHB,0.000,0.001,0.790483414309917,0.209516585690083
288,7,C,NHB,0.604526425000,-0.000609026000,-0.001007443140306,0.001007443140306,0.000810806070076,NHB,0.000,0.001,0.189193929923898,0.810806070076102
289,7,C,NHB,0.604526425000,-0.000173054000,-0.000286263747693,0.000286263747693,0.000161728292144,NHB,0.000,0.001,0.838271707855627,0.161728292144373
290,7,C,NHB,0.604526425000,-0.000192412000,-0.000318285507536,0.000318285507536,-0.000316261035181,NHB,-0.001,0.000,0.316261035180698,0.683738964819302
291,7,C,NHB,0.604526425000,-0.000156997000,-0.000259702460484,0.000259702460484,0.000165481897527,NHB,0.000,0.001,0.834518102473172,0.165481897526828
292,7,C,NHB,0.604526425000,-0.000185132000,-0.000306243023206,0.000306243023206,0.000213548017080,NHB,0.000,0.001,0.786451982920320,0.213548017079680
293,7,C,NHB,0.604526425000,-0.000039088000,-0.000064658877401,0.000064658877401,0.000394910280723,NHB,0.000,0.001,0.605089719277412,0.394910280722588
294,7,C,NHB,0.604526425000,-0.000203439000,-0.000336526232083,0.000336526232083,-0.000318287970887,NHB,-0.001,0.000,0.318287970887158,0.681712029112842
295,7,C,NHB,0.604526425000,-0.000266962000,-0.000441605178798,0.000441605178798,0.000702783348547,NHB,0.000,0.001,0.297216651453081,0.702783348546919
296,7,C,NHB,0.610796623000,-0.000131738000,-0.000215682266469,0.000215682266469,-0.000184373398907,NHB,-0.001,0.000,0.184373398906707,0.815626601093293
297,7,C,NHB,0.610796623000,-0.000068846000,-0.000112715096003,0.000112715096003,-0.000205445200837,NHB,-0.001,0.000,0.205445200836807,0.794554799163193
298,7,C,NHB,0.610796623000,-0.000599723000,-0.000981870196096,0.000981870196096,0.000767193664268,NHB,0.000,0.001,0.232806335732176,0.767193664267824
299,7,C,NHB,0.610796623000,-0.000163636000,-0.000267905868890,0.000267905868890,0.000163285830434,NHB,0.000,0.001,0.836714169565918,0.163285830434082
300,7,C,NHB,0.610796623000,-0.000594796000,-0.000973803681295,0.000973803681295,0.000796491141900,NHB,0.000,0.001,0.203508858099584,0.796491141900416
301,7,C,NHB,0.610796623000,-0.000403160000,-0.000660056039635,0.000660056039635,0.000432300199699,NHB,0.000,0.001,0.567699800301397,0.432300199698603
302,7,C,NHB,0.610796623000,-0.000041162000,-0.000067390680384,0.000067390680384,-0.000055166481791,NHB,-0.001,0.000,0.055166481791431,0.944833518208569
303,7,C,NHB,0.610796623000,-0.000048242000,-0.000078982100070,0.000078982100070,0.000750589894401,NHB,0.000,0.001,0.249410105598633,0.750589894401367
304,7,C,NHB,0.610796623000,-0.000050718000,-0.000083035822547,0.000083035822547,0.000536281315780,NHB,0.000,0.001,0.463718684220284,0.536281315779716
305,7,C,NHB,0.610796623000,-0.000120488000,-0.000197263697052,0.000197263697052,0.000703041691690,NHB,0.000,0.001,0.296958308310431,0.703041691689569
306,7,C,NHB,0.610796623000,-0.000203090000,-0.000332500201135,0.000332500201135,0.000213737699332,NHB,0.000,0.001,0.786262300668351,0.213737699331649
307,7,C,NHB,0.610796623000,-0.000087327000,-0.000142972303238,0.000142972303238,0.000532112268006,NHB,0.000,0.001,0.467887731994427,0.532112268005573
308,7,C,NHB,0.610796623000,-0.000073368000,-0.000120118542306,0.000120118542306,0.000122913918567,NHB,0.000,0.001,0.877086081433349,0.122913918566651
309,7,C,NHB,0.610796623000,-0.000102519000,-0.000167844739377,0.000167844739377,0.000008709267031,NHB,0.000,0.001,0.991290732969256,0.008709267030744
310,8,C,NHB,0.241185721000,-0.000010072000,-0.000041760349486,0.000041760349486,-0.000182948067812,NHB,-0.001,0.000,0.182948067811790,0.817051932188210
311,8,C,NHB,0.241185721000,-0.000260460000,-0.001079914677038,0.001079914677038,0.000724899537814,NHB,0.000,0.001,0.275100462185912,0.724899537814088
312,8,C,NHB,0.241185721000,-0.000154034000,-0.000638653065204,0.000638653065204,0.000449889789900,NHB,0.000,0.001,0.550110210099785,0.449889789900215
313,8,C,NHB,0.617017436000,-0.000131356000,-0.000212888635452,0.000212888635452,0.000527683123068,NHB,0.000,0.001,0.472316876931693,0.527683123068307
314,8,C,NHB,0.617017436000,-0.000277301000,-0.000449421659455,0.000449421659455,0.000290292759207,NHB,0.000,0.001,0.709707240792659,0.290292759207341
315,8,C,NHB,0.617017436000,-0.000044799000,-0.000072605727790,0.000072605727790,-0.000014060207103,NHB,-0.001,0.000,0.014060207102740,0.985939792897260
316,8,C,NHB,0.617017436000,-0.000092141000,-0.000149332895027,0.000149332895027,-0.000341693480115,NHB,-0.001,0.000,0.341693480114825,0.658306519885175
317,8,C,NHB,0.617017436000,-0.000023985000,-0.000038872483338,0.000038872483338,0.000460392589402,NHB,0.000,0.001,0.539607410598043,0.460392589401957
318,8,C,NHB,0.517349488000,-0.000650263000,-0.001256912425900,0.001256912425900,0.000792382979517,NHB,0.000,0.001,0.207617020483102,0.792382979516898
319,8,C,NHB,0.517349488000,-0.000545172000,-0.001053778949521,0.001053778949521,0.000724732738997,NHB,0.000,0.001,0.275267261003056,0.724732738996944
320,8,C,NHB,0.517349488000,-0.000415174000,-0.000802502002283,0.000802502002283,0.000695149326891,NHB,0.000,0.001,0.304850673109289,0.695149326890711
321,8,C,NHB,0.517349488000,-0.000259314000,-0.000501235636673,0.000501235636673,0.000330878982529,NHB,0.000,0.001,0.669121017471132,0.330878982528868
322,8,C,NHB,0.517349488000,-0.000387280000,-0.000748584871510,0.000748584871510,0.000592340027573,NHB,0.000,0.001,0.407659972426574,0.592340027573426
323,8,C,NHB,0.517349488000,-0.000153921000,-0.000297518415636,0.000297518415636,0.000214228343390,NHB,0.000,0.001,0.785771656610243,0.214228343389757
324,8,C,NHB,0.517349488000,-0.000380045000,-0.000734600127796,0.000734600127796,0.000571437057226,NHB,0.000,0.001,0.428562942774393,0.571437057225607
325,8,C,NHB,0.517349488000,0.000028295000,0.000054692235435,-0.000054692235435,-0.000270165092863,NHB,-0.001,0.000,0.270165092863082,0.729834907136918
326,8,C,NHB,0.517349488000,-0.000117336000,-0.000226802196043,0.000226802196043,0.000136010504781,NHB,0.000,0.001,0.863989495219410,0.136010504780590
327,8,C,NHB,0.517349488000,0.000000441000,0.000000852421835,-0.000000852421835,-0.000106128673923,NHB,-0.001,0.000,0.106128673923279,0.893871326076721
328,8,C,NHB,0.517349488000,-0.000041313000,-0.000079855109473,0.000079855109473,-0.000151551908065,NHB,-0.001,0.000,0.151551908064621,0.848448091935379
329,8,C,NHB,0.517349488000,-0.000104420000,-0.000201836480797,0.000201836480797,-0.000425623085709,NHB,-0.001,0.000,0.425623085709239,0.574376914290761
330,8,C,NHB,0.626409493000,-0.000007754000,-0.000012378484181,0.000012378484181,0.000179999254402,NHB,0.000,0.001,0.820000745597779,0.179999254402221
331,8,C,NHB,0.626409493000,-0.000041280000,-0.000065899384446,0.000065899384446,-0.000042155774123,NHB,-0.001,0.000,0.042155774123093,0.957844225876907
332,8,C,NHB,0.626409493000,-0.000008863000,-0.000014148891578,0.000014148891578,-0.000082738449450,NHB,-0.001,0.000,0.082738449449629,0.917261550550371
333,8,C,NHB,0.626409493000,-0.000075427000,-0.000120411648998,0.000120411648998,-0.000319098961860,NHB,-0.001,0.000,0.319098961859978,0.680901038140022
334,8,C,NHB,0.626409493000,-0.000475229000,-0.000758655488639,0.000758655488639,0.000604802702977,NHB,0.000,0.001,0.395197297022713,0.604802702977287
335,8,C,NHB,0.626409493000,-0.000398718000,-0.000636513342240,0.000636513342240,0.000516809228404,NHB,0.000,0.001,0.483190771596032,0.516809228403968
336,8,C,NHB,0.626409493000,-0.000039517000,-0.000063084931569,0.000063084931569,-0.000103823475587,NHB,-0.001,0.000,0.103823475587072,0.896176524412928
337,8,C,NHB,0.626409493000,-0.000682626000,-0.001089744021488,0.001089744021488,0.000837360179650,NHB,0.000,0.001,0.162639820349673,0.837360179650327
338,8,C,NHB,0.626409493000,-0.000104117000,-0.000166212359748,0.000166212359748,-0.000406163203103,NHB,-0.001,0.000,0.406163203103353,0.593836796896647
339,8,C,NHB,0.626409493000,-0.000567718000,-0.000906304911315,0.000906304911315,0.000733408967281,NHB,0.000,0.001,0.266591032719347,0.733408967280653
340,8,C,NHB,0.626409493000,-0.000001108000,-0.000001768810997,0.000001768810997,0.000213802321666,NHB,0.000,0.001,0.786197678333674,0.213802321666326
341,8,C,NHB,0.626409493000,-0.000066889000,-0.000106781587360,0.000106781587360,0.000006732405491,NHB,0.000,0.001,0.993267594508834,0.006732405491166
342,8,C,NHB,0.626409493000,-0.000248988000,-0.000397484397638,0.000397484397638,0.000310280129934,NHB,0.000,0.001,0.689719870066340,0.310280129933660
343,8,C,NHB,0.604526425000,-0.000585756000,-0.000968950199323,0.000968950199323,0.000772403438821,NHB,0.000,0.001,0.227596561178711,0.772403438821289
344,8,C,NHB,0.604526425000,-0.000332915000,-0.000550703800913,0.000550703800913,0.000538700402459,NHB,0.000,0.001,0.461299597540841,0.538700402459159
345,8,C,NHB,0.604526425000,-0.000179077000,-0.000296226918451,0.000296226918451,0.000182488975771,NHB,0.000,0.001,0.817511024228597,0.182488975771403
346,8,C,NHB,0.604526425000,-0.000329768000,-0.000545498073140,0.000545498073140,0.000742427194001,NHB,0.000,0.001,0.257572805998907,0.742427194001093
347,8,C,NHB,0.604526425000,0.000015679000,0.000025936004369,-0.000025936004369,-0.000147523386912,NHB,-0.001,0.000,0.147523386911600,0.852476613088400
348,8,C,NHB,0.604526425000,-0.000412623000,-0.000682555770825,0.000682555770825,0.000592999213027,NHB,0.000,0.001,0.407000786973155,0.592999213026845
349,8,C,NHB,0.604526425000,-0.000065125000,-0.000107728954942,0.000107728954942,-0.000023489084363,NHB,-0.001,0.000,0.023489084363015,0.976510915636985
350,8,C,NHB,0.604526425000,0.000022177000,0.000036684914146,-0.000036684914146,-0.000167460395234,NHB,-0.001,0.000,0.167460395233724,0.832539604766276
351,8,C,NHB,0.604526425000,-0.000318605000,-0.000527032379106,0.000527032379106,0.000374149494885,NHB,0.000,0.001,0.625850505114590,0.374149494885410
352,8,C,NHB,0.604526425000,-0.000133301000,-0.000220504835665,0.000220504835665,0.000135717987642,NHB,0.000,0.001,0.864282012357713,0.135717987642287
353,8,C,NHB,0.604526425000,0.000001138000,0.000001882465270,-0.000001882465270,-0.000062447399759,NHB,-0.001,0.000,0.062447399758805,0.937552600241195
354,8,C,NHB,0.604526425000,-0.000248991000,-0.000411877776890,0.000411877776890,-0.000505270396885,NHB,-0.001,0.000,0.505270396884757,0.494729603115243
355,8,C,NHB,0.610796623000,0.000071117000,0.000116433191216,-0.000116433191216,-0.000178724163421,NHB,-0.001,0.000,0.178724163421183,0.821275836578817
356,8,C,NHB,0.610796623000,-0.000121827000,-0.000199455916114,0.000199455916114,0.000115707544516,NHB,0.000,0.001,0.884292455484501,0.115707544515499
357,8,C,NHB,0.610796623000,-0.000029782000,-0.000048759274165,0.000048759274165,-0.000319742306154,NHB,-0.001,0.000,0.319742306153598,0.680257693846402
358,8,C,NHB,0.610796623000,-0.000538836000,-0.000882185624003,0.000882185624003,0.000745298078625,NHB,0.000,0.001,0.254701921374519,0.745298078625481
359,8,C,NHB,0.610796623000,-0.000045247000,-0.000074078667589,0.000074078667589,-0.000041470589798,NHB,-0.001,0.000,0.041470589798164,0.958529410201836
360,8,C,NHB,0.610796623000,-0.000550216000,-0.000900817030221,0.000900817030221,0.000773057495879,NHB,0.000,0.001,0.226942504120800,0.773057495879200
361,8,C,NHB,0.610796623000,-0.000273028000,-0.000447003126276,0.000447003126276,0.000334233138626,NHB,0.000,0.001,0.665766861374462,0.334233138625538
362,8,C,NHB,0.610796623000,-0.000158006000,-0.000258688398151,0.000258688398151,-0.000388958356038,NHB,-0.001,0.000,0.388958356038248,0.611041643961752
363,8,C,NHB,0.610796623000,-0.000589818000,-0.000965653668979,0.000965653668979,0.000719077506705,NHB,0.000,0.001,0.280922493294667,0.719077506705333
364,8,C,NHB,0.610796623000,-0.000220776000,-0.000361455829464,0.000361455829464,0.000449224169720,NHB,0.000,0.001,0.550775830280095,0.449224169719905
365,8,C,NHB,0.610796623000,-0.000263972000,-0.000432176587198,0.000432176587198,0.000314221476769,NHB,0.000,0.001,0.685778523230852,0.314221476769148
366,8,C,NHB,0.610796623000,-0.000066318000,-0.000108576238805,0.000108576238805,-0.000029898603537,NHB,-0.001,0.000,0.029898603537096,0.970101396462904
367,9,C,NHB,0.241185721000,-0.000028152000,-0.000116723327912,0.000116723327912,-0.000733127475283,NHB,-0.001,0.000,0.733127475282656,0.266872524717344
368,9,C,NHB,0.241185721000,-0.000139079000,-0.000576646906887,0.000576646906887,0.000229548809613,NHB,0.000,0.001,0.770451190387094,0.229548809612906
369,9,C,NHB,0.241185721000,-0.000138540000,-0.000574412114555,0.000574412114555,0.000578030901615,NHB,0.000,0.001,0.421969098385180,0.578030901614820
370,9,C,NHB,0.617017436000,-0.000017500000,-0.000028362245504,0.000028362245504,-0.000033225582613,NHB,-0.001,0.000,0.033225582613068,0.966774417386932
371,9,C,NHB,0.617017436000,-0.000097614000,-0.000158202984721,0.000158202984721,0.000684433769634,NHB,0.000,0.001,0.315566230365936,0.684433769634064
372,9,C,NHB,0.617017436000,0.000129492000,0.000209867651131,-0.000209867651131,-0.000190540649018,NHB,-0.001,0.000,0.190540649018330,0.809459350981670
373,9,C,NHB,0.617017436000,-0.000238450000,-0.000386455853737,0.000386455853737,-0.000060340119512,NHB,-0.001,0.000,0.060340119511808,0.939659880488192
374,9,C,NHB,0.517349488000,-0.000600417000,-0.001160563630441,0.001160563630441,0.000535584721293,NHB,0.000,0.001,0.464415278706695,0.535584721293305
375,9,C,NHB,0.517349488000,-0.000397139000,-0.000767641621789,0.000767641621789,0.000198981982834,NHB,0.000,0.001,0.801018017165795,0.198981982834205
376,9,C,NHB,0.517349488000,-0.000400491000,-0.000774120800908,0.000774120800908,0.000727912732607,NHB,0.000,0.001,0.272087267392976,0.727912732607024
377,9,C,NHB,0.517349488000,-0.000249072000,-0.000481438574459,0.000481438574459,0.000381085465417,NHB,0.000,0.001,0.618914534582536,0.381085465417464
378,9,C,NHB,0.517349488000,-0.000347182000,-0.000671078271174,0.000671078271174,0.000505228125123,NHB,0.000,0.001,0.494771874877335,0.505228125122665
379,9,C,NHB,0.517349488000,-0.000037244000,-0.000071990020023,0.000071990020023,-0.000754564177664,NHB,-0.001,0.000,0.754564177663991,0.245435822336009
380,9,C,NHB,0.517349488000,-0.000169729000,-0.000328074162509,0.000328074162509,-0.000779903387871,NHB,-0.001,0.000,0.779903387870759,0.220096612129241
381,9,C,NHB,0.517349488000,0.000056210000,0.000108649957725,-0.000108649957725,-0.000573926201321,NHB,-0.001,0.000,0.573926201320917,0.426073798679083
382,9,C,NHB,0.517349488000,-0.000111213000,-0.000214966869746,0.000214966869746,0.000167791079046,NHB,0.000,0.001,0.832208920953654,0.167791079046346
383,9,C,NHB,0.626409493000,0.000130591000,0.000208475448503,-0.000208475448503,-0.000332216862455,NHB,-0.001,0.000,0.332216862455314,0.667783137544686
384,9,C,NHB,0.626409493000,0.000128110000,0.000204514780557,-0.000204514780557,-0.000389813727654,NHB,-0.001,0.000,0.389813727653722,0.610186272346278
385,9,C,NHB,0.626409493000,-0.000493461000,-0.000787761050103,0.000787761050103,0.000692248671377,NHB,0.000,0.001,0.307751328623302,0.692248671376698
386,9,C,NHB,0.626409493000,-0.000358440000,-0.000572213550410,0.000572213550410,0.000417979989125,NHB,0.000,0.001,0.582020010874958,0.417979989125042
387,9,C,NHB,0.626409493000,-0.000746662000,-0.001191971080170,0.001191971080170,0.000520268744564,NHB,0.000,0.001,0.479731255436277,0.520268744563723
388,9,C,NHB,0.626409493000,-0.000001741000,-0.000002779332081,0.000002779332081,-0.000136199779299,NHB,-0.001,0.000,0.136199779298554,0.863800220701446
389,9,C,NHB,0.626409493000,-0.000555409000,-0.000886654825967,0.000886654825967,0.000221161285944,NHB,0.000,0.001,0.778838714055879,0.221161285944121
390,9,C,NHB,0.626409493000,-0.000501508000,-0.000800607279430,0.000800607279430,0.000732495003337,NHB,0.000,0.001,0.267504996662965,0.732495003337035
391,9,C,NHB,0.626409493000,0.000064571000,0.000103081132584,-0.000103081132584,-0.000193791911252,NHB,-0.001,0.000,0.193791911251892,0.806208088748108
392,9,C,NHB,0.626409493000,0.000126150000,0.000201385836916,-0.000201385836916,-0.000217514642209,NHB,-0.001,0.000,0.217514642209208,0.782485357790792
393,9,C,NHB,0.626409493000,-0.000001431000,-0.000002284448138,0.000002284448138,-0.000117572438102,NHB,-0.001,0.000,0.117572438101805,0.882427561898195
394,9,C,NHB,0.604526425000,-0.000770652000,-0.001274802834301,0.001274802834301,0.000734641167074,NHB,0.000,0.001,0.265358832925834,0.734641167074166
395,9,C,NHB,0.604526425000,-0.000282982000,-0.000468105261073,0.000468105261073,0.000222646595829,NHB,0.000,0.001,0.777353404170572,0.222646595829428
396,9,C,NHB,0.604526425000,-0.000701820000,-0.001160941806638,0.001160941806638,0.000764245858231,NHB,0.000,0.001,0.235754141769463,0.764245858230537
397,9,C,NHB,0.604526425000,-0.000097208000,-0.000160800249551,0.000160800249551,0.000088839447449,NHB,0.000,0.001,0.911160552550980,0.088839447449020
398,9,C,NHB,0.604526425000,-0.000382655000,-0.000632983082584,0.000632983082584,0.000281340907761,NHB,0.000,0.001,0.718659092238822,0.281340907761178
399,9,C,NHB,0.604526425000,0.000179137000,0.000296326169696,-0.000296326169696,-0.000538837635057,NHB,-0.001,0.000,0.538837635057115,0.461162364942885
400,9,C,NHB,0.604526425000,0.000024629000,0.000040740981670,-0.000040740981670,-0.000586999168570,NHB,-0.001,0.000,0.586999168569885,0.413000831430115
401,9,C,NHB,0.604526425000,0.000109606000,0.000181308865034,-0.000181308865034,-0.000364916264365,NHB,-0.001,0.000,0.364916264365329,0.635083735634671
402,9,C,NHB,0.604526425000,-0.000151925000,-0.000251312421951,0.000251312421951,0.000147708534291,NHB,0.000,0.001,0.852291465708945,0.147708534291055
403,9,C,NHB,0.604526425000,0.000023729000,0.000039252213003,-0.000039252213003,-0.000194381601397,NHB,-0.001,0.000,0.194381601397437,0.805618398602563
404,9,C,NHB,0.604526425000,-0.000123590000,-0.000204441021747,0.000204441021747,0.000030775561792,NHB,0.000,0.001,0.969224438207934,0.030775561792066
405,9,C,NHB,0.610796623000,-0.000086356000,-0.000141382576046,0.000141382576046,-0.000723844948626,NHB,-0.001,0.000,0.723844948625981,0.276155051374019
406,9,C,NHB,0.610796623000,0.000062451000,0.000102245162544,-0.000102245162544,-0.000107641897854,NHB,-0.001,0.000,0.107641897854443,0.892358102145557
407,9,C,NHB,0.610796623000,-0.000474080000,-0.000776166701236,0.000776166701236,0.000566031022076,NHB,0.000,0.001,0.433968977923518,0.566031022076482
408,9,C,NHB,0.610796623000,-0.000536819000,-0.000878883379157,0.000878883379157,0.000556230663052,NHB,0.000,0.001,0.443769336948173,0.556230663051827
409,9,C,NHB,0.610796623000,-0.000296695000,-0.000485750884710,0.000485750884710,0.000473221785928,NHB,0.000,0.001,0.526778214072365,0.473221785927635
410,9,C,NHB,0.610796623000,-0.000315973000,-0.000517312945262,0.000517312945262,-0.000019526198641,NHB,-0.001,0.000,0.019526198640731,0.980473801359269
411,9,C,NHB,0.610796623000,-0.000202105000,-0.000330887553057,0.000330887553057,0.000214210505701,NHB,0.000,0.001,0.785789494298841,0.214210505701159
412,9,C,NHB,0.610796623000,0.000067314000,0.000110206896150,-0.000110206896150,-0.000560741084289,NHB,-0.001,0.000,0.560741084289131,0.439258915710869
413,9,C,NHB,0.610796623000,0.000129499000,0.000212016561853,-0.000212016561853,-0.000523282571702,NHB,-0.001,0.000,0.523282571701746,0.476717428298254
414,10,C,NHB,0.241185721000,-0.000177983000,-0.000737949988341,0.000737949988341,0.000415219788969,NHB,0.000,0.001,0.584780211030835,0.415219788969165
415,10,C,NHB,0.517349488000,-0.000334002000,-0.000645602262585,0.000645602262585,0.000512091119962,NHB,0.000,0.001,0.487908880037575,0.512091119962425
416,10,C,NHB,0.517349488000,-0.000166102000,-0.000321063427823,0.000321063427823,0.000172157823907,NHB,0.000,0.001,0.827842176093342,0.172157823906658
417,10,C,NHB,0.517349488000,-0.000419135000,-0.000810158335365,0.000810158335365,0.000673907002412,NHB,0.000,0.001,0.326092997588206,0.673907002411794
418,10,C,NHB,0.517349488000,-0.000204383000,-0.000395057895563,0.000395057895563,0.000424266015864,NHB,0.000,0.001,0.575733984136348,0.424266015863652
419,10,C,NHB,0.626409493000,-0.000528232000,-0.000843269468140,0.000843269468140,0.000817597592155,NHB,0.000,0.001,0.182402407844809,0.817597592155191
420,10,C,NHB,0.626409493000,-0.000176851000,-0.000282324904038,0.000282324904038,0.000044562022919,NHB,0.000,0.001,0.955437977080505,0.044562022919495
421,10,C,NHB,0.626409493000,-0.000031185000,-0.000049783728294,0.000049783728294,0.000118497362379,NHB,0.000,0.001,0.881502637620553,0.118497362379447
422,10,C,NHB,0.604526425000,-0.000157059000,-0.000259805020103,0.000259805020103,0.000415260720218,NHB,0.000,0.001,0.584739279782202,0.415260720217798
423,10,C,NHB,0.604526425000,-0.000499632000,-0.000826484963002,0.000826484963002,0.000766697237132,NHB,0.000,0.001,0.233302762867626,0.766697237132374
424,10,C,NHB,0.610796623000,-0.000517337000,-0.000846987328547,0.000846987328547,0.000659642393631,NHB,0.000,0.001,0.340357606368659,0.659642393631341
425,10,C,NHB,0.610796623000,-0.000244009000,-0.000399493040419,0.000399493040419,0.000264632328671,NHB,0.000,0.001,0.735367671329266,0.264632328670734
426,10,C,NHB,0.610796623000,-0.000047675000,-0.000078053804171,0.000078053804171,0.000444501960358,NHB,0.000,0.001,0.555498039641813,0.444501960358187
427,11,C,NHB,0.241185721000,-0.000291056000,-0.001206771274822,0.001206771274822,0.000754791070364,NHB,0.000,0.001,0.245208929636034,0.754791070363966
428,11,C,NHB,0.241185721000,-0.000261262000,-0.001083239915351,0.001083239915351,0.000541167161905,NHB,0.000,0.001,0.458832838095202,0.541167161904798
429,11,C,NHB,0.241185721000,-0.000052048000,-0.000215800503381,0.000215800503381,0.000118193943260,NHB,0.000,0.001,0.881806056740325,0.118193943259675
430,11,C,NHB,0.617017436000,-0.000368552000,-0.000597312131711,0.000597312131711,0.000492293759735,NHB,0.000,0.001,0.507706240265436,0.492293759734564
431,11,C,NHB,0.617017436000,-0.000201651000,-0.000326815723891,0.000326815723891,-0.000040375058301,NHB,-0.001,0.000,0.040375058300716,0.959624941699284
432,11,C,NHB,0.617017436000,-0.000000081000,-0.000000131276679,0.000000131276679,0.000467693179411,NHB,0.000,0.001,0.532306820588853,0.467693179411147
433,11,C,NHB,0.517349488000,-0.000151345000,-0.000292539189678,0.000292539189678,0.000145920632652,NHB,0.000,0.001,0.854079367347538,0.145920632652462
434,11,C,NHB,0.517349488000,-0.000167226000,-0.000323236040392,0.000323236040392,0.000149613147258,NHB,0.000,0.001,0.850386852742306,0.149613147257694
435,11,C,NHB,0.517349488000,-0.000060251000,-0.000116460925153,0.000116460925153,0.000123724136324,NHB,0.000,0.001,0.876275863676170,0.123724136323830
436,11,C,NHB,0.517349488000,-0.000703180000,-0.001359197247335,0.001359197247335,0.000634680789114,NHB,0.000,0.001,0.365319210886395,0.634680789113605
437,11,C,NHB,0.517349488000,-0.000583821000,-0.001128484735255,0.001128484735255,0.000751310264727,NHB,0.000,0.001,0.248689735273181,0.751310264726819
438,11,C,NHB,0.517349488000,-0.000630148000,-0.001218031552396,0.001218031552396,0.000687906530990,NHB,0.000,0.001,0.312093469009777,0.687906530990223
439,11,C,NHB,0.517349488000,-0.000618006000,-0.001194561924453,0.001194561924453,0.000744617687868,NHB,0.000,0.001,0.255382312132065,0.744617687867935
440,11,C,NHB,0.517349488000,-0.000198148000,-0.000383006081181,0.000383006081181,0.000700441803634,NHB,0.000,0.001,0.299558196366228,0.700441803633772
441,11,C,NHB,0.517349488000,-0.000424434000,-0.000820400927893,0.000820400927893,0.000274226054806,NHB,0.000,0.001,0.725773945194185,0.274226054805815
442,11,C,NHB,0.517349488000,-0.000587148000,-0.001134915591141,0.001134915591141,0.000750060853209,NHB,0.000,0.001,0.249939146790803,0.750060853209197
443,11,C,NHB,0.626409493000,-0.000521559000,-0.000832616692161,0.000832616692161,0.000793481223937,NHB,0.000,0.001,0.206518776062579,0.793481223937421
444,11,C,NHB,0.626409493000,-0.000099884000,-0.000159454799322,0.000159454799322,0.000644376033967,NHB,0.000,0.001,0.355623966032652,0.644376033967348
445,11,C,NHB,0.626409493000,-0.000034316000,-0.000054782056121,0.000054782056121,0.000648680329920,NHB,0.000,0.001,0.351319670079930,0.648680329920070
446,11,C,NHB,0.626409493000,-0.000365347000,-0.000583239883946,0.000583239883946,0.000131435741493,NHB,0.000,0.001,0.868564258506515,0.131435741493485
447,11,C,NHB,0.626409493000,-0.000374002000,-0.000597056724362,0.000597056724362,-0.000053202799759,NHB,-0.001,0.000,0.053202799758599,0.946797200241401
448,11,C,NHB,0.626409493000,-0.000371880000,-0.000593669163951,0.000593669163951,0.000468431418294,NHB,0.000,0.001,0.531568581706125,0.468431418293875
449,11,C,NHB,0.626409493000,-0.000322222000,-0.000514395141837,0.000514395141837,0.000325658150276,NHB,0.000,0.001,0.674341849724103,0.325658150275897
450,11,C,NHB,0.626409493000,-0.000394025000,-0.000629021437898,0.000629021437898,0.000559237880458,NHB,0.000,0.001,0.440762119542291,0.559237880457709
451,11,C,NHB,0.604526425000,-0.000249586000,-0.000412862018397,0.000412862018397,0.000199259385671,NHB,0.000,0.001,0.800740614329009,0.199259385670991
452,11,C,NHB,0.604526425000,-0.000229374000,-0.000379427582508,0.000379427582508,0.000040207619054,NHB,0.000,0.001,0.959792380946456,0.040207619053544
453,11,C,NHB,0.604526425000,-0.000005615000,-0.000009288262296,0.000009288262296,0.000248282236623,NHB,0.000,0.001,0.751717763377367,0.248282236622633
454,11,C,NHB,0.604526425000,-0.000266085000,-0.000440154456441,0.000440154456441,0.000731451518357,NHB,0.000,0.001,0.268548481643168,0.731451518356832
455,11,C,NHB,0.604526425000,-0.000467917000,-0.000774022409360,0.000774022409360,0.000786054738324,NHB,0.000,0.001,0.213945261676434,0.786054738323566
456,11,C,NHB,0.604526425000,-0.000581874000,-0.000962528643806,0.000962528643806,0.000710131317154,NHB,0.000,0.001,0.289868682845956,0.710131317154044
457,11,C,NHB,0.604526425000,-0.000263612000,-0.000436063650981,0.000436063650981,0.000003123555006,NHB,0.000,0.001,0.996876444994188,0.003123555005812
458,11,C,NHB,0.604526425000,-0.000463402000,-0.000766553753213,0.000766553753213,0.000725819206836,NHB,0.000,0.001,0.274180793164328,0.725819206835672
459,11,C,NHB,0.604526425000,-0.000502721000,-0.000831594747905,0.000831594747905,0.000527873727295,NHB,0.000,0.001,0.472126272704675,0.527873727295325
460,11,C,NHB,0.604526425000,-0.000366755000,-0.000606681502798,0.000606681502798,0.000050285980046,NHB,0.000,0.001,0.949714019953654,0.050285980046346
461,11,C,NHB,0.610796623000,-0.000001962000,-0.000003212198506,0.000003212198506,0.000624956484702,NHB,0.000,0.001,0.375043515298351,0.624956484701649
462,11,C,NHB,0.610796623000,-0.000645978000,-0.001057599167506,0.001057599167506,0.000818807728479,NHB,0.000,0.001,0.181192271520568,0.818807728479432
463,11,C,NHB,0.610796623000,-0.000252915000,-0.000414073998572,0.000414073998572,-0.000040492011909,NHB,-0.001,0.000,0.040492011909256,0.959507988090744
464,11,C,NHB,0.610796623000,-0.000570253000,-0.000933621730256,0.000933621730256,0.000263175234532,NHB,0.000,0.001,0.736824765468339,0.263175234531661
465,11,C,NHB,0.610796623000,-0.000146623000,-0.000240052080314,0.000240052080314,0.000195553942248,NHB,0.000,0.001,0.804446057751713,0.195553942248287
466,11,C,NHB,0.610796623000,-0.000287812000,-0.000471207582299,0.000471207582299,0.000344639025848,NHB,0.000,0.001,0.655360974151703,0.344639025848297
467,11,C,NHB,0.610796623000,-0.000720834000,-0.001180153872593,0.001180153872593,0.000594265728029,NHB,0.000,0.001,0.405734271971180,0.594265728028820
468,11,C,NHB,0.610796623000,-0.000351230000,-0.000575035923209,0.000575035923209,0.000640905720840,NHB,0.000,0.001,0.359094279160256,0.640905720839744
469,11,C,NHB,0.610796623000,-0.000534914000,-0.000875764501403,0.000875764501403,0.000601604910259,NHB,0.000,0.001,0.398395089740717,0.601604910259283
470,12,C,NHB,0.241185721000,-0.000209658000,-0.000869280316972,0.000869280316972,0.000296077092306,NHB,0.000,0.001,0.703922907694283,0.296077092305717
471,12,C,NHB,0.241185721000,-0.000252119000,-0.001045331369348,0.001045331369348,0.000750072607447,NHB,0.000,0.001,0.249927392553488,0.750072607446512
472,12,C,NHB,0.241185721000,-0.000162588000,-0.000674119509753,0.000674119509753,-0.000449549253715,NHB,-0.001,0.000,0.449549253714738,0.550450746285262
473,12,C,NHB,0.617017436000,-0.000309775000,-0.000502052262912,0.000502052262912,0.000381477515280,NHB,0.000,0.001,0.618522484720442,0.381477515279558
474,12,C,NHB,0.617017436000,0.000819784000,0.001328623718180,-0.001328623718180,-0.002641110505786,NHB,-0.003,-0.002,0.641110505785540,0.358889494214460
475,12,C,NHB,0.617017436000,-0.000224766000,-0.000364278198453,0.000364278198453,0.000322679407605,NHB,0.000,0.001,0.677320592394879,0.322679407605121
476,12,C,NHB,0.617017436000,-0.000259602000,-0.000420736894703,0.000420736894703,0.000041099156552,NHB,0.000,0.001,0.958900843447543,0.041099156552457
477,12,C,NHB,0.517349488000,-0.000252611000,-0.000488279211364,0.000488279211364,-0.000332412923119,NHB,-0.001,0.000,0.332412923119059,0.667587076880941
478,12,C,NHB,0.517349488000,-0.000294760000,-0.000569750249758,0.000569750249758,-0.000730026675870,NHB,-0.001,0.000,0.730026675870332,0.269973324129668
479,12,C,NHB,0.517349488000,-0.000153180000,-0.000296086115002,0.000296086115002,-0.000185230731898,NHB,-0.001,0.000,0.185230731898266,0.814769268101734
480,12,C,NHB,0.517349488000,-0.000229714000,-0.000444020928460,0.000444020928460,-0.000455984917472,NHB,-0.001,0.000,0.455984917471810,0.544015082528190
481,12,C,NHB,0.517349488000,-0.000511207000,-0.000988127004776,0.000988127004776,0.000643763370638,NHB,0.000,0.001,0.356236629362189,0.643763370637811
482,12,C,NHB,0.517349488000,-0.000563160000,-0.001088548482337,0.001088548482337,0.000199552003324,NHB,0.000,0.001,0.800447996676272,0.199552003323728
483,12,C,NHB,0.517349488000,-0.000297519000,-0.000575083201783,0.000575083201783,0.000810606832034,NHB,0.000,0.001,0.189393167966151,0.810606832033849
484,12,C,NHB,0.517349488000,-0.000665149000,-0.001285686011929,0.001285686011929,0.000740536702949,NHB,0.000,0.001,0.259463297051124,0.740536702948876
485,12,C,NHB,0.517349488000,-0.000390837000,-0.000755460301142,0.000755460301142,0.000452584807305,NHB,0.000,0.001,0.547415192694510,0.452584807305490
486,12,C,NHB,0.517349488000,-0.000182353000,-0.000352475462390,0.000352475462390,-0.000310991885037,NHB,-0.001,0.000,0.310991885036724,0.689008114963276
487,12,C,NHB,0.517349488000,-0.000492852000,-0.000952648086896,0.000952648086896,0.000724260427954,NHB,0.000,0.001,0.275739572046256,0.724260427953744
488,12,C,NHB,0.517349488000,-0.000474012000,-0.000916231698291,0.000916231698291,0.000624779267093,NHB,0.000,0.001,0.375220732907494,0.624779267092506
489,12,C,NHB,0.626409493000,-0.000050014000,-0.000079842340448,0.000079842340448,0.000712161207549,NHB,0.000,0.001,0.287838792450851,0.712161207549149
490,12,C,NHB,0.626409493000,-0.000460137000,-0.000734562622601,0.000734562622601,0.000671538433411,NHB,0.000,0.001,0.328461566589434,0.671538433410566
491,12,C,NHB,0.626409493000,-0.000744693000,-0.001188827768930,0.001188827768930,0.000351333348934,NHB,0.000,0.001,0.648666651066283,0.351333348933717
492,12,C,NHB,0.626409493000,-0.000256808000,-0.000409968244207,0.000409968244207,0.000197453198015,NHB,0.000,0.001,0.802546801985454,0.197453198014546
493,12,C,NHB,0.626409493000,0.000618336000,0.000987111477252,-0.000987111477252,-0.002313684503887,NHB,-0.003,-0.002,0.313684503886501,0.686315496113499
494,12,C,NHB,0.626409493000,-0.000231687000,-0.000369865084404,0.000369865084404,0.000137745586421,NHB,0.000,0.001,0.862254413579011,0.137745586420989
495,12,C,NHB,0.626409493000,0.000371793000,0.000593530277166,-0.000593530277166,-0.000843131706545,NHB,-0.001,0.000,0.843131706544530,0.156868293455470
496,12,C,NHB,0.626409493000,-0.000814206000,-0.001299798309410,0.001299798309410,0.000736251967761,NHB,0.000,0.001,0.263748032239247,0.736251967760753
497,12,C,NHB,0.626409493000,-0.000172613000,-0.000275559361614,0.000275559361614,0.000011465158637,NHB,0.000,0.001,0.988534841362671,0.011465158637329
498,12,C,NHB,0.626409493000,0.000376863000,0.000601624024239,-0.000601624024239,-0.000973208865378,NHB,-0.001,0.000,0.973208865378192,0.026791134621808
499,12,C,NHB,0.626409493000,-0.000404049000,-0.000645023749664,0.000645023749664,0.000360079067689,NHB,0.000,0.001,0.639920932310555,0.360079067689445
500,12,C,NHB,0.626409493000,-0.000233012000,-0.000371980314162,0.000371980314162,0.000235414301487,NHB,0.000,0.001,0.764585698513028,0.235414301486972
501,12,C,NHB,0.604526425000,-0.000126937000,-0.000209977587001,0.000209977587001,-0.000013539855011,NHB,-0.001,0.000,0.013539855011467,0.986460144988533
502,12,C,NHB,0.604526425000,0.000417133000,0.000690016156035,-0.000690016156035,-0.001489548094513,NHB,-0.002,-0.001,0.489548094512820,0.510451905487180
503,12,C,NHB,0.604526425000,-0.000213723000,-0.000353537895386,0.000353537895386,0.000157825689428,NHB,0.000,0.001,0.842174310572374,0.157825689427626
504,12,C,NHB,0.604526425000,-0.000038483000,-0.000063658094020,0.000063658094020,-0.000299487736431,NHB,-0.001,0.000,0.299487736431390,0.700512263568610
505,12,C,NHB,0.604526425000,-0.000650896000,-0.001076703967076,0.001076703967076,0.000751645029783,NHB,0.000,0.001,0.248354970216546,0.751645029783454
506,12,C,NHB,0.604526425000,-0.000451331000,-0.000746586057011,0.000746586057011,0.000692779668071,NHB,0.000,0.001,0.307220331928595,0.692779668071405
507,12,C,NHB,0.604526425000,-0.000434961000,-0.000719507009144,0.000719507009144,0.000523187154236,NHB,0.000,0.001,0.476812845763802,0.523187154236198
508,12,C,NHB,0.604526425000,0.000459750000,0.000760512660799,-0.000760512660799,-0.001464539985597,NHB,-0.002,-0.001,0.464539985597261,0.535460014402739
509,12,C,NHB,0.604526425000,-0.000415728000,-0.000687692022727,0.000687692022727,0.000582503760109,NHB,0.000,0.001,0.417496239890984,0.582503760109016
510,12,C,NHB,0.604526425000,-0.000487812000,-0.000806932467840,0.000806932467840,0.000431929338507,NHB,0.000,0.001,0.568070661492643,0.431929338507357
511,12,C,NHB,0.604526425000,-0.000070114000,-0.000115981695920,0.000115981695920,0.000387962891942,NHB,0.000,0.001,0.612037108058074,0.387962891941926
512,12,C,NHB,0.604526425000,-0.000019422000,-0.000032127627837,0.000032127627837,-0.000094290859343,NHB,-0.001,0.000,0.094290859343103,0.905709140656897
513,12,C,NHB,0.610796623000,-0.000515106000,-0.000843334721580,0.000843334721580,0.000732698511587,NHB,0.000,0.001,0.267301488413270,0.732698511586730
514,12,C,NHB,0.610796623000,-0.000825161000,-0.001350958680726,0.001350958680726,0.000564692699707,NHB,0.000,0.001,0.435307300293130,0.564692699706870
515,12,C,NHB,0.610796623000,-0.000127627000,-0.000208951711902,0.000208951711902,0.000016410523102,NHB,0.000,0.001,0.983589476898231,0.016410523101769
516,12,C,NHB,0.610796623000,0.000190189000,0.000311378604331,-0.000311378604331,-0.001095539660512,NHB,-0.002,-0.001,0.095539660512429,0.904460339487571
517,12,C,NHB,0.610796623000,-0.000192434000,-0.000315054132184,0.000315054132184,-0.000490965159685,NHB,-0.001,0.000,0.490965159685039,0.509034840314961
518,12,C,NHB,0.610796623000,-0.000142200000,-0.000232810717423,0.000232810717423,-0.000009374599672,NHB,-0.001,0.000,0.009374599671761,0.990625400328239
519,12,C,NHB,0.610796623000,-0.000814047000,-0.001332762771349,0.001332762771349,0.000619527606353,NHB,0.000,0.001,0.380472393646643,0.619527606353357
520,12,C,NHB,0.610796623000,-0.000743852000,-0.001217839084222,0.001217839084222,0.000820666434252,NHB,0.000,0.001,0.179333565748278,0.820666434251722
521,12,C,NHB,0.610796623000,-0.000098546000,-0.000161340119263,0.000161340119263,-0.000149498917180,NHB,-0.001,0.000,0.149498917180358,0.850501082819642
522,12,C,NHB,0.610796623000,-0.000472931000,-0.000774285551346,0.000774285551346,0.000531158299493,NHB,0.000,0.001,0.468841700507271,0.531158299492729
523,13,C,NHB,0.241185721000,0.000048978000,0.000203071723305,-0.000203071723305,0.000099651973428,NHB,0.000,0.001,0.900348026572215,0.099651973427785
524,13,C,NHB,0.241185721000,-0.000113957000,-0.000472486511753,0.000472486511753,0.000653712775572,NHB,0.000,0.001,0.346287224427661,0.653712775572340
525,13,C,NHB,0.617017436000,0.000192373000,0.000311778871675,-0.000311778871675,0.000393312539840,NHB,0.000,0.001,0.606687460160130,0.393312539839870
526,13,C,NHB,0.617017436000,0.000005229000,0.000008474638957,-0.000008474638957,0.000238586714401,NHB,0.000,0.001,0.761413285598934,0.238586714401066
527,13,C,NHB,0.517349488000,-0.000132760000,-0.000256615698052,0.000256615698052,0.000391983692166,NHB,0.000,0.001,0.608016307833837,0.391983692166163
528,13,C,NHB,0.517349488000,0.000278362000,0.000538054074579,-0.000538054074579,0.000264540204070,NHB,0.000,0.001,0.735459795930285,0.264540204069715
529,13,C,NHB,0.517349488000,-0.000030764000,-0.000059464637955,0.000059464637955,0.000750753130508,NHB,0.000,0.001,0.249246869491754,0.750753130508246
530,13,C,NHB,0.517349488000,-0.000174017000,-0.000336362563482,0.000336362563482,0.000453529664484,NHB,0.000,0.001,0.546470335516161,0.453529664483839
531,13,C,NHB,0.517349488000,0.000113287000,0.000218975765179,-0.000218975765179,0.000047590274407,NHB,0.000,0.001,0.952409725592935,0.047590274407065
532,13,C,NHB,0.517349488000,0.000410596000,0.000793653051803,-0.000793653051803,-0.000403685970009,NHB,-0.001,0.000,0.403685970008730,0.596314029991270
533,13,C,NHB,0.517349488000,-0.000022068000,-0.000042655884488,0.000042655884488,0.000692721533362,NHB,0.000,0.001,0.307278466638422,0.692721533361578
534,13,C,NHB,0.517349488000,-0.000203569000,-0.000393484491087,0.000393484491087,0.000540538828019,NHB,0.000,0.001,0.459461171980592,0.540538828019408
535,13,C,NHB,0.626409493000,0.000237803000,0.000379628665685,-0.000379628665685,0.000732259365165,NHB,0.000,0.001,0.267740634835105,0.732259365164895
536,13,C,NHB,0.626409493000,0.000008919000,0.000014238289968,-0.000014238289968,0.000395809087730,NHB,0.000,0.001,0.604190912269905,0.395809087730095
537,13,C,NHB,0.626409493000,0.000174676000,0.000278852734436,-0.000278852734436,-0.000865247441288,NHB,-0.001,0.000,0.865247441287540,0.134752558712460
538,13,C,NHB,0.626409493000,0.000503277000,0.000803431310707,-0.000803431310707,0.000247671709101,NHB,0.000,0.001,0.752328290899322,0.247671709100678
539,13,C,NHB,0.604526425000,0.000043233000,0.000071515484207,-0.000071515484207,-0.000287467551347,NHB,-0.001,0.000,0.287467551347117,0.712532448652883
540,13,C,NHB,0.604526425000,0.000109027000,0.000180351090525,-0.000180351090525,0.000640030239082,NHB,0.000,0.001,0.359969760917942,0.640030239082058
541,13,C,NHB,0.604526425000,0.000461980000,0.000764201498719,-0.000764201498719,0.000412146025369,NHB,0.000,0.001,0.587853974631407,0.412146025368593
542,13,C,NHB,0.604526425000,0.000186563000,0.000308610165387,-0.000308610165387,0.000107697378934,NHB,0.000,0.001,0.892302621066140,0.107697378933860
543,13,C,NHB,0.604526425000,0.000194671000,0.000322022316890,-0.000322022316890,0.000111487169958,NHB,0.000,0.001,0.888512830041607,0.111487169958393
544,13,C,NHB,0.604526425000,0.000113787000,0.000188225022587,-0.000188225022587,0.000457808666648,NHB,0.000,0.001,0.542191333352228,0.457808666647772
545,13,C,NHB,0.610796623000,-0.000022633000,-0.000037054887253,0.000037054887253,0.000565173118202,NHB,0.000,0.001,0.434826881797874,0.565173118202126
546,13,C,NHB,0.610796623000,-0.000033084000,-0.000054165328940,0.000054165328940,0.000308842104713,NHB,0.000,0.001,0.691157895286839,0.308842104713161
547,13,C,NHB,0.610796623000,0.000000234000,0.000000383106244,-0.000000383106244,-0.000089320149069,NHB,-0.001,0.000,0.089320149069328,0.910679850930672
548,13,C,NHB,0.610796623000,0.000218416000,0.000357592022902,-0.000357592022902,0.000469379548955,NHB,0.000,0.001,0.530620451044776,0.469379548955224
549,13,C,NHB,0.610796623000,0.000003688000,0.000006038016356,-0.000006038016356,0.000514235399492,NHB,0.000,0.001,0.485764600507589,0.514235399492411
550,13,C,NHB,0.610796623000,0.001108274000,0.001814473031230,-0.001814473031230,-0.000979703141778,NHB,-0.001,0.000,0.979703141777550,0.020296858222450
551,13,C,NHB,0.610796623000,0.000158850000,0.000260070200159,-0.000260070200159,0.000507130034625,NHB,0.000,0.001,0.492869965375159,0.507130034624841
552,14,N,OT,0.236199696000,0.000200580000,0.000849196689906,-0.000849196689906,-0.000681120000529,NHB,-0.001,0.000,0.681120000529237,0.318879999470763
553,14,N,OT,0.236199696000,-0.000456673000,-0.001933419084502,0.001933419084502,0.000421375088021,OT,0.000,0.001,0.578624911979409,0.421375088020591
554,14,N,OT,0.236199696000,0.000682396000,0.002889063836898,-0.002889063836898,-0.003407973699999,NHB,-0.004,-0.003,0.407973699999196,0.592026300000803
555,14,N,OT,0.604261852000,0.001371323000,0.002269418457348,-0.002269418457348,-0.001853795524796,NHB,-0.002,-0.001,0.853795524796130,0.146204475203870
556,14,N,OT,0.604261852000,-0.000641944000,-0.001062360627061,0.001062360627061,0.000048668885319,OT,0.000,0.001,0.951331114681344,0.048668885318656
557,14,N,OT,0.506654336000,0.000823883000,0.001626124443155,-0.001626124443155,-0.003625507787840,NHB,-0.004,-0.003,0.625507787839755,0.374492212160245
558,14,N,OT,0.506654336000,0.000975622000,0.001925616600269,-0.001925616600269,-0.003825434821478,NHB,-0.004,-0.003,0.825434821477814,0.174565178522186
559,14,N,OT,0.506654336000,0.001674420000,0.003304856745566,-0.003304856745566,-0.002192436727209,NHB,-0.003,-0.002,0.192436727208932,0.807563272791068
560,14,N,OT,0.506654336000,0.001734316000,0.003423075412109,-0.003423075412109,-0.002455410286033,NHB,-0.003,-0.002,0.455410286033495,0.544589713966505
561,14,N,OT,0.506654336000,-0.000076739000,-0.000151462238744,0.000151462238744,-0.000149655933815,NHB,-0.001,0.000,0.149655933815052,0.850344066184948
562,14,N,OT,0.506654336000,-0.000179405000,-0.000354097433403,0.000354097433403,-0.000061128363962,NHB,-0.001,0.000,0.061128363961724,0.938871636038276
563,14,N,OT,0.506654336000,-0.000373796000,-0.000737773218228,0.000737773218228,0.000397662055259,OT,0.000,0.001,0.602337944740589,0.397662055259411
564,14,N,OT,0.506654336000,0.001047748000,0.002067974012168,-0.002067974012168,-0.001507273983824,NHB,-0.002,-0.001,0.507273983824035,0.492726016175965
565,14,N,OT,0.506654336000,0.000980162000,0.001934577344661,-0.001934577344661,-0.001206786948976,NHB,-0.002,-0.001,0.206786948975745,0.793213051024255
566,14,N,OT,0.506654336000,-0.000750587000,-0.001481457764530,0.001481457764530,0.000445919674748,OT,0.000,0.001,0.554080325251873,0.445919674748127
567,14,N,OT,0.506654336000,-0.000695284000,-0.001372304450188,0.001372304450188,0.000426596040912,OT,0.000,0.001,0.573403959088003,0.426596040911997
568,14,N,OT,0.613459747000,-0.000106205000,-0.000173124643498,0.000173124643498,0.000203871123003,OT,0.000,0.001,0.796128876997122,0.203871123002878
569,14,N,OT,0.613459747000,0.000026359000,0.000042967774379,-0.000042967774379,-0.000548354171721,NHB,-0.001,0.000,0.548354171720655,0.451645828279345
570,14,N,OT,0.613459747000,-0.000000653000,-0.000001064454519,0.000001064454519,-0.000431854924073,NHB,-0.001,0.000,0.431854924072979,0.568145075927021
571,14,N,OT,0.613459747000,-0.000984560000,-0.001604930078648,0.001604930078648,0.000427683828687,OT,0.000,0.001,0.572316171313263,0.427683828686737
572,14,N,OT,0.613459747000,-0.001027007000,-0.001674122882589,0.001674122882589,0.000477771516438,OT,0.000,0.001,0.522228483561890,0.477771516438110
573,14,N,OT,0.613459747000,0.001321496000,0.002154169049335,-0.002154169049335,-0.003806081264573,NHB,-0.004,-0.003,0.806081264572716,0.193918735427284
574,14,N,OT,0.613459747000,0.001546619000,0.002521141782429,-0.002521141782429,-0.003281591772487,NHB,-0.004,-0.003,0.281591772486525,0.718408227513475
575,14,N,OT,0.613459747000,-0.000048301000,-0.000078735402341,0.000078735402341,-0.000164290617143,NHB,-0.001,0.000,0.164290617143112,0.835709382856888
576,14,N,OT,0.613459747000,-0.000047794000,-0.000077908942247,0.000077908942247,-0.000210794082328,NHB,-0.001,0.000,0.210794082328364,0.789205917671636
577,14,N,OT,0.592029067000,0.001037350000,0.001752194373254,-0.001752194373254,-0.003089335235099,NHB,-0.004,-0.003,0.089335235099335,0.910664764900665
578,14,N,OT,0.592029067000,0.001271717000,0.002148065138835,-0.002148065138835,-0.002915554780836,NHB,-0.003,-0.002,0.915554780836464,0.084445219163536
579,14,N,OT,0.592029067000,0.000713765000,0.001205624925845,-0.001205624925845,-0.000902260688127,NHB,-0.001,0.000,0.902260688126932,0.097739311873068
580,14,N,OT,0.592029067000,0.000817405000,0.001380683898076,-0.001380683898076,-0.000946100246768,NHB,-0.001,0.000,0.946100246767946,0.053899753232054
581,14,N,OT,0.592029067000,-0.000657362000,-0.001110354265764,0.001110354265764,0.000233795431126,OT,0.000,0.001,0.766204568873991,0.233795431126009
582,14,N,OT,0.592029067000,-0.000293220000,-0.000495279735986,0.000495279735986,0.000298444228806,OT,0.000,0.001,0.701555771193732,0.298444228806268
583,14,N,OT,0.592029067000,0.001593261000,0.002691187120378,-0.002691187120378,-0.002004668668316,NHB,-0.003,-0.002,0.004668668316446,0.995331331683554
584,14,N,OT,0.592029067000,0.001274453000,0.002152686533548,-0.002152686533548,-0.001571942420501,NHB,-0.002,-0.001,0.571942420501039,0.428057579498961
585,14,N,OT,0.592029067000,-0.000258927000,-0.000437355215196,0.000437355215196,0.000279678473498,OT,0.000,0.001,0.720321526502154,0.279678473497846
586,14,N,OT,0.592029067000,-0.000723560000,-0.001222169721609,0.001222169721609,0.000316197349099,OT,0.000,0.001,0.683802650900667,0.316197349099333
587,14,N,OT,0.598169642000,-0.000096848000,-0.000161907247041,0.000161907247041,-0.000421245429369,NHB,-0.001,0.000,0.421245429368586,0.578754570631414
588,14,N,OT,0.598169642000,0.001342704000,0.002244687636622,-0.002244687636622,-0.001875954169674,NHB,-0.002,-0.001,0.875954169673641,0.124045830326359
589,14,N,OT,0.598169642000,0.001649867000,0.002758192466076,-0.002758192466076,-0.001861001133835,NHB,-0.002,-0.001,0.861001133835387,0.138998866164613
590,14,N,OT,0.598169642000,-0.001234885000,-0.002064439438737,0.002064439438737,0.000394017425297,OT,0.000,0.001,0.605982574703070,0.394017425296930
591,14,N,OT,0.598169642000,0.000123530000,0.000206513322186,-0.000206513322186,-0.004494647106835,NHB,-0.005,-0.004,0.494647106835296,0.505352893164704
592,14,N,OT,0.598169642000,0.001165906000,0.001949122653737,-0.001949122653737,-0.001160469894102,NHB,-0.002,-0.001,0.160469894101730,0.839530105898270
593,14,N,OT,0.598169642000,-0.000482006000,-0.000805801508730,0.000805801508730,0.000313883600352,OT,0.000,0.001,0.686116399648190,0.313883600351810
594,14,N,OT,0.598169642000,0.002143252000,0.003583017006403,-0.003583017006403,-0.002961654704874,NHB,-0.003,-0.002,0.961654704874045,0.038345295125955
595,14,N,OT,0.598169642000,-0.000344656000,-0.000576184372794,0.000576184372794,0.000233048456012,OT,0.000,0.001,0.766951543987759,0.233048456012241
596,15,C,NHB,0.241185721000,0.000001543000,0.000006397559497,-0.000006397559497,0.000166001642098,NHB,0.000,0.001,0.833998357901686,0.166001642098314
597,15,C,NHB,0.241185721000,0.000481128000,0.001994844462621,-0.001994844462621,-0.001138513549221,NHB,-0.002,-0.001,0.138513549221041,0.861486450778959
598,15,C,NHB,0.617017436000,0.000200510000,0.000324966505485,-0.000324966505485,0.000412911437945,NHB,0.000,0.001,0.587088562054541,0.412911437945459
599,15,C,NHB,0.617017436000,0.000063927000,0.000103606472476,-0.000103606472476,0.000682839087067,NHB,0.000,0.001,0.317160912932591,0.682839087067409
600,15,C,NHB,0.517349488000,0.000017008000,0.000032875262070,-0.000032875262070,0.000309774090895,NHB,0.000,0.001,0.690225909105035,0.309774090894965
601,15,C,NHB,0.517349488000,0.000018933000,0.000036596151034,-0.000036596151034,-0.000805617214876,NHB,-0.001,0.000,0.805617214875912,0.194382785124088
602,15,C,NHB,0.517349488000,0.000304260000,0.000588113078407,-0.000588113078407,-0.001161788995578,NHB,-0.002,-0.001,0.161788995577690,0.838211004422310
603,15,C,NHB,0.517349488000,0.000546074000,0.001055522451778,-0.001055522451778,-0.000244157926773,NHB,-0.001,0.000,0.244157926772767,0.755842073227233
604,15,C,NHB,0.517349488000,0.000317677000,0.000614047191248,-0.000614047191248,0.000320743989813,NHB,0.000,0.001,0.679256010186739,0.320743989813261
605,15,C,NHB,0.517349488000,0.000316909000,0.000612562701521,-0.000612562701521,-0.000281583538444,NHB,-0.001,0.000,0.281583538443598,0.718416461556402
606,15,C,NHB,0.517349488000,0.000066753000,0.000129028831667,-0.000129028831667,0.000407910536294,NHB,0.000,0.001,0.592089463705900,0.407910536294100
607,15,C,NHB,0.626409493000,-0.000164445000,-0.000262519967909,0.000262519967909,0.000554647343702,NHB,0.000,0.001,0.445352656298461,0.554647343701539
608,15,C,NHB,0.626409493000,-0.000060815000,-0.000097085054872,0.000097085054872,0.000784610649537,NHB,0.000,0.001,0.215389350463036,0.784610649536964
609,15,C,NHB,0.626409493000,0.000442950000,0.000707125298946,-0.000707125298946,0.000224662077403,NHB,0.000,0.001,0.775337922597175,0.224662077402825
610,15,C,NHB,0.626409493000,-0.000092507000,-0.000147678157872,0.000147678157872,0.000453971454863,NHB,0.000,0.001,0.546028545137267,0.453971454862733
611,15,C,NHB,0.604526425000,-0.000006822000,-0.000011284866497,0.000011284866497,0.000265994583441,NHB,0.000,0.001,0.734005416558552,0.265994583441448
612,15,C,NHB,0.604526425000,0.000151624000,0.000250814511541,-0.000250814511541,0.000800648882399,NHB,0.000,0.001,0.199351117600723,0.800648882399277
613,15,C,NHB,0.604526425000,0.000112396000,0.000185924047902,-0.000185924047902,0.000426693777708,NHB,0.000,0.001,0.573306222292114,0.426693777707886
614,15,C,NHB,0.604526425000,0.000222011000,0.000367247800623,-0.000367247800623,0.000444716754371,NHB,0.000,0.001,0.555283245628916,0.444716754371084
615,15,C,NHB,0.604526425000,0.000423853000,0.000701132295416,-0.000701132295416,0.000414570895873,NHB,0.000,0.001,0.585429104126762,0.414570895873238
616,15,C,NHB,0.604526425000,0.000061265000,0.000101343791547,-0.000101343791547,0.000651332826723,NHB,0.000,0.001,0.348667173276974,0.651332826723026
617,15,C,NHB,0.610796623000,0.000083228000,0.000136261395145,-0.000136261395145,0.000030621869078,NHB,0.000,0.001,0.969378130922093,0.030621869077907
618,15,C,NHB,0.610796623000,0.000102115000,0.000167183308085,-0.000167183308085,0.000255252835001,NHB,0.000,0.001,0.744747164998968,0.255252835001032
619,15,C,NHB,0.610796623000,-0.000246942000,-0.000404294966117,0.000404294966117,0.000692711400115,NHB,0.000,0.001,0.307288599884725,0.692711400115275
620,15,C,NHB,0.610796623000,0.000460640000,0.000754162650307,-0.000754162650307,-0.000055215721532,NHB,-0.001,0.000,0.055215721531571,0.944784278468429
621,15,C,NHB,0.610796623000,0.000103054000,0.000168720644678,-0.000168720644678,0.000602105766478,NHB,0.000,0.001,0.397894233521717,0.602105766478283
622,15,C,NHB,0.610796623000,0.000141410000,0.000231517324548,-0.000231517324548,0.000487335690351,NHB,0.000,0.001,0.512664309649038,0.487335690350962
623,16,C,NHB,0.241185721000,-0.000099833000,-0.000413925831040,0.000413925831040,0.000225763822297,NHB,0.000,0.001,0.774236177703406,0.225763822296594
624,16,C,NHB,0.241185721000,-0.000170002000,-0.000704859306327,0.000704859306327,0.000395541700566,NHB,0.000,0.001,0.604458299433764,0.395541700566236
625,16,C,NHB,0.617017436000,-0.000282078000,-0.000457163742128,0.000457163742128,-0.000267459762434,NHB,-0.001,0.000,0.267459762433986,0.732540237566014
626,16,C,NHB,0.617017436000,-0.000437293000,-0.000708720652750,0.000708720652750,0.000369405830559,NHB,0.000,0.001,0.630594169441164,0.369405830558836
627,16,C,NHB,0.617017436000,-0.000556363000,-0.000901697371158,0.000901697371158,0.000737176335761,NHB,0.000,0.001,0.262823664239277,0.737176335760723
628,16,C,NHB,0.517349488000,-0.000432481000,-0.000835955210223,0.000835955210223,0.000394096795269,NHB,0.000,0.001,0.605903204730565,0.394096795269435
629,16,C,NHB,0.517349488000,-0.000117231000,-0.000226599238463,0.000226599238463,0.000536645477027,NHB,0.000,0.001,0.463354522972955,0.536645477027045
630,16,C,NHB,0.517349488000,-0.000246378000,-0.000476231262840,0.000476231262840,0.000237017449209,NHB,0.000,0.001,0.762982550791330,0.237017449208670
631,16,C,NHB,0.517349488000,-0.000027525000,-0.000053203879850,0.000053203879850,0.000155070080856,NHB,0.000,0.001,0.844929919143732,0.155070080856268
632,16,C,NHB,0.517349488000,-0.000377820000,-0.000730299360033,0.000730299360033,0.000556654971155,NHB,0.000,0.001,0.443345028844791,0.556654971155209
633,16,C,NHB,0.517349488000,-0.000086216000,-0.000166649435246,0.000166649435246,-0.000056504804226,NHB,-0.001,0.000,0.056504804226398,0.943495195773602
634,16,C,NHB,0.517349488000,-0.000186579000,-0.000360644021745,0.000360644021745,0.000146714849707,NHB,0.000,0.001,0.853285150293022,0.146714849706978
635,16,C,NHB,0.517349488000,-0.000164470000,-0.000317908887154,0.000317908887154,0.000195093399456,NHB,0.000,0.001,0.804906600543540,0.195093399456460
636,16,C,NHB,0.517349488000,-0.000383485000,-0.000741249404696,0.000741249404696,0.000454666006270,NHB,0.000,0.001,0.545333993729964,0.454666006270036
637,16,C,NHB,0.626409493000,-0.000431516000,-0.000688872063438,0.000688872063438,-0.000219901505737,NHB,-0.001,0.000,0.219901505736949,0.780098494263051
638,16,C,NHB,0.626409493000,-0.000268986000,-0.000429409201179,0.000429409201179,0.000075325771871,NHB,0.000,0.001,0.924674228129001,0.075325771870999
639,16,C,NHB,0.626409493000,-0.000013870000,-0.000022142065462,0.000022142065462,-0.000104691437545,NHB,-0.001,0.000,0.104691437544623,0.895308562455377
640,16,C,NHB,0.626409493000,-0.000474917000,-0.000758157411896,0.000758157411896,0.000710778385325,NHB,0.000,0.001,0.289221614674825,0.710778385325175
641,16,C,NHB,0.626409493000,-0.000625526000,-0.000998589591936,0.000998589591936,0.000488688353843,NHB,0.000,0.001,0.511311646156585,0.488688353843415
642,16,C,NHB,0.626409493000,-0.000659087000,-0.001052166366195,0.001052166366195,0.000849463400878,NHB,0.000,0.001,0.150536599122342,0.849463400877658
643,16,C,NHB,0.626409493000,-0.000112033000,-0.000178849460699,0.000178849460699,-0.000123441470467,NHB,-0.001,0.000,0.123441470466584,0.876558529533416
644,16,C,NHB,0.626409493000,-0.000029916000,-0.000047757896926,0.000047757896926,-0.000235364398406,NHB,-0.001,0.000,0.235364398405885,0.764635601594115
645,16,C,NHB,0.626409493000,-0.000488802000,-0.000780323423355,0.000780323423355,0.000510447619297,NHB,0.000,0.001,0.489552380702619,0.510447619297381
646,16,C,NHB,0.626409493000,-0.000605245000,-0.000966213007248,0.000966213007248,0.000722599216124,NHB,0.000,0.001,0.277400783876318,0.722599216123682
647,16,C,NHB,0.604526425000,-0.000427009000,-0.000706352910876,0.000706352910876,0.000062024601497,NHB,0.000,0.001,0.937975398503270,0.062024601496730
648,16,C,NHB,0.604526425000,-0.000094779000,-0.000156782228337,0.000156782228337,-0.000038731710966,NHB,-0.001,0.000,0.038731710965965,0.961268289034035
649,16,C,NHB,0.604526425000,-0.000653988000,-0.001081818714542,0.001081818714542,0.000424424282917,NHB,0.000,0.001,0.575575717082779,0.424424282917221
650,16,C,NHB,0.604526425000,-0.000867508000,-0.001435020809884,0.001435020809884,0.000698703718508,NHB,0.000,0.001,0.301296281492405,0.698703718507595
651,16,C,NHB,0.604526425000,-0.000659375000,-0.001090729822108,0.001090729822108,0.000380814808278,NHB,0.000,0.001,0.619185191722287,0.380814808277713
652,16,C,NHB,0.604526425000,-0.000230941000,-0.000382019694176,0.000382019694176,0.000792229842925,NHB,0.000,0.001,0.207770157075325,0.792229842924675
653,16,C,NHB,0.604526425000,-0.000217314000,-0.000359478082368,0.000359478082368,-0.000301878931985,NHB,-0.001,0.000,0.301878931984736,0.698121068015264
654,16,C,NHB,0.604526425000,-0.000176209000,-0.000291482708965,0.000291482708965,0.000219025430880,NHB,0.000,0.001,0.780974569120501,0.219025430879499
655,16,C,NHB,0.604526425000,-0.000517901000,-0.000856705312758,0.000856705312758,0.000668112325356,NHB,0.000,0.001,0.331887674644161,0.668112325355839
656,16,C,NHB,0.604526425000,-0.000132250000,-0.000218766284700,0.000218766284700,-0.000056656450576,NHB,-0.001,0.000,0.056656450576121,0.943343549423879
657,16,C,NHB,0.604526425000,-0.000098065000,-0.000162217888159,0.000162217888159,0.000327143659629,NHB,0.000,0.001,0.672856340370562,0.327143659629438
658,16,C,NHB,0.610796623000,-0.000122068000,-0.000199850482801,0.000199850482801,-0.000208211156615,NHB,-0.001,0.000,0.208211156615076,0.791788843384925
659,16,C,NHB,0.610796623000,-0.000031878000,-0.000052190858298,0.000052190858298,0.000306297912516,NHB,0.000,0.001,0.693702087484072,0.306297912515928
660,16,C,NHB,0.610796623000,-0.000348154000,-0.000569999877029,0.000569999877029,0.000122202832613,NHB,0.000,0.001,0.877797167386616,0.122202832613384
661,16,C,NHB,0.610796623000,-0.000186880000,-0.000305961089114,0.000305961089114,-0.000002391202197,NHB,-0.001,0.000,0.002391202196893,0.997608797803107
662,16,C,NHB,0.610796623000,-0.000541535000,-0.000886604443456,0.000886604443456,0.000681047661044,NHB,0.000,0.001,0.318952338955557,0.681047661044443
663,16,C,NHB,0.610796623000,-0.000144632000,-0.000236792402829,0.000236792402829,0.000002436258823,NHB,0.000,0.001,0.997563741177218,0.002436258822782
664,16,C,NHB,0.610796623000,-0.000811816000,-0.001329110164383,0.001329110164383,0.000556877442780,NHB,0.000,0.001,0.443122557219576,0.556877442780424
665,16,C,NHB,0.610796623000,-0.000895997000,-0.001466931817008,0.001466931817008,0.000780437959993,NHB,0.000,0.001,0.219562040007084,0.780437959992916
666,16,C,NHB,0.610796623000,-0.000072711000,-0.000119042897852,0.000119042897852,-0.000064987067708,NHB,-0.001,0.000,0.064987067707562,0.935012932292438
667,16,C,NHB,0.610796623000,-0.000420150000,-0.000687872172469,0.000687872172469,0.000564906875056,NHB,0.000,0.001,0.435093124943697,0.564906875056303
668,17,C,NHB,0.241185721000,-0.000024843000,-0.000103003610234,0.000103003610234,-0.000006399921365,NHB,-0.001,0.000,0.006399921364724,0.993600078635276
669,17,C,NHB,0.241185721000,-0.000037344000,-0.000154835036855,0.000154835036855,0.000025975319108,NHB,0.000,0.001,0.974024680891612,0.025975319108388
670,17,C,NHB,0.241185721000,-0.000072951000,-0.000302468154821,0.000302468154821,0.000720968421829,NHB,0.000,0.001,0.279031578170797,0.720968421829203
671,17,C,NHB,0.617017436000,-0.000398798000,-0.000646331816140,0.000646331816140,0.000696074619996,NHB,0.000,0.001,0.303925380003679,0.696074619996321
672,17,C,NHB,0.617017436000,0.000045805000,0.000074236151732,-0.000074236151732,-0.000081941329392,NHB,-0.001,0.000,0.081941329391983,0.918058670608017
673,17,C,NHB,0.617017436000,-0.000542367000,-0.000879014057554,0.000879014057554,0.000163967614129,NHB,0.000,0.001,0.836032385870566,0.163967614129434
674,17,C,NHB,0.517349488000,-0.000328294000,-0.000634569101961,0.000634569101961,0.000402214047459,NHB,0.000,0.001,0.597785952540742,0.402214047459258
675,17,C,NHB,0.517349488000,-0.000229670000,-0.000443935879569,0.000443935879569,0.000116144801368,NHB,0.000,0.001,0.883855198632241,0.116144801367759
676,17,C,NHB,0.517349488000,-0.000022153000,-0.000042820183481,0.000042820183481,-0.000075258887044,NHB,-0.001,0.000,0.075258887044321,0.924741112955679
677,17,C,NHB,0.517349488000,0.000086833000,0.000167842052644,-0.000167842052644,-0.000354867355736,NHB,-0.001,0.000,0.354867355735520,0.645132644264480
678,17,C,NHB,0.517349488000,-0.000033269000,-0.000064306625930,0.000064306625930,0.000681164580608,NHB,0.000,0.001,0.318835419391679,0.681164580608321
679,17,C,NHB,0.517349488000,-0.000620059000,-0.001198530228370,0.001198530228370,0.000676568916178,NHB,0.000,0.001,0.323431083821929,0.676568916178071
680,17,C,NHB,0.517349488000,-0.000627288000,-0.001212503374508,0.001212503374508,0.000809532183431,NHB,0.000,0.001,0.190467816568758,0.809532183431242
681,17,C,NHB,0.517349488000,0.000015253000,0.000029482971094,-0.000029482971094,-0.000145376393319,NHB,-0.001,0.000,0.145376393319093,0.854623606680907
682,17,C,NHB,0.517349488000,0.000038170000,0.000073779912584,-0.000073779912584,-0.000332229488972,NHB,-0.001,0.000,0.332229488972055,0.667770511027945
683,17,C,NHB,0.517349488000,-0.000220503000,-0.000426216716387,0.000426216716387,0.000282064528196,NHB,0.000,0.001,0.717935471804044,0.282064528195956
684,17,C,NHB,0.517349488000,-0.000193708000,-0.000374423874949,0.000374423874949,0.000164751808838,NHB,0.000,0.001,0.835248191161739,0.164751808838261
685,17,C,NHB,0.626409493000,-0.000008717000,-0.000013915817205,0.000013915817205,-0.000122307934168,NHB,-0.001,0.000,0.122307934167794,0.877692065832206
686,17,C,NHB,0.626409493000,-0.000190539000,-0.000304176424734,0.000304176424734,-0.000057393451555,NHB,-0.001,0.000,0.057393451555139,0.942606548444861
687,17,C,NHB,0.626409493000,-0.000231048000,-0.000368844984921,0.000368844984921,0.000429797329635,NHB,0.000,0.001,0.570202670364867,0.429797329635133
688,17,C,NHB,0.626409493000,-0.000114757000,-0.000183198053801,0.000183198053801,0.000166700004864,NHB,0.000,0.001,0.833299995136111,0.166700004863889
689,17,C,NHB,0.626409493000,-0.000623545000,-0.000995427123899,0.000995427123899,0.000789677248735,NHB,0.000,0.001,0.210322751264562,0.789677248735438
690,17,C,NHB,0.626409493000,-0.000571343000,-0.000912091860651,0.000912091860651,0.000314004610475,NHB,0.000,0.001,0.685995389524874,0.314004610475126
691,17,C,NHB,0.626409493000,-0.000106701000,-0.000170337456875,0.000170337456875,-0.000454389550015,NHB,-0.001,0.000,0.454389550014807,0.545610449985193
692,17,C,NHB,0.626409493000,-0.000295774000,-0.000472173559477,0.000472173559477,-0.000662563053182,NHB,-0.001,0.000,0.662563053181614,0.337436946818386
693,17,C,NHB,0.626409493000,-0.000350233000,-0.000559111897112,0.000559111897112,0.000710574322714,NHB,0.000,0.001,0.289425677286045,0.710574322713955
694,17,C,NHB,0.626409493000,-0.000577544000,-0.000921991135917,0.000921991135917,0.000538328793379,NHB,0.000,0.001,0.461671206620833,0.538328793379167
695,17,C,NHB,0.604526425000,-0.000507644000,-0.000839738312515,0.000839738312515,0.000645142279207,NHB,0.000,0.001,0.354857720793295,0.645142279206705
696,17,C,NHB,0.604526425000,-0.000489564000,-0.000809830604179,0.000809830604179,0.000107318869500,NHB,0.000,0.001,0.892681130499830,0.107318869500170
697,17,C,NHB,0.604526425000,-0.000000186000,-0.000000307678858,0.000000307678858,-0.000103840319193,NHB,-0.001,0.000,0.103840319192727,0.896159680807273
698,17,C,NHB,0.604526425000,0.000050989000,0.000084345361743,-0.000084345361743,-0.000598872496537,NHB,-0.001,0.000,0.598872496536834,0.401127503463166
699,17,C,NHB,0.604526425000,-0.000684144000,-0.001131702390015,0.001131702390015,0.000389348044192,NHB,0.000,0.001,0.610651955808297,0.389348044191703
700,17,C,NHB,0.604526425000,-0.000716494000,-0.001185215352662,0.001185215352662,0.000842138099693,NHB,0.000,0.001,0.157861900307001,0.842138099692999
701,17,C,NHB,0.604526425000,0.000043769000,0.000072402128658,-0.000072402128658,-0.000184281524775,NHB,-0.001,0.000,0.184281524775339,0.815718475224661
702,17,C,NHB,0.604526425000,-0.000034195000,-0.000056564938414,0.000056564938414,-0.000515895548206,NHB,-0.001,0.000,0.515895548205699,0.484104451794301
703,17,C,NHB,0.604526425000,-0.000188862000,-0.000312413142238,0.000312413142238,0.000451098507819,NHB,0.000,0.001,0.548901492181005,0.451098507818995
704,17,C,NHB,0.604526425000,-0.000421494000,-0.000697230067321,0.000697230067321,0.000240563068862,NHB,0.000,0.001,0.759436931137766,0.240563068862234
705,17,C,NHB,0.610796623000,-0.000096075000,-0.000157294582816,0.000157294582816,0.000104503436451,NHB,0.000,0.001,0.895496563548931,0.104503436451069
706,17,C,NHB,0.610796623000,0.000023038000,0.000037717955752,-0.000037717955752,-0.000220072962329,NHB,-0.001,0.000,0.220072962329240,0.779927037670760
707,17,C,NHB,0.610796623000,-0.000311493000,-0.000509978261619,0.000509978261619,0.000334701313482,NHB,0.000,0.001,0.665298686518076,0.334701313481924
708,17,C,NHB,0.610796623000,-0.000042029000,-0.000068810138133,0.000068810138133,-0.000252482551391,NHB,-0.001,0.000,0.252482551390608,0.747517448609392
709,17,C,NHB,0.610796623000,-0.000517681000,-0.000847550527469,0.000847550527469,0.000472952728449,NHB,0.000,0.001,0.527047271550879,0.472952728449121
710,17,C,NHB,0.610796623000,-0.000059947000,-0.000098145598294,0.000098145598294,-0.000535158436723,NHB,-0.001,0.000,0.535158436723363,0.464841563276637
711,17,C,NHB,0.610796623000,-0.000570843000,-0.000934587681897,0.000934587681897,0.000736775653355,NHB,0.000,0.001,0.263224346644560,0.736775653355440
712,17,C,NHB,0.610796623000,-0.000721215000,-0.001180777648144,0.001180777648144,0.000706675529811,NHB,0.000,0.001,0.293324470188675,0.706675529811325
713,17,C,NHB,0.610796623000,-0.000157581000,-0.000257992585529,0.000257992585529,-0.000559559148738,NHB,-0.001,0.000,0.559559148737653,0.440440851262347
714,17,C,NHB,0.610796623000,-0.000476715000,-0.000780480739495,0.000780480739495,0.000564051407528,NHB,0.000,0.001,0.435948592471529,0.564051407528471
715,18,C,NHB,0.241185721000,-0.000000073000,-0.000000302671318,0.000000302671318,0.000077637985843,NHB,0.000,0.001,0.922362014156984,0.077637985843016
716,18,C,NHB,0.241185721000,-0.000075453000,-0.000312841903273,0.000312841903273,0.000068281110980,NHB,0.000,0.001,0.931718889020051,0.068281110979949
717,18,C,NHB,0.617017436000,-0.000718825000,-0.001164999492818,0.001164999492818,0.000808365884599,NHB,0.000,0.001,0.191634115401382,0.808365884598618
718,18,C,NHB,0.517349488000,-0.000209371000,-0.000404699347069,0.000404699347069,0.000222094980724,NHB,0.000,0.001,0.777905019275731,0.222094980724269
719,18,C,NHB,0.517349488000,-0.000005817000,-0.000011243849921,0.000011243849921,0.000097887602179,NHB,0.000,0.001,0.902112397820758,0.097887602179242
720,18,C,NHB,0.517349488000,-0.000001170000,-0.000002261527318,0.000002261527318,0.000628887570555,NHB,0.000,0.001,0.371112429444838,0.628887570555162
721,18,C,NHB,0.517349488000,-0.000160880000,-0.000310969670854,0.000310969670854,0.000085574940335,NHB,0.000,0.001,0.914425059664713,0.085574940335287
722,18,C,NHB,0.626409493000,-0.000488786000,-0.000780297880958,0.000780297880958,0.000447253345041,NHB,0.000,0.001,0.552746654959477,0.447253345040523
723,18,C,NHB,0.626409493000,-0.000505265000,-0.000806604953543,0.000806604953543,0.000586678868627,NHB,0.000,0.001,0.413321131372525,0.586678868627475
724,18,C,NHB,0.604526425000,-0.000441342000,-0.000730062378994,0.000730062378994,0.000533191318820,NHB,0.000,0.001,0.466808681180141,0.533191318819859
725,18,C,NHB,0.604526425000,-0.000383159000,-0.000633816793038,0.000633816793038,0.000727254050909,NHB,0.000,0.001,0.272745949091161,0.727254050908839
726,18,C,NHB,0.604526425000,-0.000581877000,-0.000962533606368,0.000962533606368,0.000797722591662,NHB,0.000,0.001,0.202277408337770,0.797722591662230
727,18,C,NHB,0.610796623000,-0.000402301000,-0.000658649679535,0.000658649679535,0.000501854996986,NHB,0.000,0.001,0.498145003014380,0.501854996985620
728,18,C,NHB,0.610796623000,-0.000014330000,-0.000023461164421,0.000023461164421,0.000411151562309,NHB,0.000,0.001,0.588848437690545,0.411151562309455
729,18,C,NHB,0.610796623000,-0.000360298000,-0.000589882108762,0.000589882108762,0.000279263457621,NHB,0.000,0.001,0.720736542379070,0.279263457620930
730,19,C,NHB,0.517349488000,0.000004906000,0.000009482951300,-0.000009482951300,0.000077150129842,NHB,0.000,0.001,0.922849870158141,0.077150129841859
731,19,C,NHB,0.626409493000,0.000054853000,0.000087567319163,-0.000087567319163,0.000138011861806,NHB,0.000,0.001,0.861988138193969,0.138011861806031
732,19,C,NHB,0.604526425000,0.000035233000,0.000058281984944,-0.000058281984944,0.000079772483831,NHB,0.000,0.001,0.920227516168702,0.079772483831298
733,19,C,NHB,0.610796623000,0.000225044000,0.000368443425399,-0.000368443425399,-0.000094151714846,NHB,-0.001,0.000,0.094151714845779,0.905848285154221
734,19,C,NHB,0.610796623000,0.000289397000,0.000473802554079,-0.000473802554079,-0.000172841078976,NHB,-0.001,0.000,0.172841078976186,0.827158921023814
735,19,C,NHB,0.610796623000,0.000036082000,0.000059073673038,-0.000059073673038,0.000013345760402,NHB,0.000,0.001,0.986654239597525,0.013345760402475
736,20,C,NHB,0.241185721000,-0.000211773000,-0.000878049492822,0.000878049492822,-0.000212549660993,NHB,-0.001,0.000,0.212549660993220,0.787450339006780
737,20,C,NHB,0.241185721000,0.000025118000,0.000104143810404,-0.000104143810404,-0.000389497016638,NHB,-0.001,0.000,0.389497016638072,0.610502983361928
738,20,C,NHB,0.241185721000,0.000016780000,0.000069572941260,-0.000069572941260,-0.000483956070954,NHB,-0.001,0.000,0.483956070954006,0.516043929045994
739,20,C,NHB,0.617017436000,-0.000278532000,-0.000451416740839,0.000451416740839,-0.000135055759172,NHB,-0.001,0.000,0.135055759171539,0.864944240828461
740,20,C,NHB,0.617017436000,-0.000093022000,-0.000150760731501,0.000150760731501,-0.000288078464784,NHB,-0.001,0.000,0.288078464784313,0.711921535215686
741,20,C,NHB,0.617017436000,0.000177502000,0.000287677445796,-0.000287677445796,-0.000536327231427,NHB,-0.001,0.000,0.536327231426997,0.463672768573003
742,20,C,NHB,0.617017436000,0.000039925000,0.000064706437242,-0.000064706437242,-0.000231258922829,NHB,-0.001,0.000,0.231258922828727,0.768741077171273
743,20,C,NHB,0.617017436000,-0.000315505000,-0.000511338872440,0.000511338872440,-0.000134496804112,NHB,-0.001,0.000,0.134496804111607,0.865503195888393
744,20,C,NHB,0.617017436000,-0.000187038000,-0.000303132438546,0.000303132438546,0.000286495616412,NHB,0.000,0.001,0.713504383588210,0.286495616411790
745,20,C,NHB,0.517349488000,-0.000141909000,-0.000274300068506,0.000274300068506,-0.000525168818928,NHB,-0.001,0.000,0.525168818927772,0.474831181072228
746,20,C,NHB,0.517349488000,0.000047343000,0.000091510673342,-0.000091510673342,-0.000219149429264,NHB,-0.001,0.000,0.219149429264396,0.780850570735604
747,20,C,NHB,0.517349488000,-0.000033797000,-0.000065327212617,0.000065327212617,-0.000684112771009,NHB,-0.001,0.000,0.684112771009094,0.315887228990906
748,20,C,NHB,0.517349488000,0.000155341000,0.000300263175287,-0.000300263175287,-0.000348493920246,NHB,-0.001,0.000,0.348493920245893,0.651506079754107
749,20,C,NHB,0.517349488000,0.000080975000,0.000156518952620,-0.000156518952620,-0.000301001625044,NHB,-0.001,0.000,0.301001625044012,0.698998374955988
750,20,C,NHB,0.517349488000,0.000041358000,0.000079942091293,-0.000079942091293,-0.000179845218561,NHB,-0.001,0.000,0.179845218561265,0.820154781438735
751,20,C,NHB,0.517349488000,-0.000136426000,-0.000263701816981,0.000263701816981,-0.000561985204501,NHB,-0.001,0.000,0.561985204501490,0.438014795498510
752,20,C,NHB,0.517349488000,0.000024556000,0.000047465012665,-0.000047465012665,-0.000405925643720,NHB,-0.001,0.000,0.405925643719906,0.594074356280094
753,20,C,NHB,0.517349488000,-0.000483232000,-0.000934053306727,0.000934053306727,-0.000286827396358,NHB,-0.001,0.000,0.286827396358489,0.713172603641511
754,20,C,NHB,0.517349488000,-0.000372762000,-0.000720522603475,0.000720522603475,-0.000508814739548,NHB,-0.001,0.000,0.508814739548203,0.491185260451797
755,20,C,NHB,0.517349488000,-0.000426602000,-0.000824591518683,0.000824591518683,0.000089413567760,NHB,0.000,0.001,0.910586432239910,0.089413567760090
756,20,C,NHB,0.517349488000,-0.000260331000,-0.000503201425803,0.000503201425803,-0.000053267659411,NHB,-0.001,0.000,0.053267659410810,0.946732340589190
757,20,C,NHB,0.626409493000,0.000251709000,0.000401828201540,-0.000401828201540,-0.000479864139779,NHB,-0.001,0.000,0.479864139778663,0.520135860221337
758,20,C,NHB,0.626409493000,0.000063734000,0.000101744945937,-0.000101744945937,-0.000256616985143,NHB,-0.001,0.000,0.256616985142670,0.743383014857329
759,20,C,NHB,0.626409493000,0.000049223000,0.000078579588193,-0.000078579588193,-0.000390493825811,NHB,-0.001,0.000,0.390493825810657,0.609506174189343
760,20,C,NHB,0.626409493000,0.000040485000,0.000064630246592,-0.000064630246592,-0.000057999325199,NHB,-0.001,0.000,0.057999325198526,0.942000674801474
761,20,C,NHB,0.626409493000,-0.000447693000,-0.000714697023278,0.000714697023278,-0.000428785976214,NHB,-0.001,0.000,0.428785976213857,0.571214023786143
762,20,C,NHB,0.626409493000,-0.000065787000,-0.000105022354762,0.000105022354762,-0.000283881829091,NHB,-0.001,0.000,0.283881829090723,0.716118170909277
763,20,C,NHB,0.626409493000,-0.000190251000,-0.000303716661586,0.000303716661586,-0.000726831636853,NHB,-0.001,0.000,0.726831636852716,0.273168363147284
764,20,C,NHB,0.626409493000,-0.000005543000,-0.000008848844186,0.000008848844186,-0.000390556423793,NHB,-0.001,0.000,0.390556423792508,0.609443576207492
765,20,C,NHB,0.626409493000,-0.000006580000,-0.000010504310796,0.000010504310796,0.000469052978652,NHB,0.000,0.001,0.530947021347829,0.469052978652171
766,20,C,NHB,0.626409493000,-0.000000000000,-0.000000000000000,0.000000000000000,-0.000174471870842,NHB,-0.001,0.000,0.174471870842041,0.825528129157959
767,20,C,NHB,0.626409493000,-0.000000346000,-0.000000552354337,0.000000552354337,-0.000120648280353,NHB,-0.001,0.000,0.120648280352548,0.879351719647452
768,20,C,NHB,0.626409493000,0.000135383000,0.000216125396427,-0.000216125396427,-0.000332669719061,NHB,-0.001,0.000,0.332669719061181,0.667330280938819
769,20,C,NHB,0.626409493000,-0.000032527000,-0.000051926096848,0.000051926096848,-0.000112009643094,NHB,-0.001,0.000,0.112009643093975,0.887990356906025
770,20,C,NHB,0.626409493000,-0.000604347000,-0.000964779440212,0.000964779440212,-0.000317538166568,NHB,-0.001,0.000,0.317538166567638,0.682461833432362
771,20,C,NHB,0.626409493000,-0.000245403000,-0.000391761304294,0.000391761304294,-0.000074567887513,NHB,-0.001,0.000,0.074567887513472,0.925432112486528
772,20,C,NHB,0.604526425000,-0.000269442000,-0.000445707563569,0.000445707563569,-0.000374729866783,NHB,-0.001,0.000,0.374729866783452,0.625270133216548
773,20,C,NHB,0.604526425000,-0.000041340000,-0.000068384107444,0.000068384107444,-0.000090013571918,NHB,-0.001,0.000,0.090013571918333,0.909986428081667
774,20,C,NHB,0.604526425000,-0.000015610000,-0.000025821865438,0.000025821865438,-0.000701777146266,NHB,-0.001,0.000,0.701777146265576,0.298222853734424
775,20,C,NHB,0.604526425000,0.000136191000,0.000225285437274,-0.000225285437274,-0.000225489611754,NHB,-0.001,0.000,0.225489611753527,0.774510388246473
776,20,C,NHB,0.604526425000,-0.000484189000,-0.000800939346861,0.000800939346861,-0.000020388164611,NHB,-0.001,0.000,0.020388164611123,0.979611835388877
777,20,C,NHB,0.604526425000,0.000162067000,0.000268089190642,-0.000268089190642,-0.000293771172116,NHB,-0.001,0.000,0.293771172115937,0.706228827884063
778,20,C,NHB,0.604526425000,-0.000056621000,-0.000093661745225,0.000093661745225,-0.000075019329900,NHB,-0.001,0.000,0.075019329900069,0.924980670099931
779,20,C,NHB,0.604526425000,-0.000401459000,-0.000664088422603,0.000664088422603,-0.000520022555029,NHB,-0.001,0.000,0.520022555028595,0.479977444971405
780,20,C,NHB,0.604526425000,-0.000004607000,-0.000007620841388,0.000007620841388,-0.000171887252333,NHB,-0.001,0.000,0.171887252332870,0.828112747667130
781,20,C,NHB,0.604526425000,-0.000182539000,-0.000301953715257,0.000301953715257,-0.000000802983148,NHB,-0.001,0.000,0.000802983148019,0.999197016851980
782,20,C,NHB,0.604526425000,-0.000221885000,-0.000367039373010,0.000367039373010,-0.000309208953548,NHB,-0.001,0.000,0.309208953547544,0.690791046452456
783,20,C,NHB,0.604526425000,0.000238310000,0.000394209401185,-0.000394209401185,-0.000636470287789,NHB,-0.001,0.000,0.636470287789198,0.363529712210802
784,20,C,NHB,0.604526425000,-0.000104963000,-0.000173628472899,0.000173628472899,-0.000498676727061,NHB,-0.001,0.000,0.498676727061285,0.501323272938715
785,20,C,NHB,0.604526425000,-0.000199748000,-0.000330420626361,0.000330420626361,0.000209289788210,NHB,0.000,0.001,0.790710211790193,0.209289788209807
786,20,C,NHB,0.610796623000,0.000051272000,0.000083942834766,-0.000083942834766,-0.000436538877495,NHB,-0.001,0.000,0.436538877495168,0.563461122504832
787,20,C,NHB,0.610796623000,0.000101521000,0.000166210807619,-0.000166210807619,-0.000172244520439,NHB,-0.001,0.000,0.172244520438821,0.827755479561179
788,20,C,NHB,0.610796623000,-0.000493280000,-0.000807601059707,0.000807601059707,-0.000041781163034,NHB,-0.001,0.000,0.041781163033607,0.958218836966393
789,20,C,NHB,0.610796623000,-0.000080617000,-0.000131986649835,0.000131986649835,-0.000327315750450,NHB,-0.001,0.000,0.327315750449568,0.672684249550432
790,20,C,NHB,0.610796623000,-0.000446087000,-0.000730336388910,0.000730336388910,-0.000777414248015,NHB,-0.001,0.000,0.777414248014872,0.222585751985128
791,20,C,NHB,0.610796623000,0.000085854000,0.000140560698549,-0.000140560698549,-0.000214692275251,NHB,-0.001,0.000,0.214692275251279,0.785307724748721
792,20,C,NHB,0.610796623000,-0.000047232000,-0.000077328521838,0.000077328521838,-0.000478036639756,NHB,-0.001,0.000,0.478036639756084,0.521963360243916
793,20,C,NHB,0.610796623000,-0.000371260000,-0.000607829162801,0.000607829162801,-0.000526916223965,NHB,-0.001,0.000,0.526916223964849,0.473083776035151
794,20,C,NHB,0.610796623000,-0.000215476000,-0.000352778636761,0.000352778636761,0.000333671975816,NHB,0.000,0.001,0.666328024183852,0.333671975816148
795,20,C,NHB,0.610796623000,-0.000044797000,-0.000073341924813,0.000073341924813,-0.000143068121273,NHB,-0.001,0.000,0.143068121273203,0.856931878726797
796,20,C,NHB,0.610796623000,0.000171745000,0.000281181973725,-0.000281181973725,-0.000397219413148,NHB,-0.001,0.000,0.397219413147634,0.602780586852366
797,20,C,NHB,0.610796623000,-0.000003015000,-0.000004936176604,0.000004936176604,-0.000097376611878,NHB,-0.001,0.000,0.097376611877531,0.902623388122469
798,20,C,NHB,0.610796623000,-0.000024752000,-0.000040524127128,0.000040524127128,-0.000111491961903,NHB,-0.001,0.000,0.111491961902889,0.888508038097111
799,20,C,NHB,0.610796623000,-0.000378783000,-0.000620145864821,0.000620145864821,-0.000513242838894,NHB,-0.001,0.000,0.513242838894073,0.486757161105927
800,21,C,NHB,0.241185721000,-0.000030031000,-0.000124514004708,0.000124514004708,0.000538727693976,NHB,0.000,0.001,0.461272306024123,0.538727693975877
801,21,C,NHB,0.241185721000,0.000007126000,0.000029545696032,-0.000029545696032,-0.000672425683530,NHB,-0.001,0.000,0.672425683530180,0.327574316469820
802,21,C,NHB,0.241185721000,0.000011374000,0.000047158679016,-0.000047158679016,-0.000411876447753,NHB,-0.001,0.000,0.411876447753459,0.588123552246541
803,21,C,NHB,0.241185721000,0.000031731000,0.000131562514847,-0.000131562514847,-0.000215435965680,NHB,-0.001,0.000,0.215435965680277,0.784564034319724
804,21,C,NHB,0.617017436000,0.000019955000,0.000032341063373,-0.000032341063373,-0.000328721867703,NHB,-0.001,0.000,0.328721867702574,0.671278132297426
805,21,C,NHB,0.617017436000,0.000129174000,0.000209352268612,-0.000209352268612,-0.000395191814180,NHB,-0.001,0.000,0.395191814180135,0.604808185819865
806,21,C,NHB,0.617017436000,-0.000246003000,-0.000398696998896,0.000398696998896,-0.000157374665102,NHB,-0.001,0.000,0.157374665102282,0.842625334897718
807,21,C,NHB,0.617017436000,-0.000087295000,-0.000141478984072,0.000141478984072,-0.000244853062084,NHB,-0.001,0.000,0.244853062083987,0.755146937916013
808,21,C,NHB,0.617017436000,-0.000066316000,-0.000107478324162,0.000107478324162,0.000142316394110,NHB,0.000,0.001,0.857683605889986,0.142316394110014
809,21,C,NHB,0.617017436000,0.000069160000,0.000112087594231,-0.000112087594231,-0.000364719463114,NHB,-0.001,0.000,0.364719463114307,0.635280536885693
810,21,C,NHB,0.517349488000,0.000030566000,0.000059081917947,-0.000059081917947,-0.000333308917157,NHB,-0.001,0.000,0.333308917157131,0.666691082842869
811,21,C,NHB,0.517349488000,0.000147091000,0.000284316508302,-0.000284316508302,-0.000244257849860,NHB,-0.001,0.000,0.244257849859972,0.755742150140028
812,21,C,NHB,0.517349488000,-0.000034877000,-0.000067414776295,0.000067414776295,-0.000240785695658,NHB,-0.001,0.000,0.240785695657598,0.759214304342402
813,21,C,NHB,0.517349488000,0.000050115000,0.000096868753449,-0.000096868753449,-0.000155896382258,NHB,-0.001,0.000,0.155896382257805,0.844103617742195
814,21,C,NHB,0.517349488000,0.000068935000,0.000133246483468,-0.000133246483468,-0.000236694851756,NHB,-0.001,0.000,0.236694851755686,0.763305148244314
815,21,C,NHB,0.517349488000,0.000064941000,0.000125526363718,-0.000125526363718,-0.000247197445987,NHB,-0.001,0.000,0.247197445987106,0.752802554012894
816,21,C,NHB,0.517349488000,-0.000140799000,-0.000272154516948,0.000272154516948,-0.000486283103565,NHB,-0.001,0.000,0.486283103564592,0.513716896435408
817,21,C,NHB,0.517349488000,-0.000091436000,-0.000176739326356,0.000176739326356,-0.000519899236025,NHB,-0.001,0.000,0.519899236025219,0.480100763974781
818,21,C,NHB,0.517349488000,-0.000259962000,-0.000502488174880,0.000502488174880,0.000292158427324,NHB,0.000,0.001,0.707841572676006,0.292158427323994
819,21,C,NHB,0.517349488000,-0.000053559000,-0.000103525762067,0.000103525762067,-0.000763919209233,NHB,-0.001,0.000,0.763919209233343,0.236080790766657
820,21,C,NHB,0.517349488000,-0.000251484000,-0.000486100800007,0.000486100800007,0.000344374364793,NHB,0.000,0.001,0.655625635207013,0.344374364792987
821,21,C,NHB,0.517349488000,-0.000275470000,-0.000532464042953,0.000532464042953,-0.000571399633867,NHB,-0.001,0.000,0.571399633867325,0.428600366132675
822,21,C,NHB,0.626409493000,0.000022679000,0.000036204751450,-0.000036204751450,-0.000024283574227,NHB,-0.001,0.000,0.024283574227096,0.975716425772904
823,21,C,NHB,0.626409493000,0.000189064000,0.000301821735004,-0.000301821735004,-0.000402149137885,NHB,-0.001,0.000,0.402149137884652,0.597850862115348
824,21,C,NHB,0.626409493000,-0.000150635000,-0.000240473686436,0.000240473686436,0.000241352932633,NHB,0.000,0.001,0.758647067366947,0.241352932633053
825,21,C,NHB,0.626409493000,0.000238860000,0.000381316060292,-0.000381316060292,-0.000493909079526,NHB,-0.001,0.000,0.493909079525977,0.506090920474023
826,21,C,NHB,0.626409493000,-0.000424776000,-0.000678112328671,0.000678112328671,-0.000534340720239,NHB,-0.001,0.000,0.534340720238689,0.465659279761311
827,21,C,NHB,0.626409493000,-0.000064124000,-0.000102367541866,0.000102367541866,-0.000686123064842,NHB,-0.001,0.000,0.686123064842032,0.313876935157968
828,21,C,NHB,0.626409493000,-0.000526484000,-0.000840478961260,0.000840478961260,-0.000293875270397,NHB,-0.001,0.000,0.293875270397386,0.706124729602614
829,21,C,NHB,0.626409493000,-0.000279355000,-0.000445962270881,0.000445962270881,-0.000580482752619,NHB,-0.001,0.000,0.580482752619447,0.419517247380553
830,21,C,NHB,0.626409493000,-0.000005408000,-0.000008633330210,0.000008633330210,-0.000134215625212,NHB,-0.001,0.000,0.134215625212337,0.865784374787663
831,21,C,NHB,0.626409493000,-0.000070236000,-0.000112124737548,0.000112124737548,-0.000083153615100,NHB,-0.001,0.000,0.083153615099961,0.916846384900039
832,21,C,NHB,0.626409493000,-0.000039228000,-0.000062623572022,0.000062623572022,-0.000289150794932,NHB,-0.001,0.000,0.289150794931632,0.710849205068367
833,21,C,NHB,0.626409493000,-0.000032515000,-0.000051906940050,0.000051906940050,-0.000092101146055,NHB,-0.001,0.000,0.092101146054779,0.907898853945221
834,21,C,NHB,0.626409493000,-0.000585955000,-0.000935418454777,0.000935418454777,-0.000208580262898,NHB,-0.001,0.000,0.208580262897758,0.791419737102242
835,21,C,NHB,0.626409493000,-0.000373366000,-0.000596041414079,0.000596041414079,-0.000267715753077,NHB,-0.001,0.000,0.267715753076709,0.732284246923292
836,21,C,NHB,0.604526425000,-0.000016591000,-0.000027444623285,0.000027444623285,-0.000419545183786,NHB,-0.001,0.000,0.419545183786280,0.580454816213720
837,21,C,NHB,0.604526425000,0.000163228000,0.000270009702223,-0.000270009702223,-0.000336993971153,NHB,-0.001,0.000,0.336993971153040,0.663006028846960
838,21,C,NHB,0.604526425000,-0.000109747000,-0.000181542105459,0.000181542105459,-0.000257653218451,NHB,-0.001,0.000,0.257653218450828,0.742346781549172
839,21,C,NHB,0.604526425000,-0.000016663000,-0.000027563724778,0.000027563724778,-0.000181396880845,NHB,-0.001,0.000,0.181396880845290,0.818603119154710
840,21,C,NHB,0.604526425000,0.000071497000,0.000118269437105,-0.000118269437105,-0.000131758666596,NHB,-0.001,0.000,0.131758666596194,0.868241333403806
841,21,C,NHB,0.604526425000,0.000039951000,0.000066086441134,-0.000066086441134,-0.000164443059346,NHB,-0.001,0.000,0.164443059346175,0.835556940653825
842,21,C,NHB,0.604526425000,-0.000307739000,-0.000509057978731,0.000509057978731,-0.000235343244631,NHB,-0.001,0.000,0.235343244630908,0.764656755369092
843,21,C,NHB,0.604526425000,-0.000085097000,-0.000140766385853,0.000140766385853,-0.000462417210288,NHB,-0.001,0.000,0.462417210288238,0.537582789711762
844,21,C,NHB,0.604526425000,-0.000169128000,-0.000279769407930,0.000279769407930,-0.000197197990890,NHB,-0.001,0.000,0.197197990890375,0.802802009109625
845,21,C,NHB,0.604526425000,0.000001225000,0.000002026379575,-0.000002026379575,-0.000683818135877,NHB,-0.001,0.000,0.683818135877307,0.316181864122693
846,21,C,NHB,0.604526425000,-0.000522947000,-0.000865052342418,0.000865052342418,0.000118009947246,NHB,0.000,0.001,0.881990052753641,0.118009947246359
847,21,C,NHB,0.604526425000,-0.000380652000,-0.000629669745206,0.000629669745206,-0.000460076142921,NHB,-0.001,0.000,0.460076142921442,0.539923857078558
848,21,C,NHB,0.610796623000,0.000009589000,0.000015699169967,-0.000015699169967,-0.000168354115302,NHB,-0.001,0.000,0.168354115302115,0.831645884697885
849,21,C,NHB,0.610796623000,0.000118850000,0.000194581953345,-0.000194581953345,-0.000347599849693,NHB,-0.001,0.000,0.347599849692980,0.652400150307020
850,21,C,NHB,0.610796623000,-0.000195091000,-0.000319404188978,0.000319404188978,0.000405444519224,NHB,0.000,0.001,0.594555480775947,0.405444519224053
851,21,C,NHB,0.610796623000,0.000271132000,0.000443898983377,-0.000443898983377,-0.000653812539806,NHB,-0.001,0.000,0.653812539806020,0.346187460193980
852,21,C,NHB,0.610796623000,-0.000333353000,-0.000545767588502,0.000545767588502,-0.000137140354369,NHB,-0.001,0.000,0.137140354369076,0.862859645630924
853,21,C,NHB,0.610796623000,-0.000317715000,-0.000520164958410,0.000520164958410,-0.000503763811636,NHB,-0.001,0.000,0.503763811635511,0.496236188364489
854,21,C,NHB,0.610796623000,0.000067403000,0.000110352607500,-0.000110352607500,-0.000451408607553,NHB,-0.001,0.000,0.451408607552903,0.548591392447097
855,21,C,NHB,0.610796623000,-0.000550092000,-0.000900614016656,0.000900614016656,-0.000132009290249,NHB,-0.001,0.000,0.132009290248628,0.867990709751372
856,21,C,NHB,0.610796623000,-0.000436451000,-0.000714560270252,0.000714560270252,-0.000801795122886,NHB,-0.001,0.000,0.801795122886055,0.198204877113945
857,21,C,NHB,0.610796623000,0.000056138000,0.000091909479991,-0.000091909479991,-0.000168849060434,NHB,-0.001,0.000,0.168849060434223,0.831150939565777
858,21,C,NHB,0.610796623000,-0.000070448000,-0.000115337900288,0.000115337900288,-0.000098723605306,NHB,-0.001,0.000,0.098723605306434,0.901276394693566
859,21,C,NHB,0.610796623000,-0.000516515000,-0.000845641545074,0.000845641545074,-0.000013562416915,NHB,-0.001,0.000,0.013562416915475,0.986437583084525
860,21,C,NHB,0.610796623000,-0.000068646000,-0.000112387654769,0.000112387654769,-0.000056048934312,NHB,-0.001,0.000,0.056048934311902,0.943951065688098
861,21,C,NHB,0.610796623000,-0.000489091000,-0.000800742803059,0.000800742803059,-0.000530831529948,NHB,-0.001,0.000,0.530831529948247,0.469168470051753
862,22,C,NHB,0.241185721000,0.000000249000,0.000001032399426,-0.000001032399426,0.000107538748981,NHB,0.000,0.001,0.892461251018709,0.107538748981291
863,22,C,NHB,0.617017436000,-0.000253105000,-0.000410207208472,0.000410207208472,0.000159300197725,NHB,0.000,0.001,0.840699802274895,0.159300197725105
864,22,C,NHB,0.517349488000,0.000000283000,0.000000547019001,-0.000000547019001,-0.000064478588339,NHB,-0.001,0.000,0.064478588339169,0.935521411660831
865,22,C,NHB,0.517349488000,-0.000090606000,-0.000175134995011,0.000175134995011,0.000364028804389,NHB,0.000,0.001,0.635971195611126,0.364028804388874
866,22,C,NHB,0.517349488000,-0.000153567000,-0.000296834158653,0.000296834158653,0.000222844878867,NHB,0.000,0.001,0.777155121133048,0.222844878866952
867,22,C,NHB,0.626409493000,-0.000618605000,-0.000987540908803,0.000987540908803,0.000618187074725,NHB,0.000,0.001,0.381812925275256,0.618187074724744
868,22,C,NHB,0.626409493000,-0.000024339000,-0.000038854775146,0.000038854775146,0.000148542170711,NHB,0.000,0.001,0.851457829288931,0.148542170711069
869,22,C,NHB,0.626409493000,-0.000514214000,-0.000820891135505,0.000820891135505,0.000629954007154,NHB,0.000,0.001,0.370045992845790,0.629954007154210
870,22,C,NHB,0.604526425000,-0.000224313000,-0.000371055740037,0.000371055740037,0.000673360402259,NHB,0.000,0.001,0.326639597741265,0.673360402258735
871,22,C,NHB,0.604526425000,-0.000204531000,-0.000338332604733,0.000338332604733,0.000314332632307,NHB,0.000,0.001,0.685667367692577,0.314332632307423
872,22,C,NHB,0.604526425000,-0.000181468000,-0.000300182080543,0.000300182080543,0.000493305987231,NHB,0.000,0.001,0.506694012768583,0.493305987231417
873,22,C,NHB,0.610796623000,-0.000234111000,-0.000383287973745,0.000383287973745,0.000696283386107,NHB,0.000,0.001,0.303716613892525,0.696283386107475
874,22,C,NHB,0.610796623000,-0.000076061000,-0.000124527538522,0.000124527538522,0.000773567408893,NHB,0.000,0.001,0.226432591107279,0.773567408892721
875,22,C,NHB,0.610796623000,0.000037624000,0.000061598244953,-0.000061598244953,-0.000069411658165,NHB,-0.001,0.000,0.069411658164668,0.930588341835332
876,22,C,NHB,0.610796623000,-0.000304065000,-0.000497817094185,0.000497817094185,0.000819077886592,NHB,0.000,0.001,0.180922113408068,0.819077886591932
877,22,C,NHB,0.610796623000,-0.000062117000,-0.000101698335683,0.000101698335683,0.000570065047132,NHB,0.000,0.001,0.429934952868007,0.570065047131993
878,23,C,NHB,0.241185721000,-0.000040358000,-0.000167331630715,0.000167331630715,0.000569607127767,NHB,0.000,0.001,0.430392872233082,0.569607127766918
879,23,C,NHB,0.241185721000,-0.000113577000,-0.000470910962428,0.000470910962428,0.000302120099668,NHB,0.000,0.001,0.697879900331532,0.302120099668468
880,23,C,NHB,0.617017436000,-0.000185407000,-0.000300489077265,0.000300489077265,-0.000042423321171,NHB,-0.001,0.000,0.042423321170679,0.957576678829321
881,23,C,NHB,0.617017436000,-0.000735038000,-0.001191275897753,0.001191275897753,0.000605336898274,NHB,0.000,0.001,0.394663101726439,0.605336898273561
882,23,C,NHB,0.617017436000,-0.000658792000,-0.001067704025142,0.001067704025142,0.000706216736644,NHB,0.000,0.001,0.293783263355985,0.706216736644015
883,23,C,NHB,0.617017436000,-0.000080271000,-0.000130095189077,0.000130095189077,-0.000026830018739,NHB,-0.001,0.000,0.026830018739138,0.973169981260862
884,23,C,NHB,0.517349488000,-0.000156550000,-0.000302600086849,0.000302600086849,0.000102606226805,NHB,0.000,0.001,0.897393773194664,0.102606226805336
885,23,C,NHB,0.517349488000,-0.000348336000,-0.000673308871623,0.000673308871623,0.000477791213443,NHB,0.000,0.001,0.522208786556550,0.477791213443450
886,23,C,NHB,0.517349488000,-0.000472788000,-0.000913865792789,0.000913865792789,0.000596542451257,NHB,0.000,0.001,0.403457548742671,0.596542451257329
887,23,C,NHB,0.517349488000,-0.000139167000,-0.000268999976279,0.000268999976279,0.000123103766040,NHB,0.000,0.001,0.876896233959597,0.123103766040403
888,23,C,NHB,0.517349488000,-0.000255471000,-0.000493807389252,0.000493807389252,0.000370402106576,NHB,0.000,0.001,0.629597893423584,0.370402106576416
889,23,C,NHB,0.517349488000,-0.000095992000,-0.000185545752391,0.000185545752391,0.000659337781550,NHB,0.000,0.001,0.340662218450486,0.659337781549514
890,23,C,NHB,0.517349488000,-0.000247844000,-0.000479064937240,0.000479064937240,0.000379919032483,NHB,0.000,0.001,0.620080967517349,0.379919032482651
891,23,C,NHB,0.626409493000,-0.000272097000,-0.000434375601010,0.000434375601010,-0.000059020950325,NHB,-0.001,0.000,0.059020950324684,0.940979049675316
892,23,C,NHB,0.626409493000,-0.000592479000,-0.000945833367184,0.000945833367184,0.000807443723237,NHB,0.000,0.001,0.192556276762732,0.807443723237268
893,23,C,NHB,0.626409493000,-0.000216118000,-0.000345010735653,0.000345010735653,-0.000209479231137,NHB,-0.001,0.000,0.209479231137049,0.790520768862951
894,23,C,NHB,0.626409493000,-0.000124581000,-0.000198881085603,0.000198881085603,0.000527218821466,NHB,0.000,0.001,0.472781178533610,0.527218821466390
895,23,C,NHB,0.626409493000,-0.000454443000,-0.000725472722043,0.000725472722043,0.000589040094433,NHB,0.000,0.001,0.410959905566862,0.589040094433138
896,23,C,NHB,0.626409493000,-0.000178034000,-0.000284213445022,0.000284213445022,0.000208939067319,NHB,0.000,0.001,0.791060932681013,0.208939067318987
897,23,C,NHB,0.626409493000,-0.000432703000,-0.000690766990021,0.000690766990021,0.000207629111165,NHB,0.000,0.001,0.792370888834707,0.207629111165293
898,23,C,NHB,0.626409493000,-0.000670420000,-0.001070258365321,0.001070258365321,0.000775324325603,NHB,0.000,0.001,0.224675674396926,0.775324325603074
899,23,C,NHB,0.626409493000,-0.000046174000,-0.000073712165151,0.000073712165151,-0.000058465242294,NHB,-0.001,0.000,0.058465242294446,0.941534757705554
900,23,C,NHB,0.604526425000,-0.000413066000,-0.000683288575847,0.000683288575847,0.000659701134737,NHB,0.000,0.001,0.340298865263106,0.659701134736894
901,23,C,NHB,0.604526425000,-0.000090364000,-0.000149478990931,0.000149478990931,0.000034382893403,NHB,0.000,0.001,0.965617106596515,0.034382893403485
902,23,C,NHB,0.604526425000,-0.000082396000,-0.000136298425664,0.000136298425664,-0.000133143632706,NHB,-0.001,0.000,0.133143632705977,0.866856367294023
903,23,C,NHB,0.604526425000,-0.000536786000,-0.000887944641957,0.000887944641957,0.000601143781815,NHB,0.000,0.001,0.398856218185398,0.601143781814602
904,23,C,NHB,0.604526425000,-0.000783530000,-0.001296105459741,0.001296105459741,0.000627436854500,NHB,0.000,0.001,0.372563145499672,0.627436854500327
905,23,C,NHB,0.604526425000,-0.000087410000,-0.000144592521328,0.000144592521328,-0.000025375823713,NHB,-0.001,0.000,0.025375823713141,0.974624176286859
906,23,C,NHB,0.604526425000,-0.000233079000,-0.000385556346854,0.000385556346854,0.000201250740746,NHB,0.000,0.001,0.798749259253551,0.201250740746449
907,23,C,NHB,0.604526425000,-0.000775657000,-0.001283082042278,0.001283082042278,0.000832782958476,NHB,0.000,0.001,0.167217041524293,0.832782958475707
908,23,C,NHB,0.604526425000,-0.000317283000,-0.000524845543352,0.000524845543352,0.000713020960859,NHB,0.000,0.001,0.286979039141406,0.713020960858594
909,23,C,NHB,0.604526425000,-0.000156349000,-0.000258630547043,0.000258630547043,-0.000006680094428,NHB,-0.001,0.000,0.006680094427867,0.993319905572133
910,23,C,NHB,0.610796623000,-0.000124227000,-0.000203385210923,0.000203385210923,-0.000134414923842,NHB,-0.001,0.000,0.134414923842374,0.865585076157626
911,23,C,NHB,0.610796623000,-0.000365660000,-0.000598660808247,0.000598660808247,0.000638621996876,NHB,0.000,0.001,0.361378003123757,0.638621996876243
912,23,C,NHB,0.610796623000,-0.000379806000,-0.000621820726733,0.000621820726733,0.000072663642098,NHB,0.000,0.001,0.927336357902249,0.072663642097751
913,23,C,NHB,0.610796623000,-0.000259984000,-0.000425647408990,0.000425647408990,0.000352447199785,NHB,0.000,0.001,0.647552800214529,0.352447199785471
914,23,C,NHB,0.610796623000,-0.000273665000,-0.000448046026607,0.000448046026607,0.000496536824508,NHB,0.000,0.001,0.503463175492311,0.496536824507689
915,23,C,NHB,0.610796623000,-0.000322396000,-0.000527828720494,0.000527828720494,0.000067214372409,NHB,0.000,0.001,0.932785627591448,0.067214372408552
916,23,C,NHB,0.610796623000,-0.000799958000,-0.001309696173615,0.001309696173615,0.000804687385757,NHB,0.000,0.001,0.195312614243440,0.804687385756560
917,23,C,NHB,0.610796623000,-0.000108125000,-0.000177022917168,0.000177022917168,0.000089730557322,NHB,0.000,0.001,0.910269442678418,0.089730557321582
918,24,C,NHB,0.241185721000,-0.000074040000,-0.000306983347493,0.000306983347493,0.000234765993764,NHB,0.000,0.001,0.765234006236325,0.234765993763675
919,24,C,NHB,0.241185721000,-0.000039436000,-0.000163508850509,0.000163508850509,0.000047940035202,NHB,0.000,0.001,0.952059964797734,0.047940035202266
920,24,C,NHB,0.617017436000,-0.000710040000,-0.001150761645575,0.001150761645575,0.000831407105145,NHB,0.000,0.001,0.168592894855134,0.831407105144866
921,24,C,NHB,0.617017436000,-0.000505658000,-0.000819519790685,0.000819519790685,0.000706444777153,NHB,0.000,0.001,0.293555222847240,0.706444777152760
922,24,C,NHB,0.617017436000,-0.000138992000,-0.000225264298690,0.000225264298690,-0.000266118621273,NHB,-0.001,0.000,0.266118621273077,0.733881378726923
923,24,C,NHB,0.617017436000,-0.000123977000,-0.000200929492048,0.000200929492048,0.000100498501731,NHB,0.000,0.001,0.899501498268839,0.100498501731161
924,24,C,NHB,0.517349488000,-0.000152700000,-0.000295158308922,0.000295158308922,0.000225903843511,NHB,0.000,0.001,0.774096156489020,0.225903843510980
925,24,C,NHB,0.517349488000,-0.000132212000,-0.000255556452778,0.000255556452778,0.000166013775366,NHB,0.000,0.001,0.833986224634159,0.166013775365841
926,24,C,NHB,0.517349488000,-0.000065237000,-0.000126098510800,0.000126098510800,-0.000183464579640,NHB,-0.001,0.000,0.183464579639642,0.816535420360358
927,24,C,NHB,0.517349488000,-0.000056399000,-0.000109015281368,0.000109015281368,-0.000053673654000,NHB,-0.001,0.000,0.053673653999642,0.946326346000358
928,24,C,NHB,0.517349488000,-0.000210187000,-0.000406276617403,0.000406276617403,0.000312514795722,NHB,0.000,0.001,0.687485204277703,0.312514795722297
929,24,C,NHB,0.517349488000,-0.000306889000,-0.000593194749620,0.000593194749620,0.000498929782493,NHB,0.000,0.001,0.501070217506564,0.498929782493436
930,24,C,NHB,0.517349488000,-0.000492619000,-0.000952197714362,0.000952197714362,0.000801324481607,NHB,0.000,0.001,0.198675518392926,0.801324481607074
931,24,C,NHB,0.517349488000,-0.000061200000,-0.000118295275089,0.000118295275089,-0.000030190479626,NHB,-0.001,0.000,0.030190479626079,0.969809520373921
932,24,C,NHB,0.517349488000,-0.000092160000,-0.000178138767193,0.000178138767193,0.000113090409580,NHB,0.000,0.001,0.886909590420266,0.113090409579734
933,24,C,NHB,0.517349488000,-0.000117407000,-0.000226939434025,0.000226939434025,0.000504787194888,NHB,0.000,0.001,0.495212805112453,0.504787194887547
934,24,C,NHB,0.517349488000,-0.000095027000,-0.000183680475586,0.000183680475586,0.000173034941487,NHB,0.000,0.001,0.826965058513103,0.173034941486897
935,24,C,NHB,0.626409493000,-0.000009983000,-0.000015936859373,0.000015936859373,-0.000031443521342,NHB,-0.001,0.000,0.031443521341862,0.968556478658138
936,24,C,NHB,0.626409493000,-0.000527668000,-0.000842369098643,0.000842369098643,0.000650048928385,NHB,0.000,0.001,0.349951071614951,0.650048928385049
937,24,C,NHB,0.626409493000,-0.000524764000,-0.000837733153575,0.000837733153575,0.000753944839594,NHB,0.000,0.001,0.246055160405548,0.753944839594452
938,24,C,NHB,0.626409493000,-0.000023908000,-0.000038166726825,0.000038166726825,-0.000038783867693,NHB,-0.001,0.000,0.038783867693224,0.961216132306776
939,24,C,NHB,0.626409493000,-0.000314798000,-0.000502543469596,0.000502543469596,0.000379563944178,NHB,0.000,0.001,0.620436055822446,0.379563944177554
940,24,C,NHB,0.626409493000,-0.000560200000,-0.000894303177490,0.000894303177490,0.000851997516702,NHB,0.000,0.001,0.148002483297983,0.851997516702017
941,24,C,NHB,0.626409493000,-0.000299322000,-0.000477837586028,0.000477837586028,0.000401944902571,NHB,0.000,0.001,0.598055097429142,0.401944902570858
942,24,C,NHB,0.626409493000,-0.000065097000,-0.000103920838888,0.000103920838888,-0.000046862849454,NHB,-0.001,0.000,0.046862849453771,0.953137150546229
943,24,C,NHB,0.626409493000,-0.000033461000,-0.000053417134277,0.000053417134277,-0.000033713949234,NHB,-0.001,0.000,0.033713949233530,0.966286050766470
944,24,C,NHB,0.626409493000,-0.000483609000,-0.000772033319106,0.000772033319106,0.000764609373469,NHB,0.000,0.001,0.235390626530859,0.764609373469141
945,24,C,NHB,0.626409493000,-0.000486783000,-0.000777100292125,0.000777100292125,0.000622020952499,NHB,0.000,0.001,0.377979047500939,0.622020952499061
946,24,C,NHB,0.626409493000,-0.000000014000,-0.000000022349597,0.000000022349597,0.000393219945878,NHB,0.000,0.001,0.606780054122269,0.393219945877731
947,24,C,NHB,0.626409493000,-0.000248912000,-0.000397363071252,0.000397363071252,-0.000441410352580,NHB,-0.001,0.000,0.441410352580217,0.558589647419783
948,24,C,NHB,0.626409493000,-0.000107248000,-0.000171210687575,0.000171210687575,-0.000226960619685,NHB,-0.001,0.000,0.226960619685369,0.773039380314631
949,24,C,NHB,0.604526425000,-0.000641753000,-0.001061579731606,0.001061579731606,0.000835937277024,NHB,0.000,0.001,0.164062722976072,0.835937277023928
950,24,C,NHB,0.604526425000,-0.000353288000,-0.000584404560975,0.000584404560975,0.000488185913457,NHB,0.000,0.001,0.511814086543032,0.488185913456968
951,24,C,NHB,0.604526425000,-0.000000185000,-0.000000306024670,0.000000306024670,0.000095822330368,NHB,0.000,0.001,0.904177669632280,0.095822330367720
952,24,C,NHB,0.604526425000,-0.000133802000,-0.000221333583557,0.000221333583557,-0.000357758382800,NHB,-0.001,0.000,0.357758382799643,0.642241617200357
953,24,C,NHB,0.604526425000,-0.000050050000,-0.000082792079767,0.000082792079767,-0.000053537226851,NHB,-0.001,0.000,0.053537226851119,0.946462773148881
954,24,C,NHB,0.604526425000,-0.000073769000,-0.000122027750896,0.000122027750896,0.000240063446530,NHB,0.000,0.001,0.759936553469811,0.240063446530189
955,24,C,NHB,0.604526425000,-0.000519014000,-0.000858546423343,0.000858546423343,0.000703023698948,NHB,0.000,0.001,0.296976301052124,0.703023698947876
956,24,C,NHB,0.604526425000,-0.000613340000,-0.001014579304784,0.001014579304784,0.000784977498292,NHB,0.000,0.001,0.215022501708365,0.784977498291635
957,24,C,NHB,0.604526425000,-0.000116182000,-0.000192186801429,0.000192186801429,-0.000237083572513,NHB,-0.001,0.000,0.237083572512558,0.762916427487442
958,24,C,NHB,0.604526425000,-0.000103677000,-0.000171501187893,0.000171501187893,0.000078499173424,NHB,0.000,0.001,0.921500826576487,0.078499173423513
959,24,C,NHB,0.604526425000,-0.000337005000,-0.000557469427412,0.000557469427412,0.000756133321951,NHB,0.000,0.001,0.243866678049403,0.756133321950597
960,24,C,NHB,0.604526425000,-0.000387315000,-0.000640691595905,0.000640691595905,0.000623417219711,NHB,0.000,0.001,0.376582780289452,0.623417219710548
961,24,C,NHB,0.604526425000,-0.000068202000,-0.000112818889596,0.000112818889596,0.000026842401714,NHB,0.000,0.001,0.973157598286057,0.026842401713943
962,24,C,NHB,0.604526425000,-0.000071069000,-0.000117561444895,0.000117561444895,0.000180857856316,NHB,0.000,0.001,0.819142143683628,0.180857856316372
963,24,C,NHB,0.610796623000,-0.000630727000,-0.001032630136202,0.001032630136202,0.000773735109039,NHB,0.000,0.001,0.226264890961154,0.773735109038846
964,24,C,NHB,0.610796623000,-0.000092995000,-0.000152251987811,0.000152251987811,0.000077166820812,NHB,0.000,0.001,0.922833179187767,0.077166820812233
965,24,C,NHB,0.610796623000,-0.000367645000,-0.000601910662496,0.000601910662496,0.000473660393622,NHB,0.000,0.001,0.526339606377665,0.473660393622335
966,24,C,NHB,0.610796623000,-0.000002585000,-0.000004232177950,0.000004232177950,0.000650243072308,NHB,0.000,0.001,0.349756927692279,0.650243072307721
967,24,C,NHB,0.610796623000,-0.000016884000,-0.000027642588980,0.000027642588980,-0.000047816785086,NHB,-0.001,0.000,0.047816785086462,0.952183214913538
968,24,C,NHB,0.610796623000,-0.000164221000,-0.000268863634500,0.000268863634500,0.000512064415137,NHB,0.000,0.001,0.487935584862745,0.512064415137255
969,24,C,NHB,0.610796623000,-0.000064614000,-0.000105786439491,0.000105786439491,0.000023627611501,NHB,0.000,0.001,0.976372388499023,0.023627611500977
970,24,C,NHB,0.610796623000,-0.000041111000,-0.000067307182869,0.000067307182869,-0.000019104200225,NHB,-0.001,0.000,0.019104200225463,0.980895799774537
971,24,C,NHB,0.610796623000,-0.000235585000,-0.000385701215640,0.000385701215640,0.000303822846848,NHB,0.000,0.001,0.696177153152255,0.303822846847745
972,24,C,NHB,0.610796623000,-0.000321217000,-0.000525898454419,0.000525898454419,0.000409879887684,NHB,0.000,0.001,0.590120112315525,0.409879887684475
973,24,C,NHB,0.610796623000,-0.000193408000,-0.000316648770994,0.000316648770994,-0.000329476423148,NHB,-0.001,0.000,0.329476423148469,0.670523576851531
974,24,C,NHB,0.610796623000,-0.000347406000,-0.000568775246814,0.000568775246814,0.000573939878363,NHB,0.000,0.001,0.426060121637363,0.573939878362637
975,24,C,NHB,0.610796623000,-0.000101375000,-0.000165971775518,0.000165971775518,0.000629073258517,NHB,0.000,0.001,0.370926741483211,0.629073258516789
976,24,C,NHB,0.610796623000,-0.000062497000,-0.000102320474028,0.000102320474028,-0.000282584626297,NHB,-0.001,0.000,0.282584626296593,0.717415373703407
977,25,C,NHB,0.241185721000,-0.000063365000,-0.000262722849998,0.000262722849998,0.000151531148411,NHB,0.000,0.001,0.848468851588873,0.151531148411127
978,25,C,NHB,0.241185721000,-0.000004788000,-0.000019851921499,0.000019851921499,0.000455490301024,NHB,0.000,0.001,0.544509698975752,0.455490301024248
979,25,C,NHB,0.241185721000,-0.000042076000,-0.000174454772138,0.000174454772138,-0.000011680604381,NHB,-0.001,0.000,0.011680604380521,0.988319395619479
980,25,C,NHB,0.617017436000,-0.000617503000,-0.001000786953450,0.001000786953450,0.000730230672155,NHB,0.000,0.001,0.269769327844712,0.730230672155288
981,25,C,NHB,0.617017436000,-0.000620111000,-0.001005013738380,0.001005013738380,0.000644080131067,NHB,0.000,0.001,0.355919868933328,0.644080131066672
982,25,C,NHB,0.617017436000,-0.000100700000,-0.000163204464128,0.000163204464128,-0.000003667695971,NHB,-0.001,0.000,0.003667695970743,0.996332304029257
983,25,C,NHB,0.617017436000,-0.000085635000,-0.000138788622499,0.000138788622499,-0.000126755287038,NHB,-0.001,0.000,0.126755287037573,0.873244712962427
984,25,C,NHB,0.517349488000,-0.000175266000,-0.000338776792217,0.000338776792217,0.000206009184096,NHB,0.000,0.001,0.793990815903603,0.206009184096397
985,25,C,NHB,0.517349488000,-0.000052820000,-0.000102097327291,0.000102097327291,-0.000147898630939,NHB,-0.001,0.000,0.147898630938677,0.852101369061323
986,25,C,NHB,0.517349488000,-0.000112209000,-0.000216892067360,0.000216892067360,0.000093554111288,NHB,0.000,0.001,0.906445888712418,0.093554111287582
987,25,C,NHB,0.517349488000,-0.000106720000,-0.000206282218259,0.000206282218259,-0.000184320034927,NHB,-0.001,0.000,0.184320034926787,0.815679965073213
988,25,C,NHB,0.517349488000,-0.000329634000,-0.000637159227265,0.000637159227265,0.000614305036299,NHB,0.000,0.001,0.385694963700611,0.614305036299389
989,25,C,NHB,0.517349488000,-0.000261646000,-0.000505743227874,0.000505743227874,0.000644815673656,NHB,0.000,0.001,0.355184326344347,0.644815673655653
990,25,C,NHB,0.517349488000,-0.000051225000,-0.000099014305007,0.000099014305007,0.000354158247823,NHB,0.000,0.001,0.645841752177151,0.354158247822849
991,25,C,NHB,0.517349488000,-0.000264830000,-0.000511897674865,0.000511897674865,0.000370631962673,NHB,0.000,0.001,0.629368037327325,0.370631962672675
992,25,C,NHB,0.517349488000,-0.000078552000,-0.000151835464849,0.000151835464849,0.000092475443717,NHB,0.000,0.001,0.907524556283167,0.092475443716833
993,25,C,NHB,0.517349488000,-0.000257546000,-0.000497818217615,0.000497818217615,0.000330436501217,NHB,0.000,0.001,0.669563498783333,0.330436501216667
994,25,C,NHB,0.517349488000,-0.000057804000,-0.000111731047079,0.000111731047079,0.000001444961363,NHB,0.000,0.001,0.998555038637021,0.001444961362979
995,25,C,NHB,0.517349488000,-0.000090923000,-0.000175747733609,0.000175747733609,0.000044470068657,NHB,0.000,0.001,0.955529931343034,0.044470068656966
996,25,C,NHB,0.626409493000,-0.000487618000,-0.000778433285972,0.000778433285972,0.000598879148571,NHB,0.000,0.001,0.401120851428968,0.598879148571032
997,25,C,NHB,0.626409493000,-0.000780813000,-0.001246489730321,0.001246489730321,0.000801641091294,NHB,0.000,0.001,0.198358908706296,0.801641091293704
998,25,C,NHB,0.626409493000,-0.000071597000,-0.000114297437699,0.000114297437699,-0.000011962601615,NHB,-0.001,0.000,0.011962601614809,0.988037398385191
999,25,C,NHB,0.626409493000,-0.000186342000,-0.000297476334702,0.000297476334702,0.000223265274214,NHB,0.000,0.001,0.776734725786433,0.223265274213567
1000,25,C,NHB,0.626409493000,-0.000060321000,-0.000096296433362,0.000096296433362,0.000535744000862,NHB,0.000,0.001,0.464255999137564,0.535744000862436
1001,25,C,NHB,0.626409493000,-0.000301382000,-0.000481126169651,0.000481126169651,0.000553020538293,NHB,0.000,0.001,0.446979461707325,0.553020538292675
1002,25,C,NHB,0.626409493000,-0.000207830000,-0.000331779773970,0.000331779773970,-0.000313334044098,NHB,-0.001,0.000,0.313334044097612,0.686665955902388
1003,25,C,NHB,0.626409493000,-0.000222184000,-0.000354694496943,0.000354694496943,-0.000403043947265,NHB,-0.001,0.000,0.403043947265007,0.596956052734993
1004,25,C,NHB,0.626409493000,-0.000755728000,-0.001206444040911,0.001206444040911,0.000862093793114,NHB,0.000,0.001,0.137906206886167,0.862093793113833
1005,25,C,NHB,0.626409493000,-0.000473857000,-0.000756465228090,0.000756465228090,0.000528888858005,NHB,0.000,0.001,0.471111141995032,0.528888858004968
1006,25,C,NHB,0.626409493000,-0.000211171000,-0.000337113345758,0.000337113345758,0.000232387986853,NHB,0.000,0.001,0.767612013146684,0.232387986853316
1007,25,C,NHB,0.626409493000,-0.000012326000,-0.000019677224144,0.000019677224144,-0.000092992071355,NHB,-0.001,0.000,0.092992071355227,0.907007928644773
1008,25,C,NHB,0.626409493000,-0.000089871000,-0.000143470047955,0.000143470047955,0.000015287419057,NHB,0.000,0.001,0.984712580942550,0.015287419057450
1009,25,C,NHB,0.604526425000,-0.000358757000,-0.000593451311909,0.000593451311909,0.000762952987553,NHB,0.000,0.001,0.237047012447135,0.762952987552865
1010,25,C,NHB,0.604526425000,-0.000407921000,-0.000674777781633,0.000674777781633,0.000455169642393,NHB,0.000,0.001,0.544830357607201,0.455169642392799
1011,25,C,NHB,0.604526425000,-0.000068290000,-0.000112964458088,0.000112964458088,-0.000160308033795,NHB,-0.001,0.000,0.160308033794848,0.839691966205152
1012,25,C,NHB,0.604526425000,-0.000033952000,-0.000056162970874,0.000056162970874,0.000001778021603,NHB,0.000,0.001,0.998221978397055,0.001778021602945
1013,25,C,NHB,0.604526425000,-0.000162559000,-0.000268903050847,0.000268903050847,-0.000257413902944,NHB,-0.001,0.000,0.257413902944233,0.742586097055767
1014,25,C,NHB,0.604526425000,-0.000584687000,-0.000967181872984,0.000967181872984,0.000737723440132,NHB,0.000,0.001,0.262276559868180,0.737723440131820
1015,25,C,NHB,0.604526425000,-0.000616088000,-0.001019125011781,0.001019125011781,0.000690550607386,NHB,0.000,0.001,0.309449392614038,0.690550607385962
1016,25,C,NHB,0.604526425000,-0.000216485000,-0.000358106761007,0.000358106761007,0.000222337166490,NHB,0.000,0.001,0.777662833509597,0.222337166490403
1017,25,C,NHB,0.604526425000,-0.000219337000,-0.000362824503495,0.000362824503495,0.000207009037950,NHB,0.000,0.001,0.792990962049513,0.207009037950487
1018,25,C,NHB,0.604526425000,-0.000451320000,-0.000746567860950,0.000746567860950,0.000533386713695,NHB,0.000,0.001,0.466613286305353,0.533386713694647
1019,25,C,NHB,0.604526425000,-0.000343251000,-0.000567801481962,0.000567801481962,0.000737358345859,NHB,0.000,0.001,0.262641654141065,0.737358345858935
1020,25,C,NHB,0.604526425000,-0.000063261000,-0.000104645549613,0.000104645549613,-0.000074802952699,NHB,-0.001,0.000,0.074802952699403,0.925197047300597
1021,25,C,NHB,0.604526425000,-0.000039377000,-0.000065136937562,0.000065136937562,-0.000141900176979,NHB,-0.001,0.000,0.141900176978785,0.858099823021215
1022,25,C,NHB,0.610796623000,-0.000345972000,-0.000566427493166,0.000566427493166,0.000816813164048,NHB,0.000,0.001,0.183186835951880,0.816813164048120
1023,25,C,NHB,0.610796623000,-0.000414268000,-0.000678242125775,0.000678242125775,0.000502279751693,NHB,0.000,0.001,0.497720248307097,0.502279751692903
1024,25,C,NHB,0.610796623000,-0.000166069000,-0.000271889191503,0.000271889191503,0.000794749074765,NHB,0.000,0.001,0.205250925234982,0.794749074765018
1025,25,C,NHB,0.610796623000,-0.000025994000,-0.000042557537192,0.000042557537192,-0.000091413410004,NHB,-0.001,0.000,0.091413410004126,0.908586589995874
1026,25,C,NHB,0.610796623000,-0.000256045000,-0.000419198453885,0.000419198453885,0.000322747589617,NHB,0.000,0.001,0.677252410382844,0.322747589617156
1027,25,C,NHB,0.610796623000,-0.000274591000,-0.000449562079521,0.000449562079521,0.000317967392939,NHB,0.000,0.001,0.682032607061297,0.317967392938703
1028,25,C,NHB,0.610796623000,-0.000225226000,-0.000368741396922,0.000368741396922,-0.000401652911921,NHB,-0.001,0.000,0.401652911920855,0.598347088079145
1029,25,C,NHB,0.610796623000,-0.000020930000,-0.000034266725145,0.000034266725145,0.000304747926820,NHB,0.000,0.001,0.695252073180190,0.304747926819810
1030,25,C,NHB,0.610796623000,-0.000147987000,-0.000242285229530,0.000242285229530,-0.000245955548803,NHB,-0.001,0.000,0.245955548802993,0.754044451197007
1031,25,C,NHB,0.610796623000,-0.000521669000,-0.000854079705676,0.000854079705676,0.000817736944182,NHB,0.000,0.001,0.182263055817811,0.817736944182189
1032,25,C,NHB,0.610796623000,-0.000175654000,-0.000287581812645,0.000287581812645,0.000198683387146,NHB,0.000,0.001,0.801316612854079,0.198683387145921
1033,25,C,NHB,0.610796623000,-0.000042621000,-0.000069779364186,0.000069779364186,-0.000023550529000,NHB,-0.001,0.000,0.023550529000253,0.976449470999747
1034,25,C,NHB,0.610796623000,-0.000118178000,-0.000193481750799,0.000193481750799,0.000771932398760,NHB,0.000,0.001,0.228067601239722,0.771932398760278
1035,25,C,NHB,0.610796623000,-0.000403829000,-0.000661151330563,0.000661151330563,0.000505247320370,NHB,0.000,0.001,0.494752679630416,0.505247320369584
1036,25,C,NHB,0.610796623000,-0.000092109000,-0.000150801423144,0.000150801423144,0.000089892365138,NHB,0.000,0.001,0.910107634861962,0.089892365138038
1037,26,C,NHB,0.241185721000,-0.000006083000,-0.000025221227753,0.000025221227753,-0.000146206596808,NHB,-0.001,0.000,0.146206596807748,0.853793403192252
1038,26,C,NHB,0.241185721000,-0.000090706000,-0.000376083623955,0.000376083623955,0.000217566616065,NHB,0.000,0.001,0.782433383934713,0.217566616065287
1039,26,C,NHB,0.617017436000,0.000040908000,0.000066299585090,-0.000066299585090,-0.000181003507106,NHB,-0.001,0.000,0.181003507105862,0.818996492894138
1040,26,C,NHB,0.617017436000,-0.000511109000,-0.000828354224985,0.000828354224985,0.000578453549679,NHB,0.000,0.001,0.421546450321477,0.578453549678523
1041,26,C,NHB,0.617017436000,-0.000614130000,-0.000995320333217,0.000995320333217,0.000788378198688,NHB,0.000,0.001,0.211621801312340,0.788378198687660
1042,26,C,NHB,0.617017436000,-0.000046547000,-0.000075438710941,0.000075438710941,-0.000118708718111,NHB,-0.001,0.000,0.118708718110623,0.881291281889377
1043,26,C,NHB,0.517349488000,-0.000003476000,-0.000006718862356,0.000006718862356,0.000118727428401,NHB,0.000,0.001,0.881272571598702,0.118727428401298
1044,26,C,NHB,0.517349488000,-0.000204102000,-0.000394514742421,0.000394514742421,0.000255035093026,NHB,0.000,0.001,0.744964906974373,0.255035093025627
1045,26,C,NHB,0.517349488000,-0.000072305000,-0.000139760455315,0.000139760455315,0.000005521112640,NHB,0.000,0.001,0.994478887359826,0.005521112640174
1046,26,C,NHB,0.517349488000,-0.000352830000,-0.000681995456039,0.000681995456039,0.000818957718591,NHB,0.000,0.001,0.181042281408693,0.818957718591307
1047,26,C,NHB,0.517349488000,-0.000301408000,-0.000582600363954,0.000582600363954,0.000453402859253,NHB,0.000,0.001,0.546597140746704,0.453402859253296
1048,26,C,NHB,0.517349488000,-0.000078001000,-0.000150770420788,0.000150770420788,0.000068882822169,NHB,0.000,0.001,0.931117177830800,0.068882822169200
1049,26,C,NHB,0.517349488000,-0.000003332000,-0.000006440520533,0.000006440520533,-0.000307971121243,NHB,-0.001,0.000,0.307971121242656,0.692028878757344
1050,26,C,NHB,0.517349488000,-0.000091231000,-0.000176343075844,0.000176343075844,0.000105265252655,NHB,0.000,0.001,0.894734747344706,0.105265252655294
1051,26,C,NHB,0.517349488000,-0.000074728000,-0.000144443943086,0.000144443943086,-0.000295793586529,NHB,-0.001,0.000,0.295793586529022,0.704206413470978
1052,26,C,NHB,0.517349488000,-0.000092127000,-0.000178074980525,0.000178074980525,0.000074089420056,NHB,0.000,0.001,0.925910579943867,0.074089420056133
1053,26,C,NHB,0.626409493000,-0.000159550000,-0.000254705590804,0.000254705590804,-0.000391374482699,NHB,-0.001,0.000,0.391374482699443,0.608625517300557
1054,26,C,NHB,0.626409493000,-0.000525915000,-0.000839570609764,0.000839570609764,0.000551668925158,NHB,0.000,0.001,0.448331074842204,0.551668925157796
1055,26,C,NHB,0.626409493000,-0.000559221000,-0.000892740302069,0.000892740302069,0.000776163924529,NHB,0.000,0.001,0.223836075471164,0.776163924528836
1056,26,C,NHB,0.626409493000,-0.000145958000,-0.000233007324491,0.000233007324491,-0.000437495446717,NHB,-0.001,0.000,0.437495446717225,0.562504553282775
1057,26,C,NHB,0.626409493000,-0.000186099000,-0.000297088409546,0.000297088409546,0.000428142677003,NHB,0.000,0.001,0.571857322997067,0.428142677002933
1058,26,C,NHB,0.626409493000,-0.000074292000,-0.000118599735205,0.000118599735205,0.000017761079176,NHB,0.000,0.001,0.982238920823662,0.017761079176338
1059,26,C,NHB,0.626409493000,-0.000339486000,-0.000541955388278,0.000541955388278,0.000351985754661,NHB,0.000,0.001,0.648014245339332,0.351985754660668
1060,26,C,NHB,0.626409493000,-0.000081151000,-0.000129549441550,0.000129549441550,0.000731767510076,NHB,0.000,0.001,0.268232489924243,0.731767510075757
1061,26,C,NHB,0.626409493000,-0.000006223000,-0.000009934396061,0.000009934396061,-0.000038554257598,NHB,-0.001,0.000,0.038554257597730,0.961445742402270
1062,26,C,NHB,0.626409493000,-0.000023018000,-0.000036745930988,0.000036745930988,-0.000055468434286,NHB,-0.001,0.000,0.055468434286324,0.944531565713676
1063,26,C,NHB,0.626409493000,0.000038077000,0.000060786115832,-0.000060786115832,-0.000291785517440,NHB,-0.001,0.000,0.291785517440390,0.708214482559610
1064,26,C,NHB,0.626409493000,-0.000527400000,-0.000841941263492,0.000841941263492,0.000717579765512,NHB,0.000,0.001,0.282420234488062,0.717579765511938
1065,26,C,NHB,0.626409493000,-0.000472095000,-0.000753652371612,0.000753652371612,0.000583515522656,NHB,0.000,0.001,0.416484477344479,0.583515522655521
1066,26,C,NHB,0.626409493000,-0.000230319000,-0.000367681209454,0.000367681209454,0.000240035830786,NHB,0.000,0.001,0.759964169213836,0.240035830786164
1067,26,C,NHB,0.604526425000,0.000003874000,0.000006408322018,-0.000006408322018,-0.000181894713762,NHB,-0.001,0.000,0.181894713762329,0.818105286237671
1068,26,C,NHB,0.604526425000,-0.000309276000,-0.000511600464777,0.000511600464777,0.000524398745971,NHB,0.000,0.001,0.475601254029031,0.524398745970969
1069,26,C,NHB,0.604526425000,-0.000256093000,-0.000423625815861,0.000423625815861,0.000634181118328,NHB,0.000,0.001,0.365818881671631,0.634181118328369
1070,26,C,NHB,0.604526425000,-0.000128348000,-0.000212311645434,0.000212311645434,0.000129828234334,NHB,0.000,0.001,0.870171765665948,0.129828234334052
1071,26,C,NHB,0.604526425000,0.000028759000,0.000047572775665,-0.000047572775665,-0.000166026318425,NHB,-0.001,0.000,0.166026318424962,0.833973681575038
1072,26,C,NHB,0.604526425000,-0.000592134000,-0.000979500606611,0.000979500606611,0.000741908944396,NHB,0.000,0.001,0.258091055603978,0.741908944396022
1073,26,C,NHB,0.604526425000,-0.000471438000,-0.000779846803223,0.000779846803223,0.000686784773024,NHB,0.000,0.001,0.313215226975706,0.686784773024294
1074,26,C,NHB,0.604526425000,-0.000002966000,-0.000004906319852,0.000004906319852,-0.000115274831221,NHB,-0.001,0.000,0.115274831220944,0.884725168779056
1075,26,C,NHB,0.604526425000,-0.000050138000,-0.000082937648259,0.000082937648259,-0.000290378858751,NHB,-0.001,0.000,0.290378858751112,0.709621141248888
1076,26,C,NHB,0.604526425000,-0.000376101000,-0.000622141538312,0.000622141538312,0.000395726542643,NHB,0.000,0.001,0.604273457357467,0.395726542642533
1077,26,C,NHB,0.604526425000,-0.000713579000,-0.001180393396368,0.001180393396368,0.000851945686622,NHB,0.000,0.001,0.148054313378270,0.851945686621730
1078,26,C,NHB,0.604526425000,-0.000123121000,-0.000203665207853,0.000203665207853,-0.000307857216282,NHB,-0.001,0.000,0.307857216281992,0.692142783718008
1079,26,C,NHB,0.604526425000,-0.000174520000,-0.000288688786433,0.000288688786433,0.000183257270915,NHB,0.000,0.001,0.816742729084550,0.183257270915450
1080,26,C,NHB,0.610796623000,-0.000310984000,-0.000509144923678,0.000509144923678,0.000564969743205,NHB,0.000,0.001,0.435030256794734,0.564969743205266
1081,26,C,NHB,0.610796623000,-0.000032392000,-0.000053032382270,0.000053032382270,-0.000274070837831,NHB,-0.001,0.000,0.274070837831257,0.725929162168743
1082,26,C,NHB,0.610796623000,-0.000254108000,-0.000416027185533,0.000416027185533,0.000654747701045,NHB,0.000,0.001,0.345252298954558,0.654747701045442
1083,26,C,NHB,0.610796623000,-0.000230454000,-0.000377300710780,0.000377300710780,-0.000497480369172,NHB,-0.001,0.000,0.497480369172192,0.502519630827808
1084,26,C,NHB,0.610796623000,-0.000348006000,-0.000569757570516,0.000569757570516,0.000353067678614,NHB,0.000,0.001,0.646932321385549,0.353067678614451
1085,26,C,NHB,0.610796623000,-0.000167364000,-0.000274009373493,0.000274009373493,0.000178009047592,NHB,0.000,0.001,0.821990952407654,0.178009047592346
1086,26,C,NHB,0.610796623000,-0.000003539000,-0.000005794072637,0.000005794072637,-0.000090061162208,NHB,-0.001,0.000,0.090061162208184,0.909938837791816
1087,26,C,NHB,0.610796623000,-0.000066670000,-0.000109152535377,0.000109152535377,0.000049449633618,NHB,0.000,0.001,0.950550366381638,0.049449633618362
1088,26,C,NHB,0.610796623000,-0.000032364000,-0.000052986540497,0.000052986540497,-0.000039246063513,NHB,-0.001,0.000,0.039246063513040,0.960753936486960
1089,26,C,NHB,0.610796623000,-0.000333577000,-0.000546134322684,0.000546134322684,0.000415375196158,NHB,0.000,0.001,0.584624803841748,0.415375196158252
1090,26,C,NHB,0.610796623000,-0.000034022000,-0.000055701028327,0.000055701028327,-0.000102422850527,NHB,-0.001,0.000,0.102422850526517,0.897577149473483
1091,26,C,NHB,0.610796623000,-0.000645235000,-0.001056382723321,0.001056382723321,0.000818054533691,NHB,0.000,0.001,0.181945466308755,0.818054533691245
1092,26,C,NHB,0.610796623000,-0.000294414000,-0.000482016417435,0.000482016417435,0.000372559800778,NHB,0.000,0.001,0.627440199222242,0.372559800777758
1093,27,C,NHB,0.241185721000,-0.000016025000,-0.000066442573522,0.000066442573522,0.000013985284620,NHB,0.000,0.001,0.986014715379679,0.013985284620321
1094,27,C,NHB,0.617017436000,-0.000010449000,-0.000016934691615,0.000016934691615,-0.000611309539322,NHB,-0.001,0.000,0.611309539321695,0.388690460678305
1095,27,C,NHB,0.617017436000,-0.000429352000,-0.000695850676090,0.000695850676090,0.000510102807729,NHB,0.000,0.001,0.489897192271235,0.510102807728765
1096,27,C,NHB,0.617017436000,-0.000723830000,-0.001173111095032,0.001173111095032,0.000612680083810,NHB,0.000,0.001,0.387319916189793,0.612680083810207
1097,27,C,NHB,0.517349488000,0.000164090000,0.000317174374008,-0.000317174374008,-0.000638800400417,NHB,-0.001,0.000,0.638800400417102,0.361199599582898
1098,27,C,NHB,0.517349488000,-0.000005252000,-0.000010151744849,0.000010151744849,-0.000166139361869,NHB,-0.001,0.000,0.166139361869213,0.833860638130787
1099,27,C,NHB,0.517349488000,0.000051388000,0.000099329372488,-0.000099329372488,-0.000191224260085,NHB,-0.001,0.000,0.191224260085461,0.808775739914539
1100,27,C,NHB,0.517349488000,0.000099607000,0.000192533291924,-0.000192533291924,-0.000300724444661,NHB,-0.001,0.000,0.300724444660830,0.699275555339170
1101,27,C,NHB,0.517349488000,-0.000560427000,-0.001083265786474,0.001083265786474,0.000669407332442,NHB,0.000,0.001,0.330592667557992,0.669407332442008
1102,27,C,NHB,0.517349488000,-0.000225444000,-0.000435767320214,0.000435767320214,0.000328524147186,NHB,0.000,0.001,0.671475852814492,0.328524147185508
1103,27,C,NHB,0.517349488000,-0.000122952000,-0.000237657527169,0.000237657527169,0.000165224244781,NHB,0.000,0.001,0.834775755219014,0.165224244780986
1104,27,C,NHB,0.517349488000,-0.000055599000,-0.000107468937903,0.000107468937903,-0.000001710144925,NHB,-0.001,0.000,0.001710144925236,0.998289855074764
1105,27,C,NHB,0.517349488000,-0.000119768000,-0.000231503080177,0.000231503080177,0.000300870897102,NHB,0.000,0.001,0.699129102898342,0.300870897101658
1106,27,C,NHB,0.626409493000,-0.000121757000,-0.000194372852520,0.000194372852520,-0.000091455592998,NHB,-0.001,0.000,0.091455592997760,0.908544407002240
1107,27,C,NHB,0.626409493000,0.000158694000,0.000253339072561,-0.000253339072561,-0.000263740066123,NHB,-0.001,0.000,0.263740066123119,0.736259933876881
1108,27,C,NHB,0.626409493000,-0.000525355000,-0.000838676625867,0.000838676625867,0.000687250499582,NHB,0.000,0.001,0.312749500417731,0.687250499582269
1109,27,C,NHB,0.626409493000,-0.000542611000,-0.000866224101109,0.000866224101109,0.000254465458264,NHB,0.000,0.001,0.745534541736499,0.254465458263501
1110,27,C,NHB,0.626409493000,-0.000007491000,-0.000011958631029,0.000011958631029,-0.000152271373798,NHB,-0.001,0.000,0.152271373797641,0.847728626202359
1111,27,C,NHB,0.626409493000,0.000129720000,0.000207084984263,-0.000207084984263,-0.000336880002940,NHB,-0.001,0.000,0.336880002940143,0.663119997059857
1112,27,C,NHB,0.626409493000,-0.000170097000,-0.000271542819674,0.000271542819674,0.000201565669418,NHB,0.000,0.001,0.798434330581807,0.201565669418193
1113,27,C,NHB,0.626409493000,-0.000677790000,-0.001082023831973,0.001082023831973,0.000724841369191,NHB,0.000,0.001,0.275158630809433,0.724841369190567
1114,27,C,NHB,0.626409493000,0.000005744000,0.000009169720549,-0.000009169720549,-0.000511176529578,NHB,-0.001,0.000,0.511176529578061,0.488823470421939
1115,27,C,NHB,0.626409493000,-0.000207489000,-0.000331235401632,0.000331235401632,-0.000782102348309,NHB,-0.001,0.000,0.782102348308864,0.217897651691136
1116,27,C,NHB,0.626409493000,-0.000482123000,-0.000769661068977,0.000769661068977,0.000182733437883,NHB,0.000,0.001,0.817266562117271,0.182733437882729
1117,27,C,NHB,0.626409493000,-0.000485273000,-0.000774689728401,0.000774689728401,0.000742544475298,NHB,0.000,0.001,0.257455524701918,0.742544475298082
1118,27,C,NHB,0.604526425000,-0.000013572000,-0.000022450631501,0.000022450631501,-0.000733758171870,NHB,-0.001,0.000,0.733758171869843,0.266241828130157
1119,27,C,NHB,0.604526425000,-0.000251017000,-0.000415229160578,0.000415229160578,0.000164500838057,NHB,0.000,0.001,0.835499161943049,0.164500838056951
1120,27,C,NHB,0.604526425000,-0.000719407000,-0.001190034000582,0.001190034000582,0.000849737670258,NHB,0.000,0.001,0.150262329742330,0.849737670257670
1121,27,C,NHB,0.604526425000,0.000136220000,0.000225333408709,-0.000225333408709,-0.000332383873262,NHB,-0.001,0.000,0.332383873262025,0.667616126737975
1122,27,C,NHB,0.604526425000,0.000034051000,0.000056326735428,-0.000056326735428,-0.000566172346450,NHB,-0.001,0.000,0.566172346450168,0.433827653549832
1123,27,C,NHB,0.604526425000,-0.000585370000,-0.000968311682984,0.000968311682984,0.000586212995523,NHB,0.000,0.001,0.413787004476719,0.586212995523281
1124,27,C,NHB,0.604526425000,-0.000443311000,-0.000733319474000,0.000733319474000,0.000550029788008,NHB,0.000,0.001,0.449970211991767,0.550029788008233
1125,27,C,NHB,0.604526425000,-0.000071037000,-0.000117508510898,0.000117508510898,0.000145012406459,NHB,0.000,0.001,0.854987593541459,0.145012406458541
1126,27,C,NHB,0.604526425000,0.000111707000,0.000184784312778,-0.000184784312778,-0.000199401816520,NHB,-0.001,0.000,0.199401816519547,0.800598183480453
1127,27,C,NHB,0.604526425000,-0.000361496000,-0.000597982131219,0.000597982131219,0.000477188074450,NHB,0.000,0.001,0.522811925550266,0.477188074449734
1128,27,C,NHB,0.604526425000,-0.000382434000,-0.000632617507167,0.000632617507167,0.000369259056526,NHB,0.000,0.001,0.630740943473809,0.369259056526191
1129,27,C,NHB,0.610796623000,-0.000256843000,-0.000420504944409,0.000420504944409,0.000099406763761,NHB,0.000,0.001,0.900593236238800,0.099406763761200
1130,27,C,NHB,0.610796623000,0.000082672000,0.000135351108515,-0.000135351108515,-0.000112501686760,NHB,-0.001,0.000,0.112501686759770,0.887498313240230
1131,27,C,NHB,0.610796623000,-0.000663169000,-0.001085744378780,0.001085744378780,0.000803442570859,NHB,0.000,0.001,0.196557429140935,0.803442570859065
1132,27,C,NHB,0.610796623000,-0.000007224000,-0.000011827177375,0.000011827177375,-0.000191447829621,NHB,-0.001,0.000,0.191447829621164,0.808552170378836
1133,27,C,NHB,0.610796623000,-0.000003108000,-0.000005088436777,0.000005088436777,0.000495303769061,NHB,0.000,0.001,0.504696230938852,0.495303769061148
1134,27,C,NHB,0.610796623000,0.000133364000,0.000218344363702,-0.000218344363702,-0.000298553300017,NHB,-0.001,0.000,0.298553300017143,0.701446699982857
1135,27,C,NHB,0.610796623000,-0.000097911000,-0.000160300493344,0.000160300493344,0.000117584419214,NHB,0.000,0.001,0.882415580786253,0.117584419213747
1136,27,C,NHB,0.610796623000,0.000021895000,0.000035846629100,-0.000035846629100,-0.000709013578974,NHB,-0.001,0.000,0.709013578973584,0.290986421026416
1137,27,C,NHB,0.610796623000,-0.000263380000,-0.000431207361145,0.000431207361145,-0.000016048498109,NHB,-0.001,0.000,0.016048498108660,0.983951501891340
1138,27,C,NHB,0.610796623000,0.000078309000,0.000128207977993,-0.000128207977993,-0.000560267066855,NHB,-0.001,0.000,0.560267066855334,0.439732933144666
1139,27,C,NHB,0.610796623000,-0.000042438000,-0.000069479755457,0.000069479755457,0.000286241813367,NHB,0.000,0.001,0.713758186633467,0.286241813366533
1140,27,C,NHB,0.610796623000,-0.000336499000,-0.000550918239114,0.000550918239114,0.000496978562756,NHB,0.000,0.001,0.503021437244232,0.496978562755768
1141,28,C,NHB,0.241185721000,-0.000135874000,-0.000563358392183,0.000563358392183,0.000446469240977,NHB,0.000,0.001,0.553530759023373,0.446469240976627
1142,28,C,NHB,0.241185721000,-0.000130953000,-0.000542955028420,0.000542955028420,0.000513962511365,NHB,0.000,0.001,0.486037488635342,0.513962511364658
1143,28,C,NHB,0.617017436000,-0.000450425000,-0.000730003681776,0.000730003681776,0.000845344052731,NHB,0.000,0.001,0.154655947269214,0.845344052730786
1144,28,C,NHB,0.617017436000,-0.000354210000,-0.000574068055996,0.000574068055996,-0.000019547129671,NHB,-0.001,0.000,0.019547129670918,0.980452870329082
1145,28,C,NHB,0.517349488000,-0.000203578000,-0.000393501887451,0.000393501887451,0.000666194592337,NHB,0.000,0.001,0.333805407662589,0.666194592337411
1146,28,C,NHB,0.517349488000,-0.000015520000,-0.000029999063225,0.000029999063225,0.000252531542538,NHB,0.000,0.001,0.747468457462098,0.252531542537902
1147,28,C,NHB,0.517349488000,-0.000272381000,-0.000526493224248,0.000526493224248,0.000441005724962,NHB,0.000,0.001,0.558994275037863,0.441005724962137
1148,28,C,NHB,0.517349488000,-0.000072893000,-0.000140897017762,0.000140897017762,0.000557947113746,NHB,0.000,0.001,0.442052886254452,0.557947113745548
1149,28,C,NHB,0.517349488000,-0.000483177000,-0.000933946995614,0.000933946995614,0.000692160132102,NHB,0.000,0.001,0.307839867897823,0.692160132102177
1150,28,C,NHB,0.517349488000,-0.000358570000,-0.000693090470402,0.000693090470402,0.000607668401056,NHB,0.000,0.001,0.392331598944028,0.607668401055972
1151,28,C,NHB,0.517349488000,-0.000299910000,-0.000579704835815,0.000579704835815,0.000355354917133,NHB,0.000,0.001,0.644645082867013,0.355354917132987
1152,28,C,NHB,0.517349488000,-0.000211023000,-0.000407892546325,0.000407892546325,0.000361181902593,NHB,0.000,0.001,0.638818097407161,0.361181902592839
1153,28,C,NHB,0.517349488000,-0.000193141000,-0.000373327904018,0.000373327904018,0.000207646884939,NHB,0.000,0.001,0.792353115060694,0.207646884939306
1154,28,C,NHB,0.626409493000,-0.000230903000,-0.000368613506948,0.000368613506948,-0.000098604521903,NHB,-0.001,0.000,0.098604521903029,0.901395478096971
1155,28,C,NHB,0.626409493000,-0.000407671000,-0.000650805909801,0.000650805909801,-0.000024604617178,NHB,-0.001,0.000,0.024604617178306,0.975395382821694
1156,28,C,NHB,0.626409493000,-0.000344528000,-0.000550004436156,0.000550004436156,0.000792255277317,NHB,0.000,0.001,0.207744722683467,0.792255277316533
1157,28,C,NHB,0.626409493000,-0.000310011000,-0.000494901503672,0.000494901503672,0.000427649780375,NHB,0.000,0.001,0.572350219624811,0.427649780375189
1158,28,C,NHB,0.626409493000,-0.000038834000,-0.000061994590494,0.000061994590494,0.000648402894458,NHB,0.000,0.001,0.351597105542287,0.648402894457713
1159,28,C,NHB,0.626409493000,-0.000760629000,-0.001214267996414,0.001214267996414,0.000781500365421,NHB,0.000,0.001,0.218499634579405,0.781500365420595
1160,28,C,NHB,0.626409493000,-0.000553008000,-0.000882821870006,0.000882821870006,0.000242611435794,NHB,0.000,0.001,0.757388564206243,0.242611435793757
1161,28,C,NHB,0.626409493000,-0.000015406000,-0.000024594135581,0.000024594135581,-0.000024009430209,NHB,-0.001,0.000,0.024009430209229,0.975990569790771
1162,28,C,NHB,0.626409493000,-0.000229129000,-0.000365781493672,0.000365781493672,0.000102607754591,NHB,0.000,0.001,0.897392245408913,0.102607754591087
1163,28,C,NHB,0.626409493000,-0.000591635000,-0.000944486005738,0.000944486005738,0.000766180026973,NHB,0.000,0.001,0.233819973026971,0.766180026973029
1164,28,C,NHB,0.626409493000,-0.000699043000,-0.001115952117284,0.001115952117284,0.000637919951215,NHB,0.000,0.001,0.362080048784651,0.637919951215349
1165,28,C,NHB,0.604526425000,-0.000841422000,-0.001391869677161,0.001391869677161,0.000853899137160,NHB,0.000,0.001,0.146100862840362,0.853899137159638
1166,28,C,NHB,0.604526425000,-0.000241973000,-0.000400268689661,0.000400268689661,0.000212609423134,NHB,0.000,0.001,0.787390576865619,0.212609423134381
1167,28,C,NHB,0.604526425000,-0.000707972000,-0.001171118367572,0.001171118367572,0.000698706222547,NHB,0.000,0.001,0.301293777453437,0.698706222546563
1168,28,C,NHB,0.604526425000,-0.000392587000,-0.000649412471920,0.000649412471920,0.000750769437999,NHB,0.000,0.001,0.249230562001263,0.750769437998738
1169,28,C,NHB,0.604526425000,-0.000291546000,-0.000482271722034,0.000482271722034,0.000007020431795,NHB,0.000,0.001,0.992979568204757,0.007020431795243
1170,28,C,NHB,0.604526425000,-0.000264359000,-0.000437299328975,0.000437299328975,-0.000030995913781,NHB,-0.001,0.000,0.030995913780549,0.969004086219451
1171,28,C,NHB,0.604526425000,-0.000258290000,-0.000427260065596,0.000427260065596,0.000707286143853,NHB,0.000,0.001,0.292713856147411,0.707286143852589
1172,28,C,NHB,0.604526425000,-0.000509863000,-0.000843408954373,0.000843408954373,0.000268338406175,NHB,0.000,0.001,0.731661593824684,0.268338406175316
1173,28,C,NHB,0.610796623000,-0.000011909000,-0.000019497488283,0.000019497488283,0.000432167229913,NHB,0.000,0.001,0.567832770087233,0.432167229912767
1174,28,C,NHB,0.610796623000,-0.000188312000,-0.000308305568350,0.000308305568350,-0.000000312404212,NHB,-0.001,0.000,0.000312404212333,0.999687595787667
1175,28,C,NHB,0.610796623000,-0.000486387000,-0.000796315797574,0.000796315797574,0.000125416000933,NHB,0.000,0.001,0.874583999067066,0.125416000932934
1176,28,C,NHB,0.610796623000,-0.000418026000,-0.000684394746564,0.000684394746564,0.000614514012169,NHB,0.000,0.001,0.385485987830562,0.614514012169438
1177,28,C,NHB,0.610796623000,-0.000757213000,-0.001239713795864,0.001239713795864,0.000547353374821,NHB,0.000,0.001,0.452646625179018,0.547353374820982
1178,28,C,NHB,0.610796623000,-0.000179412000,-0.000293734433433,0.000293734433433,0.000182311409062,NHB,0.000,0.001,0.817688590937622,0.182311409062378
1179,28,C,NHB,0.610796623000,-0.000609253000,-0.000997472770900,0.000997472770900,0.000758931395428,NHB,0.000,0.001,0.241068604572237,0.758931395427763
1180,28,C,NHB,0.610796623000,-0.000604230000,-0.000989249084306,0.000989249084306,0.000576928902336,NHB,0.000,0.001,0.423071097663680,0.576928902336320
1181,28,C,NHB,0.610796623000,-0.000173662000,-0.000284320497954,0.000284320497954,0.000167904009433,NHB,0.000,0.001,0.832095990567311,0.167904009432689
1182,28,C,NHB,0.610796623000,-0.000765479000,-0.001253246942068,0.001253246942068,0.000623763727893,NHB,0.000,0.001,0.376236272106878,0.623763727893122
1183,29,C,NHB,0.241185721000,-0.000079918000,-0.000331354607846,0.000331354607846,0.000188339750384,NHB,0.000,0.001,0.811660249616345,0.188339750383655
1184,29,C,NHB,0.241185721000,-0.000095643000,-0.000396553326637,0.000396553326637,0.000784574911565,NHB,0.000,0.001,0.215425088435076,0.784574911564924
1185,29,C,NHB,0.241185721000,-0.000032730000,-0.000135704551100,0.000135704551100,-0.000133687009183,NHB,-0.001,0.000,0.133687009183214,0.866312990816786
1186,29,C,NHB,0.617017436000,-0.000734669000,-0.001190677859548,0.001190677859548,0.000489011538959,NHB,0.000,0.001,0.510988461040681,0.489011538959319
1187,29,C,NHB,0.617017436000,0.000523256000,0.000848040864764,-0.000848040864764,-0.001571947915400,NHB,-0.002,-0.001,0.571947915400486,0.428052084599514
1188,29,C,NHB,0.617017436000,-0.000187917000,-0.000304557033620,0.000304557033620,0.000121329711447,NHB,0.000,0.001,0.878670288553188,0.121329711446812
1189,29,C,NHB,0.617017436000,-0.000489576000,-0.000793455697417,0.000793455697417,0.000762263523230,NHB,0.000,0.001,0.237736476770123,0.762263523229877
1190,29,C,NHB,0.517349488000,-0.000846386000,-0.001636004325185,0.001636004325185,0.000801818959950,NHB,0.000,0.001,0.198181040050424,0.801818959949576
1191,29,C,NHB,0.517349488000,0.000212751000,0.000411232648209,-0.000411232648209,-0.000692820943334,NHB,-0.001,0.000,0.692820943333945,0.307179056666055
1192,29,C,NHB,0.517349488000,-0.000161336000,-0.000311851086629,0.000311851086629,-0.000000068946813,NHB,-0.001,0.000,0.000068946812954,0.999931053187046
1193,29,C,NHB,0.517349488000,0.000076102000,0.000147099787987,-0.000147099787987,-0.000499244500107,NHB,-0.001,0.000,0.499244500107325,0.500755499892675
1194,29,C,NHB,0.517349488000,-0.000312582000,-0.000604198916304,0.000604198916304,0.000315355548092,NHB,0.000,0.001,0.684644451907799,0.315355548092201
1195,29,C,NHB,0.517349488000,-0.000237300000,-0.000458684130369,0.000458684130369,0.000321232429015,NHB,0.000,0.001,0.678767570985055,0.321232429014945
1196,29,C,NHB,0.517349488000,-0.000373721000,-0.000722376282704,0.000722376282704,0.000443824072993,NHB,0.000,0.001,0.556175927006789,0.443824072993211
1197,29,C,NHB,0.517349488000,-0.000088487000,-0.000171039117758,0.000171039117758,-0.000153489689621,NHB,-0.001,0.000,0.153489689621348,0.846510310378652
1198,29,C,NHB,0.517349488000,-0.000131038000,-0.000253287193743,0.000253287193743,0.000092677302853,NHB,0.000,0.001,0.907322697146766,0.092677302853234
1199,29,C,NHB,0.517349488000,-0.000754958000,-0.001459280462263,0.001459280462263,0.000710841720799,NHB,0.000,0.001,0.289158279200523,0.710841720799477
1200,29,C,NHB,0.626409493000,-0.000413126000,-0.000659514270803,0.000659514270803,0.000104230092416,NHB,0.000,0.001,0.895769907584467,0.104230092415533
1201,29,C,NHB,0.626409493000,0.000273225000,0.000436176340003,-0.000436176340003,-0.000925284694318,NHB,-0.001,0.000,0.925284694317679,0.074715305682321
1202,29,C,NHB,0.626409493000,-0.000130517000,-0.000208357314917,0.000208357314917,0.000117119904424,NHB,0.000,0.001,0.882880095575798,0.117119904424202
1203,29,C,NHB,0.626409493000,0.000615799000,0.000983061410916,-0.000983061410916,-0.002933090759297,NHB,-0.003,-0.002,0.933090759296601,0.066909240703399
1204,29,C,NHB,0.626409493000,-0.000313329000,-0.000500198358265,0.000500198358265,0.000338157141577,NHB,0.000,0.001,0.661842858422910,0.338157141577090
1205,29,C,NHB,0.626409493000,-0.000381506000,-0.000609036108589,0.000609036108589,0.000655691246498,NHB,0.000,0.001,0.344308753501974,0.655691246498026
1206,29,C,NHB,0.626409493000,-0.000564985000,-0.000901941950615,0.000901941950615,0.000723053696167,NHB,0.000,0.001,0.276946303833132,0.723053696166868
1207,29,C,NHB,0.626409493000,-0.000555146000,-0.000886234972815,0.000886234972815,0.000793856878267,NHB,0.000,0.001,0.206143121733398,0.793856878266602
1208,29,C,NHB,0.626409493000,-0.000387131000,-0.000618015857560,0.000618015857560,-0.000677868481204,NHB,-0.001,0.000,0.677868481204146,0.322131518795854
1209,29,C,NHB,0.626409493000,-0.000237046000,-0.000378420191024,0.000378420191024,-0.000223174512736,NHB,-0.001,0.000,0.223174512736490,0.776825487263510
1210,29,C,NHB,0.626409493000,-0.000678575000,-0.001083277005829,0.001083277005829,0.000117412900470,NHB,0.000,0.001,0.882587099530302,0.117412900469698
1211,29,C,NHB,0.626409493000,-0.000581507000,-0.000928317668391,0.000928317668391,0.000690406623277,NHB,0.000,0.001,0.309593376722614,0.690406623277386
1212,29,C,NHB,0.604526425000,-0.000876072000,-0.001449187270846,0.001449187270846,0.000705341433707,NHB,0.000,0.001,0.294658566292805,0.705341433707195
1213,29,C,NHB,0.604526425000,0.000468967000,0.000775759306138,-0.000775759306138,-0.001346043524214,NHB,-0.002,-0.001,0.346043524213659,0.653956475786341
1214,29,C,NHB,0.604526425000,-0.000122468000,-0.000202585023475,0.000202585023475,0.000064372808799,NHB,0.000,0.001,0.935627191200983,0.064372808799017
1215,29,C,NHB,0.604526425000,0.000010437000,0.000017264753977,-0.000017264753977,-0.000852837588681,NHB,-0.001,0.000,0.852837588681009,0.147162411318991
1216,29,C,NHB,0.604526425000,-0.000477420000,-0.000789742152297,0.000789742152297,0.000643449148066,NHB,0.000,0.001,0.356550851933890,0.643449148066110
1217,29,C,NHB,0.604526425000,-0.000445701000,-0.000737272981905,0.000737272981905,0.000441061866318,NHB,0.000,0.001,0.558938133681736,0.441061866318264
1218,29,C,NHB,0.604526425000,-0.000419092000,-0.000693256709167,0.000693256709167,0.000602043573771,NHB,0.000,0.001,0.397956426229344,0.602043573770656
1219,29,C,NHB,0.604526425000,-0.000096376000,-0.000159423965627,0.000159423965627,-0.000648233562155,NHB,-0.001,0.000,0.648233562155377,0.351766437844623
1220,29,C,NHB,0.604526425000,-0.000143878000,-0.000238001175879,0.000238001175879,0.000051270425764,NHB,0.000,0.001,0.948729574235778,0.051270425764222
1221,29,C,NHB,0.604526425000,-0.000748864000,-0.001238761399057,0.001238761399057,0.000748768107829,NHB,0.000,0.001,0.251231892170786,0.748768107829214
1222,29,C,NHB,0.610796623000,-0.000118519000,-0.000194040038103,0.000194040038103,-0.000102815580857,NHB,-0.001,0.000,0.102815580856501,0.897184419143499
1223,29,C,NHB,0.610796623000,-0.000364952000,-0.000597501666279,0.000597501666279,0.000333914832104,NHB,0.000,0.001,0.666085167895798,0.333914832104202
1224,29,C,NHB,0.610796623000,0.000910050000,0.001489939475320,-0.001489939475320,-0.001957249719067,NHB,-0.002,-0.001,0.957249719066922,0.042750280933078
1225,29,C,NHB,0.610796623000,-0.000380093000,-0.000622290604904,0.000622290604904,0.000414117404895,NHB,0.000,0.001,0.585882595105445,0.414117404894555
1226,29,C,NHB,0.610796623000,-0.000758680000,-0.001242115577315,0.001242115577315,0.000865306469786,NHB,0.000,0.001,0.134693530214475,0.865306469785525
1227,29,C,NHB,0.610796623000,-0.000279342000,-0.000457340446036,0.000457340446036,-0.000428571269854,NHB,-0.001,0.000,0.428571269854151,0.571428730145849
1228,29,C,NHB,0.610796623000,-0.000415536000,-0.000680318103199,0.000680318103199,0.000225217486110,NHB,0.000,0.001,0.774782513890224,0.225217486109776
1229,29,C,NHB,0.610796623000,-0.000491412000,-0.000804542758580,0.000804542758580,0.000637595852488,NHB,0.000,0.001,0.362404147512156,0.637595852487844
1230,29,C,NHB,0.610796623000,-0.000283127000,-0.000463537271391,0.000463537271391,-0.000326718298981,NHB,-0.001,0.000,0.326718298981394,0.673281701018606
1231,29,C,NHB,0.610796623000,-0.000927419000,-0.001518376109293,0.001518376109293,0.000601266558122,NHB,0.000,0.001,0.398733441877848,0.601266558122152
1232,30,C,NHB,0.241185721000,-0.000252282000,-0.001046007197084,0.001046007197084,0.000554869620278,NHB,0.000,0.001,0.445130379721507,0.554869620278493
1233,30,C,NHB,0.241185721000,-0.000242859000,-0.001006937719999,0.001006937719999,0.000643446190014,NHB,0.000,0.001,0.356553809985839,0.643446190014161
1234,30,C,NHB,0.241185721000,-0.000030040000,-0.000124551320350,0.000124551320350,-0.000114851046846,NHB,-0.001,0.000,0.114851046845818,0.885148953154182
1235,30,C,NHB,0.617017436000,-0.000000881000,-0.000001427836474,0.000001427836474,0.000408206945185,NHB,0.000,0.001,0.591793054815071,0.408206945184929
1236,30,C,NHB,0.617017436000,-0.000144103000,-0.000233547695077,0.000233547695077,-0.000143103237631,NHB,-0.001,0.000,0.143103237630609,0.856896762369391
1237,30,C,NHB,0.617017436000,-0.000095922000,-0.000155460760756,0.000155460760756,-0.000039982655111,NHB,-0.001,0.000,0.039982655110925,0.960017344889075
1238,30,C,NHB,0.517349488000,-0.000066158000,-0.000127878738714,0.000127878738714,-0.000087879153467,NHB,-0.001,0.000,0.087879153466783,0.912120846533217
1239,30,C,NHB,0.517349488000,-0.000063978000,-0.000123664952772,0.000123664952772,-0.000106090224669,NHB,-0.001,0.000,0.106090224669238,0.893909775330762
1240,30,C,NHB,0.517349488000,-0.000078297000,-0.000151342567870,0.000151342567870,-0.000080089636256,NHB,-0.001,0.000,0.080089636256170,0.919910363743830
1241,30,C,NHB,0.517349488000,-0.000476515000,-0.000921069820407,0.000921069820407,0.000676748325283,NHB,0.000,0.001,0.323251674716869,0.676748325283131
1242,30,C,NHB,0.517349488000,-0.000343763000,-0.000664469585790,0.000664469585790,0.000487928635312,NHB,0.000,0.001,0.512071364688014,0.487928635311986
1243,30,C,NHB,0.517349488000,-0.000220014000,-0.000425271513944,0.000425271513944,0.000686813500174,NHB,0.000,0.001,0.313186499826360,0.686813500173640
1244,30,C,NHB,0.517349488000,-0.000458060000,-0.000885397609594,0.000885397609594,0.000441743176408,NHB,0.000,0.001,0.558256823591616,0.441743176408384
1245,30,C,NHB,0.517349488000,-0.000702345000,-0.001357583251344,0.001357583251344,0.000579692423289,NHB,0.000,0.001,0.420307576710731,0.579692423289269
1246,30,C,NHB,0.517349488000,-0.000613594000,-0.001186033840242,0.001186033840242,0.000433747181184,NHB,0.000,0.001,0.566252818816224,0.433747181183776
1247,30,C,NHB,0.517349488000,-0.000599042000,-0.001157905852610,0.001157905852610,0.000775730513139,NHB,0.000,0.001,0.224269486860591,0.775730513139409
1248,30,C,NHB,0.517349488000,-0.000566468000,-0.001094942612565,0.001094942612565,0.000487502163171,NHB,0.000,0.001,0.512497836829044,0.487502163170956
1249,30,C,NHB,0.626409493000,-0.000059933000,-0.000095677030233,0.000095677030233,0.000576792081432,NHB,0.000,0.001,0.423207918567693,0.576792081432307
1250,30,C,NHB,0.626409493000,-0.000232366000,-0.000370949039880,0.000370949039880,0.000298166619954,NHB,0.000,0.001,0.701833380046125,0.298166619953875
1251,30,C,NHB,0.626409493000,-0.000728078000,-0.001162303585971,0.001162303585971,0.000713690417923,NHB,0.000,0.001,0.286309582077256,0.713690417922743
1252,30,C,NHB,0.626409493000,-0.000428674000,-0.000684335095158,0.000684335095158,-0.000289104130462,NHB,-0.001,0.000,0.289104130462257,0.710895869537743
1253,30,C,NHB,0.626409493000,-0.000179993000,-0.000287340792264,0.000287340792264,-0.000176355922313,NHB,-0.001,0.000,0.176355922313244,0.823644077686756
1254,30,C,NHB,0.626409493000,-0.000449100000,-0.000716943157820,0.000716943157820,0.000413459591363,NHB,0.000,0.001,0.586540408636818,0.413459591363182
1255,30,C,NHB,0.626409493000,-0.000172782000,-0.000275829153183,0.000275829153183,0.000122812094203,NHB,0.000,0.001,0.877187905796932,0.122812094203068
1256,30,C,NHB,0.626409493000,-0.000350363000,-0.000559319429088,0.000559319429088,0.000270806539117,NHB,0.000,0.001,0.729193460882878,0.270806539117122
1257,30,C,NHB,0.604526425000,-0.000014102000,-0.000023327350827,0.000023327350827,0.000095635726504,NHB,0.000,0.001,0.904364273495894,0.095635726504106
1258,30,C,NHB,0.604526425000,-0.000155443000,-0.000257131853252,0.000257131853252,-0.000237456314842,NHB,-0.001,0.000,0.237456314841844,0.762543685158156
1259,30,C,NHB,0.604526425000,-0.000125633000,-0.000207820526621,0.000207820526621,-0.000023603795465,NHB,-0.001,0.000,0.023603795464593,0.976396204535407
1260,30,C,NHB,0.604526425000,-0.000519834000,-0.000859902857017,0.000859902857017,0.000642143048864,NHB,0.000,0.001,0.357856951135830,0.642143048864170
1261,30,C,NHB,0.604526425000,-0.000112743000,-0.000186498050933,0.000186498050933,0.000234462322881,NHB,0.000,0.001,0.765537677119258,0.234462322880742
1262,30,C,NHB,0.604526425000,-0.000389195000,-0.000643801468232,0.000643801468232,0.000146928664268,NHB,0.000,0.001,0.853071335731839,0.146928664268161
1263,30,C,NHB,0.604526425000,-0.000731957000,-0.001210794052551,0.001210794052551,0.000663426223415,NHB,0.000,0.001,0.336573776585325,0.663426223414675
1264,30,C,NHB,0.604526425000,-0.000220569000,-0.000364862462381,0.000364862462381,0.000815833980638,NHB,0.000,0.001,0.184166019361998,0.815833980638002
1265,30,C,NHB,0.604526425000,-0.000708665000,-0.001172264719445,0.001172264719445,0.000313259643848,NHB,0.000,0.001,0.686740356152054,0.313259643847946
1266,30,C,NHB,0.604526425000,-0.000415735000,-0.000687703602039,0.000687703602039,0.000065027042540,NHB,0.000,0.001,0.934972957460294,0.065027042539706
1267,30,C,NHB,0.610796623000,-0.000695988000,-0.001139475848084,0.001139475848084,0.000717362281051,NHB,0.000,0.001,0.282637718948722,0.717362281051278
1268,30,C,NHB,0.610796623000,-0.000426598000,-0.000698428877856,0.000698428877856,0.000440014825736,NHB,0.000,0.001,0.559985174264109,0.440014825735891
1269,30,C,NHB,0.610796623000,-0.000425453000,-0.000696554276791,0.000696554276791,0.000017492463664,NHB,0.000,0.001,0.982507536335857,0.017492463664143
1270,30,C,NHB,0.610796623000,-0.000216784000,-0.000354920102432,0.000354920102432,-0.000294531246016,NHB,-0.001,0.000,0.294531246015535,0.705468753984465
1271,30,C,NHB,0.610796623000,-0.000091733000,-0.000150185833624,0.000150185833624,-0.000053369713783,NHB,-0.001,0.000,0.053369713783007,0.946630286216993
1272,30,C,NHB,0.610796623000,-0.000191812000,-0.000314035789946,0.000314035789946,0.000124874527803,NHB,0.000,0.001,0.875125472197013,0.124874527802987
1273,30,C,NHB,0.610796623000,-0.000156185000,-0.000255707045715,0.000255707045715,0.000024704576223,NHB,0.000,0.001,0.975295423777087,0.024704576222913
1274,30,C,NHB,0.610796623000,-0.000408101000,-0.000668145475323,0.000668145475323,0.000505145749864,NHB,0.000,0.001,0.494854250136394,0.505145749863606
1275,30,C,NHB,0.610796623000,-0.000435537000,-0.000713063863812,0.000713063863812,0.000522160977065,NHB,0.000,0.001,0.477839022935026,0.522160977064974
1276,30,C,NHB,0.610796623000,-0.000016022000,-0.000026231317261,0.000026231317261,0.000318703475444,NHB,0.000,0.001,0.681296524556338,0.318703475443662
1277,30,C,NHB,0.610796623000,-0.000873751000,-0.001430510528543,0.001430510528543,0.000706645400088,NHB,0.000,0.001,0.293354599911684,0.706645400088316
1278,31,C,NHB,0.241185721000,-0.000221898000,-0.000920029589977,0.000920029589977,0.000669554253298,NHB,0.000,0.001,0.330445746701511,0.669554253298489
1279,31,C,NHB,0.241185721000,-0.000242893000,-0.001007078690202,0.001007078690202,0.000474087056257,NHB,0.000,0.001,0.525912943742987,0.474087056257013
1280,31,C,NHB,0.241185721000,-0.000109209000,-0.000452800437552,0.000452800437552,-0.000611092089984,NHB,-0.001,0.000,0.611092089984360,0.388907910015640
1281,31,C,NHB,0.617017436000,-0.000140691000,-0.000228017867553,0.000228017867553,-0.000116755913335,NHB,-0.001,0.000,0.116755913334811,0.883244086665189
1282,31,C,NHB,0.617017436000,-0.000063761000,-0.000103337436318,0.000103337436318,0.000097454951887,NHB,0.000,0.001,0.902545048112733,0.097454951887267
1283,31,C,NHB,0.617017436000,-0.000191424000,-0.000310240827619,0.000310240827619,0.000251718660889,NHB,0.000,0.001,0.748281339111111,0.251718660888889
1284,31,C,NHB,0.517349488000,-0.000127230000,-0.000245926598849,0.000245926598849,-0.000503461668044,NHB,-0.001,0.000,0.503461668043929,0.496538331956071
1285,31,C,NHB,0.517349488000,-0.000055642000,-0.000107552053864,0.000107552053864,-0.000424471572818,NHB,-0.001,0.000,0.424471572818302,0.575528427181698
1286,31,C,NHB,0.517349488000,-0.000215840000,-0.000417203466914,0.000417203466914,-0.000606576673502,NHB,-0.001,0.000,0.606576673502449,0.393423326497551
1287,31,C,NHB,0.517349488000,-0.000133426000,-0.000257903028987,0.000257903028987,-0.000548221110936,NHB,-0.001,0.000,0.548221110936366,0.451778889063634
1288,31,C,NHB,0.517349488000,-0.000520818000,-0.001006704388582,0.001006704388582,0.000517940066725,NHB,0.000,0.001,0.482059933275005,0.517940066724995
1289,31,C,NHB,0.517349488000,-0.000351097000,-0.000678645689507,0.000678645689507,0.000636162175992,NHB,0.000,0.001,0.363837824007844,0.636162175992156
1290,31,C,NHB,0.517349488000,-0.000440820000,-0.000852073907919,0.000852073907919,0.000237825833282,NHB,0.000,0.001,0.762174166717697,0.237825833282303
1291,31,C,NHB,0.517349488000,-0.000456563000,-0.000882504014385,0.000882504014385,0.000590232346352,NHB,0.000,0.001,0.409767653647538,0.590232346352462
1292,31,C,NHB,0.517349488000,-0.000564988000,-0.001092081877155,0.001092081877155,0.000596798587748,NHB,0.000,0.001,0.403201412252009,0.596798587747991
1293,31,C,NHB,0.517349488000,-0.000208255000,-0.000402542197935,0.000402542197935,0.000704415649512,NHB,0.000,0.001,0.295584350487720,0.704415649512280
1294,31,C,NHB,0.517349488000,-0.000504287000,-0.000974751133802,0.000974751133802,0.000355766867339,NHB,0.000,0.001,0.644233132661456,0.355766867338544
1295,31,C,NHB,0.517349488000,-0.000548082000,-0.001059403773876,0.001059403773876,0.000725684306265,NHB,0.000,0.001,0.274315693735393,0.725684306264607
1296,31,C,NHB,0.626409493000,-0.000453512000,-0.000723986473813,0.000723986473813,0.000093024245142,NHB,0.000,0.001,0.906975754858481,0.093024245141519
1297,31,C,NHB,0.626409493000,-0.000296943000,-0.000474039750863,0.000474039750863,0.000453728355310,NHB,0.000,0.001,0.546271644690360,0.453728355309640
1298,31,C,NHB,0.626409493000,-0.000042258000,-0.000067460663467,0.000067460663467,0.000458440658115,NHB,0.000,0.001,0.541559341884762,0.458440658115238
1299,31,C,NHB,0.626409493000,0.000007269000,0.000011604230270,-0.000011604230270,-0.000108631182335,NHB,-0.001,0.000,0.108631182335241,0.891368817664759
1300,31,C,NHB,0.626409493000,-0.000007182000,-0.000011465343486,0.000011465343486,0.000004219643449,NHB,0.000,0.001,0.995780356551265,0.004219643448735
1301,31,C,NHB,0.626409493000,-0.000148216000,-0.000236611995278,0.000236611995278,0.000072576684563,NHB,0.000,0.001,0.927423315436892,0.072576684563108
1302,31,C,NHB,0.626409493000,-0.000207885000,-0.000331867575960,0.000331867575960,0.000198905735260,NHB,0.000,0.001,0.801094264740441,0.198905735259559
1303,31,C,NHB,0.626409493000,0.000050785000,0.000081073164707,-0.000081073164707,-0.000340840646349,NHB,-0.001,0.000,0.340840646348634,0.659159353651366
1304,31,C,NHB,0.626409493000,-0.000023056000,-0.000036806594181,0.000036806594181,-0.000043111784468,NHB,-0.001,0.000,0.043111784468252,0.956888215531748
1305,31,C,NHB,0.626409493000,-0.000628892000,-0.001003963073721,0.001003963073721,0.000814762177221,NHB,0.000,0.001,0.185237822778698,0.814762177221302
1306,31,C,NHB,0.604526425000,0.000051287000,0.000084838309591,-0.000084838309591,-0.000322720086358,NHB,-0.001,0.000,0.322720086358242,0.677279913641758
1307,31,C,NHB,0.604526425000,0.000008587000,0.000014204507272,-0.000014204507272,-0.000062012552993,NHB,-0.001,0.000,0.062012552993419,0.937987447006581
1308,31,C,NHB,0.604526425000,0.000014169000,0.000023438181383,-0.000023438181383,-0.000569012997785,NHB,-0.001,0.000,0.569012997785228,0.430987002214772
1309,31,C,NHB,0.604526425000,0.000001395000,0.000002307591434,-0.000002307591434,-0.000195524254132,NHB,-0.001,0.000,0.195524254131547,0.804475745868453
1310,31,C,NHB,0.604526425000,-0.000450304000,-0.000744887206544,0.000744887206544,0.000262454823757,NHB,0.000,0.001,0.737545176243095,0.262454823756905
1311,31,C,NHB,0.604526425000,-0.000193738000,-0.000320478960039,0.000320478960039,0.000429751318994,NHB,0.000,0.001,0.570248681006249,0.429751318993751
1312,31,C,NHB,0.604526425000,-0.000320072000,-0.000529459072033,0.000529459072033,-0.000030913445141,NHB,-0.001,0.000,0.030913445140527,0.969086554859473
1313,31,C,NHB,0.604526425000,-0.000379970000,-0.000628541589394,0.000628541589394,0.000493545235419,NHB,0.000,0.001,0.506454764581223,0.493545235418777
1314,31,C,NHB,0.604526425000,-0.000402299000,-0.000665477940026,0.000665477940026,0.000538652839826,NHB,0.000,0.001,0.461347160173918,0.538652839826082
1315,31,C,NHB,0.604526425000,-0.000617391000,-0.001021280417973,0.001021280417973,0.000770132012012,NHB,0.000,0.001,0.229867987987582,0.770132012012418
1316,31,C,NHB,0.604526425000,-0.000023111000,-0.000038229925185,0.000038229925185,0.000159137984011,NHB,0.000,0.001,0.840862015989219,0.159137984010781
1317,31,C,NHB,0.610796623000,-0.000628237000,-0.001028553492838,0.001028553492838,0.000266202924982,NHB,0.000,0.001,0.733797075018413,0.266202924981587
1318,31,C,NHB,0.610796623000,-0.000503863000,-0.000824927612607,0.000824927612607,0.000665535804023,NHB,0.000,0.001,0.334464195976574,0.665535804023426
1319,31,C,NHB,0.610796623000,0.000000061000,0.000000099869576,-0.000000099869576,-0.000449336841924,NHB,-0.001,0.000,0.449336841923606,0.550663158076394
1320,31,C,NHB,0.610796623000,0.000052566000,0.000086061379550,-0.000086061379550,-0.000217641136948,NHB,-0.001,0.000,0.217641136948414,0.782358863051586
1321,31,C,NHB,0.610796623000,0.000008523000,0.000013953908190,-0.000013953908190,-0.000206739471460,NHB,-0.001,0.000,0.206739471460144,0.793260528539856
1322,31,C,NHB,0.610796623000,-0.000015116000,-0.000024748008471,0.000024748008471,-0.000511257425779,NHB,-0.001,0.000,0.511257425779142,0.488742574220858
1323,31,C,NHB,0.610796623000,-0.000456709000,-0.000747726792851,0.000747726792851,0.000452612822691,NHB,0.000,0.001,0.547387177309368,0.452612822690632
1324,31,C,NHB,0.610796623000,-0.000229897000,-0.000376388786943,0.000376388786943,0.000186704235338,NHB,0.000,0.001,0.813295764661701,0.186704235338299
1325,31,C,NHB,0.610796623000,-0.000581679000,-0.000952328447959,0.000952328447959,0.000732076718517,NHB,0.000,0.001,0.267923281483156,0.732076718516844
1326,31,C,NHB,0.610796623000,-0.000597015000,-0.000977436641787,0.000977436641787,0.000734449307981,NHB,0.000,0.001,0.265550692018511,0.734449307981489
1327,32,H,NHB,0.070423299000,0.000165226000,0.002346183753760,-0.002346183753760,-0.000684844292767,NHB,-0.001,0.000,0.684844292767166,0.315155707232834
1328,32,H,NHB,0.070423299000,0.000014965000,0.000212500695260,-0.000212500695260,-0.000487496541600,NHB,-0.001,0.000,0.487496541600316,0.512503458399684
1329,32,H,NHB,0.070423299000,0.000017158000,0.000243640957519,-0.000243640957519,-0.000242103156344,NHB,-0.001,0.000,0.242103156343581,0.757896843656419
1330,32,H,NHB,0.180161591000,0.000167318000,0.000928710715038,-0.000928710715038,-0.000233830906599,NHB,-0.001,0.000,0.233830906598633,0.766169093401367
1331,32,H,NHB,0.180161591000,0.000420330000,0.002333072202943,-0.002333072202943,-0.000719819701633,NHB,-0.001,0.000,0.719819701632775,0.280180298367225
1332,32,H,NHB,0.180161591000,0.000159563000,0.000885666024119,-0.000885666024119,-0.000644180176787,NHB,-0.001,0.000,0.644180176787173,0.355819823212827
1333,32,H,NHB,0.151059761000,0.000060794000,0.000402449994608,-0.000402449994608,-0.000268108118611,NHB,-0.001,0.000,0.268108118611400,0.731891881388600
1334,32,H,NHB,0.151059761000,0.000227470000,0.001505827882251,-0.001505827882251,-0.000354512820044,NHB,-0.001,0.000,0.354512820044039,0.645487179955961
1335,32,H,NHB,0.151059761000,0.000001894000,0.000012538084182,-0.000012538084182,-0.000222334719335,NHB,-0.001,0.000,0.222334719335033,0.777665280664967
1336,32,H,NHB,0.151059761000,0.000217727000,0.001441330229564,-0.001441330229564,-0.000596232521761,NHB,-0.001,0.000,0.596232521760950,0.403767478239050
1337,32,H,NHB,0.151059761000,0.000001275000,0.000008440368180,-0.000008440368180,-0.000428872734621,NHB,-0.001,0.000,0.428872734620775,0.571127265379225
1338,32,H,NHB,0.151059761000,0.000088068000,0.000583001054794,-0.000583001054794,-0.000540821361141,NHB,-0.001,0.000,0.540821361140997,0.459178638859003
1339,32,H,NHB,0.151059761000,0.000352867000,0.002335943057662,-0.002335943057662,-0.000554391096606,NHB,-0.001,0.000,0.554391096605629,0.445608903394371
1340,32,H,NHB,0.151059761000,0.000350589000,0.002320862933180,-0.002320862933180,-0.000733725538418,NHB,-0.001,0.000,0.733725538418497,0.266274461581503
1341,32,H,NHB,0.151059761000,0.000313565000,0.002075767881031,-0.002075767881031,-0.000648190805691,NHB,-0.001,0.000,0.648190805690694,0.351809194309306
1342,32,H,NHB,0.151059761000,0.000358956000,0.002376251608130,-0.002376251608130,-0.000755833230264,NHB,-0.001,0.000,0.755833230264119,0.244166769735881
1343,32,H,NHB,0.182903957000,0.000053247000,0.000291120000209,-0.000291120000209,-0.000227338989974,NHB,-0.001,0.000,0.227338989973867,0.772661010026133
1344,32,H,NHB,0.182903957000,0.000414316000,0.002265210697437,-0.002265210697437,-0.000792384255421,NHB,-0.001,0.000,0.792384255420577,0.207615744579423
1345,32,H,NHB,0.182903957000,0.000412768000,0.002256747239208,-0.002256747239208,-0.000744790136282,NHB,-0.001,0.000,0.744790136281762,0.255209863718238
1346,32,H,NHB,0.182903957000,0.000422215000,0.002308397297277,-0.002308397297277,-0.000396396417994,NHB,-0.001,0.000,0.396396417994262,0.603603582005738
1347,32,H,NHB,0.182903957000,0.000413845000,0.002262635575457,-0.002262635575457,-0.000608209194498,NHB,-0.001,0.000,0.608209194498027,0.391790805501973
1348,32,H,NHB,0.182903957000,0.000080999000,0.000442849905101,-0.000442849905101,-0.000693895405929,NHB,-0.001,0.000,0.693895405929275,0.306104594070725
1349,32,H,NHB,0.182903957000,0.000372522000,0.002036708259953,-0.002036708259953,-0.000575443911881,NHB,-0.001,0.000,0.575443911881297,0.424556088118703
1350,32,H,NHB,0.182903957000,0.000016139000,0.000088237566123,-0.000088237566123,-0.000373476900907,NHB,-0.001,0.000,0.373476900907483,0.626523099092517
1351,32,H,NHB,0.176514367000,0.000124243000,0.000703869051067,-0.000703869051067,-0.000276042201350,NHB,-0.001,0.000,0.276042201350059,0.723957798649941
1352,32,H,NHB,0.176514367000,0.000406004000,0.002300118720648,-0.002300118720648,-0.000543284647360,NHB,-0.001,0.000,0.543284647359666,0.456715352640334
1353,32,H,NHB,0.176514367000,0.000408002000,0.002311437912586,-0.002311437912586,-0.000697237037660,NHB,-0.001,0.000,0.697237037660164,0.302762962339836
1354,32,H,NHB,0.176514367000,0.000161494000,0.000914905697166,-0.000914905697166,-0.000596847001733,NHB,-0.001,0.000,0.596847001732848,0.403152998267152
1355,32,H,NHB,0.176514367000,0.000382208000,0.002165308164406,-0.002165308164406,-0.000364249134163,NHB,-0.001,0.000,0.364249134163372,0.635750865836628
1356,32,H,NHB,0.176514367000,0.000396712000,0.002247477113294,-0.002247477113294,-0.000765463710678,NHB,-0.001,0.000,0.765463710677911,0.234536289322089
1357,32,H,NHB,0.176514367000,0.000373690000,0.002117051469244,-0.002117051469244,-0.000749706795709,NHB,-0.001,0.000,0.749706795708835,0.250293204291165
1358,32,H,NHB,0.178345189000,0.000385153000,0.002159592878056,-0.002159592878056,-0.000701904884950,NHB,-0.001,0.000,0.701904884950285,0.298095115049715
1359,32,H,NHB,0.178345189000,0.000245387000,0.001375910398121,-0.001375910398121,-0.000439171073758,NHB,-0.001,0.000,0.439171073757509,0.560828926242491
1360,32,H,NHB,0.178345189000,0.000414861000,0.002326168719920,-0.002326168719920,-0.000802730750310,NHB,-0.001,0.000,0.802730750309764,0.197269249690236
1361,32,H,NHB,0.178345189000,0.000382064000,0.002142272534192,-0.002142272534192,-0.000408512666875,NHB,-0.001,0.000,0.408512666875389,0.591487333124611
1362,32,H,NHB,0.178345189000,0.000420933000,0.002360215054638,-0.002360215054638,-0.000586558537399,NHB,-0.001,0.000,0.586558537398931,0.413441462601069
1363,32,H,NHB,0.178345189000,0.000261714000,0.001467457583058,-0.001467457583058,-0.000732941296668,NHB,-0.001,0.000,0.732941296667698,0.267058703332302
1364,32,H,NHB,0.178345189000,0.000163836000,0.000918645470162,-0.000918645470162,-0.000385798447412,NHB,-0.001,0.000,0.385798447411769,0.614201552588231
1365,32,H,NHB,0.178345189000,0.000159163000,0.000892443473763,-0.000892443473763,-0.000517280037787,NHB,-0.001,0.000,0.517280037787463,0.482719962212537
1366,33,H,NHB,0.070423299000,0.000133749000,0.001899215201492,-0.001899215201492,0.000010428074689,NHB,0.000,0.001,0.989571925310682,0.010428074689318
1367,33,H,NHB,0.070423299000,0.000077974000,0.001107218791326,-0.001107218791326,-0.000421573251031,NHB,-0.001,0.000,0.421573251031394,0.578426748968606
1368,33,H,NHB,0.070423299000,0.000013768000,0.000195503479608,-0.000195503479608,-0.000247456135063,NHB,-0.001,0.000,0.247456135063072,0.752543864936928
1369,33,H,NHB,0.180161591000,0.000359484000,0.001995342059340,-0.001995342059340,-0.000501639554400,NHB,-0.001,0.000,0.501639554400199,0.498360445599801
1370,33,H,NHB,0.180161591000,0.000189710000,0.001052999137868,-0.001052999137868,-0.000295502559051,NHB,-0.001,0.000,0.295502559050844,0.704497440949156
1371,33,H,NHB,0.151059761000,0.000043942000,0.000290891496909,-0.000290891496909,-0.000216159676791,NHB,-0.001,0.000,0.216159676791016,0.783840323208984
1372,33,H,NHB,0.151059761000,0.000010171000,0.000067330968437,-0.000067330968437,-0.000235004021369,NHB,-0.001,0.000,0.235004021369366,0.764995978630634
1373,33,H,NHB,0.151059761000,0.000203558000,0.001347532914473,-0.001347532914473,-0.000296940549721,NHB,-0.001,0.000,0.296940549721029,0.703059450278971
1374,33,H,NHB,0.151059761000,0.000091344000,0.000604687836094,-0.000604687836094,-0.000387686798057,NHB,-0.001,0.000,0.387686798057267,0.612313201942733
1375,33,H,NHB,0.151059761000,0.000282726000,0.001871616889424,-0.001871616889424,-0.000506999379936,NHB,-0.001,0.000,0.506999379935956,0.493000620064044
1376,33,H,NHB,0.151059761000,0.000013906000,0.000092056282282,-0.000092056282282,-0.000321392863949,NHB,-0.001,0.000,0.321392863949183,0.678607136050817
1377,33,H,NHB,0.151059761000,0.000209616000,0.001387636248147,-0.001387636248147,-0.000435727776770,NHB,-0.001,0.000,0.435727776769719,0.564272223230281
1378,33,H,NHB,0.151059761000,0.000259491000,0.001717803591653,-0.001717803591653,0.000084237783296,NHB,0.000,0.001,0.915762216704269,0.084237783295731
1379,33,H,NHB,0.151059761000,0.000298230000,0.001974251766491,-0.001974251766491,-0.000169773662101,NHB,-0.001,0.000,0.169773662101475,0.830226337898526
1380,33,H,NHB,0.151059761000,0.000172253000,0.001140297051046,-0.001140297051046,0.000163384961039,NHB,0.000,0.001,0.836615038960789,0.163384961039211
1381,33,H,NHB,0.151059761000,0.000287334000,0.001902121373011,-0.001902121373011,-0.000103906713996,NHB,-0.001,0.000,0.103906713995739,0.896093286004261
1382,33,H,NHB,0.182903957000,0.000365612000,0.001998928869538,-0.001998928869538,-0.000538462090579,NHB,-0.001,0.000,0.538462090579456,0.461537909420544
1383,33,H,NHB,0.182903957000,0.000368701000,0.002015817514544,-0.002015817514544,-0.000457942272529,NHB,-0.001,0.000,0.457942272529103,0.542057727470897
1384,33,H,NHB,0.182903957000,0.000284805000,0.001557128695690,-0.001557128695690,-0.000049307894350,NHB,-0.001,0.000,0.049307894349969,0.950692105650031
1385,33,H,NHB,0.182903957000,0.000363625000,0.001988065244537,-0.001988065244537,-0.000287114228777,NHB,-0.001,0.000,0.287114228776746,0.712885771223254
1386,33,H,NHB,0.182903957000,0.000050301000,0.000275013186292,-0.000275013186292,-0.000032697717612,NHB,-0.001,0.000,0.032697717612089,0.967302282387911
1387,33,H,NHB,0.182903957000,0.000117724000,0.000643638344030,-0.000643638344030,-0.000348210629539,NHB,-0.001,0.000,0.348210629539352,0.651789370460648
1388,33,H,NHB,0.182903957000,0.000364034000,0.001990301390800,-0.001990301390800,-0.000478395729653,NHB,-0.001,0.000,0.478395729652887,0.521604270347113
1389,33,H,NHB,0.182903957000,0.000006548000,0.000035800209615,-0.000035800209615,-0.000265383362911,NHB,-0.001,0.000,0.265383362910895,0.734616637089105
1390,33,H,NHB,0.176514367000,0.000025862000,0.000146514985944,-0.000146514985944,-0.000100456010932,NHB,-0.001,0.000,0.100456010931523,0.899543989068477
1391,33,H,NHB,0.176514367000,0.000000011000,0.000000062317874,-0.000000062317874,-0.000226219339375,NHB,-0.001,0.000,0.226219339374796,0.773780660625204
1392,33,H,NHB,0.176514367000,0.000347139000,0.001966633118312,-0.001966633118312,-0.000394748773885,NHB,-0.001,0.000,0.394748773884673,0.605251226115327
1393,33,H,NHB,0.176514367000,0.000000000000,0.000000000000000,-0.000000000000000,-0.000139539783803,NHB,-0.001,0.000,0.139539783802638,0.860460216197362
1394,33,H,NHB,0.176514367000,0.000009005000,0.000051015677381,-0.000051015677381,-0.000329530179710,NHB,-0.001,0.000,0.329530179709742,0.670469820290258
1395,33,H,NHB,0.176514367000,0.000356158000,0.002017728109350,-0.002017728109350,-0.000558564120352,NHB,-0.001,0.000,0.558564120351951,0.441435879648049
1396,33,H,NHB,0.176514367000,0.000249715000,0.001414700708187,-0.001414700708187,-0.000410584530033,NHB,-0.001,0.000,0.410584530032930,0.589415469967070
1397,33,H,NHB,0.176514367000,0.000169272000,0.000958970099017,-0.000958970099017,0.000102846432770,NHB,0.000,0.001,0.897153567230106,0.102846432769894
1398,33,H,NHB,0.176514367000,0.000350488000,0.001985606078173,-0.001985606078173,-0.000378837504751,NHB,-0.001,0.000,0.378837504751168,0.621162495248832
1399,33,H,NHB,0.176514367000,0.000313769000,0.001777583351048,-0.001777583351048,-0.000236989801796,NHB,-0.001,0.000,0.236989801796495,0.763010198203505
1400,33,H,NHB,0.178345189000,0.000351929000,0.001973302458975,-0.001973302458975,-0.000536269899674,NHB,-0.001,0.000,0.536269899673686,0.463730100326314
1401,33,H,NHB,0.178345189000,0.000356384000,0.001998282106730,-0.001998282106730,-0.000384289587705,NHB,-0.001,0.000,0.384289587704798,0.615710412295202
1402,33,H,NHB,0.178345189000,0.000313292000,0.001756660786628,-0.001756660786628,-0.000215123068216,NHB,-0.001,0.000,0.215123068216185,0.784876931783815
1403,33,H,NHB,0.178345189000,0.000352315000,0.001975466801070,-0.001975466801070,-0.000088732606648,NHB,-0.001,0.000,0.088732606648148,0.911267393351852
1404,33,H,NHB,0.178345189000,0.000128815000,0.000722279085420,-0.000722279085420,0.000100150964927,NHB,0.000,0.001,0.899849035072954,0.100150964927046
1405,33,H,NHB,0.178345189000,0.000226124000,0.001267900756213,-0.001267900756213,-0.000345720016733,NHB,-0.001,0.000,0.345720016732715,0.654279983267285
1406,33,H,NHB,0.178345189000,0.000291184000,0.001632698934200,-0.001632698934200,-0.000458238609501,NHB,-0.001,0.000,0.458238609501492,0.541761390498508
1407,33,H,NHB,0.178345189000,0.000011332000,0.000063539701091,-0.000063539701091,-0.000299144542349,NHB,-0.001,0.000,0.299144542349179,0.700855457650821
1408,34,H,NHB,0.070423299000,0.000146571000,0.002081285626792,-0.002081285626792,-0.000442130903238,NHB,-0.001,0.000,0.442130903238169,0.557869096761831
1409,34,H,NHB,0.180161591000,0.000138161000,0.000766872668215,-0.000766872668215,-0.000140274473212,NHB,-0.001,0.000,0.140274473211789,0.859725526788211
1410,34,H,NHB,0.180161591000,0.000286114000,0.001588096543841,-0.001588096543841,-0.000499738923469,NHB,-0.001,0.000,0.499738923468792,0.500261076531208
1411,34,H,NHB,0.180161591000,0.000275053000,0.001526701659734,-0.001526701659734,-0.000340011197044,NHB,-0.001,0.000,0.340011197043742,0.659988802956258
1412,34,H,NHB,0.151059761000,0.000309165000,0.002046640335940,-0.002046640335940,-0.000354348335648,NHB,-0.001,0.000,0.354348335648451,0.645651664351549
1413,34,H,NHB,0.151059761000,0.000305287000,0.002020968376880,-0.002020968376880,-0.000312140129181,NHB,-0.001,0.000,0.312140129181480,0.687859870818520
1414,34,H,NHB,0.151059761000,0.000311636000,0.002062998100467,-0.002062998100467,-0.000537119792629,NHB,-0.001,0.000,0.537119792629002,0.462880207370998
1415,34,H,NHB,0.151059761000,0.000313305000,0.002074046707912,-0.002074046707912,-0.000477629913017,NHB,-0.001,0.000,0.477629913016679,0.522370086983321
1416,34,H,NHB,0.151059761000,0.000003049000,0.000020184064769,-0.000020184064769,-0.000333293231415,NHB,-0.001,0.000,0.333293231415282,0.666706768584718
1417,34,H,NHB,0.151059761000,0.000002905000,0.000019230799657,-0.000019230799657,-0.000311011909710,NHB,-0.001,0.000,0.311011909709704,0.688988090290296
1418,34,H,NHB,0.182903957000,0.000004968000,0.000027161796177,-0.000027161796177,-0.000401048556916,NHB,-0.001,0.000,0.401048556915657,0.598951443084343
1419,34,H,NHB,0.182903957000,0.000003855000,0.000021076635319,-0.000021076635319,-0.000202750683748,NHB,-0.001,0.000,0.202750683747867,0.797249316252133
1420,34,H,NHB,0.182903957000,0.000316875000,0.001732466619079,-0.001732466619079,-0.000326758424165,NHB,-0.001,0.000,0.326758424164588,0.673241575835412
1421,34,H,NHB,0.182903957000,0.000295156000,0.001613721238409,-0.001613721238409,-0.000094489169450,NHB,-0.001,0.000,0.094489169449613,0.905510830550387
1422,34,H,NHB,0.182903957000,0.000345338000,0.001888083810018,-0.001888083810018,-0.000481436525228,NHB,-0.001,0.000,0.481436525228169,0.518563474771831
1423,34,H,NHB,0.182903957000,0.000338409000,0.001850200539948,-0.001850200539948,-0.000206368745837,NHB,-0.001,0.000,0.206368745836926,0.793631254163074
1424,34,H,NHB,0.182903957000,0.000270057000,0.001476496213803,-0.001476496213803,-0.000074745761289,NHB,-0.001,0.000,0.074745761289081,0.925254238710919
1425,34,H,NHB,0.182903957000,0.000195850000,0.001070780551784,-0.001070780551784,-0.000092394638256,NHB,-0.001,0.000,0.092394638255541,0.907605361744459
1426,34,H,NHB,0.182903957000,0.000360892000,0.001973122976230,-0.001973122976230,-0.000545169921491,NHB,-0.001,0.000,0.545169921490656,0.454830078509344
1427,34,H,NHB,0.182903957000,0.000363360000,0.001986616396714,-0.001986616396714,-0.000504429567807,NHB,-0.001,0.000,0.504429567807044,0.495570432192956
1428,34,H,NHB,0.176514367000,0.000352274000,0.001995724234730,-0.001995724234730,-0.000224027697471,NHB,-0.001,0.000,0.224027697470749,0.775972302529251
1429,34,H,NHB,0.176514367000,0.000331628000,0.001878759251365,-0.001878759251365,-0.000175164915960,NHB,-0.001,0.000,0.175164915959837,0.824835084040163
1430,34,H,NHB,0.176514367000,0.000364774000,0.002066540000112,-0.002066540000112,-0.000563541707737,NHB,-0.001,0.000,0.563541707737380,0.436458292262620
1431,34,H,NHB,0.176514367000,0.000367982000,0.002084714158140,-0.002084714158140,-0.000446003682764,NHB,-0.001,0.000,0.446003682764218,0.553996317235782
1432,34,H,NHB,0.176514367000,0.000125205000,0.000709319032371,-0.000709319032371,-0.000430962256955,NHB,-0.001,0.000,0.430962256954867,0.569037743045133
1433,34,H,NHB,0.176514367000,0.000121261000,0.000686975242078,-0.000686975242078,-0.000363156049435,NHB,-0.001,0.000,0.363156049435250,0.636843950564750
1434,34,H,NHB,0.176514367000,0.000086445000,0.000489733507075,-0.000489733507075,-0.000458820883604,NHB,-0.001,0.000,0.458820883604121,0.541179116395879
1435,34,H,NHB,0.176514367000,0.000079721000,0.000451640290561,-0.000451640290561,-0.000099841391840,NHB,-0.001,0.000,0.099841391840183,0.900158608159817
1436,34,H,NHB,0.178345189000,0.000370623000,0.002078121658779,-0.002078121658779,-0.000442236339783,NHB,-0.001,0.000,0.442236339783113,0.557763660216887
1437,34,H,NHB,0.178345189000,0.000364310000,0.002042724012028,-0.002042724012028,-0.000281576959711,NHB,-0.001,0.000,0.281576959711159,0.718423040288841
1438,34,H,NHB,0.178345189000,0.000128355000,0.000719699817638,-0.000719699817638,-0.000423604867469,NHB,-0.001,0.000,0.423604867468941,0.576395132531059
1439,34,H,NHB,0.178345189000,0.000119827000,0.000671882435808,-0.000671882435808,0.000026304082962,NHB,0.000,0.001,0.973695917037786,0.026304082962214
1440,34,H,NHB,0.178345189000,0.000345624000,0.001937949669054,-0.001937949669054,-0.000183193183789,NHB,-0.001,0.000,0.183193183788744,0.816806816211256
1441,34,H,NHB,0.178345189000,0.000360369000,0.002020626415664,-0.002020626415664,-0.000577544657256,NHB,-0.001,0.000,0.577544657255595,0.422455342744405
1442,34,H,NHB,0.178345189000,0.000215529000,0.001208493490677,-0.001208493490677,-0.000446382155203,NHB,-0.001,0.000,0.446382155203080,0.553617844796920
1443,35,H,NHB,0.070423299000,0.000131325000,0.001864794774809,-0.001864794774809,-0.000342958063882,NHB,-0.001,0.000,0.342958063881831,0.657041936118169
1444,35,H,NHB,0.070423299000,0.000000043000,0.000000610593378,-0.000000610593378,-0.000296310016775,NHB,-0.001,0.000,0.296310016774879,0.703689983225121
1445,35,H,NHB,0.180161591000,0.000217024000,0.001204607479293,-0.001204607479293,-0.000353935921037,NHB,-0.001,0.000,0.353935921037138,0.646064078962862
1446,35,H,NHB,0.180161591000,0.000356458000,0.001978546026495,-0.001978546026495,-0.000503444443672,NHB,-0.001,0.000,0.503444443672021,0.496555556327979
1447,35,H,NHB,0.180161591000,0.000173287000,0.000961842083200,-0.000961842083200,-0.000166878656237,NHB,-0.001,0.000,0.166878656237491,0.833121343762509
1448,35,H,NHB,0.151059761000,0.000029597000,0.000195929080015,-0.000195929080015,-0.000338835414677,NHB,-0.001,0.000,0.338835414676611,0.661164585323389
1449,35,H,NHB,0.151059761000,0.000074716000,0.000494612195236,-0.000494612195236,-0.000379463019844,NHB,-0.001,0.000,0.379463019843684,0.620536980156316
1450,35,H,NHB,0.151059761000,0.000053661000,0.000355230272078,-0.000355230272078,-0.000256920316356,NHB,-0.001,0.000,0.256920316356182,0.743079683643818
1451,35,H,NHB,0.151059761000,0.000012518000,0.000082867865785,-0.000082867865785,-0.000226373416791,NHB,-0.001,0.000,0.226373416791270,0.773626583208730
1452,35,H,NHB,0.151059761000,0.000291688000,0.001930944402858,-0.001930944402858,-0.000403926822959,NHB,-0.001,0.000,0.403926822959440,0.596073177040560
1453,35,H,NHB,0.151059761000,0.000285605000,0.001890675571769,-0.001890675571769,-0.000482364577073,NHB,-0.001,0.000,0.482364577073461,0.517635422926539
1454,35,H,NHB,0.151059761000,0.000290864000,0.001925489608050,-0.001925489608050,-0.000158656453293,NHB,-0.001,0.000,0.158656453293496,0.841343546706504
1455,35,H,NHB,0.151059761000,0.000292941000,0.001939239133312,-0.001939239133312,-0.000263571168590,NHB,-0.001,0.000,0.263571168589802,0.736428831410198
1456,35,H,NHB,0.182903957000,0.000221166000,0.001209191991401,-0.001209191991401,-0.000187908083999,NHB,-0.001,0.000,0.187908083998966,0.812091916001034
1457,35,H,NHB,0.182903957000,0.000366727000,0.002005024965097,-0.002005024965097,-0.000444165547963,NHB,-0.001,0.000,0.444165547962627,0.555834452037373
1458,35,H,NHB,0.182903957000,0.000126154000,0.000689728106866,-0.000689728106866,0.000074173645201,NHB,0.000,0.001,0.925826354799498,0.074173645200502
1459,35,H,NHB,0.182903957000,0.000332157000,0.001816018666015,-0.001816018666015,-0.000292143441588,NHB,-0.001,0.000,0.292143441587995,0.707856558412005
1460,35,H,NHB,0.182903957000,0.000353178000,0.001930947836191,-0.001930947836191,-0.000501682264084,NHB,-0.001,0.000,0.501682264083903,0.498317735916097
1461,35,H,NHB,0.182903957000,0.000356778000,0.001950630297189,-0.001950630297189,-0.000557298844483,NHB,-0.001,0.000,0.557298844482993,0.442701155517007
1462,35,H,NHB,0.182903957000,0.000187094000,0.001022908432757,-0.001022908432757,-0.000040303150522,NHB,-0.001,0.000,0.040303150521621,0.959696849478379
1463,35,H,NHB,0.182903957000,0.000000118000,0.000000645147333,-0.000000645147333,-0.000253611896821,NHB,-0.001,0.000,0.253611896820868,0.746388103179132
1464,35,H,NHB,0.182903957000,0.000145471000,0.000795340912171,-0.000795340912171,-0.000383663873603,NHB,-0.001,0.000,0.383663873602541,0.616336126397459
1465,35,H,NHB,0.176514367000,0.000137347000,0.000778106634232,-0.000778106634232,-0.000378687063709,NHB,-0.001,0.000,0.378687063709485,0.621312936290515
1466,35,H,NHB,0.176514367000,0.000276261000,0.001565090732813,-0.001565090732813,-0.000465991938367,NHB,-0.001,0.000,0.465991938366886,0.534008061633114
1467,35,H,NHB,0.176514367000,0.000010344000,0.000058601462169,-0.000058601462169,-0.000167085101765,NHB,-0.001,0.000,0.167085101764848,0.832914898235152
1468,35,H,NHB,0.176514367000,0.000263166000,0.001490904136999,-0.001490904136999,-0.000381628043896,NHB,-0.001,0.000,0.381628043895611,0.618371956104389
1469,35,H,NHB,0.176514367000,0.000092799000,0.000525730576934,-0.000525730576934,-0.000239311285975,NHB,-0.001,0.000,0.239311285975313,0.760688714024687
1470,35,H,NHB,0.176514367000,0.000355064000,0.002011530313564,-0.002011530313564,-0.000417682834840,NHB,-0.001,0.000,0.417682834839758,0.582317165160242
1471,35,H,NHB,0.176514367000,0.000351432000,0.001990954084774,-0.001990954084774,-0.000548463472939,NHB,-0.001,0.000,0.548463472938655,0.451536527061345
1472,35,H,NHB,0.176514367000,0.000260216000,0.001474191616369,-0.001474191616369,0.000049741555723,NHB,0.000,0.001,0.950258444276824,0.049741555723176
1473,35,H,NHB,0.176514367000,0.000350928000,0.001988098793114,-0.001988098793114,-0.000186532528571,NHB,-0.001,0.000,0.186532528571049,0.813467471428951
1474,35,H,NHB,0.178345189000,0.000004982000,0.000027934591496,-0.000027934591496,0.000041946001499,NHB,0.000,0.001,0.958053998500929,0.041946001499071
1475,35,H,NHB,0.178345189000,0.000265705000,0.001489835534616,-0.001489835534616,-0.000313230716173,NHB,-0.001,0.000,0.313230716172542,0.686769283827458
1476,35,H,NHB,0.178345189000,0.000339020000,0.001900920355076,-0.001900920355076,-0.000167521194828,NHB,-0.001,0.000,0.167521194827797,0.832478805172203
1477,35,H,NHB,0.178345189000,0.000340563000,0.001909572116352,-0.001909572116352,-0.000400661246831,NHB,-0.001,0.000,0.400661246831298,0.599338753168702
1478,35,H,NHB,0.178345189000,0.000289003000,0.001620469840653,-0.001620469840653,-0.000472108453921,NHB,-0.001,0.000,0.472108453921493,0.527891546078507
1479,35,H,NHB,0.178345189000,0.000347904000,0.001950733865885,-0.001950733865885,-0.000552073702644,NHB,-0.001,0.000,0.552073702643801,0.447926297356199
1480,35,H,NHB,0.178345189000,0.000334385000,0.001874931428624,-0.001874931428624,-0.000048644867866,NHB,-0.001,0.000,0.048644867866299,0.951355132133701
1481,35,H,NHB,0.178345189000,0.000007483000,0.000041957958283,-0.000041957958283,-0.000338133139551,NHB,-0.001,0.000,0.338133139550958,0.661866860449042
1482,35,H,NHB,0.178345189000,0.000004332000,0.000024289973978,-0.000024289973978,-0.000270059349835,NHB,-0.001,0.000,0.270059349835198,0.729940650164802
1483,36,H,NHB,0.070423299000,0.000101956000,0.001447759497890,-0.001447759497890,-0.000507831219453,NHB,-0.001,0.000,0.507831219452982,0.492168780547018
1484,36,H,NHB,0.070423299000,0.000141521000,0.002009576404536,-0.002009576404536,-0.000432030439435,NHB,-0.001,0.000,0.432030439435191,0.567969560564809
1485,36,H,NHB,0.070423299000,0.000057940000,0.000822739076737,-0.000822739076737,-0.000570995713005,NHB,-0.001,0.000,0.570995713004938,0.429004286995062
1486,36,H,NHB,0.180161591000,0.000000029000,0.000000160966607,-0.000000160966607,-0.000495210439988,NHB,-0.001,0.000,0.495210439987593,0.504789560012407
1487,36,H,NHB,0.180161591000,0.000018714000,0.000103873416615,-0.000103873416615,-0.000437457048945,NHB,-0.001,0.000,0.437457048944788,0.562542951055212
1488,36,H,NHB,0.180161591000,0.000430565000,0.002389882314039,-0.002389882314039,-0.000807041428078,NHB,-0.001,0.000,0.807041428078153,0.192958571921847
1489,36,H,NHB,0.180161591000,0.000099973000,0.000554907399769,-0.000554907399769,-0.000168610723844,NHB,-0.001,0.000,0.168610723843719,0.831389276156281
1490,36,H,NHB,0.151059761000,0.000000057000,0.000000377334107,-0.000000377334107,-0.000438955742153,NHB,-0.001,0.000,0.438955742152602,0.561044257847398
1491,36,H,NHB,0.151059761000,0.000094503000,0.000625600089490,-0.000625600089490,-0.000555729381266,NHB,-0.001,0.000,0.555729381265643,0.444270618734357
1492,36,H,NHB,0.151059761000,0.000122038000,0.000807878942692,-0.000807878942692,-0.000570262334716,NHB,-0.001,0.000,0.570262334716349,0.429737665283651
1493,36,H,NHB,0.151059761000,0.000316288000,0.002093793859504,-0.002093793859504,-0.000696013826463,NHB,-0.001,0.000,0.696013826462781,0.303986173537219
1494,36,H,NHB,0.151059761000,0.000264282000,0.001749519516319,-0.001749519516319,-0.000454820355424,NHB,-0.001,0.000,0.454820355424493,0.545179644575507
1495,36,H,NHB,0.151059761000,0.000357497000,0.002366593178974,-0.002366593178974,-0.000581144822759,NHB,-0.001,0.000,0.581144822758900,0.418855177241100
1496,36,H,NHB,0.151059761000,0.000099071000,0.000655839777212,-0.000655839777212,-0.000301692535605,NHB,-0.001,0.000,0.301692535605451,0.698307464394549
1497,36,H,NHB,0.151059761000,0.000302512000,0.002002598163782,-0.002002598163782,-0.000392989891190,NHB,-0.001,0.000,0.392989891190298,0.607010108809702
1498,36,H,NHB,0.151059761000,0.000173126000,0.001146076220788,-0.001146076220788,-0.000575122601166,NHB,-0.001,0.000,0.575122601165861,0.424877398834139
1499,36,H,NHB,0.151059761000,0.000345195000,0.002285155210857,-0.002285155210857,-0.000581322482474,NHB,-0.001,0.000,0.581322482473768,0.418677517526232
1500,36,H,NHB,0.151059761000,0.000233116000,0.001543203818521,-0.001543203818521,-0.000381497713924,NHB,-0.001,0.000,0.381497713924188,0.618502286075812
1501,36,H,NHB,0.182903957000,0.000448544000,0.002452347162724,-0.002452347162724,-0.000648124659459,NHB,-0.001,0.000,0.648124659459313,0.351875340540687
1502,36,H,NHB,0.182903957000,0.000405681000,0.002218000127794,-0.002218000127794,-0.000355758486127,NHB,-0.001,0.000,0.355758486126647,0.644241513873353
1503,36,H,NHB,0.182903957000,0.000282686000,0.001545543380453,-0.001545543380453,-0.000626005349756,NHB,-0.001,0.000,0.626005349756319,0.373994650243681
1504,36,H,NHB,0.182903957000,0.000436502000,0.002386509330687,-0.002386509330687,-0.000761713644030,NHB,-0.001,0.000,0.761713644029779,0.238286355970221
1505,36,H,NHB,0.182903957000,0.000361963000,0.001978978508376,-0.001978978508376,-0.000632708198879,NHB,-0.001,0.000,0.632708198879280,0.367291801120720
1506,36,H,NHB,0.182903957000,0.000441637000,0.002414584174360,-0.002414584174360,-0.000790490269444,NHB,-0.001,0.000,0.790490269443502,0.209509730556498
1507,36,H,NHB,0.176514367000,0.000037624000,0.000213149788538,-0.000213149788538,-0.000523969581603,NHB,-0.001,0.000,0.523969581603020,0.476030418396980
1508,36,H,NHB,0.176514367000,0.000092483000,0.000523940354385,-0.000523940354385,-0.000534593578499,NHB,-0.001,0.000,0.534593578499095,0.465406421500905
1509,36,H,NHB,0.176514367000,0.000415094000,0.002351615945234,-0.002351615945234,-0.000801407618729,NHB,-0.001,0.000,0.801407618729063,0.198592381270937
1510,36,H,NHB,0.176514367000,0.000182088000,0.001031576086948,-0.001031576086948,-0.000462830421971,NHB,-0.001,0.000,0.462830421971316,0.537169578028684
1511,36,H,NHB,0.176514367000,0.000423547000,0.002399504398415,-0.002399504398415,-0.000736919448476,NHB,-0.001,0.000,0.736919448475698,0.263080551524302
1512,36,H,NHB,0.176514367000,0.000269331000,0.001525830472485,-0.001525830472485,-0.000301808661414,NHB,-0.001,0.000,0.301808661413945,0.698191338586055
1513,36,H,NHB,0.176514367000,0.000074117000,0.000419892166625,-0.000419892166625,-0.000568681668359,NHB,-0.001,0.000,0.568681668359211,0.431318331640789
1514,36,H,NHB,0.176514367000,0.000425153000,0.002408602807952,-0.002408602807952,-0.000704760828614,NHB,-0.001,0.000,0.704760828614128,0.295239171385872
1515,36,H,NHB,0.176514367000,0.000232522000,0.001317297871850,-0.001317297871850,-0.000226086015522,NHB,-0.001,0.000,0.226086015522097,0.773913984477903
1516,36,H,NHB,0.178345189000,0.000011312000,0.000063427559013,-0.000063427559013,-0.000265059035133,NHB,-0.001,0.000,0.265059035132857,0.734940964867143
1517,36,H,NHB,0.178345189000,0.000418443000,0.002346253365994,-0.002346253365994,-0.000518525965748,NHB,-0.001,0.000,0.518525965747983,0.481474034252017
1518,36,H,NHB,0.178345189000,0.000433417000,0.002430214139390,-0.002430214139390,-0.000479742981126,NHB,-0.001,0.000,0.479742981126227,0.520257018873773
1519,36,H,NHB,0.178345189000,0.000379615000,0.002128540736807,-0.002128540736807,-0.000691825705755,NHB,-0.001,0.000,0.691825705755278,0.308174294244722
1520,36,H,NHB,0.178345189000,0.000401065000,0.002248813114886,-0.002248813114886,-0.000662026930391,NHB,-0.001,0.000,0.662026930390626,0.337973069609374
1521,36,H,NHB,0.178345189000,0.000403309000,0.002261395455977,-0.002261395455977,-0.000715093852257,NHB,-0.001,0.000,0.715093852257381,0.284906147742619
1522,36,H,NHB,0.178345189000,0.000427058000,0.002394558565861,-0.002394558565861,-0.000662574603355,NHB,-0.001,0.000,0.662574603355321,0.337425396644679
1523,37,H,NHB,0.070423299000,0.000141153000,0.002004350861211,-0.002004350861211,-0.000326030443502,NHB,-0.001,0.000,0.326030443501604,0.673969556498396
1524,37,H,NHB,0.070423299000,0.000006504000,0.000092355798327,-0.000092355798327,-0.000388175848062,NHB,-0.001,0.000,0.388175848062459,0.611824151937541
1525,37,H,NHB,0.180161591000,0.000243596000,0.001352097295810,-0.001352097295810,-0.000374579281007,NHB,-0.001,0.000,0.374579281006852,0.625420718993148
1526,37,H,NHB,0.180161591000,0.000381754000,0.002118953312307,-0.002118953312307,-0.000528102097654,NHB,-0.001,0.000,0.528102097653681,0.471897902346319
1527,37,H,NHB,0.180161591000,0.000116285000,0.000645448340873,-0.000645448340873,-0.000022145636627,NHB,-0.001,0.000,0.022145636626593,0.977854363373407
1528,37,H,NHB,0.151059761000,0.000082816000,0.000548233357790,-0.000548233357790,-0.000425201672511,NHB,-0.001,0.000,0.425201672511412,0.574798327488588
1529,37,H,NHB,0.151059761000,0.000148879000,0.000985563587645,-0.000985563587645,-0.000474763404995,NHB,-0.001,0.000,0.474763404994776,0.525236595005224
1530,37,H,NHB,0.151059761000,0.000310487000,0.002055391839260,-0.002055391839260,-0.000377509904681,NHB,-0.001,0.000,0.377509904680594,0.622490095319406
1531,37,H,NHB,0.151059761000,0.000311018000,0.002058907004361,-0.002058907004361,-0.000434837858668,NHB,-0.001,0.000,0.434837858667680,0.565162141332320
1532,37,H,NHB,0.151059761000,0.000293285000,0.001941516377747,-0.001941516377747,-0.000212504171120,NHB,-0.001,0.000,0.212504171119970,0.787495828880030
1533,37,H,NHB,0.151059761000,0.000311201000,0.002060118445441,-0.002060118445441,-0.000253616027637,NHB,-0.001,0.000,0.253616027637149,0.746383972362851
1534,37,H,NHB,0.151059761000,0.000082885000,0.000548690130656,-0.000548690130656,-0.000342149753378,NHB,-0.001,0.000,0.342149753378449,0.657850246621551
1535,37,H,NHB,0.182903957000,0.000210225000,0.001149373712019,-0.001149373712019,-0.000176641108402,NHB,-0.001,0.000,0.176641108402203,0.823358891597797
1536,37,H,NHB,0.182903957000,0.000374187000,0.002045811398165,-0.002045811398165,-0.000376086497575,NHB,-0.001,0.000,0.376086497575329,0.623913502424671
1537,37,H,NHB,0.182903957000,0.000070714000,0.000386618207500,-0.000386618207500,0.000015661362239,NHB,0.000,0.001,0.984338637760632,0.015661362239368
1538,37,H,NHB,0.182903957000,0.000338659000,0.001851567377517,-0.001851567377517,-0.000149000747858,NHB,-0.001,0.000,0.149000747857519,0.850999252142481
1539,37,H,NHB,0.182903957000,0.000003019000,0.000016505930487,-0.000016505930487,-0.000291948632932,NHB,-0.001,0.000,0.291948632932395,0.708051367067605
1540,37,H,NHB,0.182903957000,0.000229964000,0.001257293739140,-0.001257293739140,-0.000464945268107,NHB,-0.001,0.000,0.464945268106529,0.535054731893471
1541,37,H,NHB,0.182903957000,0.000378135000,0.002067396497059,-0.002067396497059,-0.000543237657192,NHB,-0.001,0.000,0.543237657191546,0.456762342808454
1542,37,H,NHB,0.182903957000,0.000377395000,0.002063350657854,-0.002063350657854,-0.000603351602272,NHB,-0.001,0.000,0.603351602272074,0.396648397727926
1543,37,H,NHB,0.176514367000,0.000199887000,0.001132412071591,-0.001132412071591,-0.000442198070159,NHB,-0.001,0.000,0.442198070158951,0.557801929841049
1544,37,H,NHB,0.176514367000,0.000337410000,0.001911515791800,-0.001911515791800,-0.000544636797519,NHB,-0.001,0.000,0.544636797519303,0.455363202480697
1545,37,H,NHB,0.176514367000,0.000369532000,0.002093495313047,-0.002093495313047,-0.000404989684201,NHB,-0.001,0.000,0.404989684200506,0.595010315799494
1546,37,H,NHB,0.176514367000,0.000366455000,0.002076063304241,-0.002076063304241,-0.000522694474304,NHB,-0.001,0.000,0.522694474303504,0.477305525696496
1547,37,H,NHB,0.176514367000,0.000002957000,0.000016752177459,-0.000016752177459,-0.000081378095018,NHB,-0.001,0.000,0.081378095017909,0.918621904982091
1548,37,H,NHB,0.176514367000,0.000340996000,0.001931831418572,-0.001931831418572,-0.000137865236194,NHB,-0.001,0.000,0.137865236193595,0.862134763806405
1549,37,H,NHB,0.176514367000,0.000011678000,0.000066158920650,-0.000066158920650,-0.000181108127383,NHB,-0.001,0.000,0.181108127383011,0.818891872616989
1550,37,H,NHB,0.176514367000,0.000313287000,0.001774852695135,-0.001774852695135,-0.000410364051122,NHB,-0.001,0.000,0.410364051122417,0.589635948877583
1551,37,H,NHB,0.178345189000,0.000331024000,0.001856085952506,-0.001856085952506,-0.000177134379025,NHB,-0.001,0.000,0.177134379025279,0.822865620974721
1552,37,H,NHB,0.178345189000,0.000374320000,0.002098851121798,-0.002098851121798,-0.000308146829107,NHB,-0.001,0.000,0.308146829106966,0.691853170893034
1553,37,H,NHB,0.178345189000,0.000000642000,0.000003599760687,-0.000003599760687,0.000023492182514,NHB,0.000,0.001,0.976507817485563,0.023492182514437
1554,37,H,NHB,0.178345189000,0.000274476000,0.001539015442687,-0.001539015442687,-0.000241473408337,NHB,-0.001,0.000,0.241473408336684,0.758526591663316
1555,37,H,NHB,0.178345189000,0.000052442000,0.000294047741316,-0.000294047741316,-0.000431696488618,NHB,-0.001,0.000,0.431696488618032,0.568303511381968
1556,37,H,NHB,0.178345189000,0.000026027000,0.000145936092507,-0.000145936092507,-0.000407396671732,NHB,-0.001,0.000,0.407396671731544,0.592603328268456
1557,37,H,NHB,0.178345189000,0.000342502000,0.001920444290762,-0.001920444290762,-0.000551807857236,NHB,-0.001,0.000,0.551807857235873,0.448192142764127
1558,37,H,NHB,0.178345189000,0.000368068000,0.002063795508383,-0.002063795508383,-0.000551702357788,NHB,-0.001,0.000,0.551702357788468,0.448297642211532
1559,37,H,NHB,0.178345189000,0.000151588000,0.000849969661923,-0.000849969661923,-0.000155776001277,NHB,-0.001,0.000,0.155776001276812,0.844223998723188
1560,38,H,NHB,0.070423299000,0.000086552000,0.001229025070240,-0.001229025070240,0.000305898660779,NHB,0.000,0.001,0.694101339220862,0.305898660779138
1561,38,H,NHB,0.070423299000,0.000016781000,0.000238287615580,-0.000238287615580,-0.000106359040085,NHB,-0.001,0.000,0.106359040085444,0.893640959914556
1562,38,H,NHB,0.180161591000,0.000238804000,0.001325498951661,-0.001325498951661,-0.000190239773911,NHB,-0.001,0.000,0.190239773910763,0.809760226089237
1563,38,H,NHB,0.180161591000,0.000052845000,0.000293320011811,-0.000293320011811,0.000142001176540,NHB,0.000,0.001,0.857998823459728,0.142001176540272
1564,38,H,NHB,0.151059761000,0.000004328000,0.000028650912535,-0.000028650912535,-0.000056285928608,NHB,-0.001,0.000,0.056285928607925,0.943714071392075
1565,38,H,NHB,0.151059761000,0.000141999000,0.000940018698957,-0.000940018698957,-0.000121227676684,NHB,-0.001,0.000,0.121227676683507,0.878772323316493
1566,38,H,NHB,0.151059761000,0.000072286000,0.000478525846469,-0.000478525846469,-0.000086041849093,NHB,-0.001,0.000,0.086041849093285,0.913958150906715
1567,38,H,NHB,0.151059761000,0.000105349000,0.000697399488140,-0.000697399488140,-0.000128241096100,NHB,-0.001,0.000,0.128241096100298,0.871758903899702
1568,38,H,NHB,0.151059761000,0.000026918000,0.000178194376992,-0.000178194376992,-0.000066038238045,NHB,-0.001,0.000,0.066038238044677,0.933961761955323
1569,38,H,NHB,0.151059761000,0.000193392000,0.001280235045520,-0.001280235045520,0.000172445296860,NHB,0.000,0.001,0.827554703140478,0.172445296859522
1570,38,H,NHB,0.151059761000,0.000146250000,0.000968159879453,-0.000968159879453,0.000293073160618,NHB,0.000,0.001,0.706926839381865,0.293073160618135
1571,38,H,NHB,0.151059761000,0.000199200000,0.001318683405040,-0.001318683405040,0.000275987998564,NHB,0.000,0.001,0.724012001436387,0.275987998563613
1572,38,H,NHB,0.151059761000,0.000074619000,0.000493970065264,-0.000493970065264,0.000396416619393,NHB,0.000,0.001,0.603583380606785,0.396416619393215
1573,38,H,NHB,0.182903957000,0.000238393000,0.001303378034626,-0.001303378034626,-0.000174033815640,NHB,-0.001,0.000,0.174033815640207,0.825966184359793
1574,38,H,NHB,0.182903957000,0.000214122000,0.001170679976049,-0.001170679976049,-0.000054825553158,NHB,-0.001,0.000,0.054825553157911,0.945174446842089
1575,38,H,NHB,0.182903957000,0.000246018000,0.001345066580490,-0.001345066580490,-0.000023672131153,NHB,-0.001,0.000,0.023672131152967,0.976327868847033
1576,38,H,NHB,0.182903957000,0.000237422000,0.001298069237507,-0.001298069237507,0.000107941777211,NHB,0.000,0.001,0.892058222789115,0.107941777210885
1577,38,H,NHB,0.182903957000,0.000018079000,0.000098844225661,-0.000098844225661,0.000378408270811,NHB,0.000,0.001,0.621591729188673,0.378408270811327
1578,38,H,NHB,0.182903957000,0.000010244000,0.000056007536239,-0.000056007536239,-0.000021483426300,NHB,-0.001,0.000,0.021483426300014,0.978516573699986
1579,38,H,NHB,0.182903957000,0.000209607000,0.001145994889547,-0.001145994889547,-0.000176017533622,NHB,-0.001,0.000,0.176017533621845,0.823982466378155
1580,38,H,NHB,0.176514367000,0.000233613000,0.001323478671852,-0.001323478671852,-0.000155471127138,NHB,-0.001,0.000,0.155471127137567,0.844528872862433
1581,38,H,NHB,0.176514367000,0.000115808000,0.000656082572587,-0.000656082572587,0.000011792686925,NHB,0.000,0.001,0.988207313074765,0.011792686925235
1582,38,H,NHB,0.176514367000,0.000230587000,0.001306335591369,-0.001306335591369,-0.000206642747015,NHB,-0.001,0.000,0.206642747015443,0.793357252984557
1583,38,H,NHB,0.176514367000,0.000052863000,0.000299482704431,-0.000299482704431,-0.000018200871874,NHB,-0.001,0.000,0.018200871874245,0.981799128125755
1584,38,H,NHB,0.176514367000,0.000226746000,0.001284575322982,-0.001284575322982,-0.000029881526913,NHB,-0.001,0.000,0.029881526913367,0.970118473086633
1585,38,H,NHB,0.176514367000,0.000003918000,0.000022196493501,-0.000022196493501,0.000232373323110,NHB,0.000,0.001,0.767626676889979,0.232373323110021
1586,38,H,NHB,0.176514367000,0.000192941000,0.001093061167083,-0.001093061167083,0.000198853988292,NHB,0.000,0.001,0.801146011707743,0.198853988292257
1587,38,H,NHB,0.178345189000,0.000205934000,0.001154693329014,-0.001154693329014,-0.000156892308508,NHB,-0.001,0.000,0.156892308507865,0.843107691492135
1588,38,H,NHB,0.178345189000,0.000231708000,0.001299210824240,-0.001299210824240,0.000024274986932,NHB,0.000,0.001,0.975725013068395,0.024274986931605
1589,38,H,NHB,0.178345189000,0.000223252000,0.001251797153889,-0.001251797153889,-0.000036572016798,NHB,-0.001,0.000,0.036572016797508,0.963427983202492
1590,38,H,NHB,0.178345189000,0.000233231000,0.001307750443439,-0.001307750443439,0.000155839005758,NHB,0.000,0.001,0.844160994241988,0.155839005758012
1591,38,H,NHB,0.178345189000,0.000101638000,0.000569894823459,-0.000569894823459,0.000418368948250,NHB,0.000,0.001,0.581631051749949,0.418368948250051
1592,38,H,NHB,0.178345189000,0.000105629000,0.000592272775017,-0.000592272775017,-0.000106071317616,NHB,-0.001,0.000,0.106071317616292,0.893928682383708
1593,38,H,NHB,0.178345189000,0.000080757000,0.000452812887484,-0.000452812887484,-0.000097922479028,NHB,-0.001,0.000,0.097922479027896,0.902077520972104
1594,39,H,NHB,0.070423299000,0.000096723000,0.001373451703818,-0.001373451703818,-0.000428353657875,NHB,-0.001,0.000,0.428353657875255,0.571646342124745
1595,39,H,NHB,0.180161591000,0.000075743000,0.000420417024403,-0.000420417024403,-0.000127461535856,NHB,-0.001,0.000,0.127461535856198,0.872538464143802
1596,39,H,NHB,0.180161591000,0.000214563000,0.001190947519996,-0.001190947519996,-0.000258446500655,NHB,-0.001,0.000,0.258446500655208,0.741553499344792
1597,39,H,NHB,0.180161591000,0.000043736000,0.000242759845521,-0.000242759845521,-0.000104568783140,NHB,-0.001,0.000,0.104568783139574,0.895431216860426
1598,39,H,NHB,0.180161591000,0.000190072000,0.001055008445169,-0.001055008445169,-0.000248251116671,NHB,-0.001,0.000,0.248251116671385,0.751748883328615
1599,39,H,NHB,0.151059761000,0.000000621000,0.000004110955796,-0.000004110955796,-0.000013294364847,NHB,-0.001,0.000,0.013294364846648,0.986705635153352
1600,39,H,NHB,0.151059761000,0.000207992000,0.001376885536050,-0.001376885536050,-0.000387984489609,NHB,-0.001,0.000,0.387984489608940,0.612015510391060
1601,39,H,NHB,0.151059761000,0.000205889000,0.001362963893475,-0.001362963893475,-0.000442151836233,NHB,-0.001,0.000,0.442151836232933,0.557848163767067
1602,39,H,NHB,0.151059761000,0.000209590000,0.001387464130835,-0.001387464130835,-0.000368845913991,NHB,-0.001,0.000,0.368845913991207,0.631154086008793
1603,39,H,NHB,0.151059761000,0.000206818000,0.001369113777427,-0.001369113777427,-0.000431982323125,NHB,-0.001,0.000,0.431982323124895,0.568017676875105
1604,39,H,NHB,0.151059761000,0.000021541000,0.000142599192911,-0.000142599192911,-0.000095766533346,NHB,-0.001,0.000,0.095766533346318,0.904233466653682
1605,39,H,NHB,0.151059761000,0.000016065000,0.000106348639066,-0.000106348639066,-0.000065099349332,NHB,-0.001,0.000,0.065099349332337,0.934900650667663
1606,39,H,NHB,0.182903957000,0.000124103000,0.000678514571448,-0.000678514571448,-0.000153475722971,NHB,-0.001,0.000,0.153475722971080,0.846524277028921
1607,39,H,NHB,0.182903957000,0.000249844000,0.001365984662650,-0.001365984662650,-0.000333843994768,NHB,-0.001,0.000,0.333843994768096,0.666156005231904
1608,39,H,NHB,0.182903957000,0.000110860000,0.000606110451727,-0.000606110451727,-0.000147388267438,NHB,-0.001,0.000,0.147388267438023,0.852611732561977
1609,39,H,NHB,0.182903957000,0.000246171000,0.001345903085082,-0.001345903085082,-0.000332367395666,NHB,-0.001,0.000,0.332367395665994,0.667632604334006
1610,39,H,NHB,0.182903957000,0.000026714000,0.000146054795304,-0.000146054795304,-0.000093637404118,NHB,-0.001,0.000,0.093637404117919,0.906362595882081
1611,39,H,NHB,0.182903957000,0.000006444000,0.000035231605186,-0.000035231605186,-0.000036996314077,NHB,-0.001,0.000,0.036996314076780,0.963003685923220
1612,39,H,NHB,0.182903957000,0.000200450000,0.001095930363059,-0.001095930363059,-0.000256995659456,NHB,-0.001,0.000,0.256995659455695,0.743004340544305
1613,39,H,NHB,0.182903957000,0.000231149000,0.001263772549218,-0.001263772549218,-0.000300655599107,NHB,-0.001,0.000,0.300655599106712,0.699344400893288
1614,39,H,NHB,0.182903957000,0.000155009000,0.000847488499114,-0.000847488499114,-0.000186783243271,NHB,-0.001,0.000,0.186783243270764,0.813216756729236
1615,39,H,NHB,0.182903957000,0.000207966000,0.001137022967743,-0.001137022967743,-0.000262038635048,NHB,-0.001,0.000,0.262038635047857,0.737961364952143
1616,39,H,NHB,0.176514367000,0.000014463000,0.000081936673177,-0.000081936673177,-0.000064115708416,NHB,-0.001,0.000,0.064115708416432,0.935884291583568
1617,39,H,NHB,0.176514367000,0.000089333000,0.000506094781509,-0.000506094781509,-0.000143786040362,NHB,-0.001,0.000,0.143786040361931,0.856213959638069
1618,39,H,NHB,0.176514367000,0.000000114000,0.000000645839780,-0.000000645839780,-0.000026056650752,NHB,-0.001,0.000,0.026056650751512,0.973943349248488
1619,39,H,NHB,0.176514367000,0.000045565000,0.000258137627970,-0.000258137627970,-0.000106714329504,NHB,-0.001,0.000,0.106714329504024,0.893285670495976
1620,39,H,NHB,0.176514367000,0.000223843000,0.001268129069630,-0.001268129069630,-0.000288587433269,NHB,-0.001,0.000,0.288587433268868,0.711412566731132
1621,39,H,NHB,0.176514367000,0.000243699000,0.001380618496624,-0.001380618496624,-0.000391510682509,NHB,-0.001,0.000,0.391510682509363,0.608489317490637
1622,39,H,NHB,0.176514367000,0.000210254000,0.001191143834768,-0.001191143834768,-0.000246612943399,NHB,-0.001,0.000,0.246612943399499,0.753387056600501
1623,39,H,NHB,0.176514367000,0.000243170000,0.001377621573433,-0.001377621573433,-0.000380654957228,NHB,-0.001,0.000,0.380654957228197,0.619345042771803
1624,39,H,NHB,0.176514367000,0.000000084000,0.000000475881943,-0.000000475881943,0.000000864302227,NHB,0.000,0.001,0.999135697773003,0.000864302226997
1625,39,H,NHB,0.176514367000,0.000134425000,0.000761552740917,-0.000761552740917,-0.000182630400555,NHB,-0.001,0.000,0.182630400554865,0.817369599445135
1626,39,H,NHB,0.176514367000,0.000109525000,0.000620487736276,-0.000620487736276,-0.000160844303868,NHB,-0.001,0.000,0.160844303867955,0.839155696132045
1627,39,H,NHB,0.178345189000,0.000232473000,0.001303500258703,-0.001303500258703,-0.000276651785014,NHB,-0.001,0.000,0.276651785014465,0.723348214985535
1628,39,H,NHB,0.178345189000,0.000246108000,0.001379953120014,-0.001379953120014,-0.000423952376049,NHB,-0.001,0.000,0.423952376048579,0.576047623951421
1629,39,H,NHB,0.178345189000,0.000001736000,0.000009733932324,-0.000009733932324,-0.000048735331428,NHB,-0.001,0.000,0.048735331428103,0.951264668571897
1630,39,H,NHB,0.178345189000,0.000176361000,0.000988874446173,-0.000988874446173,-0.000222774519249,NHB,-0.001,0.000,0.222774519248921,0.777225480751079
1631,39,H,NHB,0.178345189000,0.000096144000,0.000539089394780,-0.000539089394780,-0.000160442121489,NHB,-0.001,0.000,0.160442121489187,0.839557878510813
1632,39,H,NHB,0.178345189000,0.000045509000,0.000255173690163,-0.000255173690163,-0.000091667468142,NHB,-0.001,0.000,0.091667468141779,0.908332531858221
1633,39,H,NHB,0.178345189000,0.000244061000,0.001368475378385,-0.001368475378385,-0.000382560364829,NHB,-0.001,0.000,0.382560364828819,0.617439635171181
1634,39,H,NHB,0.178345189000,0.000241783000,0.001355702395762,-0.001355702395762,-0.000341557979199,NHB,-0.001,0.000,0.341557979198604,0.658442020801396
1635,40,H,NHB,0.070423299000,0.000073247000,0.001040096119326,-0.001040096119326,-0.000213286106780,NHB,-0.001,0.000,0.213286106780399,0.786713893219601
1636,40,H,NHB,0.070423299000,0.000074496000,0.001057831726969,-0.001057831726969,-0.000203693484090,NHB,-0.001,0.000,0.203693484090272,0.796306515909728
1637,40,H,NHB,0.070423299000,0.000010093000,0.000143319045590,-0.000143319045590,-0.000070363929387,NHB,-0.001,0.000,0.070363929386846,0.929636070613154
1638,40,H,NHB,0.180161591000,0.000115124000,0.000639004126024,-0.000639004126024,-0.000153334057475,NHB,-0.001,0.000,0.153334057475436,0.846665942524564
1639,40,H,NHB,0.180161591000,0.000249231000,0.001383374772706,-0.001383374772706,-0.000423940350664,NHB,-0.001,0.000,0.423940350663764,0.576059649336236
1640,40,H,NHB,0.180161591000,0.000000000000,0.000000000000000,-0.000000000000000,0.000008037785158,NHB,0.000,0.001,0.991962214842028,0.008037785157972
1641,40,H,NHB,0.151059761000,0.000137808000,0.000912274712258,-0.000912274712258,-0.000208168028594,NHB,-0.001,0.000,0.208168028593924,0.791831971406076
1642,40,H,NHB,0.151059761000,0.000017282000,0.000114405053242,-0.000114405053242,-0.000061691589169,NHB,-0.001,0.000,0.061691589169202,0.938308410830798
1643,40,H,NHB,0.151059761000,0.000017405000,0.000115219300526,-0.000115219300526,-0.000062155470557,NHB,-0.001,0.000,0.062155470556552,0.937844529443448
1644,40,H,NHB,0.151059761000,0.000171231000,0.001133531516709,-0.001133531516709,-0.000218742681560,NHB,-0.001,0.000,0.218742681559515,0.781257318440485
1645,40,H,NHB,0.151059761000,0.000046879000,0.000310334133257,-0.000310334133257,-0.000108652427864,NHB,-0.001,0.000,0.108652427864277,0.891347572135723
1646,40,H,NHB,0.151059761000,0.000205570000,0.001360852146456,-0.001360852146456,-0.000306142112941,NHB,-0.001,0.000,0.306142112941107,0.693857887058893
1647,40,H,NHB,0.151059761000,0.000123063000,0.000814664336719,-0.000814664336719,-0.000166534439783,NHB,-0.001,0.000,0.166534439783189,0.833465560216811
1648,40,H,NHB,0.151059761000,0.000167866000,0.001111255564611,-0.001111255564611,-0.000237292446856,NHB,-0.001,0.000,0.237292446856138,0.762707553143862
1649,40,H,NHB,0.151059761000,0.000044037000,0.000291520387087,-0.000291520387087,-0.000098520736130,NHB,-0.001,0.000,0.098520736130031,0.901479263869969
1650,40,H,NHB,0.151059761000,0.000206645000,0.001367968535314,-0.001367968535314,-0.000316094954752,NHB,-0.001,0.000,0.316094954752450,0.683905045247550
1651,40,H,NHB,0.151059761000,0.000121194000,0.000802291749952,-0.000802291749952,-0.000175324739427,NHB,-0.001,0.000,0.175324739426787,0.824675260573213
1652,40,H,NHB,0.182903957000,0.000249010000,0.001361424892519,-0.001361424892519,-0.000326545992639,NHB,-0.001,0.000,0.326545992638831,0.673454007361169
1653,40,H,NHB,0.182903957000,0.000252990000,0.001383184946622,-0.001383184946622,-0.000427556918038,NHB,-0.001,0.000,0.427556918038473,0.572443081961527
1654,40,H,NHB,0.182903957000,0.000009464000,0.000051743003023,-0.000051743003023,-0.000038787325383,NHB,-0.001,0.000,0.038787325382546,0.961212674617454
1655,40,H,NHB,0.182903957000,0.000249898000,0.001366279899565,-0.001366279899565,-0.000343069529711,NHB,-0.001,0.000,0.343069529711432,0.656930470288568
1656,40,H,NHB,0.182903957000,0.000138563000,0.000757572456456,-0.000757572456456,-0.000174408459490,NHB,-0.001,0.000,0.174408459489801,0.825591540510199
1657,40,H,NHB,0.182903957000,0.000010055000,0.000054974207037,-0.000054974207037,-0.000034563616946,NHB,-0.001,0.000,0.034563616945969,0.965436383054031
1658,40,H,NHB,0.182903957000,0.000253273000,0.001384732206750,-0.001384732206750,-0.000346667976269,NHB,-0.001,0.000,0.346667976269126,0.653332023730874
1659,40,H,NHB,0.182903957000,0.000143701000,0.000785663702180,-0.000785663702180,-0.000164355822280,NHB,-0.001,0.000,0.164355822279576,0.835644177720424
1660,40,H,NHB,0.176514367000,0.000242320000,0.001372806101387,-0.001372806101387,-0.000341823535485,NHB,-0.001,0.000,0.341823535485005,0.658176464514995
1661,40,H,NHB,0.176514367000,0.000006630000,0.000037560681959,-0.000037560681959,-0.000028317652544,NHB,-0.001,0.000,0.028317652543638,0.971682347456362
1662,40,H,NHB,0.176514367000,0.000006189000,0.000035062301756,-0.000035062301756,-0.000049615920398,NHB,-0.001,0.000,0.049615920398181,0.950384079601819
1663,40,H,NHB,0.176514367000,0.000183587000,0.001040068313533,-0.001040068313533,-0.000207131751504,NHB,-0.001,0.000,0.207131751503524,0.792868248496476
1664,40,H,NHB,0.176514367000,0.000244085000,0.001382805287459,-0.001382805287459,-0.000400356588263,NHB,-0.001,0.000,0.400356588262747,0.599643411737253
1665,40,H,NHB,0.176514367000,0.000052112000,0.000295228093246,-0.000295228093246,-0.000093750039786,NHB,-0.001,0.000,0.093750039786182,0.906249960213818
1666,40,H,NHB,0.176514367000,0.000182667000,0.001034856273201,-0.001034856273201,-0.000227521453686,NHB,-0.001,0.000,0.227521453686252,0.772478546313748
1667,40,H,NHB,0.176514367000,0.000245365000,0.001390056821834,-0.001390056821834,-0.000402499875088,NHB,-0.001,0.000,0.402499875088350,0.597500124911650
1668,40,H,NHB,0.176514367000,0.000048867000,0.000276844320553,-0.000276844320553,-0.000122508501699,NHB,-0.001,0.000,0.122508501698584,0.877491498301416
1669,40,H,NHB,0.178345189000,0.000246394000,0.001381556751722,-0.001381556751722,-0.000355812172639,NHB,-0.001,0.000,0.355812172639171,0.644187827360829
1670,40,H,NHB,0.178345189000,0.000246305000,0.001381057719477,-0.001381057719477,-0.000368589927295,NHB,-0.001,0.000,0.368589927294563,0.631410072705437
1671,40,H,NHB,0.178345189000,0.000181500000,0.001017689352977,-0.001017689352977,-0.000220330879901,NHB,-0.001,0.000,0.220330879901364,0.779669120098636
1672,40,H,NHB,0.178345189000,0.000029061000,0.000162948045658,-0.000162948045658,-0.000070548058181,NHB,-0.001,0.000,0.070548058180639,0.929451941819361
1673,40,H,NHB,0.178345189000,0.000230432000,0.001292056159698,-0.001292056159698,-0.000271966239132,NHB,-0.001,0.000,0.271966239132304,0.728033760867696
1674,40,H,NHB,0.178345189000,0.000184589000,0.001035009696841,-0.001035009696841,-0.000224426221296,NHB,-0.001,0.000,0.224426221296022,0.775573778703978
1675,40,H,NHB,0.178345189000,0.000031254000,0.000175244424452,-0.000175244424452,-0.000075608008871,NHB,-0.001,0.000,0.075608008871305,0.924391991128695
1676,40,H,NHB,0.178345189000,0.000230413000,0.001291949624725,-0.001291949624725,-0.000267859617654,NHB,-0.001,0.000,0.267859617653909,0.732140382346091
1677,41,H,NHB,0.070423299000,0.000102484000,0.001455257016573,-0.001455257016573,-0.000426271860207,NHB,-0.001,0.000,0.426271860206653,0.573728139793347
1678,41,H,NHB,0.070423299000,0.000000497000,0.000007057323458,-0.000007057323458,-0.000206621114421,NHB,-0.001,0.000,0.206621114420502,0.793378885579498
1679,41,H,NHB,0.070423299000,0.000018864000,0.000267865894780,-0.000267865894780,-0.000156272765042,NHB,-0.001,0.000,0.156272765041860,0.843727234958140
1680,41,H,NHB,0.180161591000,0.000054582000,0.000302961356508,-0.000302961356508,-0.000185329010655,NHB,-0.001,0.000,0.185329010655278,0.814670989344722
1681,41,H,NHB,0.180161591000,0.000125374000,0.000695897495710,-0.000695897495710,-0.000223336936378,NHB,-0.001,0.000,0.223336936378119,0.776663063621881
1682,41,H,NHB,0.180161591000,0.000260852000,0.001447877977499,-0.001447877977499,-0.000460356535164,NHB,-0.001,0.000,0.460356535164378,0.539643464835622
1683,41,H,NHB,0.151059761000,0.000081937000,0.000542414468668,-0.000542414468668,-0.000198284785468,NHB,-0.001,0.000,0.198284785467964,0.801715214532036
1684,41,H,NHB,0.151059761000,0.000156284000,0.001034583922055,-0.001034583922055,-0.000290460551277,NHB,-0.001,0.000,0.290460551277279,0.709539448722721
1685,41,H,NHB,0.151059761000,0.000005596000,0.000037044941439,-0.000037044941439,-0.000094876943873,NHB,-0.001,0.000,0.094876943872861,0.905123056127139
1686,41,H,NHB,0.151059761000,0.000029342000,0.000194241006379,-0.000194241006379,-0.000221582884006,NHB,-0.001,0.000,0.221582884005978,0.778417115994022
1687,41,H,NHB,0.151059761000,0.000113546000,0.000751662780666,-0.000751662780666,-0.000262456968015,NHB,-0.001,0.000,0.262456968015147,0.737543031984853
1688,41,H,NHB,0.151059761000,0.000179549000,0.001188595816724,-0.001188595816724,-0.000315470469099,NHB,-0.001,0.000,0.315470469099192,0.684529530900808
1689,41,H,NHB,0.151059761000,0.000215575000,0.001427084212056,-0.001427084212056,-0.000404480593113,NHB,-0.001,0.000,0.404480593113146,0.595519406886854
1690,41,H,NHB,0.151059761000,0.000220674000,0.001460839064878,-0.001460839064878,-0.000410901096094,NHB,-0.001,0.000,0.410901096093803,0.589098903906197
1691,41,H,NHB,0.151059761000,0.000219079000,0.001450280329783,-0.001450280329783,-0.000492058448868,NHB,-0.001,0.000,0.492058448868350,0.507941551131650
1692,41,H,NHB,0.182903957000,0.000236227000,0.001291535753926,-0.001291535753926,-0.000353173123381,NHB,-0.001,0.000,0.353173123381168,0.646826876618832
1693,41,H,NHB,0.182903957000,0.000062439000,0.000341375883956,-0.000341375883956,-0.000177958345861,NHB,-0.001,0.000,0.177958345861160,0.822041654138840
1694,41,H,NHB,0.182903957000,0.000268395000,0.001467409477642,-0.001467409477642,-0.000449915619029,NHB,-0.001,0.000,0.449915619028990,0.550084380971010
1695,41,H,NHB,0.182903957000,0.000020370000,0.000111369925146,-0.000111369925146,-0.000130710569092,NHB,-0.001,0.000,0.130710569091921,0.869289430908079
1696,41,H,NHB,0.182903957000,0.000262683000,0.001436179972859,-0.001436179972859,-0.000389605456359,NHB,-0.001,0.000,0.389605456358665,0.610394543641335
1697,41,H,NHB,0.182903957000,0.000266519000,0.001457152728522,-0.001457152728522,-0.000484631505470,NHB,-0.001,0.000,0.484631505470397,0.515368494529603
1698,41,H,NHB,0.182903957000,0.000230371000,0.001259518950703,-0.001259518950703,-0.000322869457609,NHB,-0.001,0.000,0.322869457609368,0.677130542390632
1699,41,H,NHB,0.182903957000,0.000012938000,0.000070736577886,-0.000070736577886,-0.000126093163442,NHB,-0.001,0.000,0.126093163441635,0.873906836558365
1700,41,H,NHB,0.176514367000,0.000128418000,0.000727521516705,-0.000727521516705,-0.000224546793291,NHB,-0.001,0.000,0.224546793290648,0.775453206709352
1701,41,H,NHB,0.176514367000,0.000256658000,0.001454034616910,-0.001454034616910,-0.000404388699059,NHB,-0.001,0.000,0.404388699058570,0.595611300941430
1702,41,H,NHB,0.176514367000,0.000056754000,0.000321526235879,-0.000321526235879,-0.000214479801057,NHB,-0.001,0.000,0.214479801057022,0.785520198942978
1703,41,H,NHB,0.176514367000,0.000245586000,0.001391308844566,-0.001391308844566,-0.000364511913689,NHB,-0.001,0.000,0.364511913688987,0.635488086311013
1704,41,H,NHB,0.176514367000,0.000036439000,0.000206436453980,-0.000206436453980,-0.000131335079622,NHB,-0.001,0.000,0.131335079622241,0.868664920377759
1705,41,H,NHB,0.176514367000,0.000203746000,0.001154274314679,-0.001154274314679,-0.000323526061015,NHB,-0.001,0.000,0.323526061014825,0.676473938985175
1706,41,H,NHB,0.176514367000,0.000238516000,0.001351255447666,-0.001351255447666,-0.000344170719996,NHB,-0.001,0.000,0.344170719995714,0.655829280004286
1707,41,H,NHB,0.176514367000,0.000253606000,0.001436744239635,-0.001436744239635,-0.000512204013110,NHB,-0.001,0.000,0.512204013110452,0.487795986889548
1708,41,H,NHB,0.178345189000,0.000221944000,0.001244463062023,-0.001244463062023,-0.000332543118298,NHB,-0.001,0.000,0.332543118298153,0.667456881701847
1709,41,H,NHB,0.178345189000,0.000152899000,0.000857320575101,-0.000857320575101,-0.000246262161909,NHB,-0.001,0.000,0.246262161908933,0.753737838091067
1710,41,H,NHB,0.178345189000,0.000259191000,0.001453310859986,-0.001453310859986,-0.000461063893527,NHB,-0.001,0.000,0.461063893527425,0.538936106472575
1711,41,H,NHB,0.178345189000,0.000249183000,0.001397194964424,-0.001397194964424,-0.000379170218379,NHB,-0.001,0.000,0.379170218378693,0.620829781621307
1712,41,H,NHB,0.178345189000,0.000125206000,0.000702043047542,-0.000702043047542,-0.000239159741857,NHB,-0.001,0.000,0.239159741857124,0.760840258142876
1713,41,H,NHB,0.178345189000,0.000263146000,0.001475486955805,-0.001475486955805,-0.000481385333621,NHB,-0.001,0.000,0.481385333620803,0.518614666379197
1714,41,H,NHB,0.178345189000,0.000118418000,0.000663982026451,-0.000663982026451,-0.000228620377539,NHB,-0.001,0.000,0.228620377539013,0.771379622460987
1715,41,H,NHB,0.178345189000,0.000091322000,0.000512051939904,-0.000512051939904,-0.000216703011480,NHB,-0.001,0.000,0.216703011480452,0.783296988519548
1716,42,H,NHB,0.070423299000,0.000152859000,0.002170574258386,-0.002170574258386,-0.000770479613556,NHB,-0.001,0.000,0.770479613556384,0.229520386443616
1717,42,H,NHB,0.180161591000,0.000289832000,0.001608733572962,-0.001608733572962,-0.000580059238214,NHB,-0.001,0.000,0.580059238214127,0.419940761785873
1718,42,H,NHB,0.180161591000,0.000330324000,0.001833487360799,-0.001833487360799,-0.000588752757084,NHB,-0.001,0.000,0.588752757083682,0.411247242916318
1719,42,H,NHB,0.180161591000,0.000109227000,0.000606272399093,-0.000606272399093,-0.000443944154046,NHB,-0.001,0.000,0.443944154046132,0.556055845953868
1720,42,H,NHB,0.151059761000,0.000001534000,0.000010154921402,-0.000010154921402,-0.000257058845207,NHB,-0.001,0.000,0.257058845207190,0.742941154792810
1721,42,H,NHB,0.151059761000,0.000315881000,0.002091099561583,-0.002091099561583,-0.000787696261238,NHB,-0.001,0.000,0.787696261237833,0.212303738762167
1722,42,H,NHB,0.151059761000,0.000281057000,0.001860568281979,-0.001860568281979,-0.000739864511901,NHB,-0.001,0.000,0.739864511901138,0.260135488098862
1723,42,H,NHB,0.151059761000,0.000324799000,0.002150135799566,-0.002150135799566,-0.000794867802910,NHB,-0.001,0.000,0.794867802909918,0.205132197090082
1724,42,H,NHB,0.151059761000,0.000340584000,0.002254630867581,-0.002254630867581,-0.000714208999759,NHB,-0.001,0.000,0.714208999759061,0.285791000240939
1725,42,H,NHB,0.151059761000,0.000030684000,0.000203124907632,-0.000203124907632,-0.000332908449928,NHB,-0.001,0.000,0.332908449927517,0.667091550072483
1726,42,H,NHB,0.151059761000,0.000042108000,0.000278750606523,-0.000278750606523,-0.000363773083670,NHB,-0.001,0.000,0.363773083669583,0.636226916330417
1727,42,H,NHB,0.182903957000,0.000379219000,0.002073323104759,-0.002073323104759,-0.000689369323664,NHB,-0.001,0.000,0.689369323663775,0.310630676336225
1728,42,H,NHB,0.182903957000,0.000374194000,0.002045849669616,-0.002045849669616,-0.000693127769178,NHB,-0.001,0.000,0.693127769178012,0.306872230821988
1729,42,H,NHB,0.182903957000,0.000011171000,0.000061075769946,-0.000061075769946,-0.000302280590558,NHB,-0.001,0.000,0.302280590557810,0.697719409442190
1730,42,H,NHB,0.182903957000,0.000050219000,0.000274564863569,-0.000274564863569,-0.000351362300055,NHB,-0.001,0.000,0.351362300054517,0.648637699945483
1731,42,H,NHB,0.182903957000,0.000314393000,0.001718896655691,-0.001718896655691,-0.000620979570270,NHB,-0.001,0.000,0.620979570269671,0.379020429730329
1732,42,H,NHB,0.182903957000,0.000356522000,0.001949230655518,-0.001949230655518,-0.000636184426779,NHB,-0.001,0.000,0.636184426778763,0.363815573221237
1733,42,H,NHB,0.182903957000,0.000303541000,0.001659564970483,-0.001659564970483,-0.000562010202061,NHB,-0.001,0.000,0.562010202060673,0.437989797939327
1734,42,H,NHB,0.176514367000,0.000069089000,0.000391407233157,-0.000391407233157,-0.000410228924572,NHB,-0.001,0.000,0.410228924571506,0.589771075428494
1735,42,H,NHB,0.176514367000,0.000152177000,0.000862122458281,-0.000862122458281,-0.000431236689218,NHB,-0.001,0.000,0.431236689217827,0.568763310782173
1736,42,H,NHB,0.176514367000,0.000020390000,0.000115514676491,-0.000115514676491,-0.000342663376574,NHB,-0.001,0.000,0.342663376573636,0.657336623426364
1737,42,H,NHB,0.176514367000,0.000370527000,0.002099132247972,-0.002099132247972,-0.000739525951978,NHB,-0.001,0.000,0.739525951978058,0.260474048021942
1738,42,H,NHB,0.176514367000,0.000366074000,0.002073904839712,-0.002073904839712,-0.000757457143440,NHB,-0.001,0.000,0.757457143440315,0.242542856559685
1739,42,H,NHB,0.176514367000,0.000358385000,0.002030344646110,-0.002030344646110,-0.000603867590205,NHB,-0.001,0.000,0.603867590205446,0.396132409794554
1740,42,H,NHB,0.176514367000,0.000173535000,0.000983121107643,-0.000983121107643,-0.000465900856308,NHB,-0.001,0.000,0.465900856308485,0.534099143691515
1741,42,H,NHB,0.176514367000,0.000220299000,0.001248051383829,-0.001248051383829,-0.000483905555774,NHB,-0.001,0.000,0.483905555773558,0.516094444226442
1742,42,H,NHB,0.178345189000,0.000375111000,0.002103286340962,-0.002103286340962,-0.000795206694207,NHB,-0.001,0.000,0.795206694206879,0.204793305793121
1743,42,H,NHB,0.178345189000,0.000285347000,0.001599970268892,-0.001599970268892,-0.000547580235092,NHB,-0.001,0.000,0.547580235091968,0.452419764908032
1744,42,H,NHB,0.178345189000,0.000064539000,0.000361876876869,-0.000361876876869,-0.000442972621192,NHB,-0.001,0.000,0.442972621192215,0.557027378807785
1745,42,H,NHB,0.178345189000,0.000149302000,0.000837151822469,-0.000837151822469,-0.000452255768357,NHB,-0.001,0.000,0.452255768357224,0.547744231642776
1746,42,H,NHB,0.178345189000,0.000368955000,0.002068769009519,-0.002068769009519,-0.000727655507830,NHB,-0.001,0.000,0.727655507830436,0.272344492169564
1747,42,H,NHB,0.178345189000,0.000389184000,0.002182195113769,-0.002182195113769,-0.000714782978655,NHB,-0.001,0.000,0.714782978655225,0.285217021344775
1748,43,H,NHB,0.070423299000,0.000027346000,0.000388308988478,-0.000388308988478,0.000287427537926,NHB,0.000,0.001,0.712572462074332,0.287427537925668
1749,43,H,NHB,0.070423299000,0.000057524000,0.000816831940804,-0.000816831940804,0.000000354750913,NHB,0.000,0.001,0.999645249086727,0.000354750913273
1750,43,H,NHB,0.180161591000,0.000189978000,0.001054486691339,-0.001054486691339,0.000206708330139,NHB,0.000,0.001,0.793291669860759,0.206708330139241
1751,43,H,NHB,0.180161591000,0.000205193000,0.001138938654244,-0.001138938654244,-0.000040445877770,NHB,-0.001,0.000,0.040445877770062,0.959554122229938
1752,43,H,NHB,0.151059761000,0.000148811000,0.000985113434676,-0.000985113434676,-0.000029778310860,NHB,-0.001,0.000,0.029778310859820,0.970221689140180
1753,43,H,NHB,0.151059761000,0.000039720000,0.000262942293415,-0.000262942293415,0.000068552728994,NHB,0.000,0.001,0.931447271005838,0.068552728994162
1754,43,H,NHB,0.151059761000,0.000167794000,0.001110778932055,-0.001110778932055,-0.000062699879821,NHB,-0.001,0.000,0.062699879820756,0.937300120179244
1755,43,H,NHB,0.151059761000,0.000058408000,0.000386654921293,-0.000386654921293,0.000061519044315,NHB,0.000,0.001,0.938480955685319,0.061519044314681
1756,43,H,NHB,0.151059761000,0.000009542000,0.000063167053468,-0.000063167053468,-0.000017756705100,NHB,-0.001,0.000,0.017756705099845,0.982243294900155
1757,43,H,NHB,0.151059761000,0.000150364000,0.000995394134114,-0.000995394134114,0.000330294624943,NHB,0.000,0.001,0.669705375056667,0.330294624943333
1758,43,H,NHB,0.151059761000,0.000145583000,0.000963744408413,-0.000963744408413,0.000203438049796,NHB,0.000,0.001,0.796561950203974,0.203438049796026
1759,43,H,NHB,0.182903957000,0.000042886000,0.000234472783987,-0.000234472783987,0.000017842631267,NHB,0.000,0.001,0.982157368732741,0.017842631267259
1760,43,H,NHB,0.182903957000,0.000115871000,0.000633507343966,-0.000633507343966,0.000407117230367,NHB,0.000,0.001,0.592882769633488,0.407117230366512
1761,43,H,NHB,0.182903957000,0.000183996000,0.001005970581599,-0.001005970581599,0.000005727949077,NHB,0.000,0.001,0.994272050923448,0.005727949076552
1762,43,H,NHB,0.182903957000,0.000212206000,0.001160204532918,-0.001160204532918,0.000077049300926,NHB,0.000,0.001,0.922950699073690,0.077049300926310
1763,43,H,NHB,0.182903957000,0.000204620000,0.001118729213715,-0.001118729213715,-0.000011087829091,NHB,-0.001,0.000,0.011087829091181,0.988912170908819
1764,43,H,NHB,0.182903957000,0.000094539000,0.000516877827854,-0.000516877827854,0.000157169053869,NHB,0.000,0.001,0.842830946130658,0.157169053869342
1765,43,H,NHB,0.182903957000,0.000164823000,0.000901145074734,-0.000901145074734,-0.000028139614509,NHB,-0.001,0.000,0.028139614509097,0.971860385490903
1766,43,H,NHB,0.182903957000,0.000009324000,0.000050977573984,-0.000050977573984,0.000142791920038,NHB,0.000,0.001,0.857208079962190,0.142791920037810
1767,43,H,NHB,0.176514367000,0.000184511000,0.001045303014910,-0.001045303014910,0.000019203592241,NHB,0.000,0.001,0.980796407759361,0.019203592240639
1768,43,H,NHB,0.176514367000,0.000197756000,0.001120339399908,-0.001120339399908,-0.000088407133621,NHB,-0.001,0.000,0.088407133621068,0.911592866378932
1769,43,H,NHB,0.176514367000,0.000058673000,0.000332397872180,-0.000332397872180,0.000334368241940,NHB,0.000,0.001,0.665631758059828,0.334368241940172
1770,43,H,NHB,0.176514367000,0.000148740000,0.000842650955432,-0.000842650955432,-0.000042245273288,NHB,-0.001,0.000,0.042245273288463,0.957754726711537
1771,43,H,NHB,0.176514367000,0.000198112000,0.001122356232907,-0.001122356232907,0.000302443837902,NHB,0.000,0.001,0.697556162098281,0.302443837901719
1772,43,H,NHB,0.176514367000,0.000192194000,0.001088829216944,-0.001088829216944,0.000079101783633,NHB,0.000,0.001,0.920898216366608,0.079101783633392
1773,43,H,NHB,0.178345189000,0.000001378000,0.000007726589137,-0.000007726589137,0.000465547373087,NHB,0.000,0.001,0.534452626912536,0.465547373087464
1774,43,H,NHB,0.178345189000,0.000043300000,0.000242787597707,-0.000242787597707,-0.000050601724709,NHB,-0.001,0.000,0.050601724708963,0.949398275291037
1775,43,H,NHB,0.178345189000,0.000041742000,0.000234051729873,-0.000234051729873,0.000427165975576,NHB,0.000,0.001,0.572834024423710,0.427165975576290
1776,43,H,NHB,0.178345189000,0.000151554000,0.000849779020392,-0.000849779020392,0.000102474274138,NHB,0.000,0.001,0.897525725861691,0.102474274138309
1777,43,H,NHB,0.178345189000,0.000203592000,0.001141561491743,-0.001141561491743,-0.000074898335880,NHB,-0.001,0.000,0.074898335879863,0.925101664120137
1778,43,H,NHB,0.178345189000,0.000204464000,0.001146450886320,-0.001146450886320,0.000171798175366,NHB,0.000,0.001,0.828201824633533,0.171798175366467
1779,43,H,NHB,0.178345189000,0.000069351000,0.000388858260707,-0.000388858260707,0.000079785173296,NHB,0.000,0.001,0.920214826703687,0.079785173296313
1780,43,H,NHB,0.178345189000,0.000123222000,0.000690918553458,-0.000690918553458,0.000014649388255,NHB,0.000,0.001,0.985350611745495,0.014649388254505
1781,43,H,NHB,0.178345189000,0.000000000000,0.000000000000000,-0.000000000000000,0.000297112587855,NHB,0.000,0.001,0.702887412144809,0.297112587855191
1782,43,H,NHB,0.178345189000,0.000023635000,0.000132523900042,-0.000132523900042,0.000070156614721,NHB,0.000,0.001,0.929843385279186,0.070156614720814
1783,44,H,NHB,0.070423299000,0.000108445000,0.001539902298528,-0.001539902298528,-0.000530739167359,NHB,-0.001,0.000,0.530739167359027,0.469260832640973
1784,44,H,NHB,0.180161591000,0.000157219000,0.000872655481822,-0.000872655481822,-0.000176079231777,NHB,-0.001,0.000,0.176079231777121,0.823920768222879
1785,44,H,NHB,0.180161591000,0.000288490000,0.001601284704463,-0.001601284704463,-0.001433479295555,NHB,-0.002,-0.001,0.433479295554932,0.566520704445068
1786,44,H,NHB,0.180161591000,0.000045979000,0.000255209779980,-0.000255209779980,-0.000032746027312,NHB,-0.001,0.000,0.032746027311626,0.967253972688374
1787,44,H,NHB,0.180161591000,0.000161984000,0.000899103960511,-0.000899103960511,-0.000516460828081,NHB,-0.001,0.000,0.516460828080810,0.483539171919190
1788,44,H,NHB,0.151059761000,0.000235410000,0.001558389861348,-0.001558389861348,-0.000472764131638,NHB,-0.001,0.000,0.472764131637966,0.527235868362034
1789,44,H,NHB,0.151059761000,0.000238052000,0.001575879628196,-0.001575879628196,-0.000680561236488,NHB,-0.001,0.000,0.680561236487680,0.319438763512320
1790,44,H,NHB,0.151059761000,0.000230020000,0.001522708618611,-0.001522708618611,-0.000403067219860,NHB,-0.001,0.000,0.403067219860115,0.596932780139885
1791,44,H,NHB,0.151059761000,0.000235271000,0.001557469695719,-0.001557469695719,-0.000566026470334,NHB,-0.001,0.000,0.566026470334473,0.433973529665527
1792,44,H,NHB,0.151059761000,0.000002824000,0.000018694588031,-0.000018694588031,-0.000295675027425,NHB,-0.001,0.000,0.295675027425207,0.704324972574793
1793,44,H,NHB,0.151059761000,0.000014173000,0.000093823794677,-0.000093823794677,-0.000821469734254,NHB,-0.001,0.000,0.821469734254445,0.178530265745555
1794,44,H,NHB,0.182903957000,0.000055237000,0.000302000027260,-0.000302000027260,-0.001842472686130,NHB,-0.002,-0.001,0.842472686130287,0.157527313869713
1795,44,H,NHB,0.182903957000,0.000192097000,0.001050261586194,-0.001050261586194,-0.000167038333007,NHB,-0.001,0.000,0.167038333007240,0.832961666992760
1796,44,H,NHB,0.182903957000,0.000297989000,0.001629210241745,-0.001629210241745,-0.001329311497711,NHB,-0.002,-0.001,0.329311497711372,0.670688502288628
1797,44,H,NHB,0.182903957000,0.000152303000,0.000832693849264,-0.000832693849264,-0.000119091314813,NHB,-0.001,0.000,0.119091314812854,0.880908685187146
1798,44,H,NHB,0.182903957000,0.000290188000,0.001586559442232,-0.001586559442232,-0.000935426921651,NHB,-0.001,0.000,0.935426921650576,0.064573078349424
1799,44,H,NHB,0.182903957000,0.000265162000,0.001449733534196,-0.001449733534196,-0.000425640679490,NHB,-0.001,0.000,0.425640679490103,0.574359320509897
1800,44,H,NHB,0.182903957000,0.000279340000,0.001527249626426,-0.001527249626426,-0.000837721681589,NHB,-0.001,0.000,0.837721681589296,0.162278318410704
1801,44,H,NHB,0.182903957000,0.000151483000,0.000828210622037,-0.000828210622037,-0.000146169341926,NHB,-0.001,0.000,0.146169341926380,0.853830658073620
1802,44,H,NHB,0.182903957000,0.000195531000,0.001069036467046,-0.001069036467046,-0.000298209623067,NHB,-0.001,0.000,0.298209623066549,0.701790376933451
1803,44,H,NHB,0.176514367000,0.000274821000,0.001556932756641,-0.001556932756641,-0.000358249630888,NHB,-0.001,0.000,0.358249630887635,0.641750369112365
1804,44,H,NHB,0.176514367000,0.000274926000,0.001557527609070,-0.001557527609070,-0.000967630847790,NHB,-0.001,0.000,0.967630847789891,0.032369152210109
1805,44,H,NHB,0.176514367000,0.000240521000,0.001362614296433,-0.001362614296433,-0.000230107969737,NHB,-0.001,0.000,0.230107969737165,0.769892030262835
1806,44,H,NHB,0.176514367000,0.000275406000,0.001560246934461,-0.001560246934461,-0.000575878906790,NHB,-0.001,0.000,0.575878906790019,0.424121093209981
1807,44,H,NHB,0.176514367000,0.000068627000,0.000388789882469,-0.000388789882469,-0.000195902420769,NHB,-0.001,0.000,0.195902420769287,0.804097579230713
1808,44,H,NHB,0.176514367000,0.000182948000,0.001036448211606,-0.001036448211606,-0.001210930015598,NHB,-0.002,-0.001,0.210930015597661,0.789069984402339
1809,44,H,NHB,0.176514367000,0.000000001000,0.000000005665261,-0.000000005665261,0.000057707146954,NHB,0.000,0.001,0.942292853046473,0.057707146953527
1810,44,H,NHB,0.176514367000,0.000011157000,0.000063207319549,-0.000063207319549,-0.000188434436214,NHB,-0.001,0.000,0.188434436213870,0.811565563786130
1811,44,H,NHB,0.176514367000,0.000011902000,0.000067427939166,-0.000067427939166,0.000006058179787,NHB,0.000,0.001,0.993941820213222,0.006058179786778
1812,44,H,NHB,0.176514367000,0.000176521000,0.001000037577678,-0.001000037577678,-0.001850089747920,NHB,-0.002,-0.001,0.850089747920284,0.149910252079716
1813,44,H,NHB,0.176514367000,0.000076557000,0.000433715404027,-0.000433715404027,-0.000820721605425,NHB,-0.001,0.000,0.820721605424971,0.179278394575029
1814,44,H,NHB,0.178345189000,0.000264255000,0.001481705234000,-0.001481705234000,-0.000300886361718,NHB,-0.001,0.000,0.300886361718086,0.699113638281914
1815,44,H,NHB,0.178345189000,0.000284127000,0.001593129602167,-0.001593129602167,-0.000862497746303,NHB,-0.001,0.000,0.862497746303119,0.137502253696881
1816,44,H,NHB,0.178345189000,0.000018074000,0.000101342795403,-0.000101342795403,-0.000011712529772,NHB,-0.001,0.000,0.011712529772315,0.988287470227685
1817,44,H,NHB,0.178345189000,0.000202895000,0.001137653340343,-0.001137653340343,-0.001413987275475,NHB,-0.002,-0.001,0.413987275475413,0.586012724524587
1818,44,H,NHB,0.178345189000,0.000285128000,0.001598742313144,-0.001598742313144,-0.000599195198025,NHB,-0.001,0.000,0.599195198024526,0.400804801975474
1819,44,H,NHB,0.178345189000,0.000276060000,0.001547897095222,-0.001547897095222,-0.000361246028750,NHB,-0.001,0.000,0.361246028750044,0.638753971249956
1820,44,H,NHB,0.178345189000,0.000174906000,0.000980716110038,-0.000980716110038,-0.000578496865881,NHB,-0.001,0.000,0.578496865880870,0.421503134119130
1821,44,H,NHB,0.178345189000,0.000018133000,0.000101673614532,-0.000101673614532,-0.000059272683384,NHB,-0.001,0.000,0.059272683384423,0.940727316615577
1822,45,H,OT,0.070423299000,0.000084659000,0.001202144761778,-0.001202144761778,-0.002956897836515,OT,-0.003,-0.002,0.956897836514970,0.043102163485030
1823,45,H,OT,0.070423299000,0.000695264000,0.009872641723302,-0.009872641723302,-0.004114656258604,OT,-0.005,-0.004,0.114656258604219,0.885343741395781
1824,45,H,OT,0.180161591000,0.001630275000,0.009048959830733,-0.009048959830733,-0.003443425690157,OT,-0.004,-0.003,0.443425690156585,0.556574309843415
1825,45,H,OT,0.180161591000,0.001525759000,0.008468836179405,-0.008468836179405,-0.003218916990449,OT,-0.004,-0.003,0.218916990448769,0.781083009551231
1826,45,H,OT,0.151059761000,0.001542109000,0.010208602143889,-0.010208602143889,-0.004191145464109,OT,-0.005,-0.004,0.191145464108614,0.808854535891386
1827,45,H,OT,0.151059761000,0.001525543000,0.010098936936621,-0.010098936936621,-0.004294128944405,OT,-0.005,-0.004,0.294128944404813,0.705871055595187
1828,45,H,OT,0.151059761000,0.001333132000,0.008825196009677,-0.008825196009677,-0.003566269081449,OT,-0.004,-0.003,0.566269081448758,0.433730918551242
1829,45,H,OT,0.151059761000,0.001303214000,0.008627141942850,-0.008627141942850,-0.003766943134573,OT,-0.004,-0.003,0.766943134573472,0.233056865426528
1830,45,H,OT,0.151059761000,0.000729653000,0.004830227422378,-0.004830227422378,-0.003417763509973,OT,-0.004,-0.003,0.417763509973491,0.582236490026509
1831,45,H,OT,0.151059761000,0.000680583000,0.004505389095644,-0.004505389095644,-0.003201036286550,OT,-0.004,-0.003,0.201036286549763,0.798963713450237
1832,45,H,OT,0.182903957000,0.000561488000,0.003069851572429,-0.003069851572429,-0.002654145825073,OT,-0.003,-0.002,0.654145825073358,0.345854174926642
1833,45,H,OT,0.182903957000,0.001457315000,0.007967651569178,-0.007967651569178,-0.002986962371244,OT,-0.003,-0.002,0.986962371243836,0.013037628756164
1834,45,H,OT,0.182903957000,0.001315373000,0.007191604936136,-0.007191604936136,-0.003050257657386,OT,-0.004,-0.003,0.050257657386381,0.949742342613619
1835,45,H,OT,0.182903957000,0.000453617000,0.002480083030680,-0.002480083030680,-0.002442409261807,OT,-0.003,-0.002,0.442409261807143,0.557590738192857
1836,45,H,OT,0.182903957000,0.000442651000,0.002420128067541,-0.002420128067541,-0.002578367460869,OT,-0.003,-0.002,0.578367460869193,0.421632539130807
1837,45,H,OT,0.182903957000,0.001816444000,0.009931135606869,-0.009931135606869,-0.004286965776892,OT,-0.005,-0.004,0.286965776891984,0.713034223108016
1838,45,H,OT,0.182903957000,0.001844000000,0.010081793911107,-0.010081793911107,-0.004119942539012,OT,-0.005,-0.004,0.119942539011588,0.880057460988412
1839,45,H,OT,0.182903957000,0.000007027000,0.000038419070398,-0.000038419070398,-0.002147058208806,OT,-0.003,-0.002,0.147058208805735,0.852941791194265
1840,45,H,OT,0.182903957000,0.000002753000,0.000015051615313,-0.000015051615313,-0.002295520837460,OT,-0.003,-0.002,0.295520837459997,0.704479162540003
1841,45,H,OT,0.176514367000,0.001761180000,0.009977544774018,-0.009977544774018,-0.003974402977835,OT,-0.004,-0.003,0.974402977835402,0.025597022164598
1842,45,H,OT,0.176514367000,0.001766509000,0.010007734951116,-0.010007734951116,-0.003961794613074,OT,-0.004,-0.003,0.961794613074181,0.038205386925819
1843,45,H,OT,0.176514367000,0.000750953000,0.004254344916864,-0.004254344916864,-0.002699965311879,OT,-0.003,-0.002,0.699965311879029,0.300034688120971
1844,45,H,OT,0.176514367000,0.000647590000,0.003668766520291,-0.003668766520291,-0.002987241536891,OT,-0.003,-0.002,0.987241536891134,0.012758463108866
1845,45,H,OT,0.176514367000,0.001467396000,0.008313181668663,-0.008313181668663,-0.003619612991969,OT,-0.004,-0.003,0.619612991969061,0.380387008030939
1846,45,H,OT,0.176514367000,0.001344088000,0.007614609636846,-0.007614609636846,-0.003268675117555,OT,-0.004,-0.003,0.268675117555404,0.731324882444596
1847,45,H,OT,0.176514367000,0.000622348000,0.003525763996310,-0.003525763996310,-0.002537912681288,OT,-0.003,-0.002,0.537912681288328,0.462087318711672
1848,45,H,OT,0.178345189000,0.000119979000,0.000672734715597,-0.000672734715597,-0.002645706915200,OT,-0.003,-0.002,0.645706915200430,0.354293084799570
1849,45,H,OT,0.178345189000,0.000048490000,0.000271888466809,-0.000271888466809,-0.002390654353860,OT,-0.003,-0.002,0.390654353860454,0.609345646139546
1850,45,H,OT,0.178345189000,0.001647405000,0.009237170956151,-0.009237170956151,-0.003293259102267,OT,-0.004,-0.003,0.293259102266942,0.706740897733058
1851,45,H,OT,0.178345189000,0.001561697000,0.008756597297391,-0.008756597297391,-0.003573627902785,OT,-0.004,-0.003,0.573627902784871,0.426372097215129
1852,45,H,OT,0.178345189000,0.001821914000,0.010215661045951,-0.010215661045951,-0.004503846083747,OT,-0.005,-0.004,0.503846083747326,0.496153916252674
1853,45,H,OT,0.178345189000,0.000740248000,0.004150647427893,-0.004150647427893,-0.003041841458417,OT,-0.004,-0.003,0.041841458417468,0.958158541582532
1854,45,H,OT,0.178345189000,0.001647264000,0.009236380354505,-0.009236380354505,-0.004000529120357,OT,-0.005,-0.004,0.000529120356653,0.999470879643347
1855,46,H,NHB,0.070423299000,0.000086675000,0.001230771651297,-0.001230771651297,-0.000235979537927,NHB,-0.001,0.000,0.235979537926903,0.764020462073097
1856,46,H,NHB,0.070423299000,0.000002196000,0.000031182861797,-0.000031182861797,-0.000063671224584,NHB,-0.001,0.000,0.063671224584461,0.936328775415539
1857,46,H,NHB,0.180161591000,0.000309460000,0.001717680212982,-0.001717680212982,-0.000261690167933,NHB,-0.001,0.000,0.261690167933322,0.738309832066678
1858,46,H,NHB,0.180161591000,0.000196037000,0.001088117611040,-0.001088117611040,0.000023378007713,NHB,0.000,0.001,0.976621992286967,0.023378007713033
1859,46,H,NHB,0.151059761000,0.000005463000,0.000036164495189,-0.000036164495189,-0.000082724810524,NHB,-0.001,0.000,0.082724810524350,0.917275189475650
1860,46,H,NHB,0.151059761000,0.000126952000,0.000840409114642,-0.000840409114642,-0.000166869115942,NHB,-0.001,0.000,0.166869115941675,0.833130884058325
1861,46,H,NHB,0.151059761000,0.000001565000,0.000010360138197,-0.000010360138197,-0.000072228256274,NHB,-0.001,0.000,0.072228256274356,0.927771743725644
1862,46,H,NHB,0.151059761000,0.000259123000,0.001715367469700,-0.001715367469700,-0.000322390580847,NHB,-0.001,0.000,0.322390580846920,0.677609419153080
1863,46,H,NHB,0.151059761000,0.000123553000,0.000817908086059,-0.000817908086059,-0.000186906865981,NHB,-0.001,0.000,0.186906865981175,0.813093134018825
1864,46,H,NHB,0.151059761000,0.000210840000,0.001395739001600,-0.001395739001600,-0.000241365675181,NHB,-0.001,0.000,0.241365675181445,0.758634324818555
1865,46,H,NHB,0.151059761000,0.000046046000,0.000304819759380,-0.000304819759380,-0.000104963011884,NHB,-0.001,0.000,0.104963011883905,0.895036988116095
1866,46,H,NHB,0.151059761000,0.000026613000,0.000176175308526,-0.000176175308526,0.000006580227217,NHB,0.000,0.001,0.993419772782958,0.006580227217042
1867,46,H,NHB,0.151059761000,0.000019122000,0.000126585663008,-0.000126585663008,0.000087711580621,NHB,0.000,0.001,0.912288419379310,0.087711580620690
1868,46,H,NHB,0.182903957000,0.000316541000,0.001730640524087,-0.001730640524087,-0.000202127012287,NHB,-0.001,0.000,0.202127012286906,0.797872987713094
1869,46,H,NHB,0.182903957000,0.000326993000,0.001787785269184,-0.001787785269184,-0.000096628021584,NHB,-0.001,0.000,0.096628021584348,0.903371978415652
1870,46,H,NHB,0.182903957000,0.000311234000,0.001701625296166,-0.001701625296166,-0.000157996017617,NHB,-0.001,0.000,0.157996017617088,0.842003982382912
1871,46,H,NHB,0.182903957000,0.000029756000,0.000162686474848,-0.000162686474848,0.000147112272815,NHB,0.000,0.001,0.852887727184977,0.147112272815023
1872,46,H,NHB,0.182903957000,0.000315067000,0.001722581649778,-0.001722581649778,-0.000313417316522,NHB,-0.001,0.000,0.313417316521514,0.686582683478486
1873,46,H,NHB,0.182903957000,0.000108619000,0.000593858119756,-0.000593858119756,-0.000190466962326,NHB,-0.001,0.000,0.190466962326217,0.809533037673783
1874,46,H,NHB,0.182903957000,0.000035909000,0.000196327081103,-0.000196327081103,0.000013684817221,NHB,0.000,0.001,0.986315182778758,0.013684817221242
1875,46,H,NHB,0.176514367000,0.000306014000,0.001733649250205,-0.001733649250205,-0.000250345663193,NHB,-0.001,0.000,0.250345663193021,0.749654336806979
1876,46,H,NHB,0.176514367000,0.000002214000,0.000012542888364,-0.000012542888364,0.000129883782197,NHB,0.000,0.001,0.870116217802905,0.129883782197095
1877,46,H,NHB,0.176514367000,0.000310783000,0.001760666881014,-0.001760666881014,-0.000342043846061,NHB,-0.001,0.000,0.342043846060858,0.657956153939142
1878,46,H,NHB,0.176514367000,0.000022209000,0.000125819786669,-0.000125819786669,-0.000129640015387,NHB,-0.001,0.000,0.129640015387448,0.870359984612552
1879,46,H,NHB,0.176514367000,0.000264868000,0.001500546411613,-0.001500546411613,-0.000147514104541,NHB,-0.001,0.000,0.147514104540651,0.852485895459349
1880,46,H,NHB,0.176514367000,0.000293447000,0.001662453912321,-0.001662453912321,-0.000103746301012,NHB,-0.001,0.000,0.103746301012109,0.896253698987891
1881,46,H,NHB,0.176514367000,0.000227077000,0.001286450524449,-0.001286450524449,0.000075204742545,NHB,0.000,0.001,0.924795257454813,0.075204742545187
1882,46,H,NHB,0.178345189000,0.000319027000,0.001788817527340,-0.001788817527340,-0.000276932769409,NHB,-0.001,0.000,0.276932769409131,0.723067230590869
1883,46,H,NHB,0.178345189000,0.000317450000,0.001779975124532,-0.001779975124532,-0.000022233841709,NHB,-0.001,0.000,0.022233841709436,0.977766158290564
1884,46,H,NHB,0.178345189000,0.000204714000,0.001147852662289,-0.001147852662289,-0.000161702848888,NHB,-0.001,0.000,0.161702848887817,0.838297151112183
1885,46,H,NHB,0.178345189000,0.000173230000,0.000971318603946,-0.000971318603946,-0.000207914828389,NHB,-0.001,0.000,0.207914828388603,0.792085171611397
1886,46,H,NHB,0.178345189000,0.000269696000,0.001512213486174,-0.001512213486174,-0.000280835099236,NHB,-0.001,0.000,0.280835099235654,0.719164900764346
1887,46,H,NHB,0.178345189000,0.000046770000,0.000262244248147,-0.000262244248147,-0.000071427723691,NHB,-0.001,0.000,0.071427723690835,0.928572276309165
1888,47,H,NHB,0.070423299000,0.000122551000,0.001740205326081,-0.001740205326081,-0.000475192024013,NHB,-0.001,0.000,0.475192024013104,0.524807975986896
1889,47,H,NHB,0.070423299000,0.000111342000,0.001581039252364,-0.001581039252364,-0.000479584460156,NHB,-0.001,0.000,0.479584460155528,0.520415539844472
1890,47,H,NHB,0.180161591000,0.000305660000,0.001696588036903,-0.001696588036903,-0.000421138771072,NHB,-0.001,0.000,0.421138771071993,0.578861228928007
1891,47,H,NHB,0.180161591000,0.000316750000,0.001758143887617,-0.001758143887617,-0.000622784125059,NHB,-0.001,0.000,0.622784125059455,0.377215874940545
1892,47,H,NHB,0.151059761000,0.000094944000,0.000628519463896,-0.000628519463896,-0.000319537133547,NHB,-0.001,0.000,0.319537133547071,0.680462866452929
1893,47,H,NHB,0.151059761000,0.000142169000,0.000941144081381,-0.000941144081381,-0.000422735533132,NHB,-0.001,0.000,0.422735533131633,0.577264466868368
1894,47,H,NHB,0.151059761000,0.000271641000,0.001798235335484,-0.001798235335484,-0.000510307256023,NHB,-0.001,0.000,0.510307256023476,0.489692743976524
1895,47,H,NHB,0.151059761000,0.000288784000,0.001911720223098,-0.001911720223098,-0.000587486447297,NHB,-0.001,0.000,0.587486447296537,0.412513552703463
1896,47,H,NHB,0.151059761000,0.000276271000,0.001828885456796,-0.001828885456796,-0.000517004867757,NHB,-0.001,0.000,0.517004867756690,0.482995132243310
1897,47,H,NHB,0.151059761000,0.000301606000,0.001996600537452,-0.001996600537452,-0.000570756770799,NHB,-0.001,0.000,0.570756770799423,0.429243229200577
1898,47,H,NHB,0.151059761000,0.000138934000,0.000919728715842,-0.000919728715842,-0.000325669502278,NHB,-0.001,0.000,0.325669502277948,0.674330497722052
1899,47,H,NHB,0.151059761000,0.000191007000,0.001264446592101,-0.001264446592101,-0.000397071118335,NHB,-0.001,0.000,0.397071118335130,0.602928881664870
1900,47,H,NHB,0.182903957000,0.000153894000,0.000841392403555,-0.000841392403555,-0.000298802839523,NHB,-0.001,0.000,0.298802839522724,0.701197160477276
1901,47,H,NHB,0.182903957000,0.000160174000,0.000875727363296,-0.000875727363296,-0.000539397743941,NHB,-0.001,0.000,0.539397743940909,0.460602256059091
1902,47,H,NHB,0.182903957000,0.000124204000,0.000679066773826,-0.000679066773826,-0.000273086135658,NHB,-0.001,0.000,0.273086135657600,0.726913864342400
1903,47,H,NHB,0.182903957000,0.000357097000,0.001952374381928,-0.001952374381928,-0.000614228400196,NHB,-0.001,0.000,0.614228400195866,0.385771599804134
1904,47,H,NHB,0.182903957000,0.000350059000,0.001913895170677,-0.001913895170677,-0.000664190225847,NHB,-0.001,0.000,0.664190225846659,0.335809774153341
1905,47,H,NHB,0.176514367000,0.000015016000,0.000085069562638,-0.000085069562638,-0.000317621945554,NHB,-0.001,0.000,0.317621945553529,0.682378054446471
1906,47,H,NHB,0.176514367000,0.000318840000,0.001806311890748,-0.001806311890748,-0.000498306979280,NHB,-0.001,0.000,0.498306979280416,0.501693020719584
1907,47,H,NHB,0.176514367000,0.000336131000,0.001904269922686,-0.001904269922686,-0.000642318167831,NHB,-0.001,0.000,0.642318167831163,0.357681832168837
1908,47,H,NHB,0.176514367000,0.000330249000,0.001870946856128,-0.001870946856128,-0.000504065111543,NHB,-0.001,0.000,0.504065111542771,0.495934888457229
1909,47,H,NHB,0.176514367000,0.000359023000,0.002033959082775,-0.002033959082775,-0.000614256947115,NHB,-0.001,0.000,0.614256947115474,0.385743052884526
1910,47,H,NHB,0.176514367000,0.000000968000,0.000005483972871,-0.000005483972871,-0.000121098625992,NHB,-0.001,0.000,0.121098625992468,0.878901374007532
1911,47,H,NHB,0.176514367000,0.000044427000,0.000251690560690,-0.000251690560690,-0.000281182097813,NHB,-0.001,0.000,0.281182097813443,0.718817902186557
1912,47,H,NHB,0.176514367000,0.000053309000,0.000302009410939,-0.000302009410939,-0.000226028803170,NHB,-0.001,0.000,0.226028803169950,0.773971196830050
1913,47,H,NHB,0.178345189000,0.000170825000,0.000957833519131,-0.000957833519131,-0.000322867701299,NHB,-0.001,0.000,0.322867701298531,0.677132298701469
1914,47,H,NHB,0.178345189000,0.000325269000,0.001823817069716,-0.001823817069716,-0.000488922968890,NHB,-0.001,0.000,0.488922968890006,0.511077031109994
1915,47,H,NHB,0.178345189000,0.000127450000,0.000714625388633,-0.000714625388633,-0.000298943968715,NHB,-0.001,0.000,0.298943968714541,0.701056031285459
1916,47,H,NHB,0.178345189000,0.000262820000,0.001473659039942,-0.001473659039942,-0.000556362586765,NHB,-0.001,0.000,0.556362586765410,0.443637413234590
1917,47,H,NHB,0.178345189000,0.000000133000,0.000000745744815,-0.000000745744815,-0.000169045221860,NHB,-0.001,0.000,0.169045221859980,0.830954778140020
1918,47,H,NHB,0.178345189000,0.000345601000,0.001937820705665,-0.001937820705665,-0.000636897441541,NHB,-0.001,0.000,0.636897441540975,0.363102558459025
1919,47,H,NHB,0.178345189000,0.000341099000,0.001912577524028,-0.001912577524028,-0.000639873720139,NHB,-0.001,0.000,0.639873720139095,0.360126279860905
1920,47,H,NHB,0.178345189000,0.000007672000,0.000043017700915,-0.000043017700915,-0.000165537847230,NHB,-0.001,0.000,0.165537847230343,0.834462152769657
1921,48,H,NHB,0.070423299000,0.000143310000,0.002034979929015,-0.002034979929015,-0.000580360496626,NHB,-0.001,0.000,0.580360496625661,0.419639503374339
1922,48,H,NHB,0.180161591000,0.000008634000,0.000047923644280,-0.000047923644280,-0.000419371604842,NHB,-0.001,0.000,0.419371604841771,0.580628395158229
1923,48,H,NHB,0.180161591000,0.000374732000,0.002079977191143,-0.002079977191143,-0.000337358447316,NHB,-0.001,0.000,0.337358447315669,0.662641552684331
1924,48,H,NHB,0.180161591000,0.000296163000,0.001643874248424,-0.001643874248424,-0.000207177594662,NHB,-0.001,0.000,0.207177594661503,0.792822405338497
1925,48,H,NHB,0.151059761000,0.000254768000,0.001686537819956,-0.001686537819956,-0.000168348355458,NHB,-0.001,0.000,0.168348355457823,0.831651644542177
1926,48,H,NHB,0.151059761000,0.000064234000,0.000425222438952,-0.000425222438952,-0.000158800919872,NHB,-0.001,0.000,0.158800919872245,0.841199080127755
1927,48,H,NHB,0.151059761000,0.000293721000,0.001944402652669,-0.001944402652669,-0.000550448644162,NHB,-0.001,0.000,0.550448644162137,0.449551355837863
1928,48,H,NHB,0.151059761000,0.000253350000,0.001677150806561,-0.001677150806561,-0.000506156743339,NHB,-0.001,0.000,0.506156743338702,0.493843256661298
1929,48,H,NHB,0.151059761000,0.000310233000,0.002053710385521,-0.002053710385521,-0.000603662164825,NHB,-0.001,0.000,0.603662164825169,0.396337835174831
1930,48,H,NHB,0.151059761000,0.000311376000,0.002061276927348,-0.002061276927348,-0.000558919889726,NHB,-0.001,0.000,0.558919889725839,0.441080110274161
1931,48,H,NHB,0.151059761000,0.000058368000,0.000386390125429,-0.000386390125429,-0.000259901151164,NHB,-0.001,0.000,0.259901151164418,0.740098848835582
1932,48,H,NHB,0.182903957000,0.000268092000,0.001465752870508,-0.001465752870508,-0.000477779285439,NHB,-0.001,0.000,0.477779285439309,0.522220714560691
1933,48,H,NHB,0.182903957000,0.000008119000,0.000044389416900,-0.000044389416900,-0.000313885428749,NHB,-0.001,0.000,0.313885428748594,0.686114571251406
1934,48,H,NHB,0.182903957000,0.000376250000,0.002057090541786,-0.002057090541786,-0.000454583066334,NHB,-0.001,0.000,0.454583066334281,0.545416933665719
1935,48,H,NHB,0.182903957000,0.000176379000,0.000964325774538,-0.000964325774538,-0.000296265419512,NHB,-0.001,0.000,0.296265419511571,0.703734580488429
1936,48,H,NHB,0.182903957000,0.000333276000,0.001822136630975,-0.001822136630975,-0.000119654998890,NHB,-0.001,0.000,0.119654998890256,0.880345001109744
1937,48,H,NHB,0.182903957000,0.000048030000,0.000262596833813,-0.000262596833813,0.000018641274382,NHB,0.000,0.001,0.981358725617584,0.018641274382416
1938,48,H,NHB,0.182903957000,0.000000948000,0.000005183048063,-0.000005183048063,-0.000366829045664,NHB,-0.001,0.000,0.366829045664459,0.633170954335541
1939,48,H,NHB,0.182903957000,0.000380044000,0.002077833668738,-0.002077833668738,-0.000412067193075,NHB,-0.001,0.000,0.412067193074920,0.587932806925080
1940,48,H,NHB,0.182903957000,0.000374099000,0.002045330271340,-0.002045330271340,-0.000361832022566,NHB,-0.001,0.000,0.361832022565756,0.638167977434244
1941,48,H,NHB,0.176514367000,0.000364918000,0.002067355797729,-0.002067355797729,-0.000225690651090,NHB,-0.001,0.000,0.225690651090041,0.774309348909959
1942,48,H,NHB,0.176514367000,0.000293609000,0.001663371684640,-0.001663371684640,-0.000159350552462,NHB,-0.001,0.000,0.159350552461592,0.840649447538408
1943,48,H,NHB,0.176514367000,0.000214052000,0.001212660496921,-0.001212660496921,-0.000478565484065,NHB,-0.001,0.000,0.478565484064928,0.521434515935072
1944,48,H,NHB,0.176514367000,0.000048369000,0.000274023020460,-0.000274023020460,-0.000381275552906,NHB,-0.001,0.000,0.381275552906219,0.618724447093781
1945,48,H,NHB,0.176514367000,0.000369832000,0.002095194891416,-0.002095194891416,-0.000531464917441,NHB,-0.001,0.000,0.531464917441193,0.468535082558807
1946,48,H,NHB,0.176514367000,0.000367098000,0.002079706067212,-0.002079706067212,-0.000436439275682,NHB,-0.001,0.000,0.436439275682177,0.563560724317823
1947,48,H,NHB,0.176514367000,0.000009152000,0.000051848470782,-0.000051848470782,-0.000446247839985,NHB,-0.001,0.000,0.446247839985412,0.553752160014588
1948,48,H,NHB,0.176514367000,0.000331160000,0.001876107909109,-0.001876107909109,-0.000259713644971,NHB,-0.001,0.000,0.259713644970581,0.740286355029419
1949,48,H,NHB,0.176514367000,0.000025504000,0.000144486822424,-0.000144486822424,-0.000055162451747,NHB,-0.001,0.000,0.055162451747264,0.944837548252736
1950,48,H,NHB,0.178345189000,0.000371625000,0.002083739976860,-0.002083739976860,-0.000556837157842,NHB,-0.001,0.000,0.556837157841979,0.443162842158021
1951,48,H,NHB,0.178345189000,0.000263622000,0.001478155937248,-0.001478155937248,-0.000447163686744,NHB,-0.001,0.000,0.447163686744127,0.552836313255873
1952,48,H,NHB,0.178345189000,0.000243717000,0.001366546534653,-0.001366546534653,-0.000402507321058,NHB,-0.001,0.000,0.402507321057574,0.597492678942426
1953,48,H,NHB,0.178345189000,0.000213234000,0.001195625187288,-0.001195625187288,-0.000066128751713,NHB,-0.001,0.000,0.066128751712699,0.933871248287301
1954,48,H,NHB,0.178345189000,0.000351184000,0.001969125166589,-0.001969125166589,-0.000273815623481,NHB,-0.001,0.000,0.273815623480729,0.726184376519271
1955,48,H,NHB,0.178345189000,0.000120164000,0.000673772029813,-0.000673772029813,-0.000432560155085,NHB,-0.001,0.000,0.432560155084922,0.567439844915078
1956,48,H,NHB,0.178345189000,0.000371353000,0.002082214844607,-0.002082214844607,-0.000536120399985,NHB,-0.001,0.000,0.536120399985161,0.463879600014839
1957,49,H,NHB,0.070423299000,0.000067551000,0.000959213796559,-0.000959213796559,-0.000486468118896,NHB,-0.001,0.000,0.486468118895641,0.513531881104359
1958,49,H,NHB,0.070423299000,0.000172025000,0.002442728506655,-0.002442728506655,-0.000709285296975,NHB,-0.001,0.000,0.709285296975336,0.290714703024664
1959,49,H,NHB,0.180161591000,0.000439301000,0.002438372116729,-0.002438372116729,-0.000391764592873,NHB,-0.001,0.000,0.391764592872877,0.608235407127123
1960,49,H,NHB,0.180161591000,0.000435827000,0.002419089427335,-0.002419089427335,-0.000747318036973,NHB,-0.001,0.000,0.747318036973209,0.252681963026791
1961,49,H,NHB,0.151059761000,0.000355233000,0.002351605733045,-0.002351605733045,-0.000693773456920,NHB,-0.001,0.000,0.693773456920455,0.306226543079545
1962,49,H,NHB,0.151059761000,0.000336241000,0.002225880656597,-0.002225880656597,-0.000573817287210,NHB,-0.001,0.000,0.573817287210346,0.426182712789654
1963,49,H,NHB,0.151059761000,0.000359292000,0.002378475893392,-0.002378475893392,-0.000791155976769,NHB,-0.001,0.000,0.791155976768952,0.208844023231048
1964,49,H,NHB,0.151059761000,0.000335419000,0.002220439101582,-0.002220439101582,-0.000665487677006,NHB,-0.001,0.000,0.665487677006228,0.334512322993772
1965,49,H,NHB,0.151059761000,0.000000651000,0.000004309552694,-0.000004309552694,-0.000479344794870,NHB,-0.001,0.000,0.479344794869804,0.520655205130196
1966,49,H,NHB,0.151059761000,0.000305432000,0.002021928261888,-0.002021928261888,-0.000418591436053,NHB,-0.001,0.000,0.418591436052607,0.581408563947393
1967,49,H,NHB,0.151059761000,0.000302374000,0.002001684618050,-0.002001684618050,-0.000597001764612,NHB,-0.001,0.000,0.597001764612315,0.402998235387685
1968,49,H,NHB,0.182903957000,0.000239862000,0.001311409572183,-0.001311409572183,-0.000193008053809,NHB,-0.001,0.000,0.193008053809154,0.806991946190846
1969,49,H,NHB,0.182903957000,0.000232114000,0.001269048542236,-0.001269048542236,-0.000651035106522,NHB,-0.001,0.000,0.651035106521574,0.348964893478426
1970,49,H,NHB,0.182903957000,0.000439112000,0.002400779114910,-0.002400779114910,-0.000616159843284,NHB,-0.001,0.000,0.616159843284015,0.383840156715985
1971,49,H,NHB,0.182903957000,0.000000001000,0.000000005467350,-0.000000005467350,-0.000296884395183,NHB,-0.001,0.000,0.296884395183456,0.703115604816544
1972,49,H,NHB,0.182903957000,0.000440400000,0.002407821062067,-0.002407821062067,-0.000767143215739,NHB,-0.001,0.000,0.767143215739148,0.232856784260852
1973,49,H,NHB,0.182903957000,0.000000000000,0.000000000000000,-0.000000000000000,-0.000393965676390,NHB,-0.001,0.000,0.393965676389951,0.606034323610049
1974,49,H,NHB,0.182903957000,0.000401495000,0.002195113799534,-0.002195113799534,-0.000379058095018,NHB,-0.001,0.000,0.379058095018019,0.620941904981981
1975,49,H,NHB,0.182903957000,0.000148861000,0.000813875229610,-0.000813875229610,-0.000289412863543,NHB,-0.001,0.000,0.289412863542848,0.710587136457152
1976,49,H,NHB,0.182903957000,0.000383658000,0.002097592672640,-0.002097592672640,-0.000703539002074,NHB,-0.001,0.000,0.703539002074463,0.296460997925537
1977,49,H,NHB,0.182903957000,0.000137730000,0.000753018153675,-0.000753018153675,-0.000567985440959,NHB,-0.001,0.000,0.567985440959366,0.432014559040634
1978,49,H,NHB,0.176514367000,0.000416512000,0.002359649285658,-0.002359649285658,-0.000585017084952,NHB,-0.001,0.000,0.585017084951883,0.414982915048117
1979,49,H,NHB,0.176514367000,0.000160623000,0.000909971254634,-0.000909971254634,-0.000374016686372,NHB,-0.001,0.000,0.374016686372482,0.625983313627518
1980,49,H,NHB,0.176514367000,0.000418036000,0.002368283143774,-0.002368283143774,-0.000810600087782,NHB,-0.001,0.000,0.810600087781648,0.189399912218352
1981,49,H,NHB,0.176514367000,0.000155465000,0.000880749837207,-0.000880749837207,-0.000557999395522,NHB,-0.001,0.000,0.557999395522437,0.442000604477563
1982,49,H,NHB,0.176514367000,0.000235705000,0.001335330398347,-0.001335330398347,-0.000251798767943,NHB,-0.001,0.000,0.251798767942764,0.748201232057236
1983,49,H,NHB,0.176514367000,0.000219531000,0.001243700463204,-0.001243700463204,-0.000624659744726,NHB,-0.001,0.000,0.624659744726109,0.375340255273891
1984,49,H,NHB,0.176514367000,0.000416121000,0.002357434168517,-0.002357434168517,-0.000379704524324,NHB,-0.001,0.000,0.379704524324497,0.620295475675503
1985,49,H,NHB,0.176514367000,0.000416782000,0.002361178906191,-0.002361178906191,-0.000697358721559,NHB,-0.001,0.000,0.697358721558918,0.302641278441082
1986,49,H,NHB,0.178345189000,0.000000819000,0.000004592218072,-0.000004592218072,-0.000536579574733,NHB,-0.001,0.000,0.536579574733112,0.463420425266888
1987,49,H,NHB,0.178345189000,0.000093242000,0.000522817579340,-0.000522817579340,-0.000203277599880,NHB,-0.001,0.000,0.203277599880388,0.796722400119612
1988,49,H,NHB,0.178345189000,0.000132352000,0.000742111411819,-0.000742111411819,-0.000636742204894,NHB,-0.001,0.000,0.636742204894464,0.363257795105536
1989,49,H,NHB,0.178345189000,0.000413306000,0.002317449673397,-0.002317449673397,-0.000775762196566,NHB,-0.001,0.000,0.775762196566060,0.224237803433940
1990,49,H,NHB,0.178345189000,0.000158148000,0.000886752263331,-0.000886752263331,-0.000483390359220,NHB,-0.001,0.000,0.483390359219925,0.516609640780075
1991,49,H,NHB,0.178345189000,0.000428263000,0.002401315126028,-0.002401315126028,-0.000609852025592,NHB,-0.001,0.000,0.609852025591807,0.390147974408193
1992,49,H,NHB,0.178345189000,0.000402438000,0.002256511668504,-0.002256511668504,-0.000485826124842,NHB,-0.001,0.000,0.485826124841958,0.514173875158042
1993,49,H,NHB,0.178345189000,0.000398872000,0.002236516736092,-0.002236516736092,-0.000721256915196,NHB,-0.001,0.000,0.721256915196088,0.278743084803912
1994,49,H,NHB,0.178345189000,0.000068177000,0.000382275520760,-0.000382275520760,-0.000534805625913,NHB,-0.001,0.000,0.534805625912947,0.465194374087053
1995,50,H,NHB,0.070423299000,0.000141266000,0.002005955443808,-0.002005955443808,-0.000366216868350,NHB,-0.001,0.000,0.366216868350113,0.633783131649887
1996,50,H,NHB,0.070423299000,0.000000171000,0.000002428173665,-0.000002428173665,-0.000292380452516,NHB,-0.001,0.000,0.292380452516211,0.707619547483789
1997,50,H,NHB,0.180161591000,0.000312757000,0.001735980451016,-0.001735980451016,-0.000351381455672,NHB,-0.001,0.000,0.351381455672379,0.648618544327621
1998,50,H,NHB,0.180161591000,0.000328086000,0.001821065179203,-0.001821065179203,-0.000506620371372,NHB,-0.001,0.000,0.506620371371762,0.493379628628238
1999,50,H,NHB,0.180161591000,0.000095022000,0.000527426514567,-0.000527426514567,-0.000085283793529,NHB,-0.001,0.000,0.085283793528951,0.914716206471049
2000,50,H,NHB,0.151059761000,0.000051160000,0.000338673910652,-0.000338673910652,-0.000314533559840,NHB,-0.001,0.000,0.314533559839931,0.685466440160069
2001,50,H,NHB,0.151059761000,0.000062209000,0.000411817148314,-0.000411817148314,-0.000365180771223,NHB,-0.001,0.000,0.365180771222985,0.634819228777014
2002,50,H,NHB,0.151059761000,0.000001671000,0.000011061847238,-0.000011061847238,-0.000302361192095,NHB,-0.001,0.000,0.302361192095487,0.697638807904513
2003,50,H,NHB,0.151059761000,0.000299004000,0.001979375566469,-0.001979375566469,-0.000393821617052,NHB,-0.001,0.000,0.393821617051686,0.606178382948314
2004,50,H,NHB,0.151059761000,0.000299836000,0.001984883320450,-0.001984883320450,-0.000510387684372,NHB,-0.001,0.000,0.510387684372394,0.489612315627606
2005,50,H,NHB,0.151059761000,0.000305373000,0.002021537687988,-0.002021537687988,-0.000181608369059,NHB,-0.001,0.000,0.181608369059111,0.818391630940889
2006,50,H,NHB,0.151059761000,0.000296353000,0.001961826220551,-0.001961826220551,-0.000312515187592,NHB,-0.001,0.000,0.312515187592152,0.687484812407848
2007,50,H,NHB,0.182903957000,0.000311856000,0.001705025988038,-0.001705025988038,-0.000242665197649,NHB,-0.001,0.000,0.242665197648998,0.757334802351002
2008,50,H,NHB,0.182903957000,0.000344772000,0.001884989289762,-0.001884989289762,-0.000496032854627,NHB,-0.001,0.000,0.496032854626759,0.503967145373241
2009,50,H,NHB,0.182903957000,0.000232778000,0.001272678862820,-0.001272678862820,-0.000060231926292,NHB,-0.001,0.000,0.060231926291523,0.939768073708477
2010,50,H,NHB,0.182903957000,0.000284550000,0.001555734521370,-0.001555734521370,-0.000346958979791,NHB,-0.001,0.000,0.346958979791074,0.653041020208926
2011,50,H,NHB,0.182903957000,0.000368873000,0.002016757898792,-0.002016757898792,-0.000474395224102,NHB,-0.001,0.000,0.474395224101566,0.525604775898434
2012,50,H,NHB,0.182903957000,0.000363720000,0.001988584642813,-0.001988584642813,-0.000545425563036,NHB,-0.001,0.000,0.545425563035857,0.454574436964143
2013,50,H,NHB,0.182903957000,0.000101264000,0.000553645758468,-0.000553645758468,0.000096575252177,NHB,0.000,0.001,0.903424747823405,0.096575252176595
2014,50,H,NHB,0.182903957000,0.000161360000,0.000882211640725,-0.000882211640725,0.000042760011479,NHB,0.000,0.001,0.957239988521202,0.042760011478798
2015,50,H,NHB,0.182903957000,0.000027463000,0.000150149840662,-0.000150149840662,-0.000270371410555,NHB,-0.001,0.000,0.270371410555410,0.729628589444590
2016,50,H,NHB,0.182903957000,0.000064000000,0.000349910417739,-0.000349910417739,-0.000368025214761,NHB,-0.001,0.000,0.368025214760674,0.631974785239326
2017,50,H,NHB,0.176514367000,0.000209198000,0.001185161318908,-0.001185161318908,-0.000348964033776,NHB,-0.001,0.000,0.348964033775982,0.651035966224018
2018,50,H,NHB,0.176514367000,0.000241535000,0.001368358871321,-0.001368358871321,-0.000448289485291,NHB,-0.001,0.000,0.448289485291500,0.551710514708500
2019,50,H,NHB,0.176514367000,0.000097936000,0.000554833023875,-0.000554833023875,-0.000284250550950,NHB,-0.001,0.000,0.284250550949651,0.715749449050349
2020,50,H,NHB,0.176514367000,0.000159244000,0.000902158859398,-0.000902158859398,-0.000407585129401,NHB,-0.001,0.000,0.407585129400515,0.592414870599485
2021,50,H,NHB,0.176514367000,0.000014763000,0.000083636251547,-0.000083636251547,-0.000196081462095,NHB,-0.001,0.000,0.196081462094581,0.803918537905419
2022,50,H,NHB,0.176514367000,0.000342180000,0.001938539087869,-0.001938539087869,-0.000392086268618,NHB,-0.001,0.000,0.392086268617718,0.607913731382282
2023,50,H,NHB,0.176514367000,0.000341912000,0.001937020797859,-0.001937020797859,-0.000568676438043,NHB,-0.001,0.000,0.568676438043437,0.431323561956563
2024,50,H,NHB,0.176514367000,0.000312561000,0.001770739715482,-0.001770739715482,-0.000011322278973,NHB,-0.001,0.000,0.011322278972516,0.988677721027484
2025,50,H,NHB,0.176514367000,0.000319990000,0.001812826941163,-0.001812826941163,-0.000213668394460,NHB,-0.001,0.000,0.213668394460150,0.786331605539850
2026,50,H,NHB,0.178345189000,0.000074292000,0.000416562960944,-0.000416562960944,-0.000160816296448,NHB,-0.001,0.000,0.160816296447812,0.839183703552188
2027,50,H,NHB,0.178345189000,0.000146247000,0.000820022120137,-0.000820022120137,-0.000369663689730,NHB,-0.001,0.000,0.369663689730149,0.630336310269851
2028,50,H,NHB,0.178345189000,0.000351887000,0.001973066960612,-0.001973066960612,-0.000189829792209,NHB,-0.001,0.000,0.189829792209068,0.810170207790932
2029,50,H,NHB,0.178345189000,0.000353260000,0.001980765514230,-0.001980765514230,-0.000470583083207,NHB,-0.001,0.000,0.470583083206807,0.529416916793193
2030,50,H,NHB,0.178345189000,0.000302882000,0.001698290835308,-0.001698290835308,-0.000449856330235,NHB,-0.001,0.000,0.449856330235451,0.550143669764549
2031,50,H,NHB,0.178345189000,0.000351320000,0.001969887732716,-0.001969887732716,-0.000540343404399,NHB,-0.001,0.000,0.540343404398745,0.459656595601255
2032,50,H,NHB,0.178345189000,0.000321817000,0.001804461347146,-0.001804461347146,-0.000051857486124,NHB,-0.001,0.000,0.051857486124008,0.948142513875992
2033,50,H,NHB,0.178345189000,0.000000142000,0.000000796208750,-0.000000796208750,-0.000318043080121,NHB,-0.001,0.000,0.318043080120633,0.681956919879367
2034,51,H,NHB,0.070423299000,0.000164867000,0.002341086009049,-0.002341086009049,-0.000724522969280,NHB,-0.001,0.000,0.724522969280407,0.275477030719593
2035,51,H,NHB,0.070423299000,0.000049967000,0.000709523704648,-0.000709523704648,-0.000457327405723,NHB,-0.001,0.000,0.457327405723123,0.542672594276877
2036,51,H,NHB,0.180161591000,0.000396362000,0.002200036077612,-0.002200036077612,-0.000721454675849,NHB,-0.001,0.000,0.721454675849402,0.278545324150598
2037,51,H,NHB,0.180161591000,0.000420171000,0.002332189661891,-0.002332189661891,-0.000518160637958,NHB,-0.001,0.000,0.518160637957929,0.481839362042071
2038,51,H,NHB,0.151059761000,0.000003032000,0.000020071526527,-0.000020071526527,-0.000395807466185,NHB,-0.001,0.000,0.395807466184546,0.604192533815454
2039,51,H,NHB,0.151059761000,0.000240181000,0.001589973388082,-0.001589973388082,-0.000574749213155,NHB,-0.001,0.000,0.574749213155180,0.425250786844820
2040,51,H,NHB,0.151059761000,0.000006563000,0.000043446381462,-0.000043446381462,-0.000326890738522,NHB,-0.001,0.000,0.326890738522079,0.673109261477921
2041,51,H,NHB,0.151059761000,0.000252027000,0.001668392683343,-0.001668392683343,-0.000508009711920,NHB,-0.001,0.000,0.508009711920022,0.491990288079978
2042,51,H,NHB,0.151059761000,0.000352157000,0.002331242931068,-0.002331242931068,-0.000792521637672,NHB,-0.001,0.000,0.792521637672158,0.207478362327842
2043,51,H,NHB,0.151059761000,0.000352677000,0.002334685277306,-0.002334685277306,-0.000698759063099,NHB,-0.001,0.000,0.698759063098914,0.301240936901086
2044,51,H,NHB,0.151059761000,0.000337134000,0.002231792224271,-0.002231792224271,-0.000739085994186,NHB,-0.001,0.000,0.739085994185579,0.260914005814421
2045,51,H,NHB,0.151059761000,0.000351839000,0.002329137803945,-0.002329137803945,-0.000606706177776,NHB,-0.001,0.000,0.606706177776297,0.393293822223703
2046,51,H,NHB,0.182903957000,0.000367077000,0.002006938537694,-0.002006938537694,-0.000706052854374,NHB,-0.001,0.000,0.706052854374487,0.293947145625513
2047,51,H,NHB,0.182903957000,0.000395836000,0.002164174064315,-0.002164174064315,-0.000436247355585,NHB,-0.001,0.000,0.436247355585418,0.563752644414582
2048,51,H,NHB,0.182903957000,0.000141450000,0.000773356696706,-0.000773356696706,-0.000676104556395,NHB,-0.001,0.000,0.676104556395033,0.323895443604967
2049,51,H,NHB,0.182903957000,0.000221509000,0.001211067292546,-0.001211067292546,-0.000295629695167,NHB,-0.001,0.000,0.295629695166662,0.704370304833338
2050,51,H,NHB,0.182903957000,0.000412390000,0.002254680580803,-0.002254680580803,-0.000788537448720,NHB,-0.001,0.000,0.788537448720265,0.211462551279735
2051,51,H,NHB,0.182903957000,0.000426736000,0.002333115187880,-0.002333115187880,-0.000711729697065,NHB,-0.001,0.000,0.711729697065168,0.288270302934832
2052,51,H,NHB,0.182903957000,0.000147023000,0.000803826239801,-0.000803826239801,-0.000558384151098,NHB,-0.001,0.000,0.558384151098246,0.441615848901754
2053,51,H,NHB,0.182903957000,0.000230354000,0.001259426005748,-0.001259426005748,-0.000347248524440,NHB,-0.001,0.000,0.347248524440024,0.652751475559976
2054,51,H,NHB,0.176514367000,0.000378834000,0.002146193573014,-0.002146193573014,-0.000676101277941,NHB,-0.001,0.000,0.676101277940721,0.323898722059279
2055,51,H,NHB,0.176514367000,0.000399045000,0.002260694167744,-0.002260694167744,-0.000536610381394,NHB,-0.001,0.000,0.536610381393604,0.463389618606396
2056,51,H,NHB,0.176514367000,0.000155828000,0.000882806327034,-0.000882806327034,-0.000589341178908,NHB,-0.001,0.000,0.589341178908140,0.410658821091860
2057,51,H,NHB,0.176514367000,0.000254415000,0.001441327435970,-0.001441327435970,-0.000364201202314,NHB,-0.001,0.000,0.364201202313604,0.635798797686396
2058,51,H,NHB,0.176514367000,0.000407260000,0.002307234288753,-0.002307234288753,-0.000801343584928,NHB,-0.001,0.000,0.801343584928487,0.198656415071513
2059,51,H,NHB,0.176514367000,0.000409922000,0.002322315214149,-0.002322315214149,-0.000638293301457,NHB,-0.001,0.000,0.638293301456601,0.361706698543399
2060,51,H,NHB,0.176514367000,0.000199329000,0.001129250855824,-0.001129250855824,-0.000730262666117,NHB,-0.001,0.000,0.730262666116784,0.269737333883216
2061,51,H,NHB,0.176514367000,0.000256449000,0.001452850577313,-0.001452850577313,-0.000417481271194,NHB,-0.001,0.000,0.417481271193656,0.582518728806344
2062,51,H,NHB,0.178345189000,0.000048479000,0.000271826788667,-0.000271826788667,-0.000578476095561,NHB,-0.001,0.000,0.578476095560570,0.421523904439430
2063,51,H,NHB,0.178345189000,0.000071234000,0.000399416437300,-0.000399416437300,-0.000305058024978,NHB,-0.001,0.000,0.305058024977768,0.694941975022232
2064,51,H,NHB,0.178345189000,0.000405571000,0.002274078724938,-0.002274078724938,-0.000759740429398,NHB,-0.001,0.000,0.759740429397967,0.240259570602033
2065,51,H,NHB,0.178345189000,0.000418559000,0.002346903790043,-0.002346903790043,-0.000489131690206,NHB,-0.001,0.000,0.489131690205506,0.510868309794494
2066,51,H,NHB,0.178345189000,0.000419138000,0.002350150303185,-0.002350150303185,-0.000690550585149,NHB,-0.001,0.000,0.690550585148538,0.309449414851462
2067,51,H,NHB,0.178345189000,0.000401536000,0.002251454060810,-0.002251454060810,-0.000795580523529,NHB,-0.001,0.000,0.795580523529178,0.204419476470822
2068,51,H,NHB,0.178345189000,0.000218447000,0.001224855019779,-0.001224855019779,-0.000649651763615,NHB,-0.001,0.000,0.649651763615402,0.350348236384598
2069,51,H,NHB,0.178345189000,0.000052843000,0.000296296189969,-0.000296296189969,-0.000486967614378,NHB,-0.001,0.000,0.486967614377885,0.513032385622115
2070,51,H,NHB,0.178345189000,0.000093412000,0.000523770786999,-0.000523770786999,-0.000324256457610,NHB,-0.001,0.000,0.324256457610080,0.675743542389920
2071,52,H,NHB,0.070423299000,0.000123696000,0.001756464149741,-0.001756464149741,0.000045805102639,NHB,0.000,0.001,0.954194897360625,0.045805102639375
2072,52,H,NHB,0.070423299000,0.000125018000,0.001775236346142,-0.001775236346142,-0.000442431577171,NHB,-0.001,0.000,0.442431577170758,0.557568422829242
2073,52,H,NHB,0.180161591000,0.000352776000,0.001958108817989,-0.001958108817989,-0.000503632002529,NHB,-0.001,0.000,0.503632002528990,0.496367997471010
2074,52,H,NHB,0.180161591000,0.000353133000,0.001960090372426,-0.001960090372426,-0.000213760041611,NHB,-0.001,0.000,0.213760041611005,0.786239958388995
2075,52,H,NHB,0.151059761000,0.000307306000,0.002034333948139,-0.002034333948139,-0.000518039445506,NHB,-0.001,0.000,0.518039445505858,0.481960554494142
2076,52,H,NHB,0.151059761000,0.000159561000,0.001056277323251,-0.001056277323251,-0.000397756884156,NHB,-0.001,0.000,0.397756884155601,0.602243115844399
2077,52,H,NHB,0.151059761000,0.000299310000,0.001981401254832,-0.001981401254832,-0.000451677734218,NHB,-0.001,0.000,0.451677734217557,0.548322265782443
2078,52,H,NHB,0.151059761000,0.000150900000,0.000998942398697,-0.000998942398697,-0.000340217406440,NHB,-0.001,0.000,0.340217406440255,0.659782593559745
2079,52,H,NHB,0.151059761000,0.000004194000,0.000027763846389,-0.000027763846389,-0.000271434385656,NHB,-0.001,0.000,0.271434385655635,0.728565614344365
2080,52,H,NHB,0.151059761000,0.000295194000,0.001954153760378,-0.001954153760378,-0.000161641961440,NHB,-0.001,0.000,0.161641961440307,0.838358038559693
2081,52,H,NHB,0.151059761000,0.000293095000,0.001940258597390,-0.001940258597390,-0.000032239365024,NHB,-0.001,0.000,0.032239365024401,0.967760634975599
2082,52,H,NHB,0.151059761000,0.000173411000,0.001147962891322,-0.001147962891322,0.000121226063824,NHB,0.000,0.001,0.878773936175813,0.121226063824187
2083,52,H,NHB,0.151059761000,0.000165186000,0.001093514241691,-0.001093514241691,0.000179394881508,NHB,0.000,0.001,0.820605118491584,0.179394881508416
2084,52,H,NHB,0.182903957000,0.000305452000,0.001670013076863,-0.001670013076863,-0.000331874097359,NHB,-0.001,0.000,0.331874097358911,0.668125902641089
2085,52,H,NHB,0.182903957000,0.000264895000,0.001448273751672,-0.001448273751672,-0.000009061682315,NHB,-0.001,0.000,0.009061682314623,0.990938317685377
2086,52,H,NHB,0.182903957000,0.000033188000,0.000181450420999,-0.000181450420999,-0.000023215085025,NHB,-0.001,0.000,0.023215085024919,0.976784914975081
2087,52,H,NHB,0.182903957000,0.000363727000,0.001988622914265,-0.001988622914265,-0.000526287852582,NHB,-0.001,0.000,0.526287852581717,0.473712147418283
2088,52,H,NHB,0.182903957000,0.000365829000,0.002000115284548,-0.002000115284548,-0.000391691298970,NHB,-0.001,0.000,0.391691298969560,0.608308701030440
2089,52,H,NHB,0.182903957000,0.000292302000,0.001598117420718,-0.001598117420718,-0.000457386755093,NHB,-0.001,0.000,0.457386755092800,0.542613244907200
2090,52,H,NHB,0.182903957000,0.000024620000,0.000134606163824,-0.000134606163824,-0.000326256413370,NHB,-0.001,0.000,0.326256413370181,0.673743586629819
2091,52,H,NHB,0.182903957000,0.000272635000,0.001490591042817,-0.001490591042817,-0.000256047501632,NHB,-0.001,0.000,0.256047501631960,0.743952498368040
2092,52,H,NHB,0.182903957000,0.000012361000,0.000067581916776,-0.000067581916776,-0.000200631395020,NHB,-0.001,0.000,0.200631395020401,0.799368604979599
2093,52,H,NHB,0.176514367000,0.000350530000,0.001985844019144,-0.001985844019144,-0.000552692669021,NHB,-0.001,0.000,0.552692669021084,0.447307330978916
2094,52,H,NHB,0.176514367000,0.000009353000,0.000052987188289,-0.000052987188289,-0.000321197952546,NHB,-0.001,0.000,0.321197952546267,0.678802047453733
2095,52,H,NHB,0.176514367000,0.000344870000,0.001953778640579,-0.001953778640579,-0.000385581895053,NHB,-0.001,0.000,0.385581895052718,0.614418104947282
2096,52,H,NHB,0.176514367000,0.000005029000,0.000028490598728,-0.000028490598728,-0.000215812760487,NHB,-0.001,0.000,0.215812760486666,0.784187239513334
2097,52,H,NHB,0.176514367000,0.000221162000,0.001252940504271,-0.001252940504271,-0.000392723726073,NHB,-0.001,0.000,0.392723726072917,0.607276273927083
2098,52,H,NHB,0.176514367000,0.000182291000,0.001032726134978,-0.001032726134978,-0.000139940414160,NHB,-0.001,0.000,0.139940414159807,0.860059585840193
2099,52,H,NHB,0.176514367000,0.000356580000,0.002020118849589,-0.002020118849589,-0.000400758773748,NHB,-0.001,0.000,0.400758773747746,0.599241226252254
2100,52,H,NHB,0.176514367000,0.000355588000,0.002014498910448,-0.002014498910448,-0.000125223496695,NHB,-0.001,0.000,0.125223496695446,0.874776503304554
2101,52,H,NHB,0.176514367000,0.000016417000,0.000093006593622,-0.000093006593622,0.000194204677830,NHB,0.000,0.001,0.805795322169954,0.194204677830046
2102,52,H,NHB,0.178345189000,0.000034073000,0.000191050850270,-0.000191050850270,-0.000214694482515,NHB,-0.001,0.000,0.214694482514926,0.785305517485074
2103,52,H,NHB,0.178345189000,0.000277439000,0.001555629291464,-0.001555629291464,-0.000117350736037,NHB,-0.001,0.000,0.117350736037062,0.882649263962938
2104,52,H,NHB,0.178345189000,0.000247054000,0.001385257440278,-0.001385257440278,0.000104201538947,NHB,0.000,0.001,0.895798461052567,0.104201538947433
2105,52,H,NHB,0.178345189000,0.000361279000,0.002025728880189,-0.002025728880189,-0.000533310018691,NHB,-0.001,0.000,0.533310018690534,0.466689981309466
2106,52,H,NHB,0.178345189000,0.000002641000,0.000014808361329,-0.000014808361329,-0.000280247938916,NHB,-0.001,0.000,0.280247938916338,0.719752061083662
2107,52,H,NHB,0.178345189000,0.000354895000,0.001989933129062,-0.001989933129062,-0.000325943454855,NHB,-0.001,0.000,0.325943454854901,0.674056545145099
2108,52,H,NHB,0.178345189000,0.000264290000,0.001481901482635,-0.001481901482635,-0.000449247176758,NHB,-0.001,0.000,0.449247176758394,0.550752823241606
2109,52,H,NHB,0.178345189000,0.000246797000,0.001383816414582,-0.001383816414582,-0.000308836792044,NHB,-0.001,0.000,0.308836792043546,0.691163207956454
2110,52,H,NHB,0.178345189000,0.000030405000,0.000170483993263,-0.000170483993263,-0.000319370818218,NHB,-0.001,0.000,0.319370818218040,0.680629181781960
2111,52,H,NHB,0.178345189000,0.000008561000,0.000048002416258,-0.000048002416258,-0.000200203894277,NHB,-0.001,0.000,0.200203894276986,0.799796105723014
2112,53,H,NHB,0.070423299000,0.000142275000,0.002020283088414,-0.002020283088414,-0.000565454732358,NHB,-0.001,0.000,0.565454732357765,0.434545267642235
2113,53,H,NHB,0.070423299000,0.000065124000,0.000924750770338,-0.000924750770338,-0.000049992923934,NHB,-0.001,0.000,0.049992923933828,0.950007076066172
2114,53,H,NHB,0.180161591000,0.000000000000,0.000000000000000,-0.000000000000000,-0.000221154196413,NHB,-0.001,0.000,0.221154196412777,0.778845803587223
2115,53,H,NHB,0.180161591000,0.000359188000,0.001993699089835,-0.001993699089835,-0.000199945277625,NHB,-0.001,0.000,0.199945277625367,0.800054722374633
2116,53,H,NHB,0.180161591000,0.000359890000,0.001997595591837,-0.001997595591837,-0.000385561610827,NHB,-0.001,0.000,0.385561610827177,0.614438389172823
2117,53,H,NHB,0.151059761000,0.000256789000,0.001699916631008,-0.001699916631008,-0.000111549393653,NHB,-0.001,0.000,0.111549393652846,0.888450606347154
2118,53,H,NHB,0.151059761000,0.000247170000,0.001636239845501,-0.001636239845501,-0.000097646728256,NHB,-0.001,0.000,0.097646728255513,0.902353271744487
2119,53,H,NHB,0.151059761000,0.000294596000,0.001950195062205,-0.001950195062205,-0.000498883187312,NHB,-0.001,0.000,0.498883187311539,0.501116812688461
2120,53,H,NHB,0.151059761000,0.000281485000,0.001863401597729,-0.001863401597729,-0.000524714874326,NHB,-0.001,0.000,0.524714874325524,0.475285125674476
2121,53,H,NHB,0.151059761000,0.000307117000,0.002033082787679,-0.002033082787679,-0.000541230406343,NHB,-0.001,0.000,0.541230406342641,0.458769593657359
2122,53,H,NHB,0.151059761000,0.000300953000,0.001992277744965,-0.001992277744965,-0.000581466882188,NHB,-0.001,0.000,0.581466882188223,0.418533117811777
2123,53,H,NHB,0.151059761000,0.000003713000,0.000024579676119,-0.000024579676119,0.000131743390229,NHB,0.000,0.001,0.868256609770837,0.131743390229163
2124,53,H,NHB,0.182903957000,0.000156349000,0.000854814748486,-0.000854814748486,-0.000240849505549,NHB,-0.001,0.000,0.240849505549022,0.759150494450977
2125,53,H,NHB,0.182903957000,0.000097804000,0.000534728726509,-0.000534728726509,-0.000442055712578,NHB,-0.001,0.000,0.442055712578356,0.557944287421644
2126,53,H,NHB,0.182903957000,0.000354209000,0.001936584674327,-0.001936584674327,-0.000224922615139,NHB,-0.001,0.000,0.224922615138916,0.775077384861084
2127,53,H,NHB,0.182903957000,0.000318718000,0.001742542945640,-0.001742542945640,-0.000474901706269,NHB,-0.001,0.000,0.474901706268646,0.525098293731354
2128,53,H,NHB,0.182903957000,0.000152502000,0.000833781851969,-0.000833781851969,-0.000254964692279,NHB,-0.001,0.000,0.254964692278611,0.745035307721389
2129,53,H,NHB,0.182903957000,0.000000193000,0.000001055198603,-0.000001055198603,-0.000285107331332,NHB,-0.001,0.000,0.285107331331615,0.714892668668385
2130,53,H,NHB,0.182903957000,0.000000000000,0.000000000000000,-0.000000000000000,-0.000307502319342,NHB,-0.001,0.000,0.307502319341506,0.692497680658494
2131,53,H,NHB,0.182903957000,0.000368601000,0.002015270779516,-0.002015270779516,-0.000334315621883,NHB,-0.001,0.000,0.334315621883053,0.665684378116947
2132,53,H,NHB,0.182903957000,0.000373044000,0.002039562216798,-0.002039562216798,-0.000390213813406,NHB,-0.001,0.000,0.390213813405849,0.609786186594151
2133,53,H,NHB,0.176514367000,0.000347746000,0.001970071931878,-0.001970071931878,-0.000172017806883,NHB,-0.001,0.000,0.172017806883416,0.827982193116584
2134,53,H,NHB,0.176514367000,0.000341341000,0.001933785933697,-0.001933785933697,-0.000223721424529,NHB,-0.001,0.000,0.223721424529341,0.776278575470659
2135,53,H,NHB,0.176514367000,0.000163562000,0.000926621457391,-0.000926621457391,-0.000371312779240,NHB,-0.001,0.000,0.371312779239613,0.628687220760387
2136,53,H,NHB,0.176514367000,0.000128970000,0.000730648740904,-0.000730648740904,-0.000432055913039,NHB,-0.001,0.000,0.432055913039411,0.567944086960589
2137,53,H,NHB,0.176514367000,0.000360344000,0.002041442892861,-0.002041442892861,-0.000401842292751,NHB,-0.001,0.000,0.401842292751409,0.598157707248591
2138,53,H,NHB,0.176514367000,0.000365346000,0.002069780529536,-0.002069780529536,-0.000520751998420,NHB,-0.001,0.000,0.520751998419677,0.479248001580323
2139,53,H,NHB,0.176514367000,0.000227113000,0.001286654473854,-0.001286654473854,-0.000028019628811,NHB,-0.001,0.000,0.028019628810761,0.971980371189239
2140,53,H,NHB,0.176514367000,0.000154153000,0.000873317014473,-0.000873317014473,-0.000395160364268,NHB,-0.001,0.000,0.395160364267854,0.604839635732146
2141,53,H,NHB,0.178345189000,0.000360878000,0.002023480431535,-0.002023480431535,-0.000417770734822,NHB,-0.001,0.000,0.417770734822005,0.582229265177995
2142,53,H,NHB,0.178345189000,0.000340939000,0.001911680387409,-0.001911680387409,-0.000528678545731,NHB,-0.001,0.000,0.528678545730753,0.471321454269247
2143,53,H,NHB,0.178345189000,0.000096857000,0.000543087259842,-0.000543087259842,-0.000031275904359,NHB,-0.001,0.000,0.031275904358592,0.968724095641408
2144,53,H,NHB,0.178345189000,0.000035641000,0.000199842789143,-0.000199842789143,-0.000439965482857,NHB,-0.001,0.000,0.439965482856538,0.560034517143462
2145,53,H,NHB,0.178345189000,0.000375105000,0.002103252698339,-0.002103252698339,-0.000223940795954,NHB,-0.001,0.000,0.223940795953764,0.776059204046236
2146,53,H,NHB,0.178345189000,0.000150690000,0.000844934482645,-0.000844934482645,-0.000410175694992,NHB,-0.001,0.000,0.410175694992094,0.589824305007906
2147,53,H,NHB,0.178345189000,0.000355325000,0.001992344183728,-0.001992344183728,-0.000510429230546,NHB,-0.001,0.000,0.510429230546490,0.489570769453510
2148,54,H,NHB,0.070423299000,0.000088939000,0.001262920102621,-0.001262920102621,0.000325653394847,NHB,0.000,0.001,0.674346605152837,0.325653394847163
2149,54,H,NHB,0.070423299000,0.000047961000,0.000681038813589,-0.000681038813589,-0.000110955255033,NHB,-0.001,0.000,0.110955255032652,0.889044744967348
2150,54,H,NHB,0.180161591000,0.000232283000,0.001289303667395,-0.001289303667395,0.000045228154378,NHB,0.000,0.001,0.954771845621748,0.045228154378252
2151,54,H,NHB,0.180161591000,0.000235409000,0.001306654757506,-0.001306654757506,-0.000172279695772,NHB,-0.001,0.000,0.172279695772292,0.827720304227708
2152,54,H,NHB,0.151059761000,0.000172683000,0.001143143606589,-0.001143143606589,-0.000150290160140,NHB,-0.001,0.000,0.150290160139796,0.849709839860204
2153,54,H,NHB,0.151059761000,0.000022721000,0.000150410670913,-0.000150410670913,-0.000049862404888,NHB,-0.001,0.000,0.049862404887788,0.950137595112212
2154,54,H,NHB,0.151059761000,0.000165011000,0.001092355759784,-0.001092355759784,-0.000167435067572,NHB,-0.001,0.000,0.167435067572320,0.832564932427680
2155,54,H,NHB,0.151059761000,0.000018933000,0.000125334502548,-0.000125334502548,-0.000035997246366,NHB,-0.001,0.000,0.035997246365553,0.964002753634447
2156,54,H,NHB,0.151059761000,0.000052235000,0.000345790299509,-0.000345790299509,0.000395644714136,NHB,0.000,0.001,0.604355285864342,0.395644714135658
2157,54,H,NHB,0.151059761000,0.000188895000,0.001250465370457,-0.001250465370457,0.000259489120719,NHB,0.000,0.001,0.740510879281234,0.259489120718766
2158,54,H,NHB,0.151059761000,0.000165009000,0.001092342519991,-0.001092342519991,0.000372333361367,NHB,0.000,0.001,0.627666638632638,0.372333361367362
2159,54,H,NHB,0.151059761000,0.000192956000,0.001277348770597,-0.001277348770597,0.000177468817773,NHB,0.000,0.001,0.822531182227385,0.177468817772615
2160,54,H,NHB,0.182903957000,0.000243284000,0.001330118844832,-0.001330118844832,-0.000032647756401,NHB,-0.001,0.000,0.032647756400991,0.967352243599009
2161,54,H,NHB,0.182903957000,0.000245072000,0.001339894467127,-0.001339894467127,-0.000167817160726,NHB,-0.001,0.000,0.167817160726252,0.832182839273748
2162,54,H,NHB,0.182903957000,0.000132250000,0.000723057074156,-0.000723057074156,0.000165918134337,NHB,0.000,0.001,0.834081865662618,0.165918134337382
2163,54,H,NHB,0.182903957000,0.000048649000,0.000265981123634,-0.000265981123634,0.000240874453251,NHB,0.000,0.001,0.759125546748533,0.240874453251467
2164,54,H,NHB,0.182903957000,0.000191783000,0.001048544838207,-0.001048544838207,-0.000028073749514,NHB,-0.001,0.000,0.028073749514407,0.971926250485593
2165,54,H,NHB,0.182903957000,0.000141273000,0.000772388975707,-0.000772388975707,-0.000070904022883,NHB,-0.001,0.000,0.070904022882590,0.929095977117410
2166,54,H,NHB,0.182903957000,0.000000004000,0.000000021869401,-0.000000021869401,-0.000099573099064,NHB,-0.001,0.000,0.099573099063919,0.900426900936081
2167,54,H,NHB,0.182903957000,0.000116549000,0.000637214207454,-0.000637214207454,-0.000119102551041,NHB,-0.001,0.000,0.119102551040534,0.880897448959466
2168,54,H,NHB,0.176514367000,0.000126413000,0.000716162667937,-0.000716162667937,0.000035968714601,NHB,0.000,0.001,0.964031285399000,0.035968714601000
2169,54,H,NHB,0.176514367000,0.000099267000,0.000562373486573,-0.000562373486573,-0.000080157569360,NHB,-0.001,0.000,0.080157569360236,0.919842430639764
2170,54,H,NHB,0.176514367000,0.000232387000,0.001316533061584,-0.001316533061584,-0.000093704283804,NHB,-0.001,0.000,0.093704283803903,0.906295716196097
2171,54,H,NHB,0.176514367000,0.000228975000,0.001297203190265,-0.001297203190265,-0.000202523124048,NHB,-0.001,0.000,0.202523124048037,0.797476875951963
2172,54,H,NHB,0.176514367000,0.000228489000,0.001294449873307,-0.001294449873307,0.000159968497303,NHB,0.000,0.001,0.840031502697312,0.159968497302688
2173,54,H,NHB,0.176514367000,0.000055642000,0.000315226465390,-0.000315226465390,0.000412066429152,NHB,0.000,0.001,0.587933570847596,0.412066429152404
2174,54,H,NHB,0.176514367000,0.000228872000,0.001296619668358,-0.001296619668358,-0.000055301303190,NHB,-0.001,0.000,0.055301303190267,0.944698696809733
2175,54,H,NHB,0.178345189000,0.000240628000,0.001349226190789,-0.001349226190789,-0.000187999642221,NHB,-0.001,0.000,0.187999642220912,0.812000357779088
2176,54,H,NHB,0.178345189000,0.000226094000,0.001267732543097,-0.001267732543097,0.000048600960168,NHB,0.000,0.001,0.951399039832314,0.048600960167686
2177,54,H,NHB,0.178345189000,0.000019389000,0.000108716136997,-0.000108716136997,0.000077113537957,NHB,0.000,0.001,0.922886462042653,0.077113537957347
2178,54,H,NHB,0.178345189000,0.000208193000,0.001167359776663,-0.001167359776663,0.000180089557563,NHB,0.000,0.001,0.819910442436787,0.180089557563213
2179,54,H,NHB,0.178345189000,0.000092599000,0.000519212211550,-0.000519212211550,-0.000109195868791,NHB,-0.001,0.000,0.109195868790645,0.890804131209355
2180,54,H,NHB,0.178345189000,0.000069699000,0.000390809532855,-0.000390809532855,-0.000090172737015,NHB,-0.001,0.000,0.090172737015253,0.909827262984747
2181,55,H,NHB,0.070423299000,0.000069165000,0.000982132347989,-0.000982132347989,-0.000235414746499,NHB,-0.001,0.000,0.235414746498914,0.764585253501086
2182,55,H,NHB,0.070423299000,0.000087208000,0.001238340169210,-0.001238340169210,-0.000277521867839,NHB,-0.001,0.000,0.277521867838623,0.722478132161377
2183,55,H,NHB,0.180161591000,0.000245837000,0.001364536129124,-0.001364536129124,-0.000394812100861,NHB,-0.001,0.000,0.394812100860643,0.605187899139357
2184,55,H,NHB,0.180161591000,0.000191514000,0.001063012370933,-0.001063012370933,-0.000223814502062,NHB,-0.001,0.000,0.223814502061625,0.776185497938375
2185,55,H,NHB,0.151059761000,0.000149247000,0.000987999709598,-0.000987999709598,-0.000227019479466,NHB,-0.001,0.000,0.227019479465697,0.772980520534303
2186,55,H,NHB,0.151059761000,0.000105957000,0.000701424385280,-0.000701424385280,-0.000163548157831,NHB,-0.001,0.000,0.163548157831033,0.836451842168967
2187,55,H,NHB,0.151059761000,0.000204455000,0.001353470961734,-0.001353470961734,-0.000369853796362,NHB,-0.001,0.000,0.369853796361608,0.630146203638392
2188,55,H,NHB,0.151059761000,0.000202376000,0.001339708196679,-0.001339708196679,-0.000299144600868,NHB,-0.001,0.000,0.299144600868350,0.700855399131650
2189,55,H,NHB,0.151059761000,0.000083694000,0.000554045627015,-0.000554045627015,-0.000150663257706,NHB,-0.001,0.000,0.150663257706296,0.849336742293704
2190,55,H,NHB,0.151059761000,0.000043714000,0.000289382160482,-0.000289382160482,-0.000118598130804,NHB,-0.001,0.000,0.118598130804443,0.881401869195557
2191,55,H,NHB,0.151059761000,0.000197566000,0.001307866493977,-0.001307866493977,-0.000322756927118,NHB,-0.001,0.000,0.322756927117530,0.677243072882470
2192,55,H,NHB,0.151059761000,0.000180089000,0.001192170560895,-0.001192170560895,-0.000286519301632,NHB,-0.001,0.000,0.286519301631763,0.713480698368237
2193,55,H,NHB,0.151059761000,0.000000018000,0.000000119158139,-0.000000119158139,0.000005617602448,NHB,0.000,0.001,0.994382397552166,0.005617602447834
2194,55,H,NHB,0.151059761000,0.000058586000,0.000387833262890,-0.000387833262890,-0.000117428626349,NHB,-0.001,0.000,0.117428626348840,0.882571373651160
2195,55,H,NHB,0.182903957000,0.000050987000,0.000278763788582,-0.000278763788582,-0.000109824908632,NHB,-0.001,0.000,0.109824908632039,0.890175091367961
2196,55,H,NHB,0.182903957000,0.000235793000,0.001289162923905,-0.001289162923905,-0.000273807499743,NHB,-0.001,0.000,0.273807499742672,0.726192500257328
2197,55,H,NHB,0.182903957000,0.000058257000,0.000318511425097,-0.000318511425097,-0.000104767072649,NHB,-0.001,0.000,0.104767072648709,0.895232927351291
2198,55,H,NHB,0.182903957000,0.000111746000,0.000610954524073,-0.000610954524073,-0.000171237297835,NHB,-0.001,0.000,0.171237297835366,0.828762702164634
2199,55,H,NHB,0.182903957000,0.000248232000,0.001357171294003,-0.001357171294003,-0.000328776280813,NHB,-0.001,0.000,0.328776280812576,0.671223719187424
2200,55,H,NHB,0.182903957000,0.000088171000,0.000482061741289,-0.000482061741289,-0.000136088360059,NHB,-0.001,0.000,0.136088360059015,0.863911639940985
2201,55,H,NHB,0.182903957000,0.000247415000,0.001352704468827,-0.001352704468827,-0.000447516583782,NHB,-0.001,0.000,0.447516583782495,0.552483416217505
2202,55,H,NHB,0.182903957000,0.000251904000,0.001377247404221,-0.001377247404221,-0.000381146969309,NHB,-0.001,0.000,0.381146969308898,0.618853030691102
2203,55,H,NHB,0.176514367000,0.000058865000,0.000333485602336,-0.000333485602336,-0.000124706829584,NHB,-0.001,0.000,0.124706829583845,0.875293170416155
2204,55,H,NHB,0.176514367000,0.000238596000,0.001351708668564,-0.001351708668564,-0.000423516666243,NHB,-0.001,0.000,0.423516666242777,0.576483333757223
2205,55,H,NHB,0.176514367000,0.000234428000,0.001328095859755,-0.001328095859755,-0.000286231495118,NHB,-0.001,0.000,0.286231495117622,0.713768504882378
2206,55,H,NHB,0.176514367000,0.000007469000,0.000042313836131,-0.000042313836131,-0.000048689165856,NHB,-0.001,0.000,0.048689165855685,0.951310834144315
2207,55,H,NHB,0.176514367000,0.000242839000,0.001375746371965,-0.001375746371965,-0.000385821715383,NHB,-0.001,0.000,0.385821715383392,0.614178284616608
2208,55,H,NHB,0.176514367000,0.000217316000,0.001231151909578,-0.001231151909578,-0.000286086170565,NHB,-0.001,0.000,0.286086170565382,0.713913829434618
2209,55,H,NHB,0.176514367000,0.000000001000,0.000000005665261,-0.000000005665261,0.000017331418576,NHB,0.000,0.001,0.982668581423741,0.017331418576259
2210,55,H,NHB,0.176514367000,0.000214718000,0.001216433560901,-0.001216433560901,-0.000263847143152,NHB,-0.001,0.000,0.263847143151910,0.736152856848090
2211,55,H,NHB,0.176514367000,0.000017791000,0.000100790662553,-0.000100790662553,-0.000065538347754,NHB,-0.001,0.000,0.065538347754214,0.934461652245786
2212,55,H,NHB,0.178345189000,0.000190170000,0.001066302943557,-0.001066302943557,-0.000225157570618,NHB,-0.001,0.000,0.225157570617886,0.774842429382114
2213,55,H,NHB,0.178345189000,0.000061137000,0.000342801509493,-0.000342801509493,-0.000126717004073,NHB,-0.001,0.000,0.126717004073079,0.873282995926920
2214,55,H,NHB,0.178345189000,0.000089761000,0.000503299250758,-0.000503299250758,-0.000139233080213,NHB,-0.001,0.000,0.139233080213449,0.860766919786552
2215,55,H,NHB,0.178345189000,0.000233175000,0.001307436445622,-0.001307436445622,-0.000311278285477,NHB,-0.001,0.000,0.311278285476667,0.688721714523333
2216,55,H,NHB,0.178345189000,0.000119504000,0.000670071341257,-0.000670071341257,-0.000159362698453,NHB,-0.001,0.000,0.159362698452713,0.840637301547287
2217,55,H,NHB,0.178345189000,0.000121749000,0.000682659289452,-0.000682659289452,-0.000166217144696,NHB,-0.001,0.000,0.166217144696080,0.833782855303920
2218,55,H,NHB,0.178345189000,0.000013700000,0.000076817323062,-0.000076817323062,-0.000050528414206,NHB,-0.001,0.000,0.050528414206276,0.949471585793724
2219,55,H,NHB,0.178345189000,0.000245643000,0.001377345816713,-0.001377345816713,-0.000412172562225,NHB,-0.001,0.000,0.412172562225054,0.587827437774946
2220,55,H,NHB,0.178345189000,0.000241971000,0.001356756531291,-0.001356756531291,-0.000402029359656,NHB,-0.001,0.000,0.402029359655858,0.597970640344142
2221,56,H,NHB,0.070423299000,0.000065221000,0.000926128155399,-0.000926128155399,-0.000191614842714,NHB,-0.001,0.000,0.191614842713656,0.808385157286344
2222,56,H,NHB,0.070423299000,0.000092451000,0.001312789961743,-0.001312789961743,-0.000295914955187,NHB,-0.001,0.000,0.295914955187167,0.704085044812833
2223,56,H,NHB,0.180161591000,0.000235422000,0.001306726914950,-0.001306726914950,-0.000276301994323,NHB,-0.001,0.000,0.276301994322527,0.723698005677473
2224,56,H,NHB,0.180161591000,0.000246155000,0.001366301211228,-0.001366301211228,-0.000344512161188,NHB,-0.001,0.000,0.344512161187657,0.655487838812343
2225,56,H,NHB,0.151059761000,0.000150365000,0.000995400754010,-0.000995400754010,-0.000202999284746,NHB,-0.001,0.000,0.202999284745842,0.797000715254158
2226,56,H,NHB,0.151059761000,0.000206570000,0.001367472043068,-0.001367472043068,-0.000350471440632,NHB,-0.001,0.000,0.350471440631826,0.649528559368174
2227,56,H,NHB,0.151059761000,0.000157860000,0.001045016879114,-0.001045016879114,-0.000209995035693,NHB,-0.001,0.000,0.209995035693278,0.790004964306722
2228,56,H,NHB,0.151059761000,0.000208039000,0.001377196671190,-0.001377196671190,-0.000357970637960,NHB,-0.001,0.000,0.357970637959745,0.642029362040255
2229,56,H,NHB,0.151059761000,0.000008323000,0.000055097399499,-0.000055097399499,-0.000035375913543,NHB,-0.001,0.000,0.035375913543086,0.964624086456914
2230,56,H,NHB,0.151059761000,0.000042393000,0.000280637277058,-0.000280637277058,-0.000102937535113,NHB,-0.001,0.000,0.102937535113189,0.897062464886811
2231,56,H,NHB,0.151059761000,0.000054779000,0.000362631316489,-0.000362631316489,-0.000108291689842,NHB,-0.001,0.000,0.108291689841575,0.891708310158425
2232,56,H,NHB,0.151059761000,0.000187262000,0.001239655079290,-0.001239655079290,-0.000251037058353,NHB,-0.001,0.000,0.251037058353099,0.748962941646901
2233,56,H,NHB,0.151059761000,0.000194378000,0.001286762263579,-0.001286762263579,-0.000282501828635,NHB,-0.001,0.000,0.282501828635429,0.717498171364571
2234,56,H,NHB,0.182903957000,0.000004949000,0.000027057916522,-0.000027057916522,-0.000024900804712,NHB,-0.001,0.000,0.024900804712453,0.975099195287547
2235,56,H,NHB,0.182903957000,0.000119730000,0.000654605848686,-0.000654605848686,-0.000155186456155,NHB,-0.001,0.000,0.155186456154776,0.844813543845224
2236,56,H,NHB,0.182903957000,0.000190213000,0.001039961098272,-0.001039961098272,-0.000225927864860,NHB,-0.001,0.000,0.225927864859762,0.774072135140238
2237,56,H,NHB,0.182903957000,0.000254448000,0.001391156343326,-0.001391156343326,-0.000399545466576,NHB,-0.001,0.000,0.399545466575590,0.600454533424410
2238,56,H,NHB,0.182903957000,0.000251844000,0.001376919363204,-0.001376919363204,-0.000429286501079,NHB,-0.001,0.000,0.429286501078660,0.570713498921340
2239,56,H,NHB,0.182903957000,0.000017459000,0.000095454468489,-0.000095454468489,-0.000054711174568,NHB,-0.001,0.000,0.054711174568428,0.945288825431572
2240,56,H,NHB,0.182903957000,0.000174496000,0.000954030753966,-0.000954030753966,-0.000202494475128,NHB,-0.001,0.000,0.202494475128232,0.797505524871768
2241,56,H,NHB,0.182903957000,0.000069681000,0.000380970434664,-0.000380970434664,-0.000119214571338,NHB,-0.001,0.000,0.119214571337683,0.880785428662317
2242,56,H,NHB,0.182903957000,0.000227657000,0.001244680562050,-0.001244680562050,-0.000249783419931,NHB,-0.001,0.000,0.249783419930995,0.750216580069005
2243,56,H,NHB,0.176514367000,0.000025110000,0.000142254709499,-0.000142254709499,-0.000061865476926,NHB,-0.001,0.000,0.061865476925654,0.938134523074346
2244,56,H,NHB,0.176514367000,0.000243553000,0.001379791368484,-0.001379791368484,-0.000352317827883,NHB,-0.001,0.000,0.352317827882638,0.647682172117362
2245,56,H,NHB,0.176514367000,0.000051991000,0.000294542596637,-0.000294542596637,-0.000103986085717,NHB,-0.001,0.000,0.103986085716726,0.896013914283274
2246,56,H,NHB,0.176514367000,0.000247506000,0.001402186146128,-0.001402186146128,-0.000383532790793,NHB,-0.001,0.000,0.383532790792856,0.616467209207144
2247,56,H,NHB,0.176514367000,0.000084538000,0.000478929853908,-0.000478929853908,-0.000123601187929,NHB,-0.001,0.000,0.123601187929403,0.876398812070597
2248,56,H,NHB,0.176514367000,0.000161023000,0.000912237359127,-0.000912237359127,-0.000190751594550,NHB,-0.001,0.000,0.190751594550368,0.809248405449632
2249,56,H,NHB,0.176514367000,0.000000001000,0.000000005665261,-0.000000005665261,0.000020898672373,NHB,0.000,0.001,0.979101327626618,0.020898672373382
2250,56,H,NHB,0.176514367000,0.000235507000,0.001334208676623,-0.001334208676623,-0.000287150402451,NHB,-0.001,0.000,0.287150402450772,0.712849597549228
2251,56,H,NHB,0.176514367000,0.000241702000,0.001369304969946,-0.001369304969946,-0.000351839102997,NHB,-0.001,0.000,0.351839102996522,0.648160897003478
2252,56,H,NHB,0.178345189000,0.000018028000,0.000101084868625,-0.000101084868625,-0.000049932780657,NHB,-0.001,0.000,0.049932780657386,0.950067219342614
2253,56,H,NHB,0.178345189000,0.000091886000,0.000515214346488,-0.000515214346488,-0.000142848110863,NHB,-0.001,0.000,0.142848110863409,0.857151889136591
2254,56,H,NHB,0.178345189000,0.000140698000,0.000788908300745,-0.000788908300745,-0.000185081448444,NHB,-0.001,0.000,0.185081448443651,0.814918551556349
2255,56,H,NHB,0.178345189000,0.000033142000,0.000185830636564,-0.000185830636564,-0.000069535075905,NHB,-0.001,0.000,0.069535075904800,0.930464924095200
2256,56,H,NHB,0.178345189000,0.000247079000,0.001385397617875,-0.001385397617875,-0.000428252526091,NHB,-0.001,0.000,0.428252526091358,0.571747473908642
2257,56,H,NHB,0.178345189000,0.000246717000,0.001383367846273,-0.001383367846273,-0.000378926579614,NHB,-0.001,0.000,0.378926579613599,0.621073420386401
2258,56,H,NHB,0.178345189000,0.000188864000,0.001058980065899,-0.001058980065899,-0.000227467734922,NHB,-0.001,0.000,0.227467734922402,0.772532265077598
2259,56,H,NHB,0.178345189000,0.000220884000,0.001238519531917,-0.001238519531917,-0.000247770260726,NHB,-0.001,0.000,0.247770260725862,0.752229739274138
2260,56,H,NHB,0.178345189000,0.000005446000,0.000030536287693,-0.000030536287693,-0.000027139707954,NHB,-0.001,0.000,0.027139707953993,0.972860292046007
2261,56,H,NHB,0.178345189000,0.000055197000,0.000309495312486,-0.000309495312486,-0.000099613572644,NHB,-0.001,0.000,0.099613572644436,0.900386427355564
2262,57,H,NHB,0.070423299000,0.000102735000,0.001458821177917,-0.001458821177917,-0.000404433200289,NHB,-0.001,0.000,0.404433200289310,0.595566799710690
2263,57,H,NHB,0.070423299000,0.000054017000,0.000767033080913,-0.000767033080913,-0.000236009038315,NHB,-0.001,0.000,0.236009038314977,0.763990961685023
2264,57,H,NHB,0.180161591000,0.000255741000,0.001419509000673,-0.001419509000673,-0.000364970005295,NHB,-0.001,0.000,0.364970005295228,0.635029994704772
2265,57,H,NHB,0.180161591000,0.000261217000,0.001449903936517,-0.001449903936517,-0.000383584198868,NHB,-0.001,0.000,0.383584198868061,0.616415801131939
2266,57,H,NHB,0.151059761000,0.000002635000,0.000017443427572,-0.000017443427572,-0.000073166774699,NHB,-0.001,0.000,0.073166774699423,0.926833225300577
2267,57,H,NHB,0.151059761000,0.000022506000,0.000148987393142,-0.000148987393142,-0.000142299399080,NHB,-0.001,0.000,0.142299399080496,0.857700600919504
2268,57,H,NHB,0.151059761000,0.000182550000,0.001208462126456,-0.001208462126456,-0.000308520664795,NHB,-0.001,0.000,0.308520664795308,0.691479335204692
2269,57,H,NHB,0.151059761000,0.000027185000,0.000179961889388,-0.000179961889388,-0.000139836209770,NHB,-0.001,0.000,0.139836209770218,0.860163790229782
2270,57,H,NHB,0.151059761000,0.000191396000,0.001267021731883,-0.001267021731883,-0.000327203064175,NHB,-0.001,0.000,0.327203064174969,0.672796935825031
2271,57,H,NHB,0.151059761000,0.000221284000,0.001464877201812,-0.001464877201812,-0.000453730427817,NHB,-0.001,0.000,0.453730427817101,0.546269572182899
2272,57,H,NHB,0.151059761000,0.000185935000,0.001230870476486,-0.001230870476486,-0.000325293962027,NHB,-0.001,0.000,0.325293962026683,0.674706037973317
2273,57,H,NHB,0.151059761000,0.000220520000,0.001459819600800,-0.001459819600800,-0.000445613842389,NHB,-0.001,0.000,0.445613842388918,0.554386157611082
2274,57,H,NHB,0.151059761000,0.000189583000,0.001255019859326,-0.001255019859326,-0.000308114493265,NHB,-0.001,0.000,0.308114493264965,0.691885506735035
2275,57,H,NHB,0.182903957000,0.000268125000,0.001465933293067,-0.001465933293067,-0.000473767436685,NHB,-0.001,0.000,0.473767436684914,0.526232563315086
2276,57,H,NHB,0.182903957000,0.000266387000,0.001456431038285,-0.001456431038285,-0.000488778513314,NHB,-0.001,0.000,0.488778513313989,0.511221486686011
2277,57,H,NHB,0.182903957000,0.000208692000,0.001140992264044,-0.001140992264044,-0.000305857915654,NHB,-0.001,0.000,0.305857915653758,0.694142084346242
2278,57,H,NHB,0.182903957000,0.000050084000,0.000273826771282,-0.000273826771282,-0.000166151874125,NHB,-0.001,0.000,0.166151874124516,0.833848125875484
2279,57,H,NHB,0.182903957000,0.000239017000,0.001306789661199,-0.001306789661199,-0.000296235091325,NHB,-0.001,0.000,0.296235091324671,0.703764908675329
2280,57,H,NHB,0.182903957000,0.000082674000,0.000452007716815,-0.000452007716815,-0.000163934916957,NHB,-0.001,0.000,0.163934916957207,0.836065083042793
2281,57,H,NHB,0.182903957000,0.000127786000,0.000698650822519,-0.000698650822519,-0.000251775694018,NHB,-0.001,0.000,0.251775694018068,0.748224305981932
2282,57,H,NHB,0.182903957000,0.000000023000,0.000000125749056,-0.000000125749056,-0.000030342043626,NHB,-0.001,0.000,0.030342043625705,0.969657956374295
2283,57,H,NHB,0.182903957000,0.000162185000,0.000886722204703,-0.000886722204703,-0.000242271037571,NHB,-0.001,0.000,0.242271037570803,0.757728962429197
2284,57,H,NHB,0.176514367000,0.000107647000,0.000609848375685,-0.000609848375685,-0.000237825666516,NHB,-0.001,0.000,0.237825666516116,0.762174333483884
2285,57,H,NHB,0.176514367000,0.000149654000,0.000847829004197,-0.000847829004197,-0.000216252036548,NHB,-0.001,0.000,0.216252036548329,0.783747963451671
2286,57,H,NHB,0.176514367000,0.000247517000,0.001402248464002,-0.001402248464002,-0.000360134454562,NHB,-0.001,0.000,0.360134454561725,0.639865545438275
2287,57,H,NHB,0.176514367000,0.000256637000,0.001453915646424,-0.001453915646424,-0.000392293798277,NHB,-0.001,0.000,0.392293798277447,0.607706201722553
2288,57,H,NHB,0.176514367000,0.000258467000,0.001464283074476,-0.001464283074476,-0.000444582232522,NHB,-0.001,0.000,0.444582232521895,0.555417767478105
2289,57,H,NHB,0.176514367000,0.000063079000,0.000357359013162,-0.000357359013162,-0.000178261257469,NHB,-0.001,0.000,0.178261257468913,0.821738742531087
2290,57,H,NHB,0.176514367000,0.000257359000,0.001458005965033,-0.001458005965033,-0.000446328934380,NHB,-0.001,0.000,0.446328934380039,0.553671065619961
2291,57,H,NHB,0.176514367000,0.000080511000,0.000456115846933,-0.000456115846933,-0.000161043667124,NHB,-0.001,0.000,0.161043667124167,0.838956332875833
2292,57,H,NHB,0.178345189000,0.000261831000,0.001468113614211,-0.001468113614211,-0.000439140118751,NHB,-0.001,0.000,0.439140118751407,0.560859881248593
2293,57,H,NHB,0.178345189000,0.000257194000,0.001442113473552,-0.001442113473552,-0.000506678137775,NHB,-0.001,0.000,0.506678137775163,0.493321862224837
2294,57,H,NHB,0.178345189000,0.000067520000,0.000378591653515,-0.000378591653515,-0.000162616887144,NHB,-0.001,0.000,0.162616887144040,0.837383112855960
2295,57,H,NHB,0.178345189000,0.000020038000,0.000112355147410,-0.000112355147410,-0.000146274830272,NHB,-0.001,0.000,0.146274830272320,0.853725169727680
2296,57,H,NHB,0.178345189000,0.000052143000,0.000292371217258,-0.000292371217258,-0.000142948059603,NHB,-0.001,0.000,0.142948059603476,0.857051940396524
2297,57,H,NHB,0.178345189000,0.000226419000,0.001269554851855,-0.001269554851855,-0.000342401694099,NHB,-0.001,0.000,0.342401694099498,0.657598305900502
2298,57,H,NHB,0.178345189000,0.000239723000,0.001344151761784,-0.001344151761784,-0.000317761145806,NHB,-0.001,0.000,0.317761145805550,0.682238854194450
2299,57,H,NHB,0.178345189000,0.000004253000,0.000023847012773,-0.000023847012773,-0.000061206759780,NHB,-0.001,0.000,0.061206759779790,0.938793240220210
2300,57,H,NHB,0.178345189000,0.000079037000,0.000443168668822,-0.000443168668822,-0.000210002659152,NHB,-0.001,0.000,0.210002659152236,0.789997340847764
2301,57,H,NHB,0.178345189000,0.000103382000,0.000579673612614,-0.000579673612614,-0.000208293605994,NHB,-0.001,0.000,0.208293605994420,0.791706394005580
2302,58,H,NHB,0.070423299000,0.000107103000,0.001520846105207,-0.001520846105207,-0.000533873936167,NHB,-0.001,0.000,0.533873936166928,0.466126063833072
2303,58,H,NHB,0.070423299000,0.000138912000,0.001972529006345,-0.001972529006345,-0.000714271822341,NHB,-0.001,0.000,0.714271822341196,0.285728177658804
2304,58,H,NHB,0.180161591000,0.000375479000,0.002084123468914,-0.002084123468914,-0.000765267933523,NHB,-0.001,0.000,0.765267933523313,0.234732066476687
2305,58,H,NHB,0.151059761000,0.000107010000,0.000708395136412,-0.000708395136412,-0.000717884824261,NHB,-0.001,0.000,0.717884824260661,0.282115175739339
2306,58,H,NHB,0.151059761000,0.000334394000,0.002213653707555,-0.002213653707555,-0.000757010528912,NHB,-0.001,0.000,0.757010528912446,0.242989471087554
2307,58,H,NHB,0.151059761000,0.000230015000,0.001522675519128,-0.001522675519128,-0.000642735589782,NHB,-0.001,0.000,0.642735589781800,0.357264410218200
2308,58,H,NHB,0.151059761000,0.000280352000,0.001855901254868,-0.001855901254868,-0.000571219078821,NHB,-0.001,0.000,0.571219078820958,0.428780921179042
2309,58,H,NHB,0.151059761000,0.000307027000,0.002032486996984,-0.002032486996984,-0.000650690810689,NHB,-0.001,0.000,0.650690810689263,0.349309189310737
2310,58,H,NHB,0.151059761000,0.000066339000,0.000439157321320,-0.000439157321320,-0.000392903681187,NHB,-0.001,0.000,0.392903681187081,0.607096318812919
2311,58,H,NHB,0.151059761000,0.000135615000,0.000897757278988,-0.000897757278988,-0.000436736480200,NHB,-0.001,0.000,0.436736480199534,0.563263519800466
2312,58,H,NHB,0.151059761000,0.000101353000,0.000670946381280,-0.000670946381280,-0.000392249146332,NHB,-0.001,0.000,0.392249146331592,0.607750853668408
2313,58,H,NHB,0.151059761000,0.000000167000,0.000001105522734,-0.000001105522734,-0.000233991478321,NHB,-0.001,0.000,0.233991478320950,0.766008521679050
2314,58,H,NHB,0.182903957000,0.000358788000,0.001961619671246,-0.001961619671246,-0.000606499030924,NHB,-0.001,0.000,0.606499030924034,0.393500969075966
2315,58,H,NHB,0.182903957000,0.000089810000,0.000491022728393,-0.000491022728393,-0.000368498504595,NHB,-0.001,0.000,0.368498504595076,0.631501495404924
2316,58,H,NHB,0.182903957000,0.000375520000,0.002053099376084,-0.002053099376084,-0.000689971242370,NHB,-0.001,0.000,0.689971242369887,0.310028757630113
2317,58,H,NHB,0.182903957000,0.000172479000,0.000943003108457,-0.000943003108457,-0.000497086675850,NHB,-0.001,0.000,0.497086675849942,0.502913324150058
2318,58,H,NHB,0.182903957000,0.000393283000,0.002150215919057,-0.002150215919057,-0.000670236886833,NHB,-0.001,0.000,0.670236886832655,0.329763113167345
2319,58,H,NHB,0.182903957000,0.000384225000,0.002100692660247,-0.002100692660247,-0.000788503432467,NHB,-0.001,0.000,0.788503432467493,0.211496567532507
2320,58,H,NHB,0.176514367000,0.000375771000,0.002128840877865,-0.002128840877865,-0.000791805256335,NHB,-0.001,0.000,0.791805256335481,0.208194743664519
2321,58,H,NHB,0.176514367000,0.000086271000,0.000488747751621,-0.000488747751621,-0.000475944276748,NHB,-0.001,0.000,0.475944276748420,0.524055723251580
2322,58,H,NHB,0.176514367000,0.000344078000,0.001949291753685,-0.001949291753685,-0.000557937781957,NHB,-0.001,0.000,0.557937781956669,0.442062218043331
2323,58,H,NHB,0.176514367000,0.000368044000,0.002085065404336,-0.002085065404336,-0.000742971925465,NHB,-0.001,0.000,0.742971925465310,0.257028074534690
2324,58,H,NHB,0.176514367000,0.000015328000,0.000086837124142,-0.000086837124142,-0.000292246206799,NHB,-0.001,0.000,0.292246206799247,0.707753793200753
2325,58,H,NHB,0.176514367000,0.000335384000,0.001900037972546,-0.001900037972546,-0.000597512740671,NHB,-0.001,0.000,0.597512740671309,0.402487259328691
2326,58,H,NHB,0.176514367000,0.000000019000,0.000000107639963,-0.000000107639963,-0.000236975785739,NHB,-0.001,0.000,0.236975785738753,0.763024214261247
2327,58,H,NHB,0.178345189000,0.000088644000,0.000497036115732,-0.000497036115732,-0.000407742768062,NHB,-0.001,0.000,0.407742768061566,0.592257231938434
2328,58,H,NHB,0.178345189000,0.000298797000,0.001675385815986,-0.001675385815986,-0.000537516490109,NHB,-0.001,0.000,0.537516490109278,0.462483509890722
2329,58,H,NHB,0.178345189000,0.000151195000,0.000847766070101,-0.000847766070101,-0.000412867559654,NHB,-0.001,0.000,0.412867559653836,0.587132440346164
2330,58,H,NHB,0.178345189000,0.000354042000,0.001985150269459,-0.001985150269459,-0.000686648389127,NHB,-0.001,0.000,0.686648389126517,0.313351610873483
2331,58,H,NHB,0.178345189000,0.000194068000,0.001088159434455,-0.001088159434455,-0.000472279588169,NHB,-0.001,0.000,0.472279588169367,0.527720411830633
2332,58,H,NHB,0.178345189000,0.000391788000,0.002196796012255,-0.002196796012255,-0.000749379732448,NHB,-0.001,0.000,0.749379732447994,0.250620267552006
2333,58,H,NHB,0.178345189000,0.000014676000,0.000082289856442,-0.000082289856442,-0.000448045139633,NHB,-0.001,0.000,0.448045139632916,0.551954860367084
2334,58,H,NHB,0.178345189000,0.000380532000,0.002133682451058,-0.002133682451058,-0.000709535654975,NHB,-0.001,0.000,0.709535654974538,0.290464345025462
2335,59,H,NHB,0.070423299000,0.000010785000,0.000153145339016,-0.000153145339016,0.000286369140496,NHB,0.000,0.001,0.713630859503605,0.286369140496395
2336,59,H,NHB,0.070423299000,0.000044831000,0.000636593295636,-0.000636593295636,0.000015530629939,NHB,0.000,0.001,0.984469370061203,0.015530629938797
2337,59,H,NHB,0.070423299000,0.000004937000,0.000070104639659,-0.000070104639659,0.000239721248574,NHB,0.000,0.001,0.760278751426045,0.239721248573955
2338,59,H,NHB,0.180161591000,0.000093104000,0.000516780516220,-0.000516780516220,-0.000044835840023,NHB,-0.001,0.000,0.044835840022590,0.955164159977410
2339,59,H,NHB,0.180161591000,0.000216101000,0.001199484300735,-0.001199484300735,-0.000005451884327,NHB,-0.001,0.000,0.005451884327225,0.994548115672775
2340,59,H,NHB,0.151059761000,0.000003565000,0.000023599931421,-0.000023599931421,0.000173122264421,NHB,0.000,0.001,0.826877735578894,0.173122264421106
2341,59,H,NHB,0.151059761000,0.000093717000,0.000620396850754,-0.000620396850754,0.000136422587821,NHB,0.000,0.001,0.863577412179092,0.136422587820908
2342,59,H,NHB,0.151059761000,0.000014564000,0.000096412174252,-0.000096412174252,0.000339373848297,NHB,0.000,0.001,0.660626151702984,0.339373848297016
2343,59,H,NHB,0.151059761000,0.000013953000,0.000092367417422,-0.000092367417422,0.000120644605798,NHB,0.000,0.001,0.879355394202212,0.120644605797788
2344,59,H,NHB,0.151059761000,0.000124504000,0.000824203607736,-0.000824203607736,-0.000022764171254,NHB,-0.001,0.000,0.022764171254320,0.977235828745680
2345,59,H,NHB,0.151059761000,0.000058725000,0.000388753428519,-0.000388753428519,0.000062767994234,NHB,0.000,0.001,0.937232005766360,0.062767994233640
2346,59,H,NHB,0.151059761000,0.000150948000,0.000999260153735,-0.000999260153735,-0.000060814921866,NHB,-0.001,0.000,0.060814921865802,0.939185078134198
2347,59,H,NHB,0.151059761000,0.000118100000,0.000781809789835,-0.000781809789835,0.000185006772992,NHB,0.000,0.001,0.814993227007567,0.185006772992433
2348,59,H,NHB,0.151059761000,0.000126014000,0.000834199651620,-0.000834199651620,0.000269946256439,NHB,0.000,0.001,0.730053743560768,0.269946256439232
2349,59,H,NHB,0.182903957000,0.000216372000,0.001182981514172,-0.001182981514172,0.000006031731923,NHB,0.000,0.001,0.993968268076994,0.006031731923006
2350,59,H,NHB,0.182903957000,0.000198435000,0.001084913652251,-0.001084913652251,0.000006602893562,NHB,0.000,0.001,0.993397106438037,0.006602893561963
2351,59,H,NHB,0.182903957000,0.000201516000,0.001101758558455,-0.001101758558455,0.000210414601143,NHB,0.000,0.001,0.789585398857149,0.210414601142851
2352,59,H,NHB,0.182903957000,0.000122186000,0.000668033660967,-0.000668033660967,0.000432874109020,NHB,0.000,0.001,0.567125890980358,0.432874109019642
2353,59,H,NHB,0.182903957000,0.000004999000,0.000027331284036,-0.000027331284036,-0.000030457712638,NHB,-0.001,0.000,0.030457712638112,0.969542287361888
2354,59,H,NHB,0.182903957000,0.000067388000,0.000368433800478,-0.000368433800478,0.000050069121145,NHB,0.000,0.001,0.949930878855143,0.050069121144857
2355,59,H,NHB,0.182903957000,0.000207778000,0.001135995105890,-0.001135995105890,-0.000053658142284,NHB,-0.001,0.000,0.053658142283656,0.946341857716344
2356,59,H,NHB,0.176514367000,0.000197776000,0.001120452705133,-0.001120452705133,0.000037246133897,NHB,0.000,0.001,0.962753866103116,0.037246133896884
2357,59,H,NHB,0.176514367000,0.000009887000,0.000056012437786,-0.000056012437786,0.000458535686402,NHB,0.000,0.001,0.541464313598062,0.458535686401938
2358,59,H,NHB,0.176514367000,0.000151980000,0.000861006401819,-0.000861006401819,-0.000047071922976,NHB,-0.001,0.000,0.047071922976075,0.952928077023925
2359,59,H,NHB,0.176514367000,0.000007926000,0.000044902860513,-0.000044902860513,0.000102668070843,NHB,0.000,0.001,0.897331929157336,0.102668070842664
2360,59,H,NHB,0.176514367000,0.000209540000,0.001187098838249,-0.001187098838249,-0.000090007348374,NHB,-0.001,0.000,0.090007348374070,0.909992651625930
2361,59,H,NHB,0.176514367000,0.000157649000,0.000893122767735,-0.000893122767735,0.000063127825756,NHB,0.000,0.001,0.936872174244021,0.063127825755979
2362,59,H,NHB,0.176514367000,0.000165211000,0.000935963473160,-0.000935963473160,0.000166663967388,NHB,0.000,0.001,0.833336032611699,0.166663967388301
2363,59,H,NHB,0.178345189000,0.000200406000,0.001123697258803,-0.001123697258803,-0.000062915544110,NHB,-0.001,0.000,0.062915544110019,0.937084455889981
2364,59,H,NHB,0.178345189000,0.000181126000,0.001015592296129,-0.001015592296129,0.000128757161030,NHB,0.000,0.001,0.871242838969574,0.128757161030426
2365,59,H,NHB,0.178345189000,0.000160799000,0.000901616695699,-0.000901616695699,0.000272406160515,NHB,0.000,0.001,0.727593839485121,0.272406160514879
2366,59,H,NHB,0.178345189000,0.000156713000,0.000878706069273,-0.000878706069273,0.000368274956793,NHB,0.000,0.001,0.631725043206787,0.368274956793213
2367,59,H,NHB,0.178345189000,0.000097608000,0.000547298194851,-0.000547298194851,0.000044891267286,NHB,0.000,0.001,0.955108732714164,0.044891267285836
2368,59,H,NHB,0.178345189000,0.000011513000,0.000064554586892,-0.000064554586892,0.000064532417303,NHB,0.000,0.001,0.935467582696586,0.064532417303414
2369,59,H,NHB,0.178345189000,0.000170347000,0.000955153323480,-0.000955153323480,-0.000021975650393,NHB,-0.001,0.000,0.021975650393230,0.978024349606770
2370,60,H,NHB,0.070423299000,0.000092283000,0.001310404387616,-0.001310404387616,-0.000294067926957,NHB,-0.001,0.000,0.294067926956928,0.705932073043072
2371,60,H,NHB,0.070423299000,0.000091489000,0.001299129709899,-0.001299129709899,-0.000535469167499,NHB,-0.001,0.000,0.535469167498613,0.464530832501387
2372,60,H,NHB,0.180161591000,0.000267075000,0.001482419191114,-0.001482419191114,-0.001023674967709,NHB,-0.002,-0.001,0.023674967709215,0.976325032290785
2373,60,H,NHB,0.180161591000,0.000231882000,0.001287077887761,-0.001287077887761,-0.000205177610547,NHB,-0.001,0.000,0.205177610546888,0.794822389453112
2374,60,H,NHB,0.151059761000,0.000228628000,0.001513493722527,-0.001513493722527,-0.000735636509466,NHB,-0.001,0.000,0.735636509466405,0.264363490533595
2375,60,H,NHB,0.151059761000,0.000225417000,0.001492237234507,-0.001492237234507,-0.000409038003749,NHB,-0.001,0.000,0.409038003749214,0.590961996250786
2376,60,H,NHB,0.151059761000,0.000133057000,0.000880823583456,-0.000880823583456,-0.000750089147451,NHB,-0.001,0.000,0.750089147450744,0.249910852549256
2377,60,H,NHB,0.151059761000,0.000095455000,0.000631902231065,-0.000631902231065,-0.000316787306151,NHB,-0.001,0.000,0.316787306150592,0.683212693849408
2378,60,H,NHB,0.151059761000,0.000131876000,0.000873005485557,-0.000873005485557,-0.000273802966828,NHB,-0.001,0.000,0.273802966828353,0.726197033171647
2379,60,H,NHB,0.151059761000,0.000096357000,0.000637873377808,-0.000637873377808,-0.000127453468880,NHB,-0.001,0.000,0.127453468880305,0.872546531119695
2380,60,H,NHB,0.151059761000,0.000233287000,0.001544335820841,-0.001544335820841,-0.000459349901234,NHB,-0.001,0.000,0.459349901234437,0.540650098765563
2381,60,H,NHB,0.151059761000,0.000220305000,0.001458396323029,-0.001458396323029,-0.000299343718032,NHB,-0.001,0.000,0.299343718031930,0.700656281968070
2382,60,H,NHB,0.182903957000,0.000096202000,0.000525970031365,-0.000525970031365,-0.000611247133638,NHB,-0.001,0.000,0.611247133637841,0.388752866362159
2383,60,H,NHB,0.182903957000,0.000291580000,0.001594169993818,-0.001594169993818,-0.000937759157681,NHB,-0.001,0.000,0.937759157680974,0.062240842319026
2384,60,H,NHB,0.182903957000,0.000107748000,0.000589096057665,-0.000589096057665,-0.000082923770890,NHB,-0.001,0.000,0.082923770889986,0.917076229110015
2385,60,H,NHB,0.182903957000,0.000346298000,0.001893332466284,-0.001893332466284,-0.001500943783616,NHB,-0.002,-0.001,0.500943783615987,0.499056216384013
2386,60,H,NHB,0.182903957000,0.000102510000,0.000560458076913,-0.000560458076913,-0.000089716393847,NHB,-0.001,0.000,0.089716393846921,0.910283606153079
2387,60,H,NHB,0.182903957000,0.000112373000,0.000614382552697,-0.000614382552697,-0.001803121553463,NHB,-0.002,-0.001,0.803121553462910,0.196878446537090
2388,60,H,NHB,0.182903957000,0.000279389000,0.001527517526589,-0.001527517526589,-0.000658111245297,NHB,-0.001,0.000,0.658111245297037,0.341888754702963
2389,60,H,NHB,0.182903957000,0.000281748000,0.001540415005893,-0.001540415005893,-0.000416086656487,NHB,-0.001,0.000,0.416086656486919,0.583913343513081
2390,60,H,NHB,0.176514367000,0.000271837000,0.001540027617129,-0.001540027617129,-0.000927236911929,NHB,-0.001,0.000,0.927236911929266,0.072763088070734
2391,60,H,NHB,0.176514367000,0.000262601000,0.001487703264403,-0.001487703264403,-0.000307471857478,NHB,-0.001,0.000,0.307471857477718,0.692528142522282
2392,60,H,NHB,0.176514367000,0.000027512000,0.000155862666975,-0.000155862666975,-0.001144186883774,NHB,-0.002,-0.001,0.144186883774364,0.855813116225636
2393,60,H,NHB,0.176514367000,0.000000001000,0.000000005665261,-0.000000005665261,-0.000055635617576,NHB,-0.001,0.000,0.055635617576470,0.944364382423530
2394,60,H,NHB,0.176514367000,0.000028386000,0.000160814105290,-0.000160814105290,-0.000246113974954,NHB,-0.001,0.000,0.246113974954148,0.753886025045852
2395,60,H,NHB,0.176514367000,0.000000010000,0.000000056652612,-0.000000056652612,0.000064558254886,NHB,0.000,0.001,0.935441745114470,0.064558254885530
2396,60,H,NHB,0.176514367000,0.000276174000,0.001564597855086,-0.001564597855086,-0.000685547058166,NHB,-0.001,0.000,0.685547058166199,0.314452941833801
2397,60,H,NHB,0.176514367000,0.000252376000,0.001429775968321,-0.001429775968321,-0.000274124730590,NHB,-0.001,0.000,0.274124730590426,0.725875269409574
2398,60,H,NHB,0.176514367000,0.000270532000,0.001532634451223,-0.001532634451223,-0.001464168804314,NHB,-0.002,-0.001,0.464168804313631,0.535831195686369
2399,60,H,NHB,0.176514367000,0.000036594000,0.000207314569471,-0.000207314569471,-0.000029417910871,NHB,-0.001,0.000,0.029417910871457,0.970582089128543
2400,60,H,NHB,0.178345189000,0.000250537000,0.001404786983068,-0.001404786983068,-0.000551800994499,NHB,-0.001,0.000,0.551800994499419,0.448199005500581
2401,60,H,NHB,0.178345189000,0.000122762000,0.000688339285676,-0.000688339285676,-0.000101707346625,NHB,-0.001,0.000,0.101707346625267,0.898292653374733
2402,60,H,NHB,0.178345189000,0.000130163000,0.000729837461441,-0.000729837461441,-0.001120440167308,NHB,-0.002,-0.001,0.120440167307979,0.879559832692021
2403,60,H,NHB,0.178345189000,0.000285428000,0.001600424444306,-0.001600424444306,-0.001233086214388,NHB,-0.002,-0.001,0.233086214388345,0.766913785611655
2404,60,H,NHB,0.178345189000,0.000115309000,0.000646549540509,-0.000646549540509,-0.000158184771119,NHB,-0.001,0.000,0.158184771119229,0.841815228880771
2405,60,H,NHB,0.178345189000,0.000136156000,0.000763440834953,-0.000763440834953,-0.002004886210233,NHB,-0.003,-0.002,0.004886210232965,0.995113789767035
2406,60,H,NHB,0.178345189000,0.000279554000,0.001567488316155,-0.001567488316155,-0.000555721261528,NHB,-0.001,0.000,0.555721261527808,0.444278738472192
2407,60,H,NHB,0.178345189000,0.000001878000,0.000010530141074,-0.000010530141074,-0.000431913671262,NHB,-0.001,0.000,0.431913671261533,0.568086328738467
2408,60,H,NHB,0.178345189000,0.000002246000,0.000012593555299,-0.000012593555299,-0.000022526308697,NHB,-0.001,0.000,0.022526308697231,0.977473691302769
2409,60,H,NHB,0.178345189000,0.000277371000,0.001555248008400,-0.001555248008400,-0.000474158462678,NHB,-0.001,0.000,0.474158462677751,0.525841537322249
2410,61,H,NHB,0.070423299000,0.000091964000,0.001305874636745,-0.001305874636745,-0.000260238587840,NHB,-0.001,0.000,0.260238587839909,0.739761412160092
2411,61,H,NHB,0.180161591000,0.000303540000,0.001684820822880,-0.001684820822880,-0.000238947542735,NHB,-0.001,0.000,0.238947542735280,0.761052457264720
2412,61,H,NHB,0.180161591000,0.000268400000,0.001489773699878,-0.001489773699878,-0.000178787916591,NHB,-0.001,0.000,0.178787916591107,0.821212083408893
2413,61,H,NHB,0.151059761000,0.000108919000,0.000721032519044,-0.000721032519044,-0.000191825300131,NHB,-0.001,0.000,0.191825300130896,0.808174699869104
2414,61,H,NHB,0.151059761000,0.000253537000,0.001678388727227,-0.001678388727227,-0.000328322933825,NHB,-0.001,0.000,0.328322933824879,0.671677066175121
2415,61,H,NHB,0.151059761000,0.000068353000,0.000452489793096,-0.000452489793096,-0.000181821893064,NHB,-0.001,0.000,0.181821893063866,0.818178106936134
2416,61,H,NHB,0.151059761000,0.000237392000,0.001571510496432,-0.001571510496432,-0.000290993677484,NHB,-0.001,0.000,0.290993677484225,0.709006322515775
2417,61,H,NHB,0.151059761000,0.000044156000,0.000292308154784,-0.000292308154784,0.000009425889844,NHB,0.000,0.001,0.990574110155815,0.009425889844185
2418,61,H,NHB,0.151059761000,0.000104575000,0.000692275688163,-0.000692275688163,0.000008733888899,NHB,0.000,0.001,0.991266111100994,0.008733888899006
2419,61,H,NHB,0.182903957000,0.000261162000,0.001427864133087,-0.001427864133087,-0.000021871376100,NHB,-0.001,0.000,0.021871376100147,0.978128623899853
2420,61,H,NHB,0.182903957000,0.000100089000,0.000547221621892,-0.000547221621892,0.000173640874778,NHB,0.000,0.001,0.826359125221886,0.173640874778114
2421,61,H,NHB,0.182903957000,0.000319056000,0.001744390910034,-0.001744390910034,-0.000249366841471,NHB,-0.001,0.000,0.249366841471011,0.750633158528989
2422,61,H,NHB,0.182903957000,0.000319414000,0.001746348221433,-0.001746348221433,-0.000219858847624,NHB,-0.001,0.000,0.219858847623817,0.780141152376183
2423,61,H,NHB,0.182903957000,0.000039354000,0.000215162102808,-0.000215162102808,-0.000085668176476,NHB,-0.001,0.000,0.085668176476169,0.914331823523831
2424,61,H,NHB,0.182903957000,0.000286017000,0.001563755124226,-0.001563755124226,-0.000263216771123,NHB,-0.001,0.000,0.263216771122518,0.736783228877482
2425,61,H,NHB,0.182903957000,0.000118219000,0.000646344682417,-0.000646344682417,-0.000142089893977,NHB,-0.001,0.000,0.142089893977093,0.857910106022907
2426,61,H,NHB,0.176514367000,0.000005214000,0.000029538672056,-0.000029538672056,-0.000076836321968,NHB,-0.001,0.000,0.076836321967910,0.923163678032090
2427,61,H,NHB,0.176514367000,0.000313518000,0.001776161370479,-0.001776161370479,-0.000345517852755,NHB,-0.001,0.000,0.345517852755485,0.654482147244515
2428,61,H,NHB,0.176514367000,0.000289846000,0.001642053306630,-0.001642053306630,-0.000258483839873,NHB,-0.001,0.000,0.258483839873132,0.741516160126868
2429,61,H,NHB,0.176514367000,0.000263076000,0.001490394263488,-0.001490394263488,-0.000145598980490,NHB,-0.001,0.000,0.145598980489651,0.854401019510349
2430,61,H,NHB,0.176514367000,0.000055069000,0.000311980270705,-0.000311980270705,-0.000122779104139,NHB,-0.001,0.000,0.122779104138985,0.877220895861015
2431,61,H,NHB,0.176514367000,0.000254927000,0.001444228049720,-0.001444228049720,-0.000085263471412,NHB,-0.001,0.000,0.085263471411935,0.914736528588065
2432,61,H,NHB,0.176514367000,0.000175307000,0.000993159950544,-0.000993159950544,-0.000124661348396,NHB,-0.001,0.000,0.124661348396175,0.875338651603825
2433,61,H,NHB,0.178345189000,0.000117939000,0.000661296223696,-0.000661296223696,0.000093035864365,NHB,0.000,0.001,0.906964135634859,0.093035864365141
2434,61,H,NHB,0.178345189000,0.000207146000,0.001161489138908,-0.001161489138908,0.000087076377433,NHB,0.000,0.001,0.912923622567109,0.087076377432891
2435,61,H,NHB,0.178345189000,0.000312867000,0.001754277767482,-0.001754277767482,-0.000332320649604,NHB,-0.001,0.000,0.332320649603824,0.667679350396176
2436,61,H,NHB,0.178345189000,0.000307002000,0.001721392103266,-0.001721392103266,-0.000109812390981,NHB,-0.001,0.000,0.109812390981230,0.890187609018770
2437,61,H,NHB,0.178345189000,0.000229282000,0.001285607990244,-0.001285607990244,-0.000243157985978,NHB,-0.001,0.000,0.243157985977819,0.756842014022181
2438,61,H,NHB,0.178345189000,0.000109822000,0.000615783361557,-0.000615783361557,-0.000171666985357,NHB,-0.001,0.000,0.171666985357132,0.828333014642868
2439,61,H,NHB,0.178345189000,0.000073899000,0.000414359369122,-0.000414359369122,-0.000096784935495,NHB,-0.001,0.000,0.096784935495377,0.903215064504623
2440,62,H,NHB,0.070423299000,0.000136853000,0.001943291523449,-0.001943291523449,-0.000623935569596,NHB,-0.001,0.000,0.623935569596442,0.376064430403558
2441,62,H,NHB,0.180161591000,0.000198217000,0.001100217859422,-0.001100217859422,-0.000375532621326,NHB,-0.001,0.000,0.375532621325565,0.624467378674435
2442,62,H,NHB,0.180161591000,0.000077982000,0.000432844756572,-0.000432844756572,-0.000232093210836,NHB,-0.001,0.000,0.232093210836180,0.767906789163820
2443,62,H,NHB,0.180161591000,0.000055515000,0.000308140040793,-0.000308140040793,-0.000551268106693,NHB,-0.001,0.000,0.551268106692871,0.448731893307129
2444,62,H,NHB,0.180161591000,0.000182106000,0.001010792583420,-0.001010792583420,-0.000343545753291,NHB,-0.001,0.000,0.343545753291419,0.656454246708581
2445,62,H,NHB,0.151059761000,0.000291927000,0.001932526558148,-0.001932526558148,-0.000574572581326,NHB,-0.001,0.000,0.574572581326372,0.425427418673628
2446,62,H,NHB,0.151059761000,0.000290810000,0.001925132133633,-0.001925132133633,-0.000584847383558,NHB,-0.001,0.000,0.584847383557907,0.415152616442093
2447,62,H,NHB,0.151059761000,0.000291979000,0.001932870792772,-0.001932870792772,-0.000614266704712,NHB,-0.001,0.000,0.614266704711964,0.385733295288036
2448,62,H,NHB,0.151059761000,0.000294525000,0.001949725049545,-0.001949725049545,-0.000626227888790,NHB,-0.001,0.000,0.626227888789858,0.373772111210142
2449,62,H,NHB,0.151059761000,0.000004979000,0.000032960465229,-0.000032960465229,-0.000261456621459,NHB,-0.001,0.000,0.261456621459130,0.738543378540870
2450,62,H,NHB,0.151059761000,0.000000618000,0.000004091096106,-0.000004091096106,-0.000165901024006,NHB,-0.001,0.000,0.165901024006224,0.834098975993776
2451,62,H,NHB,0.182903957000,0.000070066000,0.000383075364520,-0.000383075364520,-0.000447744425513,NHB,-0.001,0.000,0.447744425513420,0.552255574486580
2452,62,H,NHB,0.182903957000,0.000203494000,0.001112572977303,-0.001112572977303,-0.000339573386503,NHB,-0.001,0.000,0.339573386502962,0.660426613497038
2453,62,H,NHB,0.182903957000,0.000241820000,0.001322114644026,-0.001322114644026,-0.000377577574726,NHB,-0.001,0.000,0.377577574726407,0.622422425273593
2454,62,H,NHB,0.182903957000,0.000256352000,0.001401566178254,-0.001401566178254,-0.000379508258170,NHB,-0.001,0.000,0.379508258170244,0.620491741829756
2455,62,H,NHB,0.182903957000,0.000208614000,0.001140565810722,-0.001140565810722,-0.000327864098721,NHB,-0.001,0.000,0.327864098721318,0.672135901278682
2456,62,H,NHB,0.182903957000,0.000339481000,0.001856061539445,-0.001856061539445,-0.000563337809191,NHB,-0.001,0.000,0.563337809191193,0.436662190808807
2457,62,H,NHB,0.182903957000,0.000317682000,0.001736878770753,-0.001736878770753,-0.000500851143882,NHB,-0.001,0.000,0.500851143882198,0.499148856117802
2458,62,H,NHB,0.176514367000,0.000337563000,0.001912382576768,-0.001912382576768,-0.000481818018517,NHB,-0.001,0.000,0.481818018516590,0.518181981483411
2459,62,H,NHB,0.176514367000,0.000301139000,0.001706031101706,-0.001706031101706,-0.000443823595250,NHB,-0.001,0.000,0.443823595249631,0.556176404750369
2460,62,H,NHB,0.176514367000,0.000342118000,0.001938187841673,-0.001938187841673,-0.000586248296031,NHB,-0.001,0.000,0.586248296031251,0.413751703968749
2461,62,H,NHB,0.176514367000,0.000331544000,0.001878283369421,-0.001878283369421,-0.000540386358570,NHB,-0.001,0.000,0.540386358569602,0.459613641430398
2462,62,H,NHB,0.176514367000,0.000019606000,0.000111073111686,-0.000111073111686,-0.000231753947468,NHB,-0.001,0.000,0.231753947467820,0.768246052532180
2463,62,H,NHB,0.176514367000,0.000000681000,0.000003858042898,-0.000003858042898,-0.000106006590421,NHB,-0.001,0.000,0.106006590420791,0.893993409579209
2464,62,H,NHB,0.176514367000,0.000143669000,0.000813922415732,-0.000813922415732,-0.000458445741902,NHB,-0.001,0.000,0.458445741901758,0.541554258098242
2465,62,H,NHB,0.176514367000,0.000067231000,0.000380881177791,-0.000380881177791,-0.000268736343095,NHB,-0.001,0.000,0.268736343094630,0.731263656905370
2466,62,H,NHB,0.176514367000,0.000014857000,0.000084168786102,-0.000084168786102,-0.000173396766875,NHB,-0.001,0.000,0.173396766874998,0.826603233125002
2467,62,H,NHB,0.178345189000,0.000344105000,0.001929432478271,-0.001929432478271,-0.000535380172286,NHB,-0.001,0.000,0.535380172285684,0.464619827714316
2468,62,H,NHB,0.178345189000,0.000338736000,0.001899327937576,-0.001899327937576,-0.000522561969807,NHB,-0.001,0.000,0.522561969806550,0.477438030193450
2469,62,H,NHB,0.178345189000,0.000026831000,0.000150444204021,-0.000150444204021,-0.000221103985429,NHB,-0.001,0.000,0.221103985429122,0.778896014570878
2470,62,H,NHB,0.178345189000,0.000337054000,0.001889896788862,-0.001889896788862,-0.000500393270534,NHB,-0.001,0.000,0.500393270533899,0.499606729466101
2471,62,H,NHB,0.178345189000,0.000343879000,0.001928165272796,-0.001928165272796,-0.000612691471743,NHB,-0.001,0.000,0.612691471743452,0.387308528256548
2472,62,H,NHB,0.178345189000,0.000035083000,0.000196714025182,-0.000196714025182,-0.000197073262127,NHB,-0.001,0.000,0.197073262127229,0.802926737872771
2473,62,H,NHB,0.178345189000,0.000186436000,0.001045366017695,-0.001045366017695,-0.000415793121517,NHB,-0.001,0.000,0.415793121516918,0.584206878483082
