segment,atom,element,atom_class,area_square_angstrom,native_xtb_charge_electron,native_xtb_raw_sigma,tm_nist_raw_sigma,nist_hsieh_averaged_sigma,pre_probability_partition,left_bin,right_bin,left_weight,right_weight
1,1,C,NHB,0.241185721000,-0.000055504000,-0.000230129709876,0.000230129709876,-0.000719988072130,NHB,-0.001,0.000,0.719988072129761,0.280011927870239
2,1,C,NHB,0.241185721000,-0.000152067000,-0.000630497524354,0.000630497524354,0.000490041287771,NHB,0.000,0.001,0.509958712228792,0.490041287771208
3,1,C,NHB,0.241185721000,-0.000170956000,-0.000708814764370,0.000708814764370,0.000486925412352,NHB,0.000,0.001,0.513074587647623,0.486925412352377
4,1,C,NHB,0.617017436000,0.000027251000,0.000044165688699,-0.000044165688699,-0.000096118291870,NHB,-0.001,0.000,0.096118291870121,0.903881708129879
5,1,C,NHB,0.617017436000,0.000029654000,0.000048060230181,-0.000048060230181,-0.000081886026412,NHB,-0.001,0.000,0.081886026412367,0.918113973587633
6,1,C,NHB,0.617017436000,-0.000108154000,-0.000175285160013,0.000175285160013,0.000074633782661,NHB,0.000,0.001,0.925366217339012,0.074633782660988
7,1,C,NHB,0.617017436000,-0.000001236000,-0.000002003184882,0.000002003184882,-0.000051742544303,NHB,-0.001,0.000,0.051742544303242,0.948257455696758
8,1,C,NHB,0.517349488000,-0.000264760000,-0.000511762369812,0.000511762369812,0.000363131338824,NHB,0.000,0.001,0.636868661176090,0.363131338823910
9,1,C,NHB,0.517349488000,-0.000333789000,-0.000645190548637,0.000645190548637,0.000495429156584,NHB,0.000,0.001,0.504570843416356,0.495429156583644
10,1,C,NHB,0.517349488000,-0.000265912000,-0.000513989104402,0.000513989104402,0.000407767040229,NHB,0.000,0.001,0.592232959770749,0.407767040229251
11,1,C,NHB,0.517349488000,-0.000369289000,-0.000713809539906,0.000713809539906,0.000526740233364,NHB,0.000,0.001,0.473259766636188,0.526740233363812
12,1,C,NHB,0.517349488000,-0.000333838000,-0.000645285262175,0.000645285262175,0.000427878323238,NHB,0.000,0.001,0.572121676761842,0.427878323238158
13,1,C,NHB,0.517349488000,-0.000394454000,-0.000762451706534,0.000762451706534,0.000521255968505,NHB,0.000,0.001,0.478744031495191,0.521255968504809
14,1,C,NHB,0.517349488000,-0.000299360000,-0.000578641724683,0.000578641724683,0.000391239697653,NHB,0.000,0.001,0.608760302346523,0.391239697653477
15,1,C,NHB,0.517349488000,-0.000318075000,-0.000614816497122,0.000614816497122,0.000503340762105,NHB,0.000,0.001,0.496659237894511,0.503340762105489
16,1,C,NHB,0.517349488000,-0.000023839000,-0.000046079102334,0.000046079102334,-0.000600496758599,NHB,-0.001,0.000,0.600496758598537,0.399503241401463
17,1,C,NHB,0.517349488000,-0.000102053000,-0.000197261237069,0.000197261237069,-0.000708477886687,NHB,-0.001,0.000,0.708477886687271,0.291522113312729
18,1,C,NHB,0.517349488000,0.000035532000,0.000068680845007,-0.000068680845007,-0.000576812771602,NHB,-0.001,0.000,0.576812771601761,0.423187228398239
19,1,C,NHB,0.517349488000,-0.000029072000,-0.000056194121526,0.000056194121526,-0.000675731469878,NHB,-0.001,0.000,0.675731469878137,0.324268530121863
20,1,C,NHB,0.626409493000,0.000175468000,0.000280117083092,-0.000280117083092,-0.000289663225335,NHB,-0.001,0.000,0.289663225335091,0.710336774664909
21,1,C,NHB,0.626409493000,0.000169358000,0.000270363080210,-0.000270363080210,-0.000288390490464,NHB,-0.001,0.000,0.288390490464015,0.711609509535985
22,1,C,NHB,0.626409493000,0.000100056000,0.000159729380091,-0.000159729380091,-0.000190732461920,NHB,-0.001,0.000,0.190732461920341,0.809267538079659
23,1,C,NHB,0.626409493000,0.000180897000,0.000288783937698,-0.000288783937698,-0.000287638539601,NHB,-0.001,0.000,0.287638539600851,0.712361460399149
24,1,C,NHB,0.626409493000,0.000073795000,0.000117806324496,-0.000117806324496,-0.000129231067106,NHB,-0.001,0.000,0.129231067105974,0.870768932894026
25,1,C,NHB,0.626409493000,0.000152661000,0.000243707992465,-0.000243707992465,-0.000219303475658,NHB,-0.001,0.000,0.219303475657893,0.780696524342107
26,1,C,NHB,0.626409493000,-0.000008696000,-0.000013882292809,0.000013882292809,-0.000001981513857,NHB,-0.001,0.000,0.001981513857396,0.998018486142604
27,1,C,NHB,0.626409493000,0.000044332000,0.000070771596688,-0.000070771596688,-0.000064702411360,NHB,-0.001,0.000,0.064702411359500,0.935297588640500
28,1,C,NHB,0.626409493000,-0.000000070000,-0.000000111747987,0.000000111747987,0.000015124089098,NHB,0.000,0.001,0.984875910902468,0.015124089097532
29,1,C,NHB,0.626409493000,-0.000167005000,-0.000266606751440,0.000266606751440,0.000190544771014,NHB,0.000,0.001,0.809455228985917,0.190544771014083
30,1,C,NHB,0.626409493000,-0.000000026000,-0.000000041506395,0.000000041506395,0.000309171828798,NHB,0.000,0.001,0.690828171201568,0.309171828798432
31,1,C,NHB,0.626409493000,-0.000054395000,-0.000086836168046,0.000086836168046,0.000255011620258,NHB,0.000,0.001,0.744988379742063,0.255011620257937
32,1,C,NHB,0.626409493000,-0.000011148000,-0.000017796665160,0.000017796665160,0.000048324547151,NHB,0.000,0.001,0.951675452849475,0.048324547150525
33,1,C,NHB,0.604526425000,-0.000178391000,-0.000295092145889,0.000295092145889,0.000162838283312,NHB,0.000,0.001,0.837161716688326,0.162838283311674
34,1,C,NHB,0.604526425000,-0.000151830000,-0.000251155274147,0.000251155274147,0.000186171911870,NHB,0.000,0.001,0.813828088129627,0.186171911870373
35,1,C,NHB,0.604526425000,-0.000269080000,-0.000445108747728,0.000445108747728,0.000463960534605,NHB,0.000,0.001,0.536039465395100,0.463960534604900
36,1,C,NHB,0.604526425000,-0.000281522000,-0.000465690147457,0.000465690147457,0.000285991752137,NHB,0.000,0.001,0.714008247863336,0.285991752136664
37,1,C,NHB,0.604526425000,-0.000205486000,-0.000339912353707,0.000339912353707,0.000474253178105,NHB,0.000,0.001,0.525746821895334,0.474253178104666
38,1,C,NHB,0.604526425000,-0.000208149000,-0.000344317454775,0.000344317454775,0.000203020109337,NHB,0.000,0.001,0.796979890662817,0.203020109337183
39,1,C,NHB,0.604526425000,0.000008904000,0.000014728884680,-0.000014728884680,-0.000111262116545,NHB,-0.001,0.000,0.111262116544825,0.888737883455175
40,1,C,NHB,0.604526425000,-0.000000944000,-0.000001561552913,0.000001561552913,-0.000089613184616,NHB,-0.001,0.000,0.089613184616391,0.910386815383609
41,1,C,NHB,0.604526425000,0.000009012000,0.000014907536920,-0.000014907536920,-0.000227970087156,NHB,-0.001,0.000,0.227970087155875,0.772029912844125
42,1,C,NHB,0.604526425000,0.000146388000,0.000242153186273,-0.000242153186273,-0.000319341129448,NHB,-0.001,0.000,0.319341129448342,0.680658870551658
43,1,C,NHB,0.604526425000,0.000106012000,0.000175363715490,-0.000175363715490,-0.000465908889495,NHB,-0.001,0.000,0.465908889495490,0.534091110504510
44,1,C,NHB,0.604526425000,0.000112594000,0.000186251577009,-0.000186251577009,-0.000231093445231,NHB,-0.001,0.000,0.231093445230726,0.768906554769274
45,1,C,NHB,0.604526425000,0.000131245000,0.000217103826355,-0.000217103826355,-0.000387662786379,NHB,-0.001,0.000,0.387662786378631,0.612337213621369
46,1,C,NHB,0.610796623000,0.000096252000,0.000157584368308,-0.000157584368308,-0.000316506108077,NHB,-0.001,0.000,0.316506108076684,0.683493891923316
47,1,C,NHB,0.610796623000,0.000154563000,0.000253051497307,-0.000253051497307,-0.000367751938723,NHB,-0.001,0.000,0.367751938723090,0.632248061276910
48,1,C,NHB,0.610796623000,0.000041008000,0.000067138550633,-0.000067138550633,-0.000552928244024,NHB,-0.001,0.000,0.552928244024338,0.447071755975662
49,1,C,NHB,0.610796623000,-0.000115418000,-0.000188963061769,0.000188963061769,0.000138145154876,NHB,0.000,0.001,0.861854845124485,0.138145154875515
50,1,C,NHB,0.610796623000,-0.000540037000,-0.000884151908613,0.000884151908613,0.000506452333544,NHB,0.000,0.001,0.493547666455763,0.506452333544237
51,1,C,NHB,0.610796623000,-0.000234012000,-0.000383125890334,0.000383125890334,0.000244386494816,NHB,0.000,0.001,0.755613505183845,0.244386494816155
52,1,C,NHB,0.610796623000,-0.000409034000,-0.000669672988680,0.000669672988680,0.000493072175477,NHB,0.000,0.001,0.506927824522773,0.493072175477227
53,1,C,NHB,0.610796623000,0.000119904000,0.000196307568649,-0.000196307568649,-0.000516545595928,NHB,-0.001,0.000,0.516545595927845,0.483454404072155
54,1,C,NHB,0.610796623000,0.000184579000,0.000302193877716,-0.000302193877716,-0.000418487613846,NHB,-0.001,0.000,0.418487613846318,0.581512386153682
55,1,C,NHB,0.610796623000,-0.000051766000,-0.000084751614614,0.000084751614614,0.000319149071126,NHB,0.000,0.001,0.680850928874391,0.319149071125609
56,1,C,NHB,0.610796623000,-0.000287400000,-0.000470533053356,0.000470533053356,0.000410884681696,NHB,0.000,0.001,0.589115318304453,0.410884681695547
57,1,C,NHB,0.610796623000,-0.000313381000,-0.000513069306868,0.000513069306868,0.000465442971530,NHB,0.000,0.001,0.534557028469769,0.465442971530231
58,1,C,NHB,0.610796623000,-0.000050712000,-0.000083025999310,0.000083025999310,0.000330204923468,NHB,0.000,0.001,0.669795076532341,0.330204923467659
59,2,C,NHB,0.241185721000,0.000048940000,0.000202914168372,-0.000202914168372,-0.000601412599587,NHB,-0.001,0.000,0.601412599586725,0.398587400413275
60,2,C,NHB,0.241185721000,-0.000171970000,-0.000713018993359,0.000713018993359,0.000457763343049,NHB,0.000,0.001,0.542236656951181,0.457763343048819
61,2,C,NHB,0.241185721000,-0.000151128000,-0.000626604259047,0.000626604259047,0.000448369063363,NHB,0.000,0.001,0.551630936637133,0.448369063362867
62,2,C,NHB,0.617017436000,0.000094794000,0.000153632611445,-0.000153632611445,-0.000191110543685,NHB,-0.001,0.000,0.191110543685015,0.808889456314985
63,2,C,NHB,0.617017436000,0.000157654000,0.000255509797295,-0.000255509797295,-0.000329451330723,NHB,-0.001,0.000,0.329451330723229,0.670548669276771
64,2,C,NHB,0.517349488000,-0.000327326000,-0.000632698026368,0.000632698026368,0.000489620623018,NHB,0.000,0.001,0.510379376982171,0.489620623017829
65,2,C,NHB,0.517349488000,-0.000476924000,-0.000921860388504,0.000921860388504,0.000489113824199,NHB,0.000,0.001,0.510886175800906,0.489113824199094
66,2,C,NHB,0.517349488000,-0.000278571000,-0.000538458056810,0.000538458056810,0.000371018313508,NHB,0.000,0.001,0.628981686492326,0.371018313507674
67,2,C,NHB,0.517349488000,-0.000336343000,-0.000650127250150,0.000650127250150,0.000409365735225,NHB,0.000,0.001,0.590634264775142,0.409365735224858
68,2,C,NHB,0.517349488000,-0.000325020000,-0.000628240691329,0.000628240691329,0.000484388611451,NHB,0.000,0.001,0.515611388548813,0.484388611451187
69,2,C,NHB,0.517349488000,-0.000383188000,-0.000740675324685,0.000740675324685,0.000480958976636,NHB,0.000,0.001,0.519041023363663,0.480958976636337
70,2,C,NHB,0.517349488000,-0.000251691000,-0.000486500916379,0.000486500916379,0.000325795623454,NHB,0.000,0.001,0.674204376545579,0.325795623454421
71,2,C,NHB,0.517349488000,-0.000331979000,-0.000641691946547,0.000641691946547,0.000352529192663,NHB,0.000,0.001,0.647470807336720,0.352529192663280
72,2,C,NHB,0.517349488000,0.000038505000,0.000074427443910,-0.000074427443910,-0.000628937064749,NHB,-0.001,0.000,0.628937064749122,0.371062935250878
73,2,C,NHB,0.517349488000,0.000182160000,0.000352102407029,-0.000352102407029,-0.000430741148067,NHB,-0.001,0.000,0.430741148066979,0.569258851933021
74,2,C,NHB,0.517349488000,-0.000046595000,-0.000090064842202,0.000090064842202,-0.000692210734319,NHB,-0.001,0.000,0.692210734318559,0.307789265681441
75,2,C,NHB,0.517349488000,0.000175590000,0.000339403061321,-0.000339403061321,-0.000561985929851,NHB,-0.001,0.000,0.561985929850979,0.438014070149021
76,2,C,NHB,0.517349488000,0.000046819000,0.000090497818372,-0.000090497818372,-0.000289592944608,NHB,-0.001,0.000,0.289592944608425,0.710407055391575
77,2,C,NHB,0.517349488000,0.000060007000,0.000115989290396,-0.000115989290396,-0.000246632112922,NHB,-0.001,0.000,0.246632112921601,0.753367887078399
78,2,C,NHB,0.626409493000,0.000082350000,0.000131463524931,-0.000131463524931,-0.000535570035715,NHB,-0.001,0.000,0.535570035714628,0.464429964285372
79,2,C,NHB,0.626409493000,0.000017900000,0.000028575556725,-0.000028575556725,-0.000591740730201,NHB,-0.001,0.000,0.591740730201455,0.408259269798545
80,2,C,NHB,0.626409493000,-0.000130144000,-0.000207761857785,0.000207761857785,0.000082469609587,NHB,0.000,0.001,0.917530390413039,0.082469609586961
81,2,C,NHB,0.626409493000,-0.000092527000,-0.000147710085869,0.000147710085869,0.000230046273794,NHB,0.000,0.001,0.769953726205862,0.230046273794138
82,2,C,NHB,0.626409493000,-0.000104401000,-0.000166665737296,0.000166665737296,0.000057619014135,NHB,0.000,0.001,0.942380985865011,0.057619014134989
83,2,C,NHB,0.626409493000,0.000067338000,0.000107498370878,-0.000107498370878,-0.000099367212894,NHB,-0.001,0.000,0.099367212893878,0.900632787106122
84,2,C,NHB,0.626409493000,-0.000168878000,-0.000269596808297,0.000269596808297,0.000110817053045,NHB,0.000,0.001,0.889182946955126,0.110817053044874
85,2,C,NHB,0.626409493000,-0.000355513000,-0.000567540888146,0.000567540888146,0.000446461385031,NHB,0.000,0.001,0.553538614968759,0.446461385031241
86,2,C,NHB,0.626409493000,0.000176096000,0.000281119622177,-0.000281119622177,-0.000260802159913,NHB,-0.001,0.000,0.260802159912908,0.739197840087092
87,2,C,NHB,0.626409493000,-0.000037387000,-0.000059684599959,0.000059684599959,-0.000070079972205,NHB,-0.001,0.000,0.070079972204681,0.929920027795319
88,2,C,NHB,0.604526425000,-0.000547205000,-0.000905179620560,0.000905179620560,0.000465890959238,NHB,0.000,0.001,0.534109040762158,0.465890959237842
89,2,C,NHB,0.604526425000,-0.000164782000,-0.000272580309455,0.000272580309455,0.000177475475755,NHB,0.000,0.001,0.822524524245041,0.177475475754959
90,2,C,NHB,0.604526425000,-0.000364065000,-0.000602231738670,0.000602231738670,0.000345005829801,NHB,0.000,0.001,0.654994170198989,0.345005829801011
91,2,C,NHB,0.604526425000,-0.000227654000,-0.000376582380166,0.000376582380166,0.000441134190931,NHB,0.000,0.001,0.558865809069249,0.441134190930751
92,2,C,NHB,0.604526425000,-0.000227007000,-0.000375512120913,0.000375512120913,0.000444322011664,NHB,0.000,0.001,0.555677988336080,0.444322011663920
93,2,C,NHB,0.604526425000,-0.000043991000,-0.000072769358263,0.000072769358263,0.000039026837316,NHB,0.000,0.001,0.960973162683794,0.039026837316206
94,2,C,NHB,0.604526425000,-0.000202630000,-0.000335187994470,0.000335187994470,0.000224953003113,NHB,0.000,0.001,0.775046996886650,0.224953003113350
95,2,C,NHB,0.604526425000,0.000126274000,0.000208880860750,-0.000208880860750,-0.000541404954874,NHB,-0.001,0.000,0.541404954874178,0.458595045125822
96,2,C,NHB,0.604526425000,-0.000010554000,-0.000017458293903,0.000017458293903,-0.000126780035951,NHB,-0.001,0.000,0.126780035951441,0.873219964048559
97,2,C,NHB,0.604526425000,0.000013053000,0.000021592108236,-0.000021592108236,-0.000646987965558,NHB,-0.001,0.000,0.646987965557743,0.353012034442257
98,2,C,NHB,0.604526425000,0.000109063000,0.000180410641272,-0.000180410641272,-0.000193970029532,NHB,-0.001,0.000,0.193970029531774,0.806029970468226
99,2,C,NHB,0.604526425000,0.000123324000,0.000204001007896,-0.000204001007896,-0.000221787115802,NHB,-0.001,0.000,0.221787115801824,0.778212884198176
100,2,C,NHB,0.610796623000,-0.000187059000,-0.000306254149018,0.000306254149018,-0.000767033794076,NHB,-0.001,0.000,0.767033794076010,0.232966205923990
101,2,C,NHB,0.610796623000,0.000179534000,0.000293934172586,-0.000293934172586,-0.000364782347524,NHB,-0.001,0.000,0.364782347523688,0.635217652476312
102,2,C,NHB,0.610796623000,-0.000235311000,-0.000385252621149,0.000385252621149,0.000334413056188,NHB,0.000,0.001,0.665586943811867,0.334413056188133
103,2,C,NHB,0.610796623000,-0.000374965000,-0.000613895011662,0.000613895011662,0.000454552103138,NHB,0.000,0.001,0.545447896862345,0.454552103137655
104,2,C,NHB,0.610796623000,-0.000309028000,-0.000505942548409,0.000505942548409,0.000306383497970,NHB,0.000,0.001,0.693616502029566,0.306383497970434
105,2,C,NHB,0.610796623000,-0.000056507000,-0.000092513609068,0.000092513609068,0.000388390015880,NHB,0.000,0.001,0.611609984120054,0.388390015879946
106,2,C,NHB,0.610796623000,-0.000001722000,-0.000002819269025,0.000002819269025,-0.000179971505074,NHB,-0.001,0.000,0.179971505073510,0.820028494926490
107,2,C,NHB,0.610796623000,-0.000065292000,-0.000106896465274,0.000106896465274,-0.000034392064267,NHB,-0.001,0.000,0.034392064266666,0.965607935733334
108,2,C,NHB,0.610796623000,-0.000102911000,-0.000168486524196,0.000168486524196,0.000495446626181,NHB,0.000,0.001,0.504553373819403,0.495446626180597
109,2,C,NHB,0.610796623000,-0.000240691000,-0.000394060790346,0.000394060790346,0.000250381347669,NHB,0.000,0.001,0.749618652331139,0.250381347668861
110,2,C,NHB,0.610796623000,-0.000480169000,-0.000786135649607,0.000786135649607,0.000520385888952,NHB,0.000,0.001,0.479614111047852,0.520385888952148
111,2,C,NHB,0.610796623000,-0.000157168000,-0.000257316419380,0.000257316419380,0.000122059175570,NHB,0.000,0.001,0.877940824430127,0.122059175569873
112,2,C,NHB,0.610796623000,0.000168680000,0.000276163936813,-0.000276163936813,-0.000257529715548,NHB,-0.001,0.000,0.257529715548327,0.742470284451673
113,2,C,NHB,0.610796623000,0.000183486000,0.000300404411371,-0.000300404411371,-0.000416486817264,NHB,-0.001,0.000,0.416486817264318,0.583513182735682
114,3,C,NHB,0.241185721000,-0.000117281000,-0.000486268422167,0.000486268422167,0.000459712116382,NHB,0.000,0.001,0.540287883618391,0.459712116381609
115,3,C,NHB,0.241185721000,-0.000133424000,-0.000553200245217,0.000553200245217,0.000419476867163,NHB,0.000,0.001,0.580523132836588,0.419476867163412
116,3,C,NHB,0.617017436000,0.000000275000,0.000000445692429,-0.000000445692429,-0.000067806580144,NHB,-0.001,0.000,0.067806580143746,0.932193419856254
117,3,C,NHB,0.517349488000,-0.000253031000,-0.000489091041683,0.000489091041683,0.000474608430162,NHB,0.000,0.001,0.525391569838159,0.474608430161841
118,3,C,NHB,0.517349488000,-0.000246982000,-0.000477398752156,0.000477398752156,0.000413353416586,NHB,0.000,0.001,0.586646583413726,0.413353416586274
119,3,C,NHB,0.517349488000,-0.000188662000,-0.000364670313542,0.000364670313542,0.000438665246914,NHB,0.000,0.001,0.561334753086405,0.438665246913595
120,3,C,NHB,0.517349488000,-0.000233081000,-0.000450529101519,0.000450529101519,0.000441507904060,NHB,0.000,0.001,0.558492095940421,0.441507904059579
121,3,C,NHB,0.517349488000,-0.000285720000,-0.000552276568601,0.000552276568601,0.000446673498733,NHB,0.000,0.001,0.553326501267197,0.446673498732803
122,3,C,NHB,0.517349488000,-0.000264840000,-0.000511917004159,0.000511917004159,0.000422829401529,NHB,0.000,0.001,0.577170598471344,0.422829401528656
123,3,C,NHB,0.517349488000,-0.000221871000,-0.000428860963713,0.000428860963713,0.000373153244228,NHB,0.000,0.001,0.626846755772477,0.373153244227523
124,3,C,NHB,0.517349488000,-0.000194718000,-0.000376376133574,0.000376376133574,0.000426022574788,NHB,0.000,0.001,0.573977425211548,0.426022574788452
125,3,C,NHB,0.626409493000,0.000047193000,0.000075338896564,-0.000075338896564,0.000171150508311,NHB,0.000,0.001,0.828849491689322,0.171150508310678
126,3,C,NHB,0.626409493000,0.000000010000,0.000000015963998,-0.000000015963998,0.000273234267454,NHB,0.000,0.001,0.726765732545825,0.273234267454175
127,3,C,NHB,0.626409493000,-0.000000332000,-0.000000530004739,0.000000530004739,0.000403724308149,NHB,0.000,0.001,0.596275691851433,0.403724308148567
128,3,C,NHB,0.626409493000,0.000026890000,0.000042927191079,-0.000042927191079,0.000024397441797,NHB,0.000,0.001,0.975602558203386,0.024397441796614
129,3,C,NHB,0.604526425000,-0.000085510000,-0.000141449565253,0.000141449565253,0.000469009454634,NHB,0.000,0.001,0.530990545365947,0.469009454634053
130,3,C,NHB,0.604526425000,-0.000000428000,-0.000000707992211,0.000000707992211,0.000330338386669,NHB,0.000,0.001,0.669661613330543,0.330338386669457
131,3,C,NHB,0.604526425000,-0.000020525000,-0.000033952196548,0.000033952196548,0.000319565901592,NHB,0.000,0.001,0.680434098407693,0.319565901592307
132,3,C,NHB,0.604526425000,-0.000120254000,-0.000198922652554,0.000198922652554,0.000405994958673,NHB,0.000,0.001,0.594005041326882,0.405994958673118
133,3,C,NHB,0.604526425000,-0.000245721000,-0.000406468584066,0.000406468584066,0.000482899090727,NHB,0.000,0.001,0.517100909272660,0.482899090727340
134,3,C,NHB,0.604526425000,-0.000102475000,-0.000169512854628,0.000169512854628,0.000374475084196,NHB,0.000,0.001,0.625524915804261,0.374475084195739
135,3,C,NHB,0.604526425000,-0.000042465000,-0.000070245068278,0.000070245068278,0.000241951239444,NHB,0.000,0.001,0.758048760556341,0.241951239443659
136,3,C,NHB,0.604526425000,0.000075495000,0.000124882878362,-0.000124882878362,-0.000180462623115,NHB,-0.001,0.000,0.180462623115176,0.819537376884824
137,3,C,NHB,0.604526425000,0.000032063000,0.000053038210861,-0.000053038210861,-0.000320772675065,NHB,-0.001,0.000,0.320772675065090,0.679227324934910
138,3,C,NHB,0.610796623000,-0.000018940000,-0.000031008684866,0.000031008684866,0.000438380442428,NHB,0.000,0.001,0.561619557572411,0.438380442427589
139,3,C,NHB,0.610796623000,-0.000280192000,-0.000458732071281,0.000458732071281,0.000402538331366,NHB,0.000,0.001,0.597461668634452,0.402538331365548
140,3,C,NHB,0.610796623000,-0.000154469000,-0.000252897599927,0.000252897599927,0.000445863643816,NHB,0.000,0.001,0.554136356184071,0.445863643815929
141,3,C,NHB,0.610796623000,-0.000171590000,-0.000280928206769,0.000280928206769,0.000427239941230,NHB,0.000,0.001,0.572760058769830,0.427239941230170
142,3,C,NHB,0.610796623000,-0.000074127000,-0.000121361181789,0.000121361181789,0.000424688231272,NHB,0.000,0.001,0.575311768728177,0.424688231271823
143,3,C,NHB,0.610796623000,-0.000138387000,-0.000226568050295,0.000226568050295,0.000371221962157,NHB,0.000,0.001,0.628778037843375,0.371221962156625
144,3,C,NHB,0.610796623000,-0.000260918000,-0.000427176559553,0.000427176559553,0.000414236052904,NHB,0.000,0.001,0.585763947095900,0.414236052904100
145,3,C,NHB,0.610796623000,-0.000024009000,-0.000039307682944,0.000039307682944,0.000286900899422,NHB,0.000,0.001,0.713099100578457,0.286900899421543
146,4,C,NHB,0.241185721000,0.000039464000,0.000163624943618,-0.000163624943618,-0.000551443415787,NHB,-0.001,0.000,0.551443415787337,0.448556584212663
147,4,C,NHB,0.241185721000,-0.000166768000,-0.000691450552332,0.000691450552332,0.000404273181989,NHB,0.000,0.001,0.595726818010763,0.404273181989237
148,4,C,NHB,0.241185721000,-0.000131235000,-0.000544124251866,0.000544124251866,0.000418572422071,NHB,0.000,0.001,0.581427577928601,0.418572422071399
149,4,C,NHB,0.617017436000,0.000133866000,0.000216956591807,-0.000216956591807,-0.000217573906435,NHB,-0.001,0.000,0.217573906435011,0.782426093564989
150,4,C,NHB,0.617017436000,-0.000042529000,-0.000068926739373,0.000068926739373,0.000094674600236,NHB,0.000,0.001,0.905325399763958,0.094674600236042
151,4,C,NHB,0.617017436000,0.000204488000,0.000331413649063,-0.000331413649063,-0.000354299529486,NHB,-0.001,0.000,0.354299529486134,0.645700470513866
152,4,C,NHB,0.617017436000,-0.000001689000,-0.000002737361866,0.000002737361866,-0.000158737175183,NHB,-0.001,0.000,0.158737175183160,0.841262824816840
153,4,C,NHB,0.517349488000,-0.000374873000,-0.000724603017293,0.000724603017293,0.000420193755545,NHB,0.000,0.001,0.579806244455104,0.420193755544896
154,4,C,NHB,0.517349488000,-0.000416863000,-0.000805766719924,0.000805766719924,0.000434703875885,NHB,0.000,0.001,0.565296124115231,0.434703875884769
155,4,C,NHB,0.517349488000,-0.000292247000,-0.000564892798348,0.000564892798348,0.000331819983019,NHB,0.000,0.001,0.668180016980970,0.331819983019030
156,4,C,NHB,0.517349488000,-0.000302675000,-0.000585049385417,0.000585049385417,0.000389905304507,NHB,0.000,0.001,0.610094695493461,0.389905304506539
157,4,C,NHB,0.517349488000,-0.000315785000,-0.000610390088953,0.000610390088953,0.000423944163661,NHB,0.000,0.001,0.576055836339071,0.423944163660929
158,4,C,NHB,0.517349488000,-0.000299826000,-0.000579542469751,0.000579542469751,0.000456356412727,NHB,0.000,0.001,0.543643587272885,0.456356412727115
159,4,C,NHB,0.517349488000,-0.000226859000,-0.000438502415218,0.000438502415218,0.000296669866451,NHB,0.000,0.001,0.703330133549194,0.296669866450806
160,4,C,NHB,0.517349488000,-0.000243060000,-0.000469817803318,0.000469817803318,0.000342426451802,NHB,0.000,0.001,0.657573548198350,0.342426451801650
161,4,C,NHB,0.517349488000,0.000032569000,0.000062953575398,-0.000062953575398,-0.000645472288130,NHB,-0.001,0.000,0.645472288129922,0.354527711870078
162,4,C,NHB,0.517349488000,0.000151532000,0.000292900647463,-0.000292900647463,-0.000322731157339,NHB,-0.001,0.000,0.322731157339271,0.677268842660729
163,4,C,NHB,0.517349488000,-0.000043315000,-0.000083724833995,0.000083724833995,-0.000694293590309,NHB,-0.001,0.000,0.694293590308735,0.305706409691265
164,4,C,NHB,0.517349488000,0.000167239000,0.000323261168473,-0.000323261168473,-0.000381864875934,NHB,-0.001,0.000,0.381864875934316,0.618135124065684
165,4,C,NHB,0.626409493000,0.000120952000,0.000193087750667,-0.000193087750667,-0.000585943164373,NHB,-0.001,0.000,0.585943164373283,0.414056835626717
166,4,C,NHB,0.626409493000,0.000057284000,0.000091448167118,-0.000091448167118,-0.000637904078290,NHB,-0.001,0.000,0.637904078289547,0.362095921710453
167,4,C,NHB,0.626409493000,-0.000169423000,-0.000270466846198,0.000270466846198,0.000076871632667,NHB,0.000,0.001,0.923128367332952,0.076871632667048
168,4,C,NHB,0.626409493000,-0.000084689000,-0.000135197504103,0.000135197504103,0.000031785569546,NHB,0.000,0.001,0.968214430454371,0.031785569545629
169,4,C,NHB,0.626409493000,0.000096448000,0.000153969569551,-0.000153969569551,-0.000121507456434,NHB,-0.001,0.000,0.121507456433528,0.878492543566472
170,4,C,NHB,0.626409493000,-0.000144155000,-0.000230129015621,0.000230129015621,0.000112927458687,NHB,0.000,0.001,0.887072541313370,0.112927458686630
171,4,C,NHB,0.626409493000,-0.000357635000,-0.000570928448557,0.000570928448557,0.000376516348971,NHB,0.000,0.001,0.623483651029461,0.376516348970539
172,4,C,NHB,0.626409493000,0.000170733000,0.000272558129958,-0.000272558129958,-0.000269089730434,NHB,-0.001,0.000,0.269089730433859,0.730910269566141
173,4,C,NHB,0.626409493000,0.000000865000,0.000001380885842,-0.000001380885842,-0.000045971262812,NHB,-0.001,0.000,0.045971262812304,0.954028737187696
174,4,C,NHB,0.604526425000,-0.000429287000,-0.000710121149791,0.000710121149791,0.000423941804322,NHB,0.000,0.001,0.576058195678067,0.423941804321933
175,4,C,NHB,0.604526425000,-0.000157317000,-0.000260231800454,0.000260231800454,0.000136145858065,NHB,0.000,0.001,0.863854141934956,0.136145858065044
176,4,C,NHB,0.604526425000,-0.000268994000,-0.000444966487611,0.000444966487611,0.000326341424716,NHB,0.000,0.001,0.673658575283539,0.326341424716461
177,4,C,NHB,0.604526425000,-0.000278026000,-0.000459907108279,0.000459907108279,0.000392576971660,NHB,0.000,0.001,0.607423028340433,0.392576971659567
178,4,C,NHB,0.604526425000,-0.000145893000,-0.000241334363506,0.000241334363506,0.000422492531891,NHB,0.000,0.001,0.577507468108522,0.422492531891478
179,4,C,NHB,0.604526425000,-0.000005519000,-0.000009129460304,0.000009129460304,0.000012000690344,NHB,0.000,0.001,0.987999309656425,0.012000690343575
180,4,C,NHB,0.604526425000,-0.000134093000,-0.000221814952092,0.000221814952092,0.000170087085497,NHB,0.000,0.001,0.829912914502646,0.170087085497354
181,4,C,NHB,0.604526425000,0.000155910000,0.000257904358771,-0.000257904358771,-0.000561027084048,NHB,-0.001,0.000,0.561027084047771,0.438972915952229
182,4,C,NHB,0.604526425000,0.000018364000,0.000030377497559,-0.000030377497559,-0.000093025091378,NHB,-0.001,0.000,0.093025091378156,0.906974908621844
183,4,C,NHB,0.604526425000,0.000026256000,0.000043432344583,-0.000043432344583,-0.000664924685787,NHB,-0.001,0.000,0.664924685786970,0.335075314213030
184,4,C,NHB,0.604526425000,0.000112924000,0.000186797458854,-0.000186797458854,-0.000241410253938,NHB,-0.001,0.000,0.241410253937533,0.758589746062467
185,4,C,NHB,0.604526425000,0.000059952000,0.000099171843481,-0.000099171843481,-0.000312177071800,NHB,-0.001,0.000,0.312177071800183,0.687822928199816
186,4,C,NHB,0.604526425000,0.000169251000,0.000279972872981,-0.000279972872981,-0.000319383314656,NHB,-0.001,0.000,0.319383314656284,0.680616685343716
187,4,C,NHB,0.610796623000,-0.000166397000,-0.000272426195126,0.000272426195126,-0.000793627875117,NHB,-0.001,0.000,0.793627875116931,0.206372124883069
188,4,C,NHB,0.610796623000,0.000114182000,0.000186939474942,-0.000186939474942,-0.000312187016942,NHB,-0.001,0.000,0.312187016942060,0.687812983057940
189,4,C,NHB,0.610796623000,0.000198967000,0.000325750000095,-0.000325750000095,-0.000565109673102,NHB,-0.001,0.000,0.565109673102207,0.434890326897793
190,4,C,NHB,0.610796623000,-0.000333855000,-0.000546589466000,0.000546589466000,0.000325620256244,NHB,0.000,0.001,0.674379743755545,0.325620256244455
191,4,C,NHB,0.610796623000,-0.000258579000,-0.000423347134321,0.000423347134321,0.000441791770706,NHB,0.000,0.001,0.558208229294064,0.441791770705936
192,4,C,NHB,0.610796623000,-0.000316824000,-0.000518706207713,0.000518706207713,0.000274832545584,NHB,0.000,0.001,0.725167454415756,0.274832545584244
193,4,C,NHB,0.610796623000,-0.000027747000,-0.000045427559608,0.000045427559608,0.000350390082111,NHB,0.000,0.001,0.649609917888914,0.350390082111086
194,4,C,NHB,0.610796623000,-0.000165008000,-0.000270152115756,0.000270152115756,0.000400901385173,NHB,0.000,0.001,0.599098614826990,0.400901385173010
195,4,C,NHB,0.610796623000,-0.000228868000,-0.000374704101794,0.000374704101794,0.000239555951105,NHB,0.000,0.001,0.760444048894743,0.239555951105257
196,4,C,NHB,0.610796623000,-0.000445453000,-0.000729298400198,0.000729298400198,0.000443024312794,NHB,0.000,0.001,0.556975687206336,0.443024312793664
197,4,C,NHB,0.610796623000,-0.000134226000,-0.000219755635420,0.000219755635420,0.000119729022001,NHB,0.000,0.001,0.880270977999051,0.119729022000949
198,4,C,NHB,0.610796623000,0.000145304000,0.000237892605375,-0.000237892605375,-0.000262429243457,NHB,-0.001,0.000,0.262429243456867,0.737570756543133
199,4,C,NHB,0.610796623000,0.000165086000,0.000270279817837,-0.000270279817837,-0.000369769425502,NHB,-0.001,0.000,0.369769425502301,0.630230574497699
200,5,C,NHB,0.241185721000,0.000072571000,0.000300892605495,-0.000300892605495,-0.000387729486811,NHB,-0.001,0.000,0.387729486811493,0.612270513188507
201,5,C,NHB,0.241185721000,-0.000153534000,-0.000636579973986,0.000636579973986,0.000455498278918,NHB,0.000,0.001,0.544501721081941,0.455498278918059
202,5,C,NHB,0.241185721000,-0.000136955000,-0.000567840415395,0.000567840415395,0.000369887113450,NHB,0.000,0.001,0.630112886550420,0.369887113449580
203,5,C,NHB,0.617017436000,0.000160389000,0.000259942411093,-0.000259942411093,-0.000220888564403,NHB,-0.001,0.000,0.220888564403077,0.779111435596923
204,5,C,NHB,0.617017436000,-0.000000002000,-0.000000003241399,0.000000003241399,-0.000063770355685,NHB,-0.001,0.000,0.063770355685096,0.936229644314904
205,5,C,NHB,0.617017436000,0.000179549000,0.000290995018170,-0.000290995018170,-0.000522856019329,NHB,-0.001,0.000,0.522856019328842,0.477143980671158
206,5,C,NHB,0.517349488000,-0.000395028000,-0.000763561207970,0.000763561207970,0.000448283363796,NHB,0.000,0.001,0.551716636204099,0.448283363795901
207,5,C,NHB,0.517349488000,-0.000363003000,-0.000701659146128,0.000701659146128,0.000416906156882,NHB,0.000,0.001,0.583093843117898,0.416906156882102
208,5,C,NHB,0.517349488000,-0.000280285000,-0.000541771097684,0.000541771097684,0.000427889671735,NHB,0.000,0.001,0.572110328264572,0.427889671735428
209,5,C,NHB,0.517349488000,-0.000273227000,-0.000528128482462,0.000528128482462,0.000398173928024,NHB,0.000,0.001,0.601826071976425,0.398173928023575
210,5,C,NHB,0.517349488000,-0.000342421000,-0.000661875594627,0.000661875594627,0.000441204315112,NHB,0.000,0.001,0.558795684887827,0.441204315112173
211,5,C,NHB,0.517349488000,-0.000314579000,-0.000608058976179,0.000608058976179,0.000367751408992,NHB,0.000,0.001,0.632248591008448,0.367751408991552
212,5,C,NHB,0.517349488000,-0.000267145000,-0.000516372406268,0.000516372406268,0.000343296826517,NHB,0.000,0.001,0.656703173483487,0.343296826516513
213,5,C,NHB,0.517349488000,-0.000185188000,-0.000357955317045,0.000357955317045,0.000227359901205,NHB,0.000,0.001,0.772640098795012,0.227359901204988
214,5,C,NHB,0.517349488000,0.000104925000,0.000202812610109,-0.000202812610109,-0.000247426752338,NHB,-0.001,0.000,0.247426752337974,0.752573247662026
215,5,C,NHB,0.517349488000,0.000123569000,0.000238850144566,-0.000238850144566,-0.000467715676704,NHB,-0.001,0.000,0.467715676704079,0.532284323295921
216,5,C,NHB,0.517349488000,0.000142761000,0.000275946924297,-0.000275946924297,-0.000307094318681,NHB,-0.001,0.000,0.307094318681372,0.692905681318628
217,5,C,NHB,0.517349488000,0.000070258000,0.000135803748974,-0.000135803748974,-0.000570932741645,NHB,-0.001,0.000,0.570932741645269,0.429067258354731
218,5,C,NHB,0.517349488000,0.000014048000,0.000027153791249,-0.000027153791249,-0.000422487909144,NHB,-0.001,0.000,0.422487909143848,0.577512090856152
219,5,C,NHB,0.626409493000,0.000092880000,0.000148273615004,-0.000148273615004,-0.000654471180020,NHB,-0.001,0.000,0.654471180019818,0.345528819980182
220,5,C,NHB,0.626409493000,-0.000106128000,-0.000169422719780,0.000169422719780,-0.000785406296747,NHB,-0.001,0.000,0.785406296747272,0.214593703252728
221,5,C,NHB,0.626409493000,-0.000129486000,-0.000206711426706,0.000206711426706,0.000100362683478,NHB,0.000,0.001,0.899637316522113,0.100362683477887
222,5,C,NHB,0.626409493000,0.000088639000,0.000141503283380,-0.000141503283380,-0.000130750471485,NHB,-0.001,0.000,0.130750471484915,0.869249528515085
223,5,C,NHB,0.626409493000,-0.000171000000,-0.000272984368709,0.000272984368709,0.000147872934283,NHB,0.000,0.001,0.852127065716870,0.147872934283130
224,5,C,NHB,0.626409493000,-0.000030538000,-0.000048750857612,0.000048750857612,0.000007439029585,NHB,0.000,0.001,0.992560970414776,0.007439029585224
225,5,C,NHB,0.626409493000,-0.000033088000,-0.000052821677145,0.000052821677145,0.000360943213044,NHB,0.000,0.001,0.639056786956392,0.360943213043608
226,5,C,NHB,0.626409493000,-0.000050688000,-0.000080918313925,0.000080918313925,-0.000001879871685,NHB,-0.001,0.000,0.001879871684798,0.998120128315202
227,5,C,NHB,0.626409493000,0.000160099000,0.000255582014304,-0.000255582014304,-0.000289972146604,NHB,-0.001,0.000,0.289972146603875,0.710027853396125
228,5,C,NHB,0.604526425000,-0.000208950000,-0.000345642458888,0.000345642458888,0.000401450753181,NHB,0.000,0.001,0.598549246819177,0.401450753180823
229,5,C,NHB,0.604526425000,-0.000000941000,-0.000001556590351,0.000001556590351,0.000353312671518,NHB,0.000,0.001,0.646687328481720,0.353312671518280
230,5,C,NHB,0.604526425000,-0.000072192000,-0.000119419097354,0.000119419097354,0.000311081411236,NHB,0.000,0.001,0.688918588764260,0.311081411235740
231,5,C,NHB,0.604526425000,-0.000159986000,-0.000264646826646,0.000264646826646,0.000184441652508,NHB,0.000,0.001,0.815558347491657,0.184441652508343
232,5,C,NHB,0.604526425000,-0.000453337000,-0.000749904356952,0.000749904356952,0.000437875853428,NHB,0.000,0.001,0.562124146571695,0.437875853428305
233,5,C,NHB,0.604526425000,-0.000178053000,-0.000294533030545,0.000294533030545,0.000360926339153,NHB,0.000,0.001,0.639073660846691,0.360926339153309
234,5,C,NHB,0.604526425000,-0.000179619000,-0.000297123488026,0.000297123488026,0.000235485273622,NHB,0.000,0.001,0.764514726378040,0.235485273621960
235,5,C,NHB,0.604526425000,0.000088693000,0.000146714843772,-0.000146714843772,-0.000096168556047,NHB,-0.001,0.000,0.096168556046728,0.903831443953272
236,5,C,NHB,0.604526425000,-0.000007479000,-0.000012371667624,0.000012371667624,-0.000153329207353,NHB,-0.001,0.000,0.153329207352668,0.846670792647332
237,5,C,NHB,0.604526425000,0.000173728000,0.000287378670006,-0.000287378670006,-0.000456239206843,NHB,-0.001,0.000,0.456239206842653,0.543760793157347
238,5,C,NHB,0.604526425000,0.000017766000,0.000029388293489,-0.000029388293489,-0.000225693659495,NHB,-0.001,0.000,0.225693659494731,0.774306340505269
239,5,C,NHB,0.604526425000,0.000007043000,0.000011650441914,-0.000011650441914,-0.000681059835453,NHB,-0.001,0.000,0.681059835453475,0.318940164546525
240,5,C,NHB,0.604526425000,0.000179208000,0.000296443617002,-0.000296443617002,-0.000291300097998,NHB,-0.001,0.000,0.291300097998017,0.708699902001983
241,5,C,NHB,0.604526425000,0.000195040000,0.000322632712044,-0.000322632712044,-0.000533293880963,NHB,-0.001,0.000,0.533293880963023,0.466706119036977
242,5,C,NHB,0.610796623000,-0.000119093000,-0.000194979794445,0.000194979794445,-0.000769461406714,NHB,-0.001,0.000,0.769461406713902,0.230538593286098
243,5,C,NHB,0.610796623000,0.000168927000,0.000276568326737,-0.000276568326737,-0.000634754460222,NHB,-0.001,0.000,0.634754460221945,0.365245539778055
244,5,C,NHB,0.610796623000,-0.000043347000,-0.000070967975866,0.000070967975866,0.000397667490262,NHB,0.000,0.001,0.602332509738086,0.397667490261914
245,5,C,NHB,0.610796623000,-0.000323721000,-0.000529998018669,0.000529998018669,0.000318195559414,NHB,0.000,0.001,0.681804440585756,0.318195559414244
246,5,C,NHB,0.610796623000,-0.000223774000,-0.000366364173562,0.000366364173562,0.000427759001272,NHB,0.000,0.001,0.572240998727874,0.427759001272126
247,5,C,NHB,0.610796623000,-0.000214400000,-0.000351017002921,0.000351017002921,0.000186898345329,NHB,0.000,0.001,0.813101654671068,0.186898345328932
248,5,C,NHB,0.610796623000,-0.000177870000,-0.000291209861519,0.000291209861519,0.000405999915300,NHB,0.000,0.001,0.594000084700018,0.405999915299982
249,5,C,NHB,0.610796623000,-0.000279222000,-0.000457143981295,0.000457143981295,0.000311991642593,NHB,0.000,0.001,0.688008357407092,0.311991642592908
250,5,C,NHB,0.610796623000,-0.000458187000,-0.000750146583571,0.000750146583571,0.000416471780361,NHB,0.000,0.001,0.583528219639232,0.416471780360768
251,5,C,NHB,0.610796623000,-0.000133694000,-0.000218884641738,0.000218884641738,0.000117575381504,NHB,0.000,0.001,0.882424618495980,0.117575381504020
252,5,C,NHB,0.610796623000,0.000050455000,0.000082605237325,-0.000082605237325,-0.000107185451516,NHB,-0.001,0.000,0.107185451515612,0.892814548484388
253,5,C,NHB,0.610796623000,0.000158879000,0.000260117679138,-0.000260117679138,-0.000297170273911,NHB,-0.001,0.000,0.297170273911022,0.702829726088978
254,6,C,NHB,0.241185721000,-0.000142931000,-0.000592618001627,0.000592618001627,0.000396870325841,NHB,0.000,0.001,0.603129674158602,0.396870325841398
255,6,C,NHB,0.241185721000,-0.000105255000,-0.000436406432203,0.000436406432203,0.000428246375321,NHB,0.000,0.001,0.571753624678593,0.428246375321407
256,6,C,NHB,0.617017436000,0.000044845000,0.000072680279978,-0.000072680279978,0.000098574646707,NHB,0.000,0.001,0.901425353292698,0.098574646707302
257,6,C,NHB,0.617017436000,0.000019260000,0.000031214677052,-0.000031214677052,-0.000186575089100,NHB,-0.001,0.000,0.186575089099951,0.813424910900049
258,6,C,NHB,0.517349488000,-0.000245201000,-0.000473956205017,0.000473956205017,0.000395333027973,NHB,0.000,0.001,0.604666972027053,0.395333027972947
259,6,C,NHB,0.517349488000,-0.000288726000,-0.000558086954171,0.000558086954171,0.000416824844859,NHB,0.000,0.001,0.583175155141500,0.416824844858500
260,6,C,NHB,0.517349488000,-0.000261181000,-0.000504844415735,0.000504844415735,0.000420340108053,NHB,0.000,0.001,0.579659891947357,0.420340108052643
261,6,C,NHB,0.517349488000,-0.000273518000,-0.000528690964898,0.000528690964898,0.000385086942093,NHB,0.000,0.001,0.614913057906642,0.385086942093358
262,6,C,NHB,0.517349488000,-0.000253026000,-0.000489081377036,0.000489081377036,0.000424328122717,NHB,0.000,0.001,0.575671877283207,0.424328122716793
263,6,C,NHB,0.517349488000,-0.000204086000,-0.000394483815552,0.000394483815552,0.000460649355844,NHB,0.000,0.001,0.539350644155542,0.460649355844458
264,6,C,NHB,0.517349488000,-0.000186268000,-0.000360042880723,0.000360042880723,0.000415661898175,NHB,0.000,0.001,0.584338101825011,0.415661898174989
265,6,C,NHB,0.517349488000,-0.000146488000,-0.000283150951915,0.000283150951915,0.000357734524011,NHB,0.000,0.001,0.642265475989427,0.357734524010573
266,6,C,NHB,0.626409493000,-0.000004085000,-0.000006521293252,0.000006521293252,0.000227931432883,NHB,0.000,0.001,0.772068567116929,0.227931432883071
267,6,C,NHB,0.626409493000,-0.000130097000,-0.000207686826994,0.000207686826994,0.000464094957524,NHB,0.000,0.001,0.535905042475819,0.464094957524181
268,6,C,NHB,0.626409493000,0.000001733000,0.000002766560883,-0.000002766560883,-0.000005266372297,NHB,-0.001,0.000,0.005266372296635,0.994733627703365
269,6,C,NHB,0.604526425000,-0.000198385000,-0.000328165968924,0.000328165968924,0.000468407996840,NHB,0.000,0.001,0.531592003159748,0.468407996840252
270,6,C,NHB,0.604526425000,-0.000075346000,-0.000124636404438,0.000124636404438,0.000440117563910,NHB,0.000,0.001,0.559882436089621,0.440117563910379
271,6,C,NHB,0.604526425000,-0.000148389000,-0.000245463215276,0.000245463215276,0.000327738936676,NHB,0.000,0.001,0.672261063324045,0.327738936675955
272,6,C,NHB,0.604526425000,-0.000170293000,-0.000281696536260,0.000281696536260,0.000354883392015,NHB,0.000,0.001,0.645116607985169,0.354883392014831
273,6,C,NHB,0.604526425000,-0.000057244000,-0.000094692303980,0.000094692303980,0.000482291131547,NHB,0.000,0.001,0.517708868453086,0.482291131546914
274,6,C,NHB,0.604526425000,0.000020282000,0.000033550229008,-0.000033550229008,0.000183209727970,NHB,0.000,0.001,0.816790272029683,0.183209727970317
275,6,C,NHB,0.604526425000,0.000014795000,0.000024473702700,-0.000024473702700,-0.000122560368407,NHB,-0.001,0.000,0.122560368407171,0.877439631592829
276,6,C,NHB,0.610796623000,-0.000183282000,-0.000300070421313,0.000300070421313,0.000396355086957,NHB,0.000,0.001,0.603644913043098,0.396355086956902
277,6,C,NHB,0.610796623000,-0.000153834000,-0.000251857974008,0.000251857974008,0.000448534213742,NHB,0.000,0.001,0.551465786258236,0.448534213741764
278,6,C,NHB,0.610796623000,-0.000261252000,-0.000427723386414,0.000427723386414,0.000398574936015,NHB,0.000,0.001,0.601425063984871,0.398574936015129
279,6,C,NHB,0.610796623000,-0.000009475000,-0.000015512528464,0.000015512528464,0.000363585761095,NHB,0.000,0.001,0.636414238905243,0.363585761094757
280,6,C,NHB,0.610796623000,-0.000071680000,-0.000117354938290,0.000117354938290,0.000400166149848,NHB,0.000,0.001,0.599833850152263,0.400166149847737
281,6,C,NHB,0.610796623000,-0.000195896000,-0.000320722139945,0.000320722139945,0.000388752017106,NHB,0.000,0.001,0.611247982894225,0.388752017105775
282,6,C,NHB,0.610796623000,-0.000248410000,-0.000406698384775,0.000406698384775,0.000462154204427,NHB,0.000,0.001,0.537845795573166,0.462154204426834
283,6,C,NHB,0.610796623000,-0.000018133000,-0.000029687459487,0.000029687459487,0.000283130174146,NHB,0.000,0.001,0.716869825854246,0.283130174145754
284,7,C,NHB,0.241185721000,0.000022637000,0.000093857131783,-0.000093857131783,-0.000295869399688,NHB,-0.001,0.000,0.295869399688083,0.704130600311917
285,7,C,NHB,0.241185721000,0.000091960000,0.000381282936729,-0.000381282936729,-0.000578839907645,NHB,-0.001,0.000,0.578839907645224,0.421160092354776
286,7,C,NHB,0.241185721000,-0.000178890000,-0.000741710575810,0.000741710575810,0.000499101011708,NHB,0.000,0.001,0.500898988292317,0.499101011707683
287,7,C,NHB,0.241185721000,-0.000150586000,-0.000624357028168,0.000624357028168,0.000402911383088,NHB,0.000,0.001,0.597088616911895,0.402911383088105
288,7,C,NHB,0.617017436000,0.000110718000,0.000179440634154,-0.000179440634154,-0.000190299240820,NHB,-0.001,0.000,0.190299240820023,0.809700759179977
289,7,C,NHB,0.617017436000,0.000139416000,0.000225951475381,-0.000225951475381,-0.000498145952444,NHB,-0.001,0.000,0.498145952444190,0.501854047555810
290,7,C,NHB,0.517349488000,-0.000482894000,-0.000933399976613,0.000933399976613,0.000479234087120,NHB,0.000,0.001,0.520765912880118,0.479234087119882
291,7,C,NHB,0.517349488000,-0.000362617000,-0.000700913035406,0.000700913035406,0.000498739202441,NHB,0.000,0.001,0.501260797559016,0.498739202440984
292,7,C,NHB,0.517349488000,-0.000372921000,-0.000720829939238,0.000720829939238,0.000423931532913,NHB,0.000,0.001,0.576068467086588,0.423931532913412
293,7,C,NHB,0.517349488000,-0.000295949000,-0.000572048502733,0.000572048502733,0.000442893724016,NHB,0.000,0.001,0.557106275984313,0.442893724015687
294,7,C,NHB,0.517349488000,-0.000387624000,-0.000749249799200,0.000749249799200,0.000478675735217,NHB,0.000,0.001,0.521324264783128,0.478675735216872
295,7,C,NHB,0.517349488000,-0.000313679000,-0.000606319339781,0.000606319339781,0.000418126999233,NHB,0.000,0.001,0.581873000767454,0.418126999232546
296,7,C,NHB,0.517349488000,-0.000320853000,-0.000620186174805,0.000620186174805,0.000350935750099,NHB,0.000,0.001,0.649064249901376,0.350935750098624
297,7,C,NHB,0.517349488000,-0.000218931000,-0.000423178151478,0.000423178151478,0.000258707741827,NHB,0.000,0.001,0.741292258173222,0.258707741826778
298,7,C,NHB,0.517349488000,0.000169538000,0.000327704973007,-0.000327704973007,-0.000506125913160,NHB,-0.001,0.000,0.506125913159911,0.493874086840089
299,7,C,NHB,0.517349488000,0.000121089000,0.000234056479824,-0.000234056479824,-0.000652371003859,NHB,-0.001,0.000,0.652371003859390,0.347628996140610
300,7,C,NHB,0.517349488000,0.000106523000,0.000205901431181,-0.000205901431181,-0.000241416231497,NHB,-0.001,0.000,0.241416231496884,0.758583768503116
301,7,C,NHB,0.517349488000,-0.000000131000,-0.000000253213742,0.000000253213742,-0.000342056772660,NHB,-0.001,0.000,0.342056772660146,0.657943227339854
302,7,C,NHB,0.517349488000,0.000137117000,0.000265037471149,-0.000265037471149,-0.000307431920254,NHB,-0.001,0.000,0.307431920253954,0.692568079746046
303,7,C,NHB,0.626409493000,0.000049112000,0.000078402387813,-0.000078402387813,-0.000614474904517,NHB,-0.001,0.000,0.614474904517215,0.385525095482785
304,7,C,NHB,0.626409493000,-0.000156333000,-0.000249569972593,0.000249569972593,-0.000744627191236,NHB,-0.001,0.000,0.744627191236130,0.255372808763870
305,7,C,NHB,0.626409493000,-0.000024046000,-0.000038387030000,0.000038387030000,0.000171578063989,NHB,0.000,0.001,0.828421936010552,0.171578063989448
306,7,C,NHB,0.626409493000,-0.000162146000,-0.000258849844729,0.000258849844729,0.000117555244065,NHB,0.000,0.001,0.882444755935124,0.117555244064876
307,7,C,NHB,0.626409493000,-0.000125548000,-0.000200424804226,0.000200424804226,0.000103035822496,NHB,0.000,0.001,0.896964177504392,0.103035822495608
308,7,C,NHB,0.626409493000,0.000048128000,0.000076831530393,-0.000076831530393,-0.000089406344433,NHB,-0.001,0.000,0.089406344433317,0.910593655566683
309,7,C,NHB,0.626409493000,-0.000298059000,-0.000475821333059,0.000475821333059,0.000186536119318,NHB,0.000,0.001,0.813463880681792,0.186536119318208
310,7,C,NHB,0.626409493000,-0.000028459000,-0.000045431942392,0.000045431942392,0.000010787074882,NHB,0.000,0.001,0.989212925118398,0.010787074881602
311,7,C,NHB,0.626409493000,-0.000115428000,-0.000184269238078,0.000184269238078,-0.000005568604835,NHB,-0.001,0.000,0.005568604835479,0.994431395164521
312,7,C,NHB,0.626409493000,0.000178585000,0.000285093061321,-0.000285093061321,-0.000297531652082,NHB,-0.001,0.000,0.297531652081963,0.702468347918037
313,7,C,NHB,0.604526425000,-0.000292025000,-0.000483064077803,0.000483064077803,0.000431364408164,NHB,0.000,0.001,0.568635591835724,0.431364408164276
314,7,C,NHB,0.604526425000,-0.000000970000,-0.000001604561786,0.000001604561786,0.000386292346463,NHB,0.000,0.001,0.613707653537442,0.386292346462558
315,7,C,NHB,0.604526425000,-0.000147170000,-0.000243446760826,0.000243446760826,0.000339476013579,NHB,0.000,0.001,0.660523986420546,0.339476013579454
316,7,C,NHB,0.604526425000,-0.000193302000,-0.000319757734329,0.000319757734329,0.000216165761411,NHB,0.000,0.001,0.783834238589192,0.216165761410808
317,7,C,NHB,0.604526425000,-0.000543789000,-0.000899528916374,0.000899528916374,0.000490306529412,NHB,0.000,0.001,0.509693470588130,0.490306529411870
318,7,C,NHB,0.604526425000,-0.000136812000,-0.000226312687655,0.000226312687655,0.000366456611291,NHB,0.000,0.001,0.633543388708630,0.366456611291370
319,7,C,NHB,0.604526425000,-0.000319687000,-0.000528822209881,0.000528822209881,0.000281366280464,NHB,0.000,0.001,0.718633719535541,0.281366280464459
320,7,C,NHB,0.604526425000,0.000046545000,0.000076994152902,-0.000076994152902,-0.000071706855332,NHB,-0.001,0.000,0.071706855331800,0.928293144668200
321,7,C,NHB,0.604526425000,0.000188650000,0.000312062454507,-0.000312062454507,-0.000437431996530,NHB,-0.001,0.000,0.437431996530110,0.562568003469890
322,7,C,NHB,0.604526425000,0.000021684000,0.000035869399754,-0.000035869399754,-0.000685943408423,NHB,-0.001,0.000,0.685943408423259,0.314056591576741
323,7,C,NHB,0.604526425000,0.000115224000,0.000190602089892,-0.000190602089892,-0.000227081139667,NHB,-0.001,0.000,0.227081139666813,0.772918860333187
324,7,C,NHB,0.604526425000,0.000125966000,0.000208371371028,-0.000208371371028,-0.000432023705544,NHB,-0.001,0.000,0.432023705544314,0.567976294455686
325,7,C,NHB,0.610796623000,-0.000107991000,-0.000176803531541,0.000176803531541,-0.000750823937070,NHB,-0.001,0.000,0.750823937070160,0.249176062929840
326,7,C,NHB,0.610796623000,0.000083773000,0.000137153672508,-0.000137153672508,-0.000528581241206,NHB,-0.001,0.000,0.528581241206096,0.471418758793904
327,7,C,NHB,0.610796623000,-0.000078119000,-0.000127896908821,0.000127896908821,0.000381539947363,NHB,0.000,0.001,0.618460052636611,0.381539947363389
328,7,C,NHB,0.610796623000,-0.000309275000,-0.000506346938333,0.000506346938333,0.000350999960116,NHB,0.000,0.001,0.649000039884135,0.350999960115865
329,7,C,NHB,0.610796623000,-0.000343132000,-0.000561777827642,0.000561777827642,0.000430481074700,NHB,0.000,0.001,0.569518925300434,0.430481074699566
330,7,C,NHB,0.610796623000,-0.000234252000,-0.000383518819815,0.000383518819815,0.000210048399466,NHB,0.000,0.001,0.789951600534278,0.210048399465722
331,7,C,NHB,0.610796623000,-0.000082425000,-0.000134946718590,0.000134946718590,-0.000033667232521,NHB,-0.001,0.000,0.033667232520950,0.966332767479050
332,7,C,NHB,0.610796623000,0.000017752000,0.000029063683936,-0.000029063683936,-0.000137116291405,NHB,-0.001,0.000,0.137116291404561,0.862883708595439
333,7,C,NHB,0.610796623000,-0.000113333000,-0.000185549486903,0.000185549486903,0.000502624792523,NHB,0.000,0.001,0.497375207476939,0.502624792523061
334,7,C,NHB,0.610796623000,-0.000315471000,-0.000516491067764,0.000516491067764,0.000314972071698,NHB,0.000,0.001,0.685027928301725,0.314972071698275
335,7,C,NHB,0.610796623000,-0.000419821000,-0.000687333531639,0.000687333531639,0.000513345080535,NHB,0.000,0.001,0.486654919465315,0.513345080534685
336,7,C,NHB,0.610796623000,-0.000153250000,-0.000250901845605,0.000250901845605,0.000119521317709,NHB,0.000,0.001,0.880478682290775,0.119521317709225
337,7,C,NHB,0.610796623000,0.000044928000,0.000073556398821,-0.000073556398821,-0.000139133431879,NHB,-0.001,0.000,0.139133431878971,0.860866568121029
338,7,C,NHB,0.610796623000,0.000195691000,0.000320386512681,-0.000320386512681,-0.000403401833259,NHB,-0.001,0.000,0.403401833259474,0.596598166740526
339,8,C,NHB,0.241185721000,-0.000055504000,-0.000230129709876,0.000230129709876,-0.000719987481506,NHB,-0.001,0.000,0.719987481506450,0.280012518493550
340,8,C,NHB,0.241185721000,-0.000170956000,-0.000708814764370,0.000708814764370,0.000486925153266,NHB,0.000,0.001,0.513074846734191,0.486925153265809
341,8,C,NHB,0.241185721000,-0.000152067000,-0.000630497524354,0.000630497524354,0.000490041001270,NHB,0.000,0.001,0.509958998729589,0.490041001270411
342,8,C,NHB,0.617017436000,-0.000001237000,-0.000002004805582,0.000002004805582,-0.000051742141708,NHB,-0.001,0.000,0.051742141708142,0.948257858291858
343,8,C,NHB,0.617017436000,-0.000108154000,-0.000175285160013,0.000175285160013,0.000074633962152,NHB,0.000,0.001,0.925366037848211,0.074633962151789
344,8,C,NHB,0.617017436000,0.000029654000,0.000048060230181,-0.000048060230181,-0.000081886047939,NHB,-0.001,0.000,0.081886047939294,0.918113952060706
345,8,C,NHB,0.617017436000,0.000027251000,0.000044165688699,-0.000044165688699,-0.000096118062222,NHB,-0.001,0.000,0.096118062222148,0.903881937777852
346,8,C,NHB,0.517349488000,-0.000318075000,-0.000614816497122,0.000614816497122,0.000503340376439,NHB,0.000,0.001,0.496659623561100,0.503340376438900
347,8,C,NHB,0.517349488000,-0.000299360000,-0.000578641724683,0.000578641724683,0.000391239653855,NHB,0.000,0.001,0.608760346144716,0.391239653855284
348,8,C,NHB,0.517349488000,-0.000394454000,-0.000762451706534,0.000762451706534,0.000521255391097,NHB,0.000,0.001,0.478744608902940,0.521255391097060
349,8,C,NHB,0.517349488000,-0.000333838000,-0.000645285262175,0.000645285262175,0.000427878145175,NHB,0.000,0.001,0.572121854825010,0.427878145174990
350,8,C,NHB,0.517349488000,-0.000369288000,-0.000713807606977,0.000713807606977,0.000526739761076,NHB,0.000,0.001,0.473260238924128,0.526739761075872
351,8,C,NHB,0.517349488000,-0.000265912000,-0.000513989104402,0.000513989104402,0.000407766829225,NHB,0.000,0.001,0.592233170774815,0.407766829225185
352,8,C,NHB,0.517349488000,-0.000333789000,-0.000645190548637,0.000645190548637,0.000495428863473,NHB,0.000,0.001,0.504571136527133,0.495428863472867
353,8,C,NHB,0.517349488000,-0.000264760000,-0.000511762369812,0.000511762369812,0.000363131290149,NHB,0.000,0.001,0.636868709851050,0.363131290148950
354,8,C,NHB,0.517349488000,-0.000029072000,-0.000056194121526,0.000056194121526,-0.000675730606409,NHB,-0.001,0.000,0.675730606408657,0.324269393591343
355,8,C,NHB,0.517349488000,0.000035532000,0.000068680845007,-0.000068680845007,-0.000576812217312,NHB,-0.001,0.000,0.576812217312439,0.423187782687561
356,8,C,NHB,0.517349488000,-0.000102053000,-0.000197261237069,0.000197261237069,-0.000708477312782,NHB,-0.001,0.000,0.708477312782194,0.291522687217806
357,8,C,NHB,0.517349488000,-0.000023839000,-0.000046079102334,0.000046079102334,-0.000600496482437,NHB,-0.001,0.000,0.600496482437399,0.399503517562601
358,8,C,NHB,0.626409493000,0.000180897000,0.000288783937698,-0.000288783937698,-0.000287638148519,NHB,-0.001,0.000,0.287638148518758,0.712361851481242
359,8,C,NHB,0.626409493000,0.000100055000,0.000159727783691,-0.000159727783691,-0.000190731939070,NHB,-0.001,0.000,0.190731939070017,0.809268060929983
360,8,C,NHB,0.626409493000,0.000169358000,0.000270363080210,-0.000270363080210,-0.000288390270801,NHB,-0.001,0.000,0.288390270801206,0.711609729198794
361,8,C,NHB,0.626409493000,0.000175468000,0.000280117083092,-0.000280117083092,-0.000289662911879,NHB,-0.001,0.000,0.289662911878777,0.710337088121223
362,8,C,NHB,0.626409493000,0.000044332000,0.000070771596688,-0.000070771596688,-0.000064701966504,NHB,-0.001,0.000,0.064701966504014,0.935298033495986
363,8,C,NHB,0.626409493000,-0.000008696000,-0.000013882292809,0.000013882292809,-0.000001981231382,NHB,-0.001,0.000,0.001981231381570,0.998018768618430
364,8,C,NHB,0.626409493000,0.000152660000,0.000243706396065,-0.000243706396065,-0.000219303168817,NHB,-0.001,0.000,0.219303168817218,0.780696831182782
365,8,C,NHB,0.626409493000,0.000073795000,0.000117806324496,-0.000117806324496,-0.000129230970218,NHB,-0.001,0.000,0.129230970217712,0.870769029782288
366,8,C,NHB,0.626409493000,-0.000011148000,-0.000017796665160,0.000017796665160,0.000048324644047,NHB,0.000,0.001,0.951675355953282,0.048324644046718
367,8,C,NHB,0.626409493000,-0.000054395000,-0.000086836168046,0.000086836168046,0.000255011564413,NHB,0.000,0.001,0.744988435587007,0.255011564412993
368,8,C,NHB,0.626409493000,-0.000000026000,-0.000000041506395,0.000000041506395,0.000309171601844,NHB,0.000,0.001,0.690828398155717,0.309171601844283
369,8,C,NHB,0.626409493000,-0.000167005000,-0.000266606751440,0.000266606751440,0.000190544536652,NHB,0.000,0.001,0.809455463348388,0.190544536651612
370,8,C,NHB,0.626409493000,-0.000000070000,-0.000000111747987,0.000000111747987,0.000015124335763,NHB,0.000,0.001,0.984875664236926,0.015124335763074
371,8,C,NHB,0.604526425000,-0.000208149000,-0.000344317454775,0.000344317454775,0.000203020240171,NHB,0.000,0.001,0.796979759828772,0.203020240171228
372,8,C,NHB,0.604526425000,-0.000205485000,-0.000339910699520,0.000339910699520,0.000474252451240,NHB,0.000,0.001,0.525747548759704,0.474252451240296
373,8,C,NHB,0.604526425000,-0.000281522000,-0.000465690147457,0.000465690147457,0.000285991719617,NHB,0.000,0.001,0.714008280383390,0.285991719616610
374,8,C,NHB,0.604526425000,-0.000269080000,-0.000445108747728,0.000445108747728,0.000463960204485,NHB,0.000,0.001,0.536039795515461,0.463960204484539
375,8,C,NHB,0.604526425000,-0.000151830000,-0.000251155274147,0.000251155274147,0.000186171879702,NHB,0.000,0.001,0.813828120298057,0.186171879701943
376,8,C,NHB,0.604526425000,-0.000178391000,-0.000295092145889,0.000295092145889,0.000162838379230,NHB,0.000,0.001,0.837161620769767,0.162838379230233
377,8,C,NHB,0.604526425000,0.000009012000,0.000014907536920,-0.000014907536920,-0.000227969823013,NHB,-0.001,0.000,0.227969823012690,0.772030176987310
378,8,C,NHB,0.604526425000,-0.000000944000,-0.000001561552913,0.000001561552913,-0.000089612978126,NHB,-0.001,0.000,0.089612978125526,0.910387021874474
379,8,C,NHB,0.604526425000,0.000008904000,0.000014728884680,-0.000014728884680,-0.000111262167852,NHB,-0.001,0.000,0.111262167851593,0.888737832148407
380,8,C,NHB,0.604526425000,0.000131244000,0.000217102172167,-0.000217102172167,-0.000387662006438,NHB,-0.001,0.000,0.387662006438133,0.612337993561867
381,8,C,NHB,0.604526425000,0.000112594000,0.000186251577009,-0.000186251577009,-0.000231092931585,NHB,-0.001,0.000,0.231092931585319,0.768907068414681
382,8,C,NHB,0.604526425000,0.000106012000,0.000175363715490,-0.000175363715490,-0.000465908556510,NHB,-0.001,0.000,0.465908556509905,0.534091443490095
383,8,C,NHB,0.604526425000,0.000146388000,0.000242153186273,-0.000242153186273,-0.000319341042739,NHB,-0.001,0.000,0.319341042738628,0.680658957261372
384,8,C,NHB,0.610796623000,0.000096251000,0.000157582731102,-0.000157582731102,-0.000316505758719,NHB,-0.001,0.000,0.316505758718946,0.683494241281055
385,8,C,NHB,0.610796623000,0.000041008000,0.000067138550633,-0.000067138550633,-0.000552927643920,NHB,-0.001,0.000,0.552927643920111,0.447072356079889
386,8,C,NHB,0.610796623000,0.000154563000,0.000253051497307,-0.000253051497307,-0.000367751611204,NHB,-0.001,0.000,0.367751611203678,0.632248388796322
387,8,C,NHB,0.610796623000,-0.000409034000,-0.000669672988680,0.000669672988680,0.000493071366646,NHB,0.000,0.001,0.506928633354159,0.493071366645841
388,8,C,NHB,0.610796623000,-0.000234012000,-0.000383125890334,0.000383125890334,0.000244386550734,NHB,0.000,0.001,0.755613449266435,0.244386550733565
389,8,C,NHB,0.610796623000,-0.000540037000,-0.000884151908613,0.000884151908613,0.000506451954266,NHB,0.000,0.001,0.493548045734398,0.506451954265602
390,8,C,NHB,0.610796623000,-0.000115418000,-0.000188963061769,0.000188963061769,0.000138145260489,NHB,0.000,0.001,0.861854739511207,0.138145260488793
391,8,C,NHB,0.610796623000,0.000184578000,0.000302192240509,-0.000302192240509,-0.000418486875144,NHB,-0.001,0.000,0.418486875144135,0.581513124855865
392,8,C,NHB,0.610796623000,0.000119904000,0.000196307568649,-0.000196307568649,-0.000516545310751,NHB,-0.001,0.000,0.516545310750975,0.483454689249025
393,8,C,NHB,0.610796623000,-0.000050712000,-0.000083025999310,0.000083025999310,0.000330204859892,NHB,0.000,0.001,0.669795140107584,0.330204859892416
394,8,C,NHB,0.610796623000,-0.000313381000,-0.000513069306868,0.000513069306868,0.000465442604812,NHB,0.000,0.001,0.534557395188378,0.465442604811622
395,8,C,NHB,0.610796623000,-0.000287400000,-0.000470533053356,0.000470533053356,0.000410884352818,NHB,0.000,0.001,0.589115647181631,0.410884352818369
396,8,C,NHB,0.610796623000,-0.000051766000,-0.000084751614614,0.000084751614614,0.000319148985915,NHB,0.000,0.001,0.680851014085298,0.319148985914702
397,9,C,NHB,0.241185721000,0.000048940000,0.000202914168372,-0.000202914168372,-0.000601412500447,NHB,-0.001,0.000,0.601412500447269,0.398587499552731
398,9,C,NHB,0.241185721000,-0.000151128000,-0.000626604259047,0.000626604259047,0.000448368664986,NHB,0.000,0.001,0.551631335013630,0.448368664986370
399,9,C,NHB,0.241185721000,-0.000171970000,-0.000713018993359,0.000713018993359,0.000457762990429,NHB,0.000,0.001,0.542237009571150,0.457762990428850
400,9,C,NHB,0.617017436000,0.000157654000,0.000255509797295,-0.000255509797295,-0.000329451127296,NHB,-0.001,0.000,0.329451127295934,0.670548872704066
401,9,C,NHB,0.617017436000,0.000094794000,0.000153632611445,-0.000153632611445,-0.000191110557341,NHB,-0.001,0.000,0.191110557341252,0.808889442658748
402,9,C,NHB,0.517349488000,-0.000331979000,-0.000641691946547,0.000641691946547,0.000352528854574,NHB,0.000,0.001,0.647471145426344,0.352528854573656
403,9,C,NHB,0.517349488000,-0.000251691000,-0.000486500916379,0.000486500916379,0.000325795488975,NHB,0.000,0.001,0.674204511024810,0.325795488975190
404,9,C,NHB,0.517349488000,-0.000383188000,-0.000740675324685,0.000740675324685,0.000480958291035,NHB,0.000,0.001,0.519041708964664,0.480958291035336
405,9,C,NHB,0.517349488000,-0.000325020000,-0.000628240691329,0.000628240691329,0.000484388317797,NHB,0.000,0.001,0.515611682202645,0.484388317797355
406,9,C,NHB,0.517349488000,-0.000336342000,-0.000650125317221,0.000650125317221,0.000409365453319,NHB,0.000,0.001,0.590634546681117,0.409365453318883
407,9,C,NHB,0.517349488000,-0.000278571000,-0.000538458056810,0.000538458056810,0.000371018057245,NHB,0.000,0.001,0.628981942754907,0.371018057245093
408,9,C,NHB,0.517349488000,-0.000476924000,-0.000921860388504,0.000921860388504,0.000489113560609,NHB,0.000,0.001,0.510886439391392,0.489113560608608
409,9,C,NHB,0.517349488000,-0.000327325000,-0.000632696093438,0.000632696093438,0.000489620169024,NHB,0.000,0.001,0.510379830976168,0.489620169023832
410,9,C,NHB,0.517349488000,0.000175589000,0.000339401128392,-0.000339401128392,-0.000561985917605,NHB,-0.001,0.000,0.561985917604546,0.438014082395454
411,9,C,NHB,0.517349488000,-0.000046596000,-0.000090066775131,0.000090066775131,-0.000692210319054,NHB,-0.001,0.000,0.692210319054073,0.307789680945927
412,9,C,NHB,0.517349488000,0.000182160000,0.000352102407029,-0.000352102407029,-0.000430741223056,NHB,-0.001,0.000,0.430741223055681,0.569258776944319
413,9,C,NHB,0.517349488000,0.000038505000,0.000074427443910,-0.000074427443910,-0.000628936779785,NHB,-0.001,0.000,0.628936779784868,0.371063220215132
414,9,C,NHB,0.517349488000,0.000060007000,0.000115989290396,-0.000115989290396,-0.000246631750121,NHB,-0.001,0.000,0.246631750121418,0.753368249878582
415,9,C,NHB,0.517349488000,0.000046819000,0.000090497818372,-0.000090497818372,-0.000289592698099,NHB,-0.001,0.000,0.289592698099170,0.710407301900830
416,9,C,NHB,0.626409493000,0.000017900000,0.000028575556725,-0.000028575556725,-0.000591740092674,NHB,-0.001,0.000,0.591740092674440,0.408259907325560
417,9,C,NHB,0.626409493000,0.000082350000,0.000131463524931,-0.000131463524931,-0.000535569535685,NHB,-0.001,0.000,0.535569535684843,0.464430464315157
418,9,C,NHB,0.626409493000,-0.000104401000,-0.000166665737296,0.000166665737296,0.000057619166955,NHB,0.000,0.001,0.942380833045410,0.057619166954590
419,9,C,NHB,0.626409493000,-0.000092527000,-0.000147710085869,0.000147710085869,0.000230046367526,NHB,0.000,0.001,0.769953632474020,0.230046367525980
420,9,C,NHB,0.626409493000,-0.000130143000,-0.000207760261385,0.000207760261385,0.000082469376904,NHB,0.000,0.001,0.917530623096172,0.082469376903828
421,9,C,NHB,0.626409493000,-0.000037387000,-0.000059684599959,0.000059684599959,-0.000070080051180,NHB,-0.001,0.000,0.070080051179541,0.929919948820459
422,9,C,NHB,0.626409493000,0.000176096000,0.000281119622177,-0.000281119622177,-0.000260802053340,NHB,-0.001,0.000,0.260802053339575,0.739197946660425
423,9,C,NHB,0.626409493000,-0.000355512000,-0.000567539291746,0.000567539291746,0.000446460559902,NHB,0.000,0.001,0.553539440098250,0.446460559901750
424,9,C,NHB,0.626409493000,-0.000168878000,-0.000269596808297,0.000269596808297,0.000110816896657,NHB,0.000,0.001,0.889183103342653,0.110816896657347
425,9,C,NHB,0.626409493000,0.000067338000,0.000107498370878,-0.000107498370878,-0.000099367231381,NHB,-0.001,0.000,0.099367231381045,0.900632768618955
426,9,C,NHB,0.604526425000,-0.000202629000,-0.000335186340283,0.000335186340283,0.000224952733467,NHB,0.000,0.001,0.775047266533488,0.224952733466512
427,9,C,NHB,0.604526425000,-0.000043991000,-0.000072769358263,0.000072769358263,0.000039026877608,NHB,0.000,0.001,0.960973122392350,0.039026877607650
428,9,C,NHB,0.604526425000,-0.000227006000,-0.000375510466726,0.000375510466726,0.000444321194614,NHB,0.000,0.001,0.555678805385630,0.444321194614370
429,9,C,NHB,0.604526425000,-0.000227654000,-0.000376582380166,0.000376582380166,0.000441134030420,NHB,0.000,0.001,0.558865969579614,0.441134030420386
430,9,C,NHB,0.604526425000,-0.000364065000,-0.000602231738670,0.000602231738670,0.000345005653602,NHB,0.000,0.001,0.654994346398481,0.345005653601519
431,9,C,NHB,0.604526425000,-0.000164782000,-0.000272580309455,0.000272580309455,0.000177475330674,NHB,0.000,0.001,0.822524669326149,0.177475330673851
432,9,C,NHB,0.604526425000,-0.000547205000,-0.000905179620560,0.000905179620560,0.000465890593526,NHB,0.000,0.001,0.534109406473972,0.465890593526028
433,9,C,NHB,0.604526425000,0.000013053000,0.000021592108236,-0.000021592108236,-0.000646987519906,NHB,-0.001,0.000,0.646987519905758,0.353012480094242
434,9,C,NHB,0.604526425000,-0.000010554000,-0.000017458293903,0.000017458293903,-0.000126780108712,NHB,-0.001,0.000,0.126780108711682,0.873219891288318
435,9,C,NHB,0.604526425000,0.000126274000,0.000208880860750,-0.000208880860750,-0.000541404674063,NHB,-0.001,0.000,0.541404674063140,0.458595325936860
436,9,C,NHB,0.604526425000,0.000123324000,0.000204001007896,-0.000204001007896,-0.000221786832227,NHB,-0.001,0.000,0.221786832227223,0.778213167772777
437,9,C,NHB,0.604526425000,0.000109063000,0.000180410641272,-0.000180410641272,-0.000193969946953,NHB,-0.001,0.000,0.193969946953153,0.806030053046847
438,9,C,NHB,0.610796623000,-0.000187059000,-0.000306254149018,0.000306254149018,-0.000767032983270,NHB,-0.001,0.000,0.767032983270345,0.232967016729655
439,9,C,NHB,0.610796623000,0.000179534000,0.000293934172586,-0.000293934172586,-0.000364781909860,NHB,-0.001,0.000,0.364781909860201,0.635218090139799
440,9,C,NHB,0.610796623000,-0.000056507000,-0.000092513609068,0.000092513609068,0.000388389591032,NHB,0.000,0.001,0.611610408968272,0.388389591031728
441,9,C,NHB,0.610796623000,-0.000309028000,-0.000505942548409,0.000505942548409,0.000306383500887,NHB,0.000,0.001,0.693616499113004,0.306383500886996
442,9,C,NHB,0.610796623000,-0.000374965000,-0.000613895011662,0.000613895011662,0.000454551919053,NHB,0.000,0.001,0.545448080946878,0.454551919053122
443,9,C,NHB,0.610796623000,-0.000235311000,-0.000385252621149,0.000385252621149,0.000334412805209,NHB,0.000,0.001,0.665587194791140,0.334412805208860
444,9,C,NHB,0.610796623000,-0.000065292000,-0.000106896465274,0.000106896465274,-0.000034391684017,NHB,-0.001,0.000,0.034391684017439,0.965608315982561
445,9,C,NHB,0.610796623000,-0.000001722000,-0.000002819269025,0.000002819269025,-0.000179971467945,NHB,-0.001,0.000,0.179971467944555,0.820028532055445
446,9,C,NHB,0.610796623000,-0.000157168000,-0.000257316419380,0.000257316419380,0.000122059072702,NHB,0.000,0.001,0.877940927298138,0.122059072701862
447,9,C,NHB,0.610796623000,-0.000480168000,-0.000786134012401,0.000786134012401,0.000520385200535,NHB,0.000,0.001,0.479614799465113,0.520385200534887
448,9,C,NHB,0.610796623000,-0.000240691000,-0.000394060790346,0.000394060790346,0.000250381169688,NHB,0.000,0.001,0.749618830311617,0.250381169688383
449,9,C,NHB,0.610796623000,-0.000102911000,-0.000168486524196,0.000168486524196,0.000495446250796,NHB,0.000,0.001,0.504553749204028,0.495446250795972
450,9,C,NHB,0.610796623000,0.000183486000,0.000300404411371,-0.000300404411371,-0.000416486695475,NHB,-0.001,0.000,0.416486695474539,0.583513304525461
451,9,C,NHB,0.610796623000,0.000168680000,0.000276163936813,-0.000276163936813,-0.000257529729405,NHB,-0.001,0.000,0.257529729405019,0.742470270594981
452,10,C,NHB,0.241185721000,-0.000133424000,-0.000553200245217,0.000553200245217,0.000419476515285,NHB,0.000,0.001,0.580523484714914,0.419476515285086
453,10,C,NHB,0.241185721000,-0.000117281000,-0.000486268422167,0.000486268422167,0.000459711868476,NHB,0.000,0.001,0.540288131524100,0.459711868475900
454,10,C,NHB,0.617017436000,0.000000275000,0.000000445692429,-0.000000445692429,-0.000067806610989,NHB,-0.001,0.000,0.067806610988696,0.932193389011304
455,10,C,NHB,0.517349488000,-0.000194718000,-0.000376376133574,0.000376376133574,0.000426022277056,NHB,0.000,0.001,0.573977722943716,0.426022277056284
456,10,C,NHB,0.517349488000,-0.000221871000,-0.000428860963713,0.000428860963713,0.000373152895168,NHB,0.000,0.001,0.626847104831853,0.373152895168147
457,10,C,NHB,0.517349488000,-0.000264840000,-0.000511917004159,0.000511917004159,0.000422829178073,NHB,0.000,0.001,0.577170821927380,0.422829178072620
458,10,C,NHB,0.517349488000,-0.000285719000,-0.000552274635671,0.000552274635671,0.000446672850685,NHB,0.000,0.001,0.553327149315129,0.446672850684871
459,10,C,NHB,0.517349488000,-0.000233081000,-0.000450529101519,0.000450529101519,0.000441507666762,NHB,0.000,0.001,0.558492333237656,0.441507666762344
460,10,C,NHB,0.517349488000,-0.000188662000,-0.000364670313542,0.000364670313542,0.000438665048966,NHB,0.000,0.001,0.561334951034269,0.438665048965731
461,10,C,NHB,0.517349488000,-0.000246982000,-0.000477398752156,0.000477398752156,0.000413352993932,NHB,0.000,0.001,0.586647006068429,0.413352993931571
462,10,C,NHB,0.517349488000,-0.000253031000,-0.000489091041683,0.000489091041683,0.000474608162652,NHB,0.000,0.001,0.525391837347919,0.474608162652081
463,10,C,NHB,0.626409493000,0.000026890000,0.000042927191079,-0.000042927191079,0.000024397293745,NHB,0.000,0.001,0.975602706255171,0.024397293744829
464,10,C,NHB,0.626409493000,-0.000000332000,-0.000000530004739,0.000000530004739,0.000403723536473,NHB,0.000,0.001,0.596276463526889,0.403723536473111
465,10,C,NHB,0.626409493000,0.000000010000,0.000000015963998,-0.000000015963998,0.000273234200691,NHB,0.000,0.001,0.726765799308881,0.273234200691119
466,10,C,NHB,0.626409493000,0.000047194000,0.000075340492964,-0.000075340492964,0.000171150270958,NHB,0.000,0.001,0.828849729041963,0.171150270958037
467,10,C,NHB,0.604526425000,-0.000042465000,-0.000070245068278,0.000070245068278,0.000241950985213,NHB,0.000,0.001,0.758049014786551,0.241950985213449
468,10,C,NHB,0.604526425000,-0.000102475000,-0.000169512854628,0.000169512854628,0.000374475049300,NHB,0.000,0.001,0.625524950699981,0.374475049300019
469,10,C,NHB,0.604526425000,-0.000245720000,-0.000406466929878,0.000406466929878,0.000482898269809,NHB,0.000,0.001,0.517101730190557,0.482898269809443
470,10,C,NHB,0.604526425000,-0.000120254000,-0.000198922652554,0.000198922652554,0.000405994857567,NHB,0.000,0.001,0.594005142432653,0.405994857567347
471,10,C,NHB,0.604526425000,-0.000020525000,-0.000033952196548,0.000033952196548,0.000319565638106,NHB,0.000,0.001,0.680434361893722,0.319565638106278
472,10,C,NHB,0.604526425000,-0.000000428000,-0.000000707992211,0.000000707992211,0.000330338064049,NHB,0.000,0.001,0.669661935951121,0.330338064048879
473,10,C,NHB,0.604526425000,-0.000085510000,-0.000141449565253,0.000141449565253,0.000469009093140,NHB,0.000,0.001,0.530990906859911,0.469009093140089
474,10,C,NHB,0.604526425000,0.000032063000,0.000053038210861,-0.000053038210861,-0.000320772647620,NHB,-0.001,0.000,0.320772647620023,0.679227352379977
475,10,C,NHB,0.604526425000,0.000075495000,0.000124882878362,-0.000124882878362,-0.000180462784669,NHB,-0.001,0.000,0.180462784669046,0.819537215330954
476,10,C,NHB,0.610796623000,-0.000171589000,-0.000280926569563,0.000280926569563,0.000427239831284,NHB,0.000,0.001,0.572760168715962,0.427239831284038
477,10,C,NHB,0.610796623000,-0.000154468000,-0.000252895962720,0.000252895962720,0.000445863108537,NHB,0.000,0.001,0.554136891462828,0.445863108537172
478,10,C,NHB,0.610796623000,-0.000280191000,-0.000458730434074,0.000458730434074,0.000402537988764,NHB,0.000,0.001,0.597462011235588,0.402537988764412
479,10,C,NHB,0.610796623000,-0.000018940000,-0.000031008684866,0.000031008684866,0.000438380159348,NHB,0.000,0.001,0.561619840652459,0.438380159347541
480,10,C,NHB,0.610796623000,-0.000024009000,-0.000039307682944,0.000039307682944,0.000286900612778,NHB,0.000,0.001,0.713099387221984,0.286900612778016
481,10,C,NHB,0.610796623000,-0.000260918000,-0.000427176559553,0.000427176559553,0.000414235436952,NHB,0.000,0.001,0.585764563048027,0.414235436951973
482,10,C,NHB,0.610796623000,-0.000138387000,-0.000226568050295,0.000226568050295,0.000371221831736,NHB,0.000,0.001,0.628778168263634,0.371221831736366
483,10,C,NHB,0.610796623000,-0.000074126000,-0.000121359544583,0.000121359544583,0.000424687681470,NHB,0.000,0.001,0.575312318530273,0.424687681469727
484,11,C,NHB,0.241185721000,0.000039464000,0.000163624943618,-0.000163624943618,-0.000551443430260,NHB,-0.001,0.000,0.551443430260097,0.448556569739903
485,11,C,NHB,0.241185721000,-0.000131235000,-0.000544124251866,0.000544124251866,0.000418572228217,NHB,0.000,0.001,0.581427771782993,0.418572228217007
486,11,C,NHB,0.241185721000,-0.000166768000,-0.000691450552332,0.000691450552332,0.000404273116764,NHB,0.000,0.001,0.595726883236048,0.404273116763952
487,11,C,NHB,0.617017436000,-0.000001689000,-0.000002737361866,0.000002737361866,-0.000158737055192,NHB,-0.001,0.000,0.158737055191635,0.841262944808365
488,11,C,NHB,0.617017436000,0.000204488000,0.000331413649063,-0.000331413649063,-0.000354299483492,NHB,-0.001,0.000,0.354299483491947,0.645700516508053
489,11,C,NHB,0.617017436000,-0.000042529000,-0.000068926739373,0.000068926739373,0.000094674629448,NHB,0.000,0.001,0.905325370551920,0.094674629448080
490,11,C,NHB,0.617017436000,0.000133866000,0.000216956591807,-0.000216956591807,-0.000217574047346,NHB,-0.001,0.000,0.217574047346193,0.782425952653807
491,11,C,NHB,0.517349488000,-0.000243060000,-0.000469817803318,0.000469817803318,0.000342426425502,NHB,0.000,0.001,0.657573574497997,0.342426425502003
492,11,C,NHB,0.517349488000,-0.000226859000,-0.000438502415218,0.000438502415218,0.000296669714892,NHB,0.000,0.001,0.703330285107619,0.296669714892381
493,11,C,NHB,0.517349488000,-0.000299826000,-0.000579542469751,0.000579542469751,0.000456356277495,NHB,0.000,0.001,0.543643722504749,0.456356277495251
494,11,C,NHB,0.517349488000,-0.000315784000,-0.000610388156023,0.000610388156023,0.000423943831821,NHB,0.000,0.001,0.576056168178827,0.423943831821173
495,11,C,NHB,0.517349488000,-0.000302675000,-0.000585049385417,0.000585049385417,0.000389905303340,NHB,0.000,0.001,0.610094696659744,0.389905303340256
496,11,C,NHB,0.517349488000,-0.000292247000,-0.000564892798348,0.000564892798348,0.000331819902228,NHB,0.000,0.001,0.668180097771565,0.331819902228435
497,11,C,NHB,0.517349488000,-0.000416863000,-0.000805766719924,0.000805766719924,0.000434703768674,NHB,0.000,0.001,0.565296231326087,0.434703768673913
498,11,C,NHB,0.517349488000,-0.000374873000,-0.000724603017293,0.000724603017293,0.000420193607187,NHB,0.000,0.001,0.579806392812869,0.420193607187131
499,11,C,NHB,0.517349488000,0.000167239000,0.000323261168473,-0.000323261168473,-0.000381864826181,NHB,-0.001,0.000,0.381864826181136,0.618135173818864
500,11,C,NHB,0.517349488000,-0.000043315000,-0.000083724833995,0.000083724833995,-0.000694293630227,NHB,-0.001,0.000,0.694293630226657,0.305706369773343
501,11,C,NHB,0.517349488000,0.000151532000,0.000292900647463,-0.000292900647463,-0.000322731127641,NHB,-0.001,0.000,0.322731127641454,0.677268872358546
502,11,C,NHB,0.517349488000,0.000032569000,0.000062953575398,-0.000062953575398,-0.000645472336617,NHB,-0.001,0.000,0.645472336617373,0.354527663382627
503,11,C,NHB,0.626409493000,0.000057284000,0.000091448167118,-0.000091448167118,-0.000637904009498,NHB,-0.001,0.000,0.637904009498252,0.362095990501748
504,11,C,NHB,0.626409493000,0.000120953000,0.000193089347067,-0.000193089347067,-0.000585943334635,NHB,-0.001,0.000,0.585943334635048,0.414056665364952
505,11,C,NHB,0.626409493000,-0.000084689000,-0.000135197504103,0.000135197504103,0.000031785475774,NHB,0.000,0.001,0.968214524226386,0.031785475773614
506,11,C,NHB,0.626409493000,-0.000169423000,-0.000270466846198,0.000270466846198,0.000076871373218,NHB,0.000,0.001,0.923128626782084,0.076871373217916
507,11,C,NHB,0.626409493000,0.000000865000,0.000001380885842,-0.000001380885842,-0.000045971241090,NHB,-0.001,0.000,0.045971241089840,0.954028758910160
508,11,C,NHB,0.626409493000,0.000170733000,0.000272558129958,-0.000272558129958,-0.000269089731358,NHB,-0.001,0.000,0.269089731358390,0.730910268641610
509,11,C,NHB,0.626409493000,-0.000357636000,-0.000570930044957,0.000570930044957,0.000376516397740,NHB,0.000,0.001,0.623483602260205,0.376516397739795
510,11,C,NHB,0.626409493000,-0.000144155000,-0.000230129015621,0.000230129015621,0.000112927384424,NHB,0.000,0.001,0.887072615576176,0.112927384423824
511,11,C,NHB,0.626409493000,0.000096448000,0.000153969569551,-0.000153969569551,-0.000121507488957,NHB,-0.001,0.000,0.121507488956633,0.878492511043367
512,11,C,NHB,0.604526425000,-0.000134093000,-0.000221814952092,0.000221814952092,0.000170087117622,NHB,0.000,0.001,0.829912882377990,0.170087117622010
513,11,C,NHB,0.604526425000,-0.000005519000,-0.000009129460304,0.000009129460304,0.000012000642494,NHB,0.000,0.001,0.987999357505733,0.012000642494267
514,11,C,NHB,0.604526425000,-0.000145893000,-0.000241334363506,0.000241334363506,0.000422492511858,NHB,0.000,0.001,0.577507488142069,0.422492511857931
515,11,C,NHB,0.604526425000,-0.000278026000,-0.000459907108279,0.000459907108279,0.000392576644226,NHB,0.000,0.001,0.607423355773967,0.392576644226033
516,11,C,NHB,0.604526425000,-0.000268994000,-0.000444966487611,0.000444966487611,0.000326341452625,NHB,0.000,0.001,0.673658547374524,0.326341452625476
517,11,C,NHB,0.604526425000,-0.000157317000,-0.000260231800454,0.000260231800454,0.000136145694793,NHB,0.000,0.001,0.863854305207293,0.136145694792707
518,11,C,NHB,0.604526425000,-0.000429287000,-0.000710121149791,0.000710121149791,0.000423941768677,NHB,0.000,0.001,0.576058231322624,0.423941768677376
519,11,C,NHB,0.604526425000,0.000112924000,0.000186797458854,-0.000186797458854,-0.000241410111304,NHB,-0.001,0.000,0.241410111304005,0.758589888695995
520,11,C,NHB,0.604526425000,0.000026256000,0.000043432344583,-0.000043432344583,-0.000664924677960,NHB,-0.001,0.000,0.664924677960240,0.335075322039760
521,11,C,NHB,0.604526425000,0.000018365000,0.000030379151747,-0.000030379151747,-0.000093025154509,NHB,-0.001,0.000,0.093025154508923,0.906974845491077
522,11,C,NHB,0.604526425000,0.000155910000,0.000257904358771,-0.000257904358771,-0.000561027164495,NHB,-0.001,0.000,0.561027164495225,0.438972835504775
523,11,C,NHB,0.604526425000,0.000169251000,0.000279972872981,-0.000279972872981,-0.000319383232649,NHB,-0.001,0.000,0.319383232649215,0.680616767350785
524,11,C,NHB,0.604526425000,0.000059952000,0.000099171843481,-0.000099171843481,-0.000312177267322,NHB,-0.001,0.000,0.312177267322409,0.687822732677591
525,11,C,NHB,0.610796623000,0.000114182000,0.000186939474942,-0.000186939474942,-0.000312186811084,NHB,-0.001,0.000,0.312186811083864,0.687813188916136
526,11,C,NHB,0.610796623000,-0.000166397000,-0.000272426195126,0.000272426195126,-0.000793627928649,NHB,-0.001,0.000,0.793627928649368,0.206372071350632
527,11,C,NHB,0.610796623000,0.000198968000,0.000325751637301,-0.000325751637301,-0.000565109654108,NHB,-0.001,0.000,0.565109654108454,0.434890345891546
528,11,C,NHB,0.610796623000,-0.000027747000,-0.000045427559608,0.000045427559608,0.000350390104691,NHB,0.000,0.001,0.649609895309498,0.350390104690502
529,11,C,NHB,0.610796623000,-0.000316824000,-0.000518706207713,0.000518706207713,0.000274832289686,NHB,0.000,0.001,0.725167710313955,0.274832289686045
530,11,C,NHB,0.610796623000,-0.000258579000,-0.000423347134321,0.000423347134321,0.000441791893949,NHB,0.000,0.001,0.558208106050855,0.441791893949145
531,11,C,NHB,0.610796623000,-0.000333855000,-0.000546589466000,0.000546589466000,0.000325620065418,NHB,0.000,0.001,0.674379934582444,0.325620065417556
532,11,C,NHB,0.610796623000,-0.000134226000,-0.000219755635420,0.000219755635420,0.000119729017639,NHB,0.000,0.001,0.880270982360548,0.119729017639452
533,11,C,NHB,0.610796623000,-0.000445453000,-0.000729298400198,0.000729298400198,0.000443024136053,NHB,0.000,0.001,0.556975863946750,0.443024136053250
534,11,C,NHB,0.610796623000,-0.000228868000,-0.000374704101794,0.000374704101794,0.000239555920565,NHB,0.000,0.001,0.760444079435113,0.239555920564887
535,11,C,NHB,0.610796623000,-0.000165008000,-0.000270152115756,0.000270152115756,0.000400901005997,NHB,0.000,0.001,0.599098994003185,0.400901005996815
536,11,C,NHB,0.610796623000,0.000165086000,0.000270279817837,-0.000270279817837,-0.000369769438828,NHB,-0.001,0.000,0.369769438827650,0.630230561172350
537,11,C,NHB,0.610796623000,0.000145304000,0.000237892605375,-0.000237892605375,-0.000262429307602,NHB,-0.001,0.000,0.262429307601831,0.737570692398169
538,12,C,NHB,0.241185721000,0.000072571000,0.000300892605495,-0.000300892605495,-0.000387729272681,NHB,-0.001,0.000,0.387729272681080,0.612270727318920
539,12,C,NHB,0.241185721000,-0.000136955000,-0.000567840415395,0.000567840415395,0.000369887142401,NHB,0.000,0.001,0.630112857598892,0.369887142401108
540,12,C,NHB,0.241185721000,-0.000153534000,-0.000636579973986,0.000636579973986,0.000455498441291,NHB,0.000,0.001,0.544501558709036,0.455498441290964
541,12,C,NHB,0.617017436000,0.000179549000,0.000290995018170,-0.000290995018170,-0.000522856128696,NHB,-0.001,0.000,0.522856128696130,0.477143871303870
542,12,C,NHB,0.617017436000,-0.000000002000,-0.000000003241399,0.000000003241399,-0.000063770399698,NHB,-0.001,0.000,0.063770399697596,0.936229600302404
543,12,C,NHB,0.617017436000,0.000160388000,0.000259940790393,-0.000259940790393,-0.000220888157370,NHB,-0.001,0.000,0.220888157369569,0.779111842630431
544,12,C,NHB,0.517349488000,-0.000185188000,-0.000357955317045,0.000357955317045,0.000227359924878,NHB,0.000,0.001,0.772640075122312,0.227359924877688
545,12,C,NHB,0.517349488000,-0.000267145000,-0.000516372406268,0.000516372406268,0.000343296812617,NHB,0.000,0.001,0.656703187383279,0.343296812616721
546,12,C,NHB,0.517349488000,-0.000314579000,-0.000608058976179,0.000608058976179,0.000367751553728,NHB,0.000,0.001,0.632248446272205,0.367751553727795
547,12,C,NHB,0.517349488000,-0.000342421000,-0.000661875594627,0.000661875594627,0.000441204289329,NHB,0.000,0.001,0.558795710671479,0.441204289328521
548,12,C,NHB,0.517349488000,-0.000273227000,-0.000528128482462,0.000528128482462,0.000398174165074,NHB,0.000,0.001,0.601825834926166,0.398174165073834
549,12,C,NHB,0.517349488000,-0.000280285000,-0.000541771097684,0.000541771097684,0.000427889730955,NHB,0.000,0.001,0.572110269044630,0.427889730955370
550,12,C,NHB,0.517349488000,-0.000363003000,-0.000701659146128,0.000701659146128,0.000416906440114,NHB,0.000,0.001,0.583093559886199,0.416906440113801
551,12,C,NHB,0.517349488000,-0.000395028000,-0.000763561207970,0.000763561207970,0.000448283403107,NHB,0.000,0.001,0.551716596893479,0.448283403106521
552,12,C,NHB,0.517349488000,0.000070258000,0.000135803748974,-0.000135803748974,-0.000570932599975,NHB,-0.001,0.000,0.570932599974821,0.429067400025179
553,12,C,NHB,0.517349488000,0.000142761000,0.000275946924297,-0.000275946924297,-0.000307094142218,NHB,-0.001,0.000,0.307094142217580,0.692905857782420
554,12,C,NHB,0.517349488000,0.000123569000,0.000238850144566,-0.000238850144566,-0.000467715564432,NHB,-0.001,0.000,0.467715564431534,0.532284435568466
555,12,C,NHB,0.517349488000,0.000104924000,0.000202810677180,-0.000202810677180,-0.000247426646266,NHB,-0.001,0.000,0.247426646266188,0.752573353733812
556,12,C,NHB,0.517349488000,0.000014048000,0.000027153791249,-0.000027153791249,-0.000422488002847,NHB,-0.001,0.000,0.422488002846974,0.577511997153026
557,12,C,NHB,0.626409493000,-0.000106128000,-0.000169422719780,0.000169422719780,-0.000785406383440,NHB,-0.001,0.000,0.785406383440209,0.214593616559791
558,12,C,NHB,0.626409493000,0.000092880000,0.000148273615004,-0.000148273615004,-0.000654471045846,NHB,-0.001,0.000,0.654471045846303,0.345528954153697
559,12,C,NHB,0.626409493000,0.000088639000,0.000141503283380,-0.000141503283380,-0.000130750440265,NHB,-0.001,0.000,0.130750440265001,0.869249559734999
560,12,C,NHB,0.626409493000,-0.000129486000,-0.000206711426706,0.000206711426706,0.000100362913401,NHB,0.000,0.001,0.899637086599047,0.100362913400953
561,12,C,NHB,0.626409493000,0.000160099000,0.000255582014304,-0.000255582014304,-0.000289972154914,NHB,-0.001,0.000,0.289972154913817,0.710027845086183
562,12,C,NHB,0.626409493000,-0.000050688000,-0.000080918313925,0.000080918313925,-0.000001879859802,NHB,-0.001,0.000,0.001879859802309,0.998120140197691
563,12,C,NHB,0.626409493000,-0.000033088000,-0.000052821677145,0.000052821677145,0.000360943345328,NHB,0.000,0.001,0.639056654672430,0.360943345327570
564,12,C,NHB,0.626409493000,-0.000030538000,-0.000048750857612,0.000048750857612,0.000007439221009,NHB,0.000,0.001,0.992560778991064,0.007439221008936
565,12,C,NHB,0.626409493000,-0.000171000000,-0.000272984368709,0.000272984368709,0.000147872824996,NHB,0.000,0.001,0.852127175004122,0.147872824995878
566,12,C,NHB,0.604526425000,0.000088693000,0.000146714843772,-0.000146714843772,-0.000096168591196,NHB,-0.001,0.000,0.096168591196164,0.903831408803836
567,12,C,NHB,0.604526425000,-0.000179619000,-0.000297123488026,0.000297123488026,0.000235485236501,NHB,0.000,0.001,0.764514763498680,0.235485236501320
568,12,C,NHB,0.604526425000,-0.000178054000,-0.000294534684733,0.000294534684733,0.000360926746762,NHB,0.000,0.001,0.639073253238050,0.360926746761950
569,12,C,NHB,0.604526425000,-0.000453337000,-0.000749904356952,0.000749904356952,0.000437875773796,NHB,0.000,0.001,0.562124226204398,0.437875773795602
570,12,C,NHB,0.604526425000,-0.000159987000,-0.000264648480834,0.000264648480834,0.000184442114460,NHB,0.000,0.001,0.815557885539928,0.184442114460072
571,12,C,NHB,0.604526425000,-0.000072192000,-0.000119419097354,0.000119419097354,0.000311081374561,NHB,0.000,0.001,0.688918625439281,0.311081374560719
572,12,C,NHB,0.604526425000,-0.000000941000,-0.000001556590351,0.000001556590351,0.000353313098758,NHB,0.000,0.001,0.646686901242053,0.353313098757947
573,12,C,NHB,0.604526425000,-0.000208949000,-0.000345640804701,0.000345640804701,0.000401450509055,NHB,0.000,0.001,0.598549490945442,0.401450509054558
574,12,C,NHB,0.604526425000,0.000007043000,0.000011650441914,-0.000011650441914,-0.000681059947560,NHB,-0.001,0.000,0.681059947559640,0.318940052440360
575,12,C,NHB,0.604526425000,0.000017766000,0.000029388293489,-0.000029388293489,-0.000225693639800,NHB,-0.001,0.000,0.225693639800090,0.774306360199910
576,12,C,NHB,0.604526425000,0.000173728000,0.000287378670006,-0.000287378670006,-0.000456239051675,NHB,-0.001,0.000,0.456239051674985,0.543760948325015
577,12,C,NHB,0.604526425000,-0.000007479000,-0.000012371667624,0.000012371667624,-0.000153329312594,NHB,-0.001,0.000,0.153329312594271,0.846670687405729
578,12,C,NHB,0.604526425000,0.000195040000,0.000322632712044,-0.000322632712044,-0.000533293849780,NHB,-0.001,0.000,0.533293849780171,0.466706150219829
579,12,C,NHB,0.604526425000,0.000179208000,0.000296443617002,-0.000296443617002,-0.000291300000682,NHB,-0.001,0.000,0.291300000681670,0.708699999318330
580,12,C,NHB,0.610796623000,-0.000119093000,-0.000194979794445,0.000194979794445,-0.000769461434855,NHB,-0.001,0.000,0.769461434854768,0.230538565145232
581,12,C,NHB,0.610796623000,0.000168926000,0.000276566689531,-0.000276566689531,-0.000634754348102,NHB,-0.001,0.000,0.634754348101961,0.365245651898039
582,12,C,NHB,0.610796623000,-0.000214400000,-0.000351017002921,0.000351017002921,0.000186898442609,NHB,0.000,0.001,0.813101557391456,0.186898442608544
583,12,C,NHB,0.610796623000,-0.000223774000,-0.000366364173562,0.000366364173562,0.000427758837475,NHB,0.000,0.001,0.572241162524825,0.427758837475175
584,12,C,NHB,0.610796623000,-0.000323721000,-0.000529998018669,0.000529998018669,0.000318195901436,NHB,0.000,0.001,0.681804098564055,0.318195901435945
585,12,C,NHB,0.610796623000,-0.000043347000,-0.000070967975866,0.000070967975866,0.000397667421691,NHB,0.000,0.001,0.602332578309088,0.397667421690912
586,12,C,NHB,0.610796623000,-0.000133694000,-0.000218884641738,0.000218884641738,0.000117575376673,NHB,0.000,0.001,0.882424623327259,0.117575376672741
587,12,C,NHB,0.610796623000,-0.000458187000,-0.000750146583571,0.000750146583571,0.000416471909077,NHB,0.000,0.001,0.583528090923195,0.416471909076805
588,12,C,NHB,0.610796623000,-0.000279222000,-0.000457143981295,0.000457143981295,0.000311991725968,NHB,0.000,0.001,0.688008274032135,0.311991725967865
589,12,C,NHB,0.610796623000,-0.000177870000,-0.000291209861519,0.000291209861519,0.000406000144165,NHB,0.000,0.001,0.593999855835380,0.406000144164620
590,12,C,NHB,0.610796623000,0.000158879000,0.000260117679138,-0.000260117679138,-0.000297170125279,NHB,-0.001,0.000,0.297170125278987,0.702829874721013
591,12,C,NHB,0.610796623000,0.000050455000,0.000082605237325,-0.000082605237325,-0.000107185510002,NHB,-0.001,0.000,0.107185510002134,0.892814489997866
592,13,C,NHB,0.241185721000,-0.000105255000,-0.000436406432203,0.000436406432203,0.000428246786695,NHB,0.000,0.001,0.571753213304885,0.428246786695115
593,13,C,NHB,0.241185721000,-0.000142932000,-0.000592622147809,0.000592622147809,0.000396870883481,NHB,0.000,0.001,0.603129116519491,0.396870883480509
594,13,C,NHB,0.617017436000,0.000019260000,0.000031214677052,-0.000031214677052,-0.000186575040401,NHB,-0.001,0.000,0.186575040401391,0.813424959598609
595,13,C,NHB,0.617017436000,0.000044845000,0.000072680279978,-0.000072680279978,0.000098574803520,NHB,0.000,0.001,0.901425196479893,0.098574803520107
596,13,C,NHB,0.517349488000,-0.000146488000,-0.000283150951915,0.000283150951915,0.000357734919517,NHB,0.000,0.001,0.642265080482728,0.357734919517272
597,13,C,NHB,0.517349488000,-0.000186268000,-0.000360042880723,0.000360042880723,0.000415662056880,NHB,0.000,0.001,0.584337943120406,0.415662056879594
598,13,C,NHB,0.517349488000,-0.000204086000,-0.000394483815552,0.000394483815552,0.000460649953038,NHB,0.000,0.001,0.539350046962351,0.460649953037649
599,13,C,NHB,0.517349488000,-0.000253026000,-0.000489081377036,0.000489081377036,0.000424328477724,NHB,0.000,0.001,0.575671522275943,0.424328477724057
600,13,C,NHB,0.517349488000,-0.000273518000,-0.000528690964898,0.000528690964898,0.000385087401582,NHB,0.000,0.001,0.614912598418064,0.385087401581936
601,13,C,NHB,0.517349488000,-0.000261181000,-0.000504844415735,0.000504844415735,0.000420340409650,NHB,0.000,0.001,0.579659590349631,0.420340409650369
602,13,C,NHB,0.517349488000,-0.000288726000,-0.000558086954171,0.000558086954171,0.000416825514469,NHB,0.000,0.001,0.583174485530841,0.416825514469159
603,13,C,NHB,0.517349488000,-0.000245202000,-0.000473958137946,0.000473958137946,0.000395333613111,NHB,0.000,0.001,0.604666386889354,0.395333613110646
604,13,C,NHB,0.626409493000,0.000001733000,0.000002766560883,-0.000002766560883,-0.000005266371167,NHB,-0.001,0.000,0.005266371166721,0.994733628833279
605,13,C,NHB,0.626409493000,-0.000130097000,-0.000207686826994,0.000207686826994,0.000464095334757,NHB,0.000,0.001,0.535904665243425,0.464095334756575
606,13,C,NHB,0.626409493000,-0.000004085000,-0.000006521293252,0.000006521293252,0.000227931755449,NHB,0.000,0.001,0.772068244551287,0.227931755448713
607,13,C,NHB,0.604526425000,0.000020282000,0.000033550229008,-0.000033550229008,0.000183209920167,NHB,0.000,0.001,0.816790079832775,0.183209920167225
608,13,C,NHB,0.604526425000,-0.000057245000,-0.000094693958167,0.000094693958167,0.000482291647005,NHB,0.000,0.001,0.517708352995074,0.482291647004926
609,13,C,NHB,0.604526425000,-0.000170293000,-0.000281696536260,0.000281696536260,0.000354883727108,NHB,0.000,0.001,0.645116272891958,0.354883727108042
610,13,C,NHB,0.604526425000,-0.000148390000,-0.000245464869464,0.000245464869464,0.000327739350408,NHB,0.000,0.001,0.672260649591578,0.327739350408422
611,13,C,NHB,0.604526425000,-0.000075347000,-0.000124638058626,0.000124638058626,0.000440117674949,NHB,0.000,0.001,0.559882325050953,0.440117674949047
612,13,C,NHB,0.604526425000,-0.000198385000,-0.000328165968924,0.000328165968924,0.000468408764779,NHB,0.000,0.001,0.531591235221212,0.468408764778788
613,13,C,NHB,0.604526425000,0.000014795000,0.000024473702700,-0.000024473702700,-0.000122560175256,NHB,-0.001,0.000,0.122560175255716,0.877439824744284
614,13,C,NHB,0.610796623000,-0.000009476000,-0.000015514165670,0.000015514165670,0.000363586280685,NHB,0.000,0.001,0.636413719314628,0.363586280685372
615,13,C,NHB,0.610796623000,-0.000261252000,-0.000427723386414,0.000427723386414,0.000398574988933,NHB,0.000,0.001,0.601425011066904,0.398574988933096
616,13,C,NHB,0.610796623000,-0.000153834000,-0.000251857974008,0.000251857974008,0.000448534743238,NHB,0.000,0.001,0.551465256761520,0.448534743238480
617,13,C,NHB,0.610796623000,-0.000183282000,-0.000300070421313,0.000300070421313,0.000396355086553,NHB,0.000,0.001,0.603644913447487,0.396355086552513
618,13,C,NHB,0.610796623000,-0.000018133000,-0.000029687459487,0.000029687459487,0.000283130284527,NHB,0.000,0.001,0.716869715472768,0.283130284527232
619,13,C,NHB,0.610796623000,-0.000248411000,-0.000406700021981,0.000406700021981,0.000462154803521,NHB,0.000,0.001,0.537845196478691,0.462154803521309
620,13,C,NHB,0.610796623000,-0.000195896000,-0.000320722139945,0.000320722139945,0.000388752315605,NHB,0.000,0.001,0.611247684395079,0.388752315604921
621,13,C,NHB,0.610796623000,-0.000071681000,-0.000117356575496,0.000117356575496,0.000400166902729,NHB,0.000,0.001,0.599833097270663,0.400166902729337
622,14,C,NHB,0.241185721000,0.000022637000,0.000093857131783,-0.000093857131783,-0.000295869736311,NHB,-0.001,0.000,0.295869736310952,0.704130263689049
623,14,C,NHB,0.241185721000,0.000091960000,0.000381282936729,-0.000381282936729,-0.000578839794367,NHB,-0.001,0.000,0.578839794366913,0.421160205633087
624,14,C,NHB,0.241185721000,-0.000150586000,-0.000624357028168,0.000624357028168,0.000402911720329,NHB,0.000,0.001,0.597088279671072,0.402911720328928
625,14,C,NHB,0.241185721000,-0.000178890000,-0.000741710575810,0.000741710575810,0.000499101565332,NHB,0.000,0.001,0.500898434667891,0.499101565332109
626,14,C,NHB,0.617017436000,0.000139416000,0.000225951475381,-0.000225951475381,-0.000498146558223,NHB,-0.001,0.000,0.498146558223131,0.501853441776869
627,14,C,NHB,0.617017436000,0.000110718000,0.000179440634154,-0.000179440634154,-0.000190299407652,NHB,-0.001,0.000,0.190299407651727,0.809700592348273
628,14,C,NHB,0.517349488000,-0.000218931000,-0.000423178151478,0.000423178151478,0.000258707864857,NHB,0.000,0.001,0.741292135142579,0.258707864857421
629,14,C,NHB,0.517349488000,-0.000320853000,-0.000620186174805,0.000620186174805,0.000350936159706,NHB,0.000,0.001,0.649063840294136,0.350936159705864
630,14,C,NHB,0.517349488000,-0.000313679000,-0.000606319339781,0.000606319339781,0.000418127163662,NHB,0.000,0.001,0.581872836337995,0.418127163662005
631,14,C,NHB,0.517349488000,-0.000387624000,-0.000749249799200,0.000749249799200,0.000478676217780,NHB,0.000,0.001,0.521323782220421,0.478676217779579
632,14,C,NHB,0.517349488000,-0.000295949000,-0.000572048502733,0.000572048502733,0.000442893998287,NHB,0.000,0.001,0.557106001713152,0.442893998286848
633,14,C,NHB,0.517349488000,-0.000372921000,-0.000720829939238,0.000720829939238,0.000423932028385,NHB,0.000,0.001,0.576067971615089,0.423932028384911
634,14,C,NHB,0.517349488000,-0.000362618000,-0.000700914968336,0.000700914968336,0.000498739674827,NHB,0.000,0.001,0.501260325173266,0.498739674826734
635,14,C,NHB,0.517349488000,-0.000482895000,-0.000933401909542,0.000933401909542,0.000479234821226,NHB,0.000,0.001,0.520765178774114,0.479234821225886
636,14,C,NHB,0.517349488000,0.000121089000,0.000234056479824,-0.000234056479824,-0.000652371071870,NHB,-0.001,0.000,0.652371071869988,0.347628928130012
637,14,C,NHB,0.517349488000,0.000169538000,0.000327704973007,-0.000327704973007,-0.000506126030018,NHB,-0.001,0.000,0.506126030017763,0.493873969982237
638,14,C,NHB,0.517349488000,0.000137117000,0.000265037471149,-0.000265037471149,-0.000307432280856,NHB,-0.001,0.000,0.307432280856079,0.692567719143921
639,14,C,NHB,0.517349488000,-0.000000131000,-0.000000253213742,0.000000253213742,-0.000342056903136,NHB,-0.001,0.000,0.342056903136068,0.657943096863932
640,14,C,NHB,0.517349488000,0.000106524000,0.000205903364110,-0.000205903364110,-0.000241416789211,NHB,-0.001,0.000,0.241416789211133,0.758583210788867
641,14,C,NHB,0.626409493000,-0.000156333000,-0.000249569972593,0.000249569972593,-0.000744628193070,NHB,-0.001,0.000,0.744628193070243,0.255371806929757
642,14,C,NHB,0.626409493000,0.000049113000,0.000078403984213,-0.000078403984213,-0.000614475507041,NHB,-0.001,0.000,0.614475507040857,0.385524492959143
643,14,C,NHB,0.626409493000,0.000048129000,0.000076833126793,-0.000076833126793,-0.000089406764487,NHB,-0.001,0.000,0.089406764486971,0.910593235513029
644,14,C,NHB,0.626409493000,-0.000125548000,-0.000200424804226,0.000200424804226,0.000103035760750,NHB,0.000,0.001,0.896964239250221,0.103035760749779
645,14,C,NHB,0.626409493000,-0.000162146000,-0.000258849844729,0.000258849844729,0.000117555159826,NHB,0.000,0.001,0.882444840174271,0.117555159825729
646,14,C,NHB,0.626409493000,-0.000024046000,-0.000038387030000,0.000038387030000,0.000171577976670,NHB,0.000,0.001,0.828422023330290,0.171577976669710
647,14,C,NHB,0.626409493000,0.000178585000,0.000285093061321,-0.000285093061321,-0.000297531782427,NHB,-0.001,0.000,0.297531782427308,0.702468217572692
648,14,C,NHB,0.626409493000,-0.000115428000,-0.000184269238078,0.000184269238078,-0.000005568631875,NHB,-0.001,0.000,0.005568631875390,0.994431368124610
649,14,C,NHB,0.626409493000,-0.000028459000,-0.000045431942392,0.000045431942392,0.000010787082774,NHB,0.000,0.001,0.989212917226314,0.010787082773686
650,14,C,NHB,0.626409493000,-0.000298059000,-0.000475821333059,0.000475821333059,0.000186536374183,NHB,0.000,0.001,0.813463625816695,0.186536374183305
651,14,C,NHB,0.604526425000,0.000046545000,0.000076994152902,-0.000076994152902,-0.000071707037491,NHB,-0.001,0.000,0.071707037490984,0.928292962509016
652,14,C,NHB,0.604526425000,-0.000319687000,-0.000528822209881,0.000528822209881,0.000281366515988,NHB,0.000,0.001,0.718633484012182,0.281366515987818
653,14,C,NHB,0.604526425000,-0.000136812000,-0.000226312687655,0.000226312687655,0.000366456696869,NHB,0.000,0.001,0.633543303131181,0.366456696868819
654,14,C,NHB,0.604526425000,-0.000543789000,-0.000899528916374,0.000899528916374,0.000490307071156,NHB,0.000,0.001,0.509692928844351,0.490307071155649
655,14,C,NHB,0.604526425000,-0.000193302000,-0.000319757734329,0.000319757734329,0.000216165795135,NHB,0.000,0.001,0.783834204865397,0.216165795134603
656,14,C,NHB,0.604526425000,-0.000147171000,-0.000243448415013,0.000243448415013,0.000339476441816,NHB,0.000,0.001,0.660523558184290,0.339476441815710
657,14,C,NHB,0.604526425000,-0.000000970000,-0.000001604561786,0.000001604561786,0.000386292511435,NHB,0.000,0.001,0.613707488565172,0.386292511434828
658,14,C,NHB,0.604526425000,-0.000292026000,-0.000483065731990,0.000483065731990,0.000431365238033,NHB,0.000,0.001,0.568634761967193,0.431365238032807
659,14,C,NHB,0.604526425000,0.000021684000,0.000035869399754,-0.000035869399754,-0.000685943834699,NHB,-0.001,0.000,0.685943834698930,0.314056165301070
660,14,C,NHB,0.604526425000,0.000188650000,0.000312062454507,-0.000312062454507,-0.000437432308173,NHB,-0.001,0.000,0.437432308172961,0.562567691827039
661,14,C,NHB,0.604526425000,0.000125967000,0.000208373025216,-0.000208373025216,-0.000432024439647,NHB,-0.001,0.000,0.432024439646756,0.567975560353244
662,14,C,NHB,0.604526425000,0.000115224000,0.000190602089892,-0.000190602089892,-0.000227081533404,NHB,-0.001,0.000,0.227081533403975,0.772918466596025
663,14,C,NHB,0.610796623000,-0.000107991000,-0.000176803531541,0.000176803531541,-0.000750824464175,NHB,-0.001,0.000,0.750824464175046,0.249175535824954
664,14,C,NHB,0.610796623000,0.000083773000,0.000137153672508,-0.000137153672508,-0.000528581956927,NHB,-0.001,0.000,0.528581956926895,0.471418043073105
665,14,C,NHB,0.610796623000,-0.000234252000,-0.000383518819815,0.000383518819815,0.000210048309793,NHB,0.000,0.001,0.789951690206564,0.210048309793436
666,14,C,NHB,0.610796623000,-0.000343133000,-0.000561779464848,0.000561779464848,0.000430481633988,NHB,0.000,0.001,0.569518366012443,0.430481633987557
667,14,C,NHB,0.610796623000,-0.000309275000,-0.000506346938333,0.000506346938333,0.000351000065276,NHB,0.000,0.001,0.648999934723523,0.351000065276477
668,14,C,NHB,0.610796623000,-0.000078119000,-0.000127896908821,0.000127896908821,0.000381540538241,NHB,0.000,0.001,0.618459461759178,0.381540538240822
669,14,C,NHB,0.610796623000,0.000017752000,0.000029063683936,-0.000029063683936,-0.000137116464858,NHB,-0.001,0.000,0.137116464858361,0.862883535141639
670,14,C,NHB,0.610796623000,-0.000082425000,-0.000134946718590,0.000134946718590,-0.000033667597335,NHB,-0.001,0.000,0.033667597334861,0.966332402665139
671,14,C,NHB,0.610796623000,-0.000153250000,-0.000250901845605,0.000250901845605,0.000119521400591,NHB,0.000,0.001,0.880478599408939,0.119521400591061
672,14,C,NHB,0.610796623000,-0.000419821000,-0.000687333531639,0.000687333531639,0.000513345447188,NHB,0.000,0.001,0.486654552811750,0.513345447188250
673,14,C,NHB,0.610796623000,-0.000315471000,-0.000516491067764,0.000516491067764,0.000314972380172,NHB,0.000,0.001,0.685027619827784,0.314972380172216
674,14,C,NHB,0.610796623000,-0.000113333000,-0.000185549486903,0.000185549486903,0.000502625400121,NHB,0.000,0.001,0.497374599878593,0.502625400121407
675,14,C,NHB,0.610796623000,0.000195691000,0.000320386512681,-0.000320386512681,-0.000403401902168,NHB,-0.001,0.000,0.403401902167975,0.596598097832025
676,14,C,NHB,0.610796623000,0.000044928000,0.000073556398821,-0.000073556398821,-0.000139133378158,NHB,-0.001,0.000,0.139133378157799,0.860866621842201
677,15,C,NHB,0.241185721000,-0.000141521000,-0.000586771884394,0.000586771884394,0.000373186398235,NHB,0.000,0.001,0.626813601765191,0.373186398234809
678,15,C,NHB,0.241185721000,-0.000116321000,-0.000482288087030,0.000482288087030,0.000393623555649,NHB,0.000,0.001,0.606376444350958,0.393623555649042
679,15,C,NHB,0.517349488000,-0.000304140000,-0.000587881126887,0.000587881126887,0.000414749148326,NHB,0.000,0.001,0.585250851674482,0.414749148325518
680,15,C,NHB,0.517349488000,-0.000292706000,-0.000565780012911,0.000565780012911,0.000356683579048,NHB,0.000,0.001,0.643316420952416,0.356683579047584
681,15,C,NHB,0.517349488000,-0.000307259000,-0.000593909933472,0.000593909933472,0.000424305304773,NHB,0.000,0.001,0.575694695226658,0.424305304773342
682,15,C,NHB,0.517349488000,-0.000262928000,-0.000508221243277,0.000508221243277,0.000353020087062,NHB,0.000,0.001,0.646979912938475,0.353020087061525
683,15,C,NHB,0.517349488000,-0.000269024000,-0.000520004380482,0.000520004380482,0.000402800247987,NHB,0.000,0.001,0.597199752012868,0.402800247987132
684,15,C,NHB,0.517349488000,-0.000211075000,-0.000407993058650,0.000407993058650,0.000363519702404,NHB,0.000,0.001,0.636480297595910,0.363519702404090
685,15,C,NHB,0.517349488000,-0.000297248000,-0.000574559377934,0.000574559377934,0.000416813732951,NHB,0.000,0.001,0.583186267049238,0.416813732950762
686,15,C,NHB,0.517349488000,-0.000255004000,-0.000492904711254,0.000492904711254,0.000378260461835,NHB,0.000,0.001,0.621739538164643,0.378260461835357
687,15,C,NHB,0.626409493000,-0.000193713000,-0.000309243397753,0.000309243397753,0.000407981229661,NHB,0.000,0.001,0.592018770339124,0.407981229660876
688,15,C,NHB,0.604526425000,-0.000265690000,-0.000439501052415,0.000439501052415,0.000382211711753,NHB,0.000,0.001,0.617788288246901,0.382211711753099
689,15,C,NHB,0.604526425000,-0.000168967000,-0.000279503083757,0.000279503083757,0.000458568778473,NHB,0.000,0.001,0.541431221526715,0.458568778473285
690,15,C,NHB,0.604526425000,-0.000274071000,-0.000453364797081,0.000453364797081,0.000381074692420,NHB,0.000,0.001,0.618925307579728,0.381074692420272
691,15,C,NHB,0.604526425000,-0.000228902000,-0.000378646806052,0.000378646806052,0.000386072565255,NHB,0.000,0.001,0.613927434745058,0.386072565254942
692,15,C,NHB,0.604526425000,-0.000099770000,-0.000165038277690,0.000165038277690,0.000355028930594,NHB,0.000,0.001,0.644971069406134,0.355028930593866
693,15,C,NHB,0.604526425000,-0.000146901000,-0.000243001784413,0.000243001784413,0.000373325057819,NHB,0.000,0.001,0.626674942180506,0.373325057819494
694,15,C,NHB,0.610796623000,-0.000297684000,-0.000487370081612,0.000487370081612,0.000471761281410,NHB,0.000,0.001,0.528238718589780,0.471761281410220
695,15,C,NHB,0.610796623000,-0.000198908000,-0.000325653404930,0.000325653404930,0.000362280929825,NHB,0.000,0.001,0.637719070175225,0.362280929824775
696,15,C,NHB,0.610796623000,-0.000370905000,-0.000607247954611,0.000607247954611,0.000429624478208,NHB,0.000,0.001,0.570375521791567,0.429624478208433
697,15,C,NHB,0.610796623000,-0.000032393000,-0.000053034019476,0.000053034019476,0.000330108934979,NHB,0.000,0.001,0.669891065020705,0.330108934979295
698,15,C,NHB,0.610796623000,-0.000090872000,-0.000148776199111,0.000148776199111,0.000383901955883,NHB,0.000,0.001,0.616098044116600,0.383901955883400
699,15,C,NHB,0.610796623000,-0.000316779000,-0.000518632533435,0.000518632533435,0.000406795376978,NHB,0.000,0.001,0.593204623021963,0.406795376978037
700,15,C,NHB,0.610796623000,-0.000279381000,-0.000457404297076,0.000457404297076,0.000404174428216,NHB,0.000,0.001,0.595825571784041,0.404174428215959
701,15,C,NHB,0.610796623000,-0.000096788000,-0.000158461910815,0.000158461910815,0.000412288192298,NHB,0.000,0.001,0.587711807702311,0.412288192297689
702,16,C,NHB,0.241185721000,-0.000116321000,-0.000482288087030,0.000482288087030,0.000393623280137,NHB,0.000,0.001,0.606376719863198,0.393623280136802
703,16,C,NHB,0.241185721000,-0.000141520000,-0.000586767738211,0.000586767738211,0.000373185965070,NHB,0.000,0.001,0.626814034929900,0.373185965070100
704,16,C,NHB,0.517349488000,-0.000255004000,-0.000492904711254,0.000492904711254,0.000378260468729,NHB,0.000,0.001,0.621739531271299,0.378260468728701
705,16,C,NHB,0.517349488000,-0.000297248000,-0.000574559377934,0.000574559377934,0.000416813295410,NHB,0.000,0.001,0.583186704590342,0.416813295409658
706,16,C,NHB,0.517349488000,-0.000211075000,-0.000407993058650,0.000407993058650,0.000363519661178,NHB,0.000,0.001,0.636480338821965,0.363519661178035
707,16,C,NHB,0.517349488000,-0.000269023000,-0.000520002447552,0.000520002447552,0.000402799609230,NHB,0.000,0.001,0.597200390769918,0.402799609230082
708,16,C,NHB,0.517349488000,-0.000262928000,-0.000508221243277,0.000508221243277,0.000353019790770,NHB,0.000,0.001,0.646980209230071,0.353019790769929
709,16,C,NHB,0.517349488000,-0.000307259000,-0.000593909933472,0.000593909933472,0.000424304800618,NHB,0.000,0.001,0.575695199381541,0.424304800618459
710,16,C,NHB,0.517349488000,-0.000292706000,-0.000565780012911,0.000565780012911,0.000356683394664,NHB,0.000,0.001,0.643316605335779,0.356683394664221
711,16,C,NHB,0.517349488000,-0.000304140000,-0.000587881126887,0.000587881126887,0.000414748670079,NHB,0.000,0.001,0.585251329921022,0.414748670078978
712,16,C,NHB,0.626409493000,-0.000193713000,-0.000309243397753,0.000309243397753,0.000407981375792,NHB,0.000,0.001,0.592018624207754,0.407981375792246
713,16,C,NHB,0.604526425000,-0.000146901000,-0.000243001784413,0.000243001784413,0.000373325120971,NHB,0.000,0.001,0.626674879028941,0.373325120971059
714,16,C,NHB,0.604526425000,-0.000099770000,-0.000165038277690,0.000165038277690,0.000355029221586,NHB,0.000,0.001,0.644970778413729,0.355029221586271
715,16,C,NHB,0.604526425000,-0.000228902000,-0.000378646806052,0.000378646806052,0.000386071948160,NHB,0.000,0.001,0.613928051840148,0.386071948159852
716,16,C,NHB,0.604526425000,-0.000274071000,-0.000453364797081,0.000453364797081,0.000381074554266,NHB,0.000,0.001,0.618925445733601,0.381074554266399
717,16,C,NHB,0.604526425000,-0.000168967000,-0.000279503083757,0.000279503083757,0.000458568496929,NHB,0.000,0.001,0.541431503070513,0.458568496929487
718,16,C,NHB,0.604526425000,-0.000265690000,-0.000439501052415,0.000439501052415,0.000382211689895,NHB,0.000,0.001,0.617788310104602,0.382211689895398
719,16,C,NHB,0.610796623000,-0.000032393000,-0.000053034019476,0.000053034019476,0.000330109184310,NHB,0.000,0.001,0.669890815690140,0.330109184309860
720,16,C,NHB,0.610796623000,-0.000370905000,-0.000607247954611,0.000607247954611,0.000429623689054,NHB,0.000,0.001,0.570376310946432,0.429623689053568
721,16,C,NHB,0.610796623000,-0.000198908000,-0.000325653404930,0.000325653404930,0.000362281011667,NHB,0.000,0.001,0.637718988333070,0.362281011666930
722,16,C,NHB,0.610796623000,-0.000297683000,-0.000487368444406,0.000487368444406,0.000471760720073,NHB,0.000,0.001,0.528239279926864,0.471760720073136
723,16,C,NHB,0.610796623000,-0.000096788000,-0.000158461910815,0.000158461910815,0.000412288032857,NHB,0.000,0.001,0.587711967142943,0.412288032857057
724,16,C,NHB,0.610796623000,-0.000279381000,-0.000457404297076,0.000457404297076,0.000404174217935,NHB,0.000,0.001,0.595825782064604,0.404174217935396
725,16,C,NHB,0.610796623000,-0.000316778000,-0.000518630896229,0.000518630896229,0.000406794965196,NHB,0.000,0.001,0.593205034804051,0.406794965195949
726,16,C,NHB,0.610796623000,-0.000090872000,-0.000148776199111,0.000148776199111,0.000383901830845,NHB,0.000,0.001,0.616098169155169,0.383901830844831
727,17,H,NHB,0.070423299000,0.000123737000,0.001757046343427,-0.001757046343427,-0.000735254819853,NHB,-0.001,0.000,0.735254819852870,0.264745180147130
728,17,H,NHB,0.180161591000,0.000161577000,0.000896844877441,-0.000896844877441,-0.000409231113363,NHB,-0.001,0.000,0.409231113362645,0.590768886637355
729,17,H,NHB,0.180161591000,0.000249208000,0.001383247109535,-0.001383247109535,-0.000493560493605,NHB,-0.001,0.000,0.493560493605069,0.506439506394931
730,17,H,NHB,0.180161591000,0.000103153000,0.000572558220803,-0.000572558220803,-0.000383414618051,NHB,-0.001,0.000,0.383414618050866,0.616585381949134
731,17,H,NHB,0.180161591000,0.000197742000,0.001097581337412,-0.001097581337412,-0.000472987760239,NHB,-0.001,0.000,0.472987760239044,0.527012239760956
732,17,H,NHB,0.151059761000,0.000000000000,0.000000000000000,-0.000000000000000,-0.000216059946333,NHB,-0.001,0.000,0.216059946333256,0.783940053666744
733,17,H,NHB,0.151059761000,0.000000577000,0.000003819680345,-0.000003819680345,-0.000246159564420,NHB,-0.001,0.000,0.246159564419564,0.753840435580436
734,17,H,NHB,0.151059761000,0.000266181000,0.001762090699985,-0.001762090699985,-0.000695762447524,NHB,-0.001,0.000,0.695762447524293,0.304237552475707
735,17,H,NHB,0.151059761000,0.000265813000,0.001759654578032,-0.001759654578032,-0.000731986548357,NHB,-0.001,0.000,0.731986548356687,0.268013451643313
736,17,H,NHB,0.151059761000,0.000266218000,0.001762335636159,-0.001762335636159,-0.000692437232359,NHB,-0.001,0.000,0.692437232358635,0.307562767641365
737,17,H,NHB,0.151059761000,0.000266547000,0.001764513582144,-0.001764513582144,-0.000725994823039,NHB,-0.001,0.000,0.725994823039477,0.274005176960523
738,17,H,NHB,0.182903957000,0.000231563000,0.001266036032233,-0.001266036032233,-0.000459724556253,NHB,-0.001,0.000,0.459724556252532,0.540275443747468
739,17,H,NHB,0.182903957000,0.000305565000,0.001670630887444,-0.001670630887444,-0.000569798295777,NHB,-0.001,0.000,0.569798295777233,0.430201704222767
740,17,H,NHB,0.182903957000,0.000210043000,0.001148378654268,-0.001148378654268,-0.000456093259642,NHB,-0.001,0.000,0.456093259642176,0.543906740357824
741,17,H,NHB,0.182903957000,0.000295950000,0.001618062314529,-0.001618062314529,-0.000566610024409,NHB,-0.001,0.000,0.566610024408699,0.433389975591301
742,17,H,NHB,0.182903957000,0.000279406000,0.001527610471544,-0.001527610471544,-0.000528448952163,NHB,-0.001,0.000,0.528448952163103,0.471551047836897
743,17,H,NHB,0.182903957000,0.000300441000,0.001642616184624,-0.001642616184624,-0.000568330391136,NHB,-0.001,0.000,0.568330391136473,0.431669608863527
744,17,H,NHB,0.182903957000,0.000225661000,0.001233767730897,-0.001233767730897,-0.000499226337065,NHB,-0.001,0.000,0.499226337064646,0.500773662935354
745,17,H,NHB,0.182903957000,0.000256642000,0.001403151709834,-0.001403151709834,-0.000533312243730,NHB,-0.001,0.000,0.533312243729907,0.466687756270093
746,17,H,NHB,0.182903957000,0.000010775000,0.000058910699237,-0.000058910699237,-0.000272164984629,NHB,-0.001,0.000,0.272164984629252,0.727835015370748
747,17,H,NHB,0.176514367000,0.000043814000,0.000248217755555,-0.000248217755555,-0.000322896885136,NHB,-0.001,0.000,0.322896885136331,0.677103114863669
748,17,H,NHB,0.176514367000,0.000100497000,0.000569341757886,-0.000569341757886,-0.000380656588494,NHB,-0.001,0.000,0.380656588494213,0.619343411505787
749,17,H,NHB,0.176514367000,0.000006035000,0.000034189851526,-0.000034189851526,-0.000273107370978,NHB,-0.001,0.000,0.273107370977529,0.726892629022471
750,17,H,NHB,0.176514367000,0.000033778000,0.000191361193845,-0.000191361193845,-0.000328957478001,NHB,-0.001,0.000,0.328957478001368,0.671042521998632
751,17,H,NHB,0.176514367000,0.000012139000,0.000068770606078,-0.000068770606078,-0.000317388988279,NHB,-0.001,0.000,0.317388988279053,0.682611011720947
752,17,H,NHB,0.176514367000,0.000113733000,0.000644327155534,-0.000644327155534,-0.000387558570984,NHB,-0.001,0.000,0.387558570983776,0.612441429016224
753,17,H,NHB,0.176514367000,0.000002851000,0.000016151659768,-0.000016151659768,-0.000286509921422,NHB,-0.001,0.000,0.286509921421886,0.713490078578114
754,17,H,NHB,0.176514367000,0.000076572000,0.000433800382946,-0.000433800382946,-0.000391722919845,NHB,-0.001,0.000,0.391722919845355,0.608277080154645
755,17,H,NHB,0.176514367000,0.000306935000,0.001738866955799,-0.001738866955799,-0.000582824292624,NHB,-0.001,0.000,0.582824292624418,0.417175707375582
756,17,H,NHB,0.176514367000,0.000310523000,0.001759193913094,-0.001759193913094,-0.000658546065032,NHB,-0.001,0.000,0.658546065032352,0.341453934967648
757,17,H,NHB,0.176514367000,0.000294095000,0.001666125001598,-0.001666125001598,-0.000575888170134,NHB,-0.001,0.000,0.575888170134070,0.424111829865930
758,17,H,NHB,0.176514367000,0.000309080000,0.001751018941138,-0.001751018941138,-0.000644258265268,NHB,-0.001,0.000,0.644258265268461,0.355741734731539
759,17,H,NHB,0.178345189000,0.000037670000,0.000211219602902,-0.000211219602902,-0.000350677406528,NHB,-0.001,0.000,0.350677406528375,0.649322593471625
760,17,H,NHB,0.178345189000,0.000168714000,0.000945996922855,-0.000945996922855,-0.000448047814088,NHB,-0.001,0.000,0.448047814088492,0.551952185911508
761,17,H,NHB,0.178345189000,0.000310541000,0.001741235643873,-0.001741235643873,-0.000598690993925,NHB,-0.001,0.000,0.598690993925295,0.401309006074705
762,17,H,NHB,0.178345189000,0.000316460000,0.001774424091698,-0.001774424091698,-0.000688059407876,NHB,-0.001,0.000,0.688059407875812,0.311940592124188
763,17,H,NHB,0.178345189000,0.000139576000,0.000782617130199,-0.000782617130199,-0.000419739006741,NHB,-0.001,0.000,0.419739006741106,0.580260993258894
764,17,H,NHB,0.178345189000,0.000058405000,0.000327482901711,-0.000327482901711,-0.000366085414675,NHB,-0.001,0.000,0.366085414674599,0.633914585325401
765,17,H,NHB,0.178345189000,0.000315394000,0.001768446918969,-0.001768446918969,-0.000669459729129,NHB,-0.001,0.000,0.669459729129438,0.330540270870562
766,17,H,NHB,0.178345189000,0.000313900000,0.001760069905783,-0.001760069905783,-0.000651871465946,NHB,-0.001,0.000,0.651871465945836,0.348128534054164
767,18,H,NHB,0.070423299000,0.000024051000,0.000341520495937,-0.000341520495937,-0.000390672893312,NHB,-0.001,0.000,0.390672893312496,0.609327106687504
768,18,H,NHB,0.070423299000,0.000131825000,0.001871894697804,-0.001871894697804,-0.000712587965456,NHB,-0.001,0.000,0.712587965456316,0.287412034543684
769,18,H,NHB,0.180161591000,0.000302344000,0.001678182337988,-0.001678182337988,-0.000595850557289,NHB,-0.001,0.000,0.595850557289127,0.404149442710873
770,18,H,NHB,0.180161591000,0.000000081000,0.000000449596385,-0.000000449596385,-0.000295602806851,NHB,-0.001,0.000,0.295602806851153,0.704397193148847
771,18,H,NHB,0.180161591000,0.000331449000,0.001839731755033,-0.001839731755033,-0.000637415660139,NHB,-0.001,0.000,0.637415660139393,0.362584339860607
772,18,H,NHB,0.151059761000,0.000007338000,0.000048576801336,-0.000048576801336,-0.000295233836692,NHB,-0.001,0.000,0.295233836692028,0.704766163307972
773,18,H,NHB,0.151059761000,0.000282010000,0.001866877043450,-0.001866877043450,-0.000737937490109,NHB,-0.001,0.000,0.737937490109232,0.262062509890768
774,18,H,NHB,0.151059761000,0.000273560000,0.001810938917082,-0.001810938917082,-0.000631767094450,NHB,-0.001,0.000,0.631767094449833,0.368232905550167
775,18,H,NHB,0.151059761000,0.000282537000,0.001870365728965,-0.001870365728965,-0.000753821943211,NHB,-0.001,0.000,0.753821943210587,0.246178056789413
776,18,H,NHB,0.151059761000,0.000279220000,0.001848407531904,-0.001848407531904,-0.000657716784849,NHB,-0.001,0.000,0.657716784848900,0.342283215151100
777,18,H,NHB,0.151059761000,0.000152308000,0.001008263213127,-0.001008263213127,-0.000463348578089,NHB,-0.001,0.000,0.463348578089448,0.536651421910552
778,18,H,NHB,0.151059761000,0.000171385000,0.001134550980787,-0.001134550980787,-0.000469258211983,NHB,-0.001,0.000,0.469258211983278,0.530741788016722
779,18,H,NHB,0.182903957000,0.000340191000,0.001859943358142,-0.001859943358142,-0.000707507134947,NHB,-0.001,0.000,0.707507134947495,0.292492865052505
780,18,H,NHB,0.182903957000,0.000339811000,0.001857865765036,-0.001857865765036,-0.000724200674005,NHB,-0.001,0.000,0.724200674004849,0.275799325995151
781,18,H,NHB,0.182903957000,0.000074669000,0.000408241577846,-0.000408241577846,-0.000389663764386,NHB,-0.001,0.000,0.389663764386396,0.610336235613604
782,18,H,NHB,0.182903957000,0.000159641000,0.000872813265598,-0.000872813265598,-0.000427712111405,NHB,-0.001,0.000,0.427712111404862,0.572287888595138
783,18,H,NHB,0.182903957000,0.000273745000,0.001496659801625,-0.001496659801625,-0.000561982506866,NHB,-0.001,0.000,0.561982506865819,0.438017493134181
784,18,H,NHB,0.182903957000,0.000116339000,0.000636066063896,-0.000636066063896,-0.000414137856117,NHB,-0.001,0.000,0.414137856117455,0.585862143882545
785,18,H,NHB,0.182903957000,0.000324963000,0.001776686548121,-0.001776686548121,-0.000611607195581,NHB,-0.001,0.000,0.611607195580910,0.388392804419090
786,18,H,NHB,0.182903957000,0.000207879000,0.001136547308268,-0.001136547308268,-0.000486399260181,NHB,-0.001,0.000,0.486399260181193,0.513600739818807
787,18,H,NHB,0.176514367000,0.000094701000,0.000536505903794,-0.000536505903794,-0.000424442528205,NHB,-0.001,0.000,0.424442528204935,0.575557471795065
788,18,H,NHB,0.176514367000,0.000196891000,0.001115438948944,-0.001115438948944,-0.000479188228901,NHB,-0.001,0.000,0.479188228900579,0.520811771099421
789,18,H,NHB,0.176514367000,0.000000319000,0.000001807218333,-0.000001807218333,-0.000279643349476,NHB,-0.001,0.000,0.279643349476239,0.720356650523761
790,18,H,NHB,0.176514367000,0.000329994000,0.001869502214514,-0.001869502214514,-0.000711818079631,NHB,-0.001,0.000,0.711818079631290,0.288181920368710
791,18,H,NHB,0.176514367000,0.000176313000,0.000998859203342,-0.000998859203342,-0.000486152328598,NHB,-0.001,0.000,0.486152328597571,0.513847671402429
792,18,H,NHB,0.176514367000,0.000330861000,0.001874413996001,-0.001874413996001,-0.000742205942947,NHB,-0.001,0.000,0.742205942947042,0.257794057052958
793,18,H,NHB,0.176514367000,0.000225889000,0.001279720194107,-0.001279720194107,-0.000557073284018,NHB,-0.001,0.000,0.557073284017652,0.442926715982348
794,18,H,NHB,0.176514367000,0.000271560000,0.001538458339768,-0.001538458339768,-0.000544080623519,NHB,-0.001,0.000,0.544080623518997,0.455919376481003
795,18,H,NHB,0.176514367000,0.000301207000,0.001706416339470,-0.001706416339470,-0.000569109401163,NHB,-0.001,0.000,0.569109401162645,0.430890598837355
796,18,H,NHB,0.178345189000,0.000330826000,0.001854975745940,-0.001854975745940,-0.000777555382781,NHB,-0.001,0.000,0.777555382781223,0.222444617218777
797,18,H,NHB,0.178345189000,0.000210631000,0.001181029895906,-0.001181029895906,-0.000571300889618,NHB,-0.001,0.000,0.571300889618222,0.428699110381778
798,18,H,NHB,0.178345189000,0.000323520000,0.001814010245042,-0.001814010245042,-0.000622983439629,NHB,-0.001,0.000,0.622983439628714,0.377016560371286
799,18,H,NHB,0.178345189000,0.000000976000,0.000005472533380,-0.000005472533380,-0.000252579285293,NHB,-0.001,0.000,0.252579285293241,0.747420714706759
800,18,H,NHB,0.178345189000,0.000015616000,0.000087560534083,-0.000087560534083,-0.000342421865257,NHB,-0.001,0.000,0.342421865257492,0.657578134742508
801,18,H,NHB,0.178345189000,0.000049128000,0.000275465799080,-0.000275465799080,-0.000346946992069,NHB,-0.001,0.000,0.346946992069126,0.653053007930874
802,18,H,NHB,0.178345189000,0.000030786000,0.000172620299839,-0.000172620299839,-0.000354745133850,NHB,-0.001,0.000,0.354745133849709,0.645254866150291
803,18,H,NHB,0.178345189000,0.000120876000,0.000677764287771,-0.000677764287771,-0.000415374474961,NHB,-0.001,0.000,0.415374474960550,0.584625525039450
804,18,H,NHB,0.178345189000,0.000316799000,0.001776324899911,-0.001776324899911,-0.000610477065140,NHB,-0.001,0.000,0.610477065140219,0.389522934859781
805,18,H,NHB,0.178345189000,0.000333473000,0.001869817749892,-0.001869817749892,-0.000656452040528,NHB,-0.001,0.000,0.656452040527654,0.343547959472346
806,19,H,NHB,0.070423299000,0.000003236000,0.000045950701628,-0.000045950701628,-0.000533529706452,NHB,-0.001,0.000,0.533529706452123,0.466470293547877
807,19,H,NHB,0.070423299000,0.000133048000,0.001889261109452,-0.001889261109452,-0.000726091934715,NHB,-0.001,0.000,0.726091934714533,0.273908065285467
808,19,H,NHB,0.180161591000,0.000310047000,0.001720938399129,-0.001720938399129,-0.000616083803761,NHB,-0.001,0.000,0.616083803760978,0.383916196239022
809,19,H,NHB,0.180161591000,0.000000015000,0.000000083258590,-0.000000083258590,-0.000272404689816,NHB,-0.001,0.000,0.272404689816039,0.727595310183961
810,19,H,NHB,0.180161591000,0.000334691000,0.001857726711572,-0.001857726711572,-0.000661592690217,NHB,-0.001,0.000,0.661592690216592,0.338407309783408
811,19,H,NHB,0.180161591000,0.000008534000,0.000047368587015,-0.000047368587015,-0.000318568160889,NHB,-0.001,0.000,0.318568160889097,0.681431839110903
812,19,H,NHB,0.151059761000,0.000007465000,0.000049417528206,-0.000049417528206,-0.000309312357610,NHB,-0.001,0.000,0.309312357609593,0.690687642390407
813,19,H,NHB,0.151059761000,0.000287098000,0.001900559077410,-0.001900559077410,-0.000761191578242,NHB,-0.001,0.000,0.761191578241772,0.238808421758228
814,19,H,NHB,0.151059761000,0.000274262000,0.001815586084503,-0.001815586084503,-0.000630999906472,NHB,-0.001,0.000,0.630999906471673,0.369000093528327
815,19,H,NHB,0.151059761000,0.000284341000,0.001882308022452,-0.001882308022452,-0.000773230703786,NHB,-0.001,0.000,0.773230703785905,0.226769296214095
816,19,H,NHB,0.151059761000,0.000278312000,0.001842396665781,-0.001842396665781,-0.000644048005576,NHB,-0.001,0.000,0.644048005576038,0.355951994423962
817,19,H,NHB,0.151059761000,0.000165378000,0.001094785261841,-0.001094785261841,-0.000572551980984,NHB,-0.001,0.000,0.572551980984280,0.427448019015720
818,19,H,NHB,0.151059761000,0.000185621000,0.001228791828950,-0.001228791828950,-0.000564152114350,NHB,-0.001,0.000,0.564152114349573,0.435847885650427
819,19,H,NHB,0.182903957000,0.000344372000,0.001882802349651,-0.001882802349651,-0.000736276632634,NHB,-0.001,0.000,0.736276632633577,0.263723367366423
820,19,H,NHB,0.182903957000,0.000004083000,0.000022323191182,-0.000022323191182,-0.000348080050418,NHB,-0.001,0.000,0.348080050418169,0.651919949581831
821,19,H,NHB,0.182903957000,0.000348981000,0.001908001367078,-0.001908001367078,-0.000752152785029,NHB,-0.001,0.000,0.752152785029239,0.247847214970761
822,19,H,NHB,0.182903957000,0.000013309000,0.000072764964839,-0.000072764964839,-0.000371255069599,NHB,-0.001,0.000,0.371255069598569,0.628744930401431
823,19,H,NHB,0.182903957000,0.000086613000,0.000473543609557,-0.000473543609557,-0.000421501881484,NHB,-0.001,0.000,0.421501881484047,0.578498118515953
824,19,H,NHB,0.182903957000,0.000169575000,0.000927125923252,-0.000927125923252,-0.000458570222882,NHB,-0.001,0.000,0.458570222882091,0.541429777117909
825,19,H,NHB,0.182903957000,0.000275259000,0.001504937369944,-0.001504937369944,-0.000583010716180,NHB,-0.001,0.000,0.583010716179544,0.416989283820456
826,19,H,NHB,0.182903957000,0.000113021000,0.000617925395676,-0.000617925395676,-0.000429066701927,NHB,-0.001,0.000,0.429066701926522,0.570933298073478
827,19,H,NHB,0.182903957000,0.000328481000,0.001795920686396,-0.001795920686396,-0.000625019938404,NHB,-0.001,0.000,0.625019938403818,0.374980061596182
828,19,H,NHB,0.182903957000,0.000201668000,0.001102589595697,-0.001102589595697,-0.000465472498182,NHB,-0.001,0.000,0.465472498182119,0.534527501817881
829,19,H,NHB,0.176514367000,0.000100273000,0.000568072739371,-0.000568072739371,-0.000436830013543,NHB,-0.001,0.000,0.436830013543077,0.563169986456923
830,19,H,NHB,0.176514367000,0.000201701000,0.001142688855463,-0.001142688855463,-0.000498231079139,NHB,-0.001,0.000,0.498231079138771,0.501768920861229
831,19,H,NHB,0.176514367000,0.000000179000,0.000001014081760,-0.000001014081760,-0.000252736311210,NHB,-0.001,0.000,0.252736311210265,0.747263688789735
832,19,H,NHB,0.176514367000,0.000332527000,0.001883852321211,-0.001883852321211,-0.000736039042541,NHB,-0.001,0.000,0.736039042541433,0.263960957458567
833,19,H,NHB,0.176514367000,0.000168872000,0.000956703994525,-0.000956703994525,-0.000464369250584,NHB,-0.001,0.000,0.464369250584372,0.535630749415628
834,19,H,NHB,0.176514367000,0.000333682000,0.001890395697932,-0.001890395697932,-0.000763833676844,NHB,-0.001,0.000,0.763833676844326,0.236166323155674
835,19,H,NHB,0.176514367000,0.000218048000,0.001235298880799,-0.001235298880799,-0.000493645932547,NHB,-0.001,0.000,0.493645932546639,0.506354067453361
836,19,H,NHB,0.176514367000,0.000286745000,0.001624485331554,-0.001624485331554,-0.000594305645144,NHB,-0.001,0.000,0.594305645143671,0.405694354856329
837,19,H,NHB,0.176514367000,0.000313627000,0.001776778883953,-0.001776778883953,-0.000611300754880,NHB,-0.001,0.000,0.611300754879574,0.388699245120426
838,19,H,NHB,0.178345189000,0.000337829000,0.001894242294363,-0.001894242294363,-0.000802986646415,NHB,-0.001,0.000,0.802986646415425,0.197013353584575
839,19,H,NHB,0.178345189000,0.000204938000,0.001149108653556,-0.001149108653556,-0.000495027315567,NHB,-0.001,0.000,0.495027315566843,0.504972684433157
840,19,H,NHB,0.178345189000,0.000334890000,0.001877763016080,-0.001877763016080,-0.000674330459277,NHB,-0.001,0.000,0.674330459277003,0.325669540722997
841,19,H,NHB,0.178345189000,0.000001261000,0.000007070557984,-0.000007070557984,-0.000274469507712,NHB,-0.001,0.000,0.274469507712163,0.725530492287837
842,19,H,NHB,0.178345189000,0.000056958000,0.000319369422407,-0.000319369422407,-0.000418669543754,NHB,-0.001,0.000,0.418669543753618,0.581330456246382
843,19,H,NHB,0.178345189000,0.000030689000,0.000172076410763,-0.000172076410763,-0.000374447321969,NHB,-0.001,0.000,0.374447321968801,0.625552678031199
844,19,H,NHB,0.178345189000,0.000119391000,0.000669437738520,-0.000669437738520,-0.000418615224588,NHB,-0.001,0.000,0.418615224588329,0.581384775411671
845,19,H,NHB,0.178345189000,0.000318510000,0.001785918654638,-0.001785918654638,-0.000631504331835,NHB,-0.001,0.000,0.631504331835360,0.368495668164640
846,19,H,NHB,0.178345189000,0.000332830000,0.001866212382101,-0.001866212382101,-0.000660063303306,NHB,-0.001,0.000,0.660063303305702,0.339936696694298
847,20,H,NHB,0.070423299000,0.000087314000,0.001239845352885,-0.001239845352885,-0.000616730954071,NHB,-0.001,0.000,0.616730954070845,0.383269045929155
848,20,H,NHB,0.070423299000,0.000128549000,0.001825376002337,-0.001825376002337,-0.000657857905989,NHB,-0.001,0.000,0.657857905989277,0.342142094010723
849,20,H,NHB,0.180161591000,0.000307260000,0.001705468953147,-0.001705468953147,-0.000630435776306,NHB,-0.001,0.000,0.630435776306473,0.369564223693527
850,20,H,NHB,0.180161591000,0.000340503000,0.001889986639827,-0.001889986639827,-0.000733971482805,NHB,-0.001,0.000,0.733971482805490,0.266028517194510
851,20,H,NHB,0.151059761000,0.000031276000,0.000207043886426,-0.000207043886426,-0.000373269600496,NHB,-0.001,0.000,0.373269600495779,0.626730399504221
852,20,H,NHB,0.151059761000,0.000210738000,0.001395063772145,-0.001395063772145,-0.000543827551452,NHB,-0.001,0.000,0.543827551451782,0.456172448548218
853,20,H,NHB,0.151059761000,0.000282852000,0.001872450996397,-0.001872450996397,-0.000705469779863,NHB,-0.001,0.000,0.705469779863455,0.294530220136545
854,20,H,NHB,0.151059761000,0.000238496000,0.001578818862291,-0.001578818862291,-0.000576493616103,NHB,-0.001,0.000,0.576493616103474,0.423506383896526
855,20,H,NHB,0.151059761000,0.000284472000,0.001883175228908,-0.001883175228908,-0.000739167731090,NHB,-0.001,0.000,0.739167731089848,0.260832268910152
856,20,H,NHB,0.151059761000,0.000250748000,0.001659925835577,-0.001659925835577,-0.000635537445932,NHB,-0.001,0.000,0.635537445932165,0.364462554067835
857,20,H,NHB,0.151059761000,0.000037676000,0.000249411224740,-0.000249411224740,-0.000571742454717,NHB,-0.001,0.000,0.571742454717491,0.428257545282509
858,20,H,NHB,0.151059761000,0.000271059000,0.001794382555656,-0.001794382555656,-0.000677191283524,NHB,-0.001,0.000,0.677191283523829,0.322808716476171
859,20,H,NHB,0.182903957000,0.000344853000,0.001885432145134,-0.001885432145134,-0.000775294316379,NHB,-0.001,0.000,0.775294316378789,0.224705683621211
860,20,H,NHB,0.182903957000,0.000347065000,0.001897525923947,-0.001897525923947,-0.000811292130292,NHB,-0.001,0.000,0.811292130291718,0.188707869708282
861,20,H,NHB,0.182903957000,0.000120143000,0.000656863864350,-0.000656863864350,-0.000452194653792,NHB,-0.001,0.000,0.452194653791523,0.547805346208477
862,20,H,NHB,0.182903957000,0.000011571000,0.000063262710057,-0.000063262710057,-0.000368121132232,NHB,-0.001,0.000,0.368121132231843,0.631878867768157
863,20,H,NHB,0.182903957000,0.000278712000,0.001523816130451,-0.001523816130451,-0.000581493327290,NHB,-0.001,0.000,0.581493327289739,0.418506672710261
864,20,H,NHB,0.182903957000,0.000016453000,0.000089954314110,-0.000089954314110,-0.000340030112121,NHB,-0.001,0.000,0.340030112121231,0.659969887878769
865,20,H,NHB,0.182903957000,0.000214070000,0.001170395673834,-0.001170395673834,-0.000525938730775,NHB,-0.001,0.000,0.525938730775057,0.474061269224943
866,20,H,NHB,0.182903957000,0.000144200000,0.000788391909968,-0.000788391909968,-0.000452960771817,NHB,-0.001,0.000,0.452960771816929,0.547039228183071
867,20,H,NHB,0.182903957000,0.000328062000,0.001793629866630,-0.001793629866630,-0.000649196149805,NHB,-0.001,0.000,0.649196149804768,0.350803850195232
868,20,H,NHB,0.176514367000,0.000076452000,0.000433120551598,-0.000433120551598,-0.000425291115645,NHB,-0.001,0.000,0.425291115645324,0.574708884354676
869,20,H,NHB,0.176514367000,0.000258120000,0.001462317228829,-0.001462317228829,-0.000572591070307,NHB,-0.001,0.000,0.572591070307143,0.427408929692857
870,20,H,NHB,0.176514367000,0.000035925000,0.000203524509707,-0.000203524509707,-0.000385415364359,NHB,-0.001,0.000,0.385415364358795,0.614584635641205
871,20,H,NHB,0.176514367000,0.000332665000,0.001884634127261,-0.001884634127261,-0.000709125043233,NHB,-0.001,0.000,0.709125043233138,0.290874956766862
872,20,H,NHB,0.176514367000,0.000110773000,0.000627557982292,-0.000627557982292,-0.000443950260705,NHB,-0.001,0.000,0.443950260705389,0.556049739294611
873,20,H,NHB,0.176514367000,0.000336652000,0.001907221523787,-0.001907221523787,-0.000778119162976,NHB,-0.001,0.000,0.778119162975564,0.221880837024436
874,20,H,NHB,0.176514367000,0.000312371000,0.001769663315848,-0.001769663315848,-0.000649124127071,NHB,-0.001,0.000,0.649124127070688,0.350875872929312
875,20,H,NHB,0.176514367000,0.000332132000,0.001881614543025,-0.001881614543025,-0.000725864015305,NHB,-0.001,0.000,0.725864015305349,0.274135984694651
876,20,H,NHB,0.178345189000,0.000063309000,0.000354980139105,-0.000354980139105,-0.000425589875139,NHB,-0.001,0.000,0.425589875138654,0.574410124861346
877,20,H,NHB,0.178345189000,0.000340941000,0.001911691601616,-0.001911691601616,-0.000804099100147,NHB,-0.001,0.000,0.804099100146805,0.195900899853195
878,20,H,NHB,0.178345189000,0.000333582000,0.001870428924214,-0.001870428924214,-0.000758230528311,NHB,-0.001,0.000,0.758230528311089,0.241769471688911
879,20,H,NHB,0.178345189000,0.000044261000,0.000248176024530,-0.000248176024530,-0.000373081455791,NHB,-0.001,0.000,0.373081455791373,0.626918544208627
880,20,H,NHB,0.178345189000,0.000090650000,0.000508283966101,-0.000508283966101,-0.000468388196058,NHB,-0.001,0.000,0.468388196057942,0.531611803942059
881,20,H,NHB,0.178345189000,0.000207142000,0.001161466710493,-0.001161466710493,-0.000567696187961,NHB,-0.001,0.000,0.567696187960850,0.432303812039150
882,20,H,NHB,0.178345189000,0.000001476000,0.000008276085317,-0.000008276085317,-0.000299377366985,NHB,-0.001,0.000,0.299377366985471,0.700622633014529
883,20,H,NHB,0.178345189000,0.000123736000,0.000693800604848,-0.000693800604848,-0.000450226407116,NHB,-0.001,0.000,0.450226407115550,0.549773592884450
884,20,H,NHB,0.178345189000,0.000249445000,0.001398664025639,-0.001398664025639,-0.000548499723200,NHB,-0.001,0.000,0.548499723199958,0.451500276800042
885,20,H,NHB,0.178345189000,0.000317576000,0.001780681619620,-0.001780681619620,-0.000634104599424,NHB,-0.001,0.000,0.634104599424166,0.365895400575834
886,21,H,NHB,0.070423299000,0.000077657000,0.001102717440147,-0.001102717440147,-0.000491557484506,NHB,-0.001,0.000,0.491557484506252,0.508442515493748
887,21,H,NHB,0.070423299000,0.000130880000,0.001858475843343,-0.001858475843343,-0.000680282159777,NHB,-0.001,0.000,0.680282159776526,0.319717840223474
888,21,H,NHB,0.180161591000,0.000300555000,0.001668252363513,-0.001668252363513,-0.000595182442322,NHB,-0.001,0.000,0.595182442321702,0.404817557678298
889,21,H,NHB,0.180161591000,0.000339188000,0.001882687636789,-0.001882687636789,-0.000708051350463,NHB,-0.001,0.000,0.708051350462694,0.291948649537306
890,21,H,NHB,0.151059761000,0.000030629000,0.000202760813318,-0.000202760813318,-0.000360458341542,NHB,-0.001,0.000,0.360458341542004,0.639541658457996
891,21,H,NHB,0.151059761000,0.000216914000,0.001435948253619,-0.001435948253619,-0.000589596178883,NHB,-0.001,0.000,0.589596178882805,0.410403821117195
892,21,H,NHB,0.151059761000,0.000279087000,0.001847527085655,-0.001847527085655,-0.000694502950424,NHB,-0.001,0.000,0.694502950424491,0.305497049575509
893,21,H,NHB,0.151059761000,0.000259231000,0.001716082418534,-0.001716082418534,-0.000645712691291,NHB,-0.001,0.000,0.645712691291043,0.354287308708957
894,21,H,NHB,0.151059761000,0.000281677000,0.001864672617879,-0.001864672617879,-0.000743466736776,NHB,-0.001,0.000,0.743466736776354,0.256533263223646
895,21,H,NHB,0.151059761000,0.000032640000,0.000216073425404,-0.000216073425404,-0.000386566817655,NHB,-0.001,0.000,0.386566817654683,0.613433182345317
896,21,H,NHB,0.151059761000,0.000235166000,0.001556774606574,-0.001556774606574,-0.000554936128005,NHB,-0.001,0.000,0.554936128004746,0.445063871995254
897,21,H,NHB,0.151059761000,0.000059419000,0.000393347636767,-0.000393347636767,-0.000414001018810,NHB,-0.001,0.000,0.414001018810436,0.585998981189564
898,21,H,NHB,0.151059761000,0.000253943000,0.001681076405251,-0.001681076405251,-0.000590028989880,NHB,-0.001,0.000,0.590028989880369,0.409971010119631
899,21,H,NHB,0.182903957000,0.000344172000,0.001881708879595,-0.001881708879595,-0.000739401646203,NHB,-0.001,0.000,0.739401646203444,0.260598353796556
900,21,H,NHB,0.182903957000,0.000342749000,0.001873928840151,-0.001873928840151,-0.000778428824450,NHB,-0.001,0.000,0.778428824450350,0.221571175549650
901,21,H,NHB,0.182903957000,0.000112173000,0.000613289082641,-0.000613289082641,-0.000410600312348,NHB,-0.001,0.000,0.410600312348308,0.589399687651692
902,21,H,NHB,0.182903957000,0.000009233000,0.000050480045109,-0.000050480045109,-0.000306299007970,NHB,-0.001,0.000,0.306299007969609,0.693700992030391
903,21,H,NHB,0.182903957000,0.000269498000,0.001473439964998,-0.001473439964998,-0.000542438574793,NHB,-0.001,0.000,0.542438574793297,0.457561425206703
904,21,H,NHB,0.182903957000,0.000018045000,0.000098658335752,-0.000098658335752,-0.000342528105107,NHB,-0.001,0.000,0.342528105106845,0.657471894893155
905,21,H,NHB,0.182903957000,0.000213566000,0.001167640129295,-0.001167640129295,-0.000499948080829,NHB,-0.001,0.000,0.499948080829396,0.500051919170604
906,21,H,NHB,0.182903957000,0.000150718000,0.000824028099075,-0.000824028099075,-0.000494487746288,NHB,-0.001,0.000,0.494487746287966,0.505512253712034
907,21,H,NHB,0.182903957000,0.000323400000,0.001768141079638,-0.001768141079638,-0.000648393007409,NHB,-0.001,0.000,0.648393007409443,0.351606992590557
908,21,H,NHB,0.176514367000,0.000073416000,0.000415920818502,-0.000415920818502,-0.000395182856459,NHB,-0.001,0.000,0.395182856459498,0.604817143540502
909,21,H,NHB,0.176514367000,0.000256590000,0.001453649379147,-0.001453649379147,-0.000554639461125,NHB,-0.001,0.000,0.554639461124958,0.445360538875042
910,21,H,NHB,0.176514367000,0.000038884000,0.000220288017689,-0.000220288017689,-0.000445208466029,NHB,-0.001,0.000,0.445208466028910,0.554791533971090
911,21,H,NHB,0.176514367000,0.000330107000,0.001870142389033,-0.001870142389033,-0.000680801982360,NHB,-0.001,0.000,0.680801982359997,0.319198017640003
912,21,H,NHB,0.176514367000,0.000127838000,0.000724235665191,-0.000724235665191,-0.000551579717484,NHB,-0.001,0.000,0.551579717484086,0.448420282515914
913,21,H,NHB,0.176514367000,0.000327912000,0.001857707140632,-0.001857707140632,-0.000766827555251,NHB,-0.001,0.000,0.766827555251269,0.233172444748731
914,21,H,NHB,0.176514367000,0.000304859000,0.001727105873484,-0.001727105873484,-0.000601926949206,NHB,-0.001,0.000,0.601926949205846,0.398073050794154
915,21,H,NHB,0.176514367000,0.000326291000,0.001848523752177,-0.001848523752177,-0.000677144281531,NHB,-0.001,0.000,0.677144281531380,0.322855718468620
916,21,H,NHB,0.178345189000,0.000027775000,0.000155737310077,-0.000155737310077,-0.000560415429229,NHB,-0.001,0.000,0.560415429228532,0.439584570771468
917,21,H,NHB,0.178345189000,0.000333300000,0.001868847720922,-0.001868847720922,-0.000781980919552,NHB,-0.001,0.000,0.781980919552073,0.218019080447927
918,21,H,NHB,0.178345189000,0.000330591000,0.001853658076529,-0.001853658076529,-0.000708486525607,NHB,-0.001,0.000,0.708486525606680,0.291513474393320
919,21,H,NHB,0.178345189000,0.000040843000,0.000229010943491,-0.000229010943491,-0.000347275599346,NHB,-0.001,0.000,0.347275599346245,0.652724400653755
920,21,H,NHB,0.178345189000,0.000080325000,0.000450390618611,-0.000450390618611,-0.000391820650266,NHB,-0.001,0.000,0.391820650266231,0.608179349733769
921,21,H,NHB,0.178345189000,0.000187676000,0.001052318826498,-0.001052318826498,-0.000477340791967,NHB,-0.001,0.000,0.477340791967097,0.522659208032903
922,21,H,NHB,0.178345189000,0.000001664000,0.000009330220845,-0.000009330220845,-0.000285095553989,NHB,-0.001,0.000,0.285095553989223,0.714904446010777
923,21,H,NHB,0.178345189000,0.000124178000,0.000696278944760,-0.000696278944760,-0.000455364999411,NHB,-0.001,0.000,0.455364999410753,0.544635000589247
924,21,H,NHB,0.178345189000,0.000248485000,0.001393281205920,-0.001393281205920,-0.000539457353801,NHB,-0.001,0.000,0.539457353801284,0.460542646198716
925,21,H,NHB,0.178345189000,0.000324209000,0.001817873539611,-0.001817873539611,-0.000662797710848,NHB,-0.001,0.000,0.662797710848063,0.337202289151937
926,22,H,NHB,0.070423299000,0.000123737000,0.001757046343427,-0.001757046343427,-0.000735254210492,NHB,-0.001,0.000,0.735254210491783,0.264745789508217
927,22,H,NHB,0.180161591000,0.000197742000,0.001097581337412,-0.001097581337412,-0.000472987064671,NHB,-0.001,0.000,0.472987064671317,0.527012935328683
928,22,H,NHB,0.180161591000,0.000103152000,0.000572552670230,-0.000572552670230,-0.000383414113860,NHB,-0.001,0.000,0.383414113859941,0.616585886140059
929,22,H,NHB,0.180161591000,0.000249208000,0.001383247109535,-0.001383247109535,-0.000493560108866,NHB,-0.001,0.000,0.493560108865969,0.506439891134031
930,22,H,NHB,0.180161591000,0.000161577000,0.000896844877441,-0.000896844877441,-0.000409230952528,NHB,-0.001,0.000,0.409230952527626,0.590769047472374
931,22,H,NHB,0.151059761000,0.000000577000,0.000003819680345,-0.000003819680345,-0.000246159267900,NHB,-0.001,0.000,0.246159267899726,0.753840732100274
932,22,H,NHB,0.151059761000,0.000000000000,0.000000000000000,-0.000000000000000,-0.000216059723815,NHB,-0.001,0.000,0.216059723815261,0.783940276184739
933,22,H,NHB,0.151059761000,0.000266546000,0.001764506962248,-0.001764506962248,-0.000725994068369,NHB,-0.001,0.000,0.725994068369275,0.274005931630725
934,22,H,NHB,0.151059761000,0.000266218000,0.001762335636159,-0.001762335636159,-0.000692436664689,NHB,-0.001,0.000,0.692436664688731,0.307563335311269
935,22,H,NHB,0.151059761000,0.000265813000,0.001759654578032,-0.001759654578032,-0.000731985933704,NHB,-0.001,0.000,0.731985933703854,0.268014066296146
936,22,H,NHB,0.151059761000,0.000266181000,0.001762090699985,-0.001762090699985,-0.000695762001439,NHB,-0.001,0.000,0.695762001439491,0.304237998560509
937,22,H,NHB,0.182903957000,0.000295950000,0.001618062314529,-0.001618062314529,-0.000566609370677,NHB,-0.001,0.000,0.566609370676608,0.433390629323392
938,22,H,NHB,0.182903957000,0.000210043000,0.001148378654268,-0.001148378654268,-0.000456092869387,NHB,-0.001,0.000,0.456092869387195,0.543907130612805
939,22,H,NHB,0.182903957000,0.000305564000,0.001670625420094,-0.001670625420094,-0.000569797776731,NHB,-0.001,0.000,0.569797776730639,0.430202223269361
940,22,H,NHB,0.182903957000,0.000231563000,0.001266036032233,-0.001266036032233,-0.000459724339100,NHB,-0.001,0.000,0.459724339099966,0.540275660900034
941,22,H,NHB,0.182903957000,0.000256642000,0.001403151709834,-0.001403151709834,-0.000533311478603,NHB,-0.001,0.000,0.533311478603401,0.466688521396599
942,22,H,NHB,0.182903957000,0.000225661000,0.001233767730897,-0.001233767730897,-0.000499225697773,NHB,-0.001,0.000,0.499225697772934,0.500774302227066
943,22,H,NHB,0.182903957000,0.000300441000,0.001642616184624,-0.001642616184624,-0.000568329976105,NHB,-0.001,0.000,0.568329976105111,0.431670023894889
944,22,H,NHB,0.182903957000,0.000279406000,0.001527610471544,-0.001527610471544,-0.000528448661824,NHB,-0.001,0.000,0.528448661824352,0.471551338175648
945,22,H,NHB,0.182903957000,0.000010775000,0.000058910699237,-0.000058910699237,-0.000272164785342,NHB,-0.001,0.000,0.272164785341957,0.727835214658043
946,22,H,NHB,0.176514367000,0.000033778000,0.000191361193845,-0.000191361193845,-0.000328956887212,NHB,-0.001,0.000,0.328956887211847,0.671043112788153
947,22,H,NHB,0.176514367000,0.000006035000,0.000034189851526,-0.000034189851526,-0.000273106910647,NHB,-0.001,0.000,0.273106910646995,0.726893089353005
948,22,H,NHB,0.176514367000,0.000100497000,0.000569341757886,-0.000569341757886,-0.000380656258441,NHB,-0.001,0.000,0.380656258441055,0.619343741558944
949,22,H,NHB,0.176514367000,0.000043814000,0.000248217755555,-0.000248217755555,-0.000322896704083,NHB,-0.001,0.000,0.322896704082559,0.677103295917441
950,22,H,NHB,0.176514367000,0.000076572000,0.000433800382946,-0.000433800382946,-0.000391722428113,NHB,-0.001,0.000,0.391722428113254,0.608277571886746
951,22,H,NHB,0.176514367000,0.000002851000,0.000016151659768,-0.000016151659768,-0.000286509482451,NHB,-0.001,0.000,0.286509482451471,0.713490517548529
952,22,H,NHB,0.176514367000,0.000113733000,0.000644327155534,-0.000644327155534,-0.000387558262580,NHB,-0.001,0.000,0.387558262580142,0.612441737419858
953,22,H,NHB,0.176514367000,0.000012139000,0.000068770606078,-0.000068770606078,-0.000317388823781,NHB,-0.001,0.000,0.317388823780507,0.682611176219493
954,22,H,NHB,0.176514367000,0.000309079000,0.001751013275877,-0.001751013275877,-0.000644257447575,NHB,-0.001,0.000,0.644257447574801,0.355742552425199
955,22,H,NHB,0.176514367000,0.000294095000,0.001666125001598,-0.001666125001598,-0.000575887636476,NHB,-0.001,0.000,0.575887636475539,0.424112363524461
956,22,H,NHB,0.176514367000,0.000310523000,0.001759193913094,-0.001759193913094,-0.000658545528368,NHB,-0.001,0.000,0.658545528368241,0.341454471631759
957,22,H,NHB,0.176514367000,0.000306935000,0.001738866955799,-0.001738866955799,-0.000582824017466,NHB,-0.001,0.000,0.582824017466306,0.417175982533694
958,22,H,NHB,0.178345189000,0.000168714000,0.000945996922855,-0.000945996922855,-0.000448047375300,NHB,-0.001,0.000,0.448047375299826,0.551952624700174
959,22,H,NHB,0.178345189000,0.000037670000,0.000211219602902,-0.000211219602902,-0.000350677103093,NHB,-0.001,0.000,0.350677103092925,0.649322896907075
960,22,H,NHB,0.178345189000,0.000316460000,0.001774424091698,-0.001774424091698,-0.000688058701057,NHB,-0.001,0.000,0.688058701056975,0.311941298943025
961,22,H,NHB,0.178345189000,0.000310541000,0.001741235643873,-0.001741235643873,-0.000598690641350,NHB,-0.001,0.000,0.598690641349898,0.401309358650102
962,22,H,NHB,0.178345189000,0.000058405000,0.000327482901711,-0.000327482901711,-0.000366084833272,NHB,-0.001,0.000,0.366084833272288,0.633915166727712
963,22,H,NHB,0.178345189000,0.000139576000,0.000782617130199,-0.000782617130199,-0.000419738683653,NHB,-0.001,0.000,0.419738683652951,0.580261316347049
964,22,H,NHB,0.178345189000,0.000313900000,0.001760069905783,-0.001760069905783,-0.000651870724181,NHB,-0.001,0.000,0.651870724181398,0.348129275818602
965,22,H,NHB,0.178345189000,0.000315393000,0.001768441311865,-0.001768441311865,-0.000669459285185,NHB,-0.001,0.000,0.669459285185035,0.330540714814965
966,23,H,NHB,0.070423299000,0.000024051000,0.000341520495937,-0.000341520495937,-0.000390672469369,NHB,-0.001,0.000,0.390672469369360,0.609327530630640
967,23,H,NHB,0.070423299000,0.000131825000,0.001871894697804,-0.001871894697804,-0.000712587524682,NHB,-0.001,0.000,0.712587524682294,0.287412475317706
968,23,H,NHB,0.180161591000,0.000331449000,0.001839731755033,-0.001839731755033,-0.000637415204612,NHB,-0.001,0.000,0.637415204612131,0.362584795387869
969,23,H,NHB,0.180161591000,0.000000081000,0.000000449596385,-0.000000449596385,-0.000295602780499,NHB,-0.001,0.000,0.295602780499113,0.704397219500887
970,23,H,NHB,0.180161591000,0.000302344000,0.001678182337988,-0.001678182337988,-0.000595850094408,NHB,-0.001,0.000,0.595850094407899,0.404149905592101
971,23,H,NHB,0.151059761000,0.000007338000,0.000048576801336,-0.000048576801336,-0.000295233786702,NHB,-0.001,0.000,0.295233786701501,0.704766213298499
972,23,H,NHB,0.151059761000,0.000279220000,0.001848407531904,-0.001848407531904,-0.000657716496197,NHB,-0.001,0.000,0.657716496196741,0.342283503803259
973,23,H,NHB,0.151059761000,0.000282537000,0.001870365728965,-0.001870365728965,-0.000753821348133,NHB,-0.001,0.000,0.753821348132515,0.246178651867485
974,23,H,NHB,0.151059761000,0.000273560000,0.001810938917082,-0.001810938917082,-0.000631766842340,NHB,-0.001,0.000,0.631766842339734,0.368233157660266
975,23,H,NHB,0.151059761000,0.000282010000,0.001866877043450,-0.001866877043450,-0.000737936917271,NHB,-0.001,0.000,0.737936917270844,0.262063082729156
976,23,H,NHB,0.151059761000,0.000171385000,0.001134550980787,-0.001134550980787,-0.000469257738398,NHB,-0.001,0.000,0.469257738397517,0.530742261602484
977,23,H,NHB,0.151059761000,0.000152308000,0.001008263213127,-0.001008263213127,-0.000463348083820,NHB,-0.001,0.000,0.463348083819564,0.536651916180436
978,23,H,NHB,0.182903957000,0.000339810000,0.001857860297686,-0.001857860297686,-0.000724199909932,NHB,-0.001,0.000,0.724199909932061,0.275800090067939
979,23,H,NHB,0.182903957000,0.000340191000,0.001859943358142,-0.001859943358142,-0.000707506381592,NHB,-0.001,0.000,0.707506381592407,0.292493618407593
980,23,H,NHB,0.182903957000,0.000159641000,0.000872813265598,-0.000872813265598,-0.000427711875743,NHB,-0.001,0.000,0.427711875742965,0.572288124257035
981,23,H,NHB,0.182903957000,0.000074669000,0.000408241577846,-0.000408241577846,-0.000389663518852,NHB,-0.001,0.000,0.389663518852492,0.610336481147508
982,23,H,NHB,0.182903957000,0.000207879000,0.001136547308268,-0.001136547308268,-0.000486399114774,NHB,-0.001,0.000,0.486399114774092,0.513600885225908
983,23,H,NHB,0.182903957000,0.000324963000,0.001776686548121,-0.001776686548121,-0.000611606873755,NHB,-0.001,0.000,0.611606873755036,0.388393126244964
984,23,H,NHB,0.182903957000,0.000116339000,0.000636066063896,-0.000636066063896,-0.000414137717485,NHB,-0.001,0.000,0.414137717485121,0.585862282514879
985,23,H,NHB,0.182903957000,0.000273745000,0.001496659801625,-0.001496659801625,-0.000561982175493,NHB,-0.001,0.000,0.561982175492515,0.438017824507485
986,23,H,NHB,0.176514367000,0.000000319000,0.000001807218333,-0.000001807218333,-0.000279643361165,NHB,-0.001,0.000,0.279643361165237,0.720356638834763
987,23,H,NHB,0.176514367000,0.000196891000,0.001115438948944,-0.001115438948944,-0.000479188037023,NHB,-0.001,0.000,0.479188037023083,0.520811962976917
988,23,H,NHB,0.176514367000,0.000094701000,0.000536505903794,-0.000536505903794,-0.000424442311713,NHB,-0.001,0.000,0.424442311713109,0.575557688286891
989,23,H,NHB,0.176514367000,0.000225889000,0.001279720194107,-0.001279720194107,-0.000557073153093,NHB,-0.001,0.000,0.557073153093463,0.442926846906537
990,23,H,NHB,0.176514367000,0.000330861000,0.001874413996001,-0.001874413996001,-0.000742205322633,NHB,-0.001,0.000,0.742205322632604,0.257794677367396
991,23,H,NHB,0.176514367000,0.000176313000,0.000998859203342,-0.000998859203342,-0.000486152234909,NHB,-0.001,0.000,0.486152234908778,0.513847765091222
992,23,H,NHB,0.176514367000,0.000329993000,0.001869496549253,-0.001869496549253,-0.000711817469269,NHB,-0.001,0.000,0.711817469268608,0.288182530731392
993,23,H,NHB,0.176514367000,0.000301207000,0.001706416339470,-0.001706416339470,-0.000569108894625,NHB,-0.001,0.000,0.569108894625207,0.430891105374793
994,23,H,NHB,0.176514367000,0.000271560000,0.001538458339768,-0.001538458339768,-0.000544080110153,NHB,-0.001,0.000,0.544080110152992,0.455919889847008
995,23,H,NHB,0.178345189000,0.000210631000,0.001181029895906,-0.001181029895906,-0.000571300807330,NHB,-0.001,0.000,0.571300807329699,0.428699192670301
996,23,H,NHB,0.178345189000,0.000330825000,0.001854970138836,-0.001854970138836,-0.000777554580243,NHB,-0.001,0.000,0.777554580243051,0.222445419756949
997,23,H,NHB,0.178345189000,0.000323519000,0.001814004637938,-0.001814004637938,-0.000622982748831,NHB,-0.001,0.000,0.622982748830734,0.377017251169266
998,23,H,NHB,0.178345189000,0.000000976000,0.000005472533380,-0.000005472533380,-0.000252579212335,NHB,-0.001,0.000,0.252579212334997,0.747420787665003
999,23,H,NHB,0.178345189000,0.000049128000,0.000275465799080,-0.000275465799080,-0.000346946717686,NHB,-0.001,0.000,0.346946717685899,0.653053282314101
1000,23,H,NHB,0.178345189000,0.000015616000,0.000087560534083,-0.000087560534083,-0.000342421558291,NHB,-0.001,0.000,0.342421558290694,0.657578441709306
1001,23,H,NHB,0.178345189000,0.000120876000,0.000677764287771,-0.000677764287771,-0.000415374361326,NHB,-0.001,0.000,0.415374361325908,0.584625638674092
1002,23,H,NHB,0.178345189000,0.000030786000,0.000172620299839,-0.000172620299839,-0.000354744986844,NHB,-0.001,0.000,0.354744986843716,0.645255013156284
1003,23,H,NHB,0.178345189000,0.000333473000,0.001869817749892,-0.001869817749892,-0.000656451675199,NHB,-0.001,0.000,0.656451675199277,0.343548324800723
1004,23,H,NHB,0.178345189000,0.000316799000,0.001776324899911,-0.001776324899911,-0.000610476741012,NHB,-0.001,0.000,0.610476741011845,0.389523258988155
1005,24,H,NHB,0.070423299000,0.000003236000,0.000045950701628,-0.000045950701628,-0.000533529711571,NHB,-0.001,0.000,0.533529711570881,0.466470288429119
1006,24,H,NHB,0.070423299000,0.000133048000,0.001889261109452,-0.001889261109452,-0.000726091947908,NHB,-0.001,0.000,0.726091947907582,0.273908052092418
1007,24,H,NHB,0.180161591000,0.000008534000,0.000047368587015,-0.000047368587015,-0.000318568123378,NHB,-0.001,0.000,0.318568123378420,0.681431876621580
1008,24,H,NHB,0.180161591000,0.000334691000,0.001857726711572,-0.001857726711572,-0.000661592665080,NHB,-0.001,0.000,0.661592665079886,0.338407334920114
1009,24,H,NHB,0.180161591000,0.000000015000,0.000000083258590,-0.000000083258590,-0.000272404703793,NHB,-0.001,0.000,0.272404703792717,0.727595296207283
1010,24,H,NHB,0.180161591000,0.000310047000,0.001720938399129,-0.001720938399129,-0.000616083966834,NHB,-0.001,0.000,0.616083966833589,0.383916033166411
1011,24,H,NHB,0.151059761000,0.000007465000,0.000049417528206,-0.000049417528206,-0.000309312346594,NHB,-0.001,0.000,0.309312346593825,0.690687653406175
1012,24,H,NHB,0.151059761000,0.000278312000,0.001842396665781,-0.001842396665781,-0.000644047998693,NHB,-0.001,0.000,0.644047998693455,0.355952001306545
1013,24,H,NHB,0.151059761000,0.000284341000,0.001882308022452,-0.001882308022452,-0.000773230722106,NHB,-0.001,0.000,0.773230722105503,0.226769277894497
1014,24,H,NHB,0.151059761000,0.000274262000,0.001815586084503,-0.001815586084503,-0.000630999901412,NHB,-0.001,0.000,0.630999901412114,0.369000098587886
1015,24,H,NHB,0.151059761000,0.000287098000,0.001900559077410,-0.001900559077410,-0.000761191616823,NHB,-0.001,0.000,0.761191616822654,0.238808383177346
1016,24,H,NHB,0.151059761000,0.000185621000,0.001228791828950,-0.001228791828950,-0.000564152080423,NHB,-0.001,0.000,0.564152080423339,0.435847919576661
1017,24,H,NHB,0.151059761000,0.000165378000,0.001094785261841,-0.001094785261841,-0.000572552079232,NHB,-0.001,0.000,0.572552079231847,0.427447920768153
1018,24,H,NHB,0.182903957000,0.000013309000,0.000072764964839,-0.000072764964839,-0.000371254991137,NHB,-0.001,0.000,0.371254991136657,0.628745008863343
1019,24,H,NHB,0.182903957000,0.000348981000,0.001908001367078,-0.001908001367078,-0.000752152800406,NHB,-0.001,0.000,0.752152800405770,0.247847199594230
1020,24,H,NHB,0.182903957000,0.000004083000,0.000022323191182,-0.000022323191182,-0.000348079981671,NHB,-0.001,0.000,0.348079981671302,0.651920018328698
1021,24,H,NHB,0.182903957000,0.000344372000,0.001882802349651,-0.001882802349651,-0.000736276755520,NHB,-0.001,0.000,0.736276755520249,0.263723244479751
1022,24,H,NHB,0.182903957000,0.000169575000,0.000927125923252,-0.000927125923252,-0.000458570179269,NHB,-0.001,0.000,0.458570179269114,0.541429820730886
1023,24,H,NHB,0.182903957000,0.000086613000,0.000473543609557,-0.000473543609557,-0.000421502077216,NHB,-0.001,0.000,0.421502077216185,0.578497922783815
1024,24,H,NHB,0.182903957000,0.000201668000,0.001102589595697,-0.001102589595697,-0.000465472480194,NHB,-0.001,0.000,0.465472480194203,0.534527519805797
1025,24,H,NHB,0.182903957000,0.000328481000,0.001795920686396,-0.001795920686396,-0.000625019925620,NHB,-0.001,0.000,0.625019925620074,0.374980074379926
1026,24,H,NHB,0.182903957000,0.000113021000,0.000617925395676,-0.000617925395676,-0.000429066718373,NHB,-0.001,0.000,0.429066718373250,0.570933281626750
1027,24,H,NHB,0.182903957000,0.000275259000,0.001504937369944,-0.001504937369944,-0.000583010784247,NHB,-0.001,0.000,0.583010784246834,0.416989215753166
1028,24,H,NHB,0.176514367000,0.000000179000,0.000001014081760,-0.000001014081760,-0.000252736292687,NHB,-0.001,0.000,0.252736292687220,0.747263707312780
1029,24,H,NHB,0.176514367000,0.000201701000,0.001142688855463,-0.001142688855463,-0.000498231055876,NHB,-0.001,0.000,0.498231055875912,0.501768944124088
1030,24,H,NHB,0.176514367000,0.000100273000,0.000568072739371,-0.000568072739371,-0.000436830135124,NHB,-0.001,0.000,0.436830135124030,0.563169864875970
1031,24,H,NHB,0.176514367000,0.000218048000,0.001235298880799,-0.001235298880799,-0.000493645904525,NHB,-0.001,0.000,0.493645904524884,0.506354095475116
1032,24,H,NHB,0.176514367000,0.000333682000,0.001890395697932,-0.001890395697932,-0.000763833680793,NHB,-0.001,0.000,0.763833680792760,0.236166319207240
1033,24,H,NHB,0.176514367000,0.000168872000,0.000956703994525,-0.000956703994525,-0.000464369231246,NHB,-0.001,0.000,0.464369231245507,0.535630768754493
1034,24,H,NHB,0.176514367000,0.000332527000,0.001883852321211,-0.001883852321211,-0.000736039134240,NHB,-0.001,0.000,0.736039134239505,0.263960865760495
1035,24,H,NHB,0.176514367000,0.000313627000,0.001776778883953,-0.001776778883953,-0.000611300712515,NHB,-0.001,0.000,0.611300712514977,0.388699287485023
1036,24,H,NHB,0.176514367000,0.000286745000,0.001624485331554,-0.001624485331554,-0.000594305828208,NHB,-0.001,0.000,0.594305828207691,0.405694171792309
1037,24,H,NHB,0.178345189000,0.000204938000,0.001149108653556,-0.001149108653556,-0.000495027266591,NHB,-0.001,0.000,0.495027266590972,0.504972733409028
1038,24,H,NHB,0.178345189000,0.000337829000,0.001894242294363,-0.001894242294363,-0.000802986698472,NHB,-0.001,0.000,0.802986698472413,0.197013301527587
1039,24,H,NHB,0.178345189000,0.000334890000,0.001877763016080,-0.001877763016080,-0.000674330515898,NHB,-0.001,0.000,0.674330515898177,0.325669484101823
1040,24,H,NHB,0.178345189000,0.000001261000,0.000007070557984,-0.000007070557984,-0.000274469501635,NHB,-0.001,0.000,0.274469501634873,0.725530498365127
1041,24,H,NHB,0.178345189000,0.000056958000,0.000319369422407,-0.000319369422407,-0.000418669477972,NHB,-0.001,0.000,0.418669477971835,0.581330522028165
1042,24,H,NHB,0.178345189000,0.000119391000,0.000669437738520,-0.000669437738520,-0.000418615206203,NHB,-0.001,0.000,0.418615206202916,0.581384793797084
1043,24,H,NHB,0.178345189000,0.000030689000,0.000172076410763,-0.000172076410763,-0.000374447361075,NHB,-0.001,0.000,0.374447361074930,0.625552638925070
1044,24,H,NHB,0.178345189000,0.000332830000,0.001866212382101,-0.001866212382101,-0.000660063300207,NHB,-0.001,0.000,0.660063300206564,0.339936699793436
1045,24,H,NHB,0.178345189000,0.000318510000,0.001785918654638,-0.001785918654638,-0.000631504355881,NHB,-0.001,0.000,0.631504355880589,0.368495644119411
1046,25,H,NHB,0.070423299000,0.000087314000,0.001239845352885,-0.001239845352885,-0.000616730847251,NHB,-0.001,0.000,0.616730847251129,0.383269152748871
1047,25,H,NHB,0.070423299000,0.000128549000,0.001825376002337,-0.001825376002337,-0.000657857874474,NHB,-0.001,0.000,0.657857874474169,0.342142125525831
1048,25,H,NHB,0.180161591000,0.000340503000,0.001889986639827,-0.001889986639827,-0.000733971621603,NHB,-0.001,0.000,0.733971621602827,0.266028378397173
1049,25,H,NHB,0.180161591000,0.000307260000,0.001705468953147,-0.001705468953147,-0.000630435651926,NHB,-0.001,0.000,0.630435651925619,0.369564348074381
1050,25,H,NHB,0.151059761000,0.000031276000,0.000207043886426,-0.000207043886426,-0.000373269618608,NHB,-0.001,0.000,0.373269618608111,0.626730381391889
1051,25,H,NHB,0.151059761000,0.000284472000,0.001883175228908,-0.001883175228908,-0.000739167801013,NHB,-0.001,0.000,0.739167801013477,0.260832198986523
1052,25,H,NHB,0.151059761000,0.000238496000,0.001578818862291,-0.001578818862291,-0.000576493502735,NHB,-0.001,0.000,0.576493502735143,0.423506497264857
1053,25,H,NHB,0.151059761000,0.000282852000,0.001872450996397,-0.001872450996397,-0.000705469787791,NHB,-0.001,0.000,0.705469787791211,0.294530212208789
1054,25,H,NHB,0.151059761000,0.000210738000,0.001395063772145,-0.001395063772145,-0.000543827458730,NHB,-0.001,0.000,0.543827458730217,0.456172541269783
1055,25,H,NHB,0.151059761000,0.000271059000,0.001794382555656,-0.001794382555656,-0.000677191191251,NHB,-0.001,0.000,0.677191191250642,0.322808808749358
1056,25,H,NHB,0.151059761000,0.000037676000,0.000249411224740,-0.000249411224740,-0.000571742354356,NHB,-0.001,0.000,0.571742354356313,0.428257645643687
1057,25,H,NHB,0.151059761000,0.000250748000,0.001659925835577,-0.001659925835577,-0.000635537325291,NHB,-0.001,0.000,0.635537325290961,0.364462674709039
1058,25,H,NHB,0.182903957000,0.000347065000,0.001897525923947,-0.001897525923947,-0.000811292230879,NHB,-0.001,0.000,0.811292230879400,0.188707769120600
1059,25,H,NHB,0.182903957000,0.000344853000,0.001885432145134,-0.001885432145134,-0.000775294289128,NHB,-0.001,0.000,0.775294289128281,0.224705710871719
1060,25,H,NHB,0.182903957000,0.000278712000,0.001523816130451,-0.001523816130451,-0.000581493349984,NHB,-0.001,0.000,0.581493349983975,0.418506650016025
1061,25,H,NHB,0.182903957000,0.000011571000,0.000063262710057,-0.000063262710057,-0.000368121058527,NHB,-0.001,0.000,0.368121058526571,0.631878941473429
1062,25,H,NHB,0.182903957000,0.000120143000,0.000656863864350,-0.000656863864350,-0.000452194490579,NHB,-0.001,0.000,0.452194490578726,0.547805509421274
1063,25,H,NHB,0.182903957000,0.000328062000,0.001793629866630,-0.001793629866630,-0.000649196250515,NHB,-0.001,0.000,0.649196250515070,0.350803749484930
1064,25,H,NHB,0.182903957000,0.000144200000,0.000788391909968,-0.000788391909968,-0.000452960683707,NHB,-0.001,0.000,0.452960683707407,0.547039316292593
1065,25,H,NHB,0.182903957000,0.000214070000,0.001170395673834,-0.001170395673834,-0.000525938637135,NHB,-0.001,0.000,0.525938637135233,0.474061362864767
1066,25,H,NHB,0.182903957000,0.000016453000,0.000089954314110,-0.000089954314110,-0.000340030087598,NHB,-0.001,0.000,0.340030087598151,0.659969912401849
1067,25,H,NHB,0.176514367000,0.000258120000,0.001462317228829,-0.001462317228829,-0.000572591148217,NHB,-0.001,0.000,0.572591148216750,0.427408851783250
1068,25,H,NHB,0.176514367000,0.000076452000,0.000433120551598,-0.000433120551598,-0.000425290902437,NHB,-0.001,0.000,0.425290902436934,0.574709097563066
1069,25,H,NHB,0.176514367000,0.000336653000,0.001907227189048,-0.001907227189048,-0.000778119330209,NHB,-0.001,0.000,0.778119330209060,0.221880669790940
1070,25,H,NHB,0.176514367000,0.000110772000,0.000627552317030,-0.000627552317030,-0.000443950068553,NHB,-0.001,0.000,0.443950068552990,0.556049931447010
1071,25,H,NHB,0.176514367000,0.000332665000,0.001884634127261,-0.001884634127261,-0.000709125016269,NHB,-0.001,0.000,0.709125016269060,0.290874983730940
1072,25,H,NHB,0.176514367000,0.000035925000,0.000203524509707,-0.000203524509707,-0.000385415273854,NHB,-0.001,0.000,0.385415273854461,0.614584726145539
1073,25,H,NHB,0.176514367000,0.000332132000,0.001881614543025,-0.001881614543025,-0.000725864033929,NHB,-0.001,0.000,0.725864033928964,0.274135966071036
1074,25,H,NHB,0.176514367000,0.000312371000,0.001769663315848,-0.001769663315848,-0.000649124002027,NHB,-0.001,0.000,0.649124002026837,0.350875997973163
1075,25,H,NHB,0.178345189000,0.000340941000,0.001911691601616,-0.001911691601616,-0.000804099190564,NHB,-0.001,0.000,0.804099190563557,0.195900809436443
1076,25,H,NHB,0.178345189000,0.000063309000,0.000354980139105,-0.000354980139105,-0.000425589680166,NHB,-0.001,0.000,0.425589680166038,0.574410319833962
1077,25,H,NHB,0.178345189000,0.000333582000,0.001870428924214,-0.001870428924214,-0.000758230467078,NHB,-0.001,0.000,0.758230467077579,0.241769532922421
1078,25,H,NHB,0.178345189000,0.000044261000,0.000248176024530,-0.000248176024530,-0.000373081448773,NHB,-0.001,0.000,0.373081448773418,0.626918551226582
1079,25,H,NHB,0.178345189000,0.000207142000,0.001161466710493,-0.001161466710493,-0.000567696117879,NHB,-0.001,0.000,0.567696117879047,0.432303882120953
1080,25,H,NHB,0.178345189000,0.000090650000,0.000508283966101,-0.000508283966101,-0.000468388107406,NHB,-0.001,0.000,0.468388107405845,0.531611892594155
1081,25,H,NHB,0.178345189000,0.000123736000,0.000693800604848,-0.000693800604848,-0.000450226415474,NHB,-0.001,0.000,0.450226415473927,0.549773584526073
1082,25,H,NHB,0.178345189000,0.000001476000,0.000008276085317,-0.000008276085317,-0.000299377246110,NHB,-0.001,0.000,0.299377246109582,0.700622753890418
1083,25,H,NHB,0.178345189000,0.000317576000,0.001780681619620,-0.001780681619620,-0.000634104597560,NHB,-0.001,0.000,0.634104597559556,0.365895402440444
1084,25,H,NHB,0.178345189000,0.000249445000,0.001398664025639,-0.001398664025639,-0.000548499682066,NHB,-0.001,0.000,0.548499682066108,0.451500317933892
1085,26,H,NHB,0.070423299000,0.000077657000,0.001102717440147,-0.001102717440147,-0.000491558144516,NHB,-0.001,0.000,0.491558144515815,0.508441855484185
1086,26,H,NHB,0.070423299000,0.000130880000,0.001858475843343,-0.001858475843343,-0.000680282362019,NHB,-0.001,0.000,0.680282362018530,0.319717637981470
1087,26,H,NHB,0.180161591000,0.000339189000,0.001882693187362,-0.001882693187362,-0.000708052166492,NHB,-0.001,0.000,0.708052166492108,0.291947833507892
1088,26,H,NHB,0.180161591000,0.000300555000,0.001668252363513,-0.001668252363513,-0.000595182964400,NHB,-0.001,0.000,0.595182964400023,0.404817035599977
1089,26,H,NHB,0.151059761000,0.000030629000,0.000202760813318,-0.000202760813318,-0.000360458626117,NHB,-0.001,0.000,0.360458626117190,0.639541373882810
1090,26,H,NHB,0.151059761000,0.000281677000,0.001864672617879,-0.001864672617879,-0.000743467091351,NHB,-0.001,0.000,0.743467091351124,0.256532908648876
1091,26,H,NHB,0.151059761000,0.000259231000,0.001716082418534,-0.001716082418534,-0.000645712776421,NHB,-0.001,0.000,0.645712776421404,0.354287223578596
1092,26,H,NHB,0.151059761000,0.000279087000,0.001847527085655,-0.001847527085655,-0.000694503313410,NHB,-0.001,0.000,0.694503313409552,0.305496686590448
1093,26,H,NHB,0.151059761000,0.000216914000,0.001435948253619,-0.001435948253619,-0.000589596290882,NHB,-0.001,0.000,0.589596290881798,0.410403709118202
1094,26,H,NHB,0.151059761000,0.000253943000,0.001681076405251,-0.001681076405251,-0.000590029825709,NHB,-0.001,0.000,0.590029825709027,0.409970174290973
1095,26,H,NHB,0.151059761000,0.000059419000,0.000393347636767,-0.000393347636767,-0.000414001568629,NHB,-0.001,0.000,0.414001568629464,0.585998431370536
1096,26,H,NHB,0.151059761000,0.000235166000,0.001556774606574,-0.001556774606574,-0.000554936837636,NHB,-0.001,0.000,0.554936837636102,0.445063162363898
1097,26,H,NHB,0.151059761000,0.000032640000,0.000216073425404,-0.000216073425404,-0.000386567374230,NHB,-0.001,0.000,0.386567374229811,0.613432625770189
1098,26,H,NHB,0.182903957000,0.000342750000,0.001873934307501,-0.001873934307501,-0.000778429749231,NHB,-0.001,0.000,0.778429749230899,0.221570250769101
1099,26,H,NHB,0.182903957000,0.000344172000,0.001881708879595,-0.001881708879595,-0.000739402397538,NHB,-0.001,0.000,0.739402397537810,0.260597602462190
1100,26,H,NHB,0.182903957000,0.000269498000,0.001473439964998,-0.001473439964998,-0.000542439337776,NHB,-0.001,0.000,0.542439337776084,0.457560662223916
1101,26,H,NHB,0.182903957000,0.000009233000,0.000050480045109,-0.000050480045109,-0.000306299511324,NHB,-0.001,0.000,0.306299511323795,0.693700488676205
1102,26,H,NHB,0.182903957000,0.000112173000,0.000613289082641,-0.000613289082641,-0.000410600733087,NHB,-0.001,0.000,0.410600733086791,0.589399266913209
1103,26,H,NHB,0.182903957000,0.000323400000,0.001768141079638,-0.001768141079638,-0.000648393422309,NHB,-0.001,0.000,0.648393422308808,0.351606577691192
1104,26,H,NHB,0.182903957000,0.000150718000,0.000824028099075,-0.000824028099075,-0.000494487867977,NHB,-0.001,0.000,0.494487867977248,0.505512132022752
1105,26,H,NHB,0.182903957000,0.000213566000,0.001167640129295,-0.001167640129295,-0.000499948446346,NHB,-0.001,0.000,0.499948446346355,0.500051553653645
1106,26,H,NHB,0.182903957000,0.000018045000,0.000098658335752,-0.000098658335752,-0.000342528279588,NHB,-0.001,0.000,0.342528279587956,0.657471720412044
1107,26,H,NHB,0.176514367000,0.000256590000,0.001453649379147,-0.001453649379147,-0.000554639991019,NHB,-0.001,0.000,0.554639991018619,0.445360008981381
1108,26,H,NHB,0.176514367000,0.000073416000,0.000415920818502,-0.000415920818502,-0.000395183173743,NHB,-0.001,0.000,0.395183173743013,0.604816826256987
1109,26,H,NHB,0.176514367000,0.000327912000,0.001857707140632,-0.001857707140632,-0.000766828167827,NHB,-0.001,0.000,0.766828167827303,0.233171832172697
1110,26,H,NHB,0.176514367000,0.000127838000,0.000724235665191,-0.000724235665191,-0.000551579754043,NHB,-0.001,0.000,0.551579754042857,0.448420245957143
1111,26,H,NHB,0.176514367000,0.000330107000,0.001870142389033,-0.001870142389033,-0.000680802492215,NHB,-0.001,0.000,0.680802492215038,0.319197507784962
1112,26,H,NHB,0.176514367000,0.000038884000,0.000220288017689,-0.000220288017689,-0.000445208523977,NHB,-0.001,0.000,0.445208523977332,0.554791476022668
1113,26,H,NHB,0.176514367000,0.000326292000,0.001848529417438,-0.001848529417438,-0.000677145262852,NHB,-0.001,0.000,0.677145262852344,0.322854737147656
1114,26,H,NHB,0.176514367000,0.000304859000,0.001727105873484,-0.001727105873484,-0.000601927610581,NHB,-0.001,0.000,0.601927610580611,0.398072389419389
1115,26,H,NHB,0.178345189000,0.000333300000,0.001868847720922,-0.001868847720922,-0.000781981556966,NHB,-0.001,0.000,0.781981556966010,0.218018443033990
1116,26,H,NHB,0.178345189000,0.000027775000,0.000155737310077,-0.000155737310077,-0.000560415402334,NHB,-0.001,0.000,0.560415402334030,0.439584597665970
1117,26,H,NHB,0.178345189000,0.000330592000,0.001853663683633,-0.001853663683633,-0.000708487443785,NHB,-0.001,0.000,0.708487443784632,0.291512556215368
1118,26,H,NHB,0.178345189000,0.000040843000,0.000229010943491,-0.000229010943491,-0.000347276073788,NHB,-0.001,0.000,0.347276073788152,0.652723926211848
1119,26,H,NHB,0.178345189000,0.000187676000,0.001052318826498,-0.001052318826498,-0.000477341507973,NHB,-0.001,0.000,0.477341507972620,0.522658492027380
1120,26,H,NHB,0.178345189000,0.000080325000,0.000450390618611,-0.000450390618611,-0.000391821180957,NHB,-0.001,0.000,0.391821180956610,0.608178819043390
1121,26,H,NHB,0.178345189000,0.000124178000,0.000696278944760,-0.000696278944760,-0.000455365211730,NHB,-0.001,0.000,0.455365211730446,0.544634788269554
1122,26,H,NHB,0.178345189000,0.000001664000,0.000009330220845,-0.000009330220845,-0.000285095757248,NHB,-0.001,0.000,0.285095757248481,0.714904242751519
1123,26,H,NHB,0.178345189000,0.000324209000,0.001817873539611,-0.001817873539611,-0.000662797937057,NHB,-0.001,0.000,0.662797937057258,0.337202062942742
1124,26,H,NHB,0.178345189000,0.000248486000,0.001393286813024,-0.001393286813024,-0.000539457636167,NHB,-0.001,0.000,0.539457636167351,0.460542363832649
