segment,atom,element,atom_class,area_square_angstrom,native_xtb_charge_electron,native_xtb_raw_sigma,tm_nist_raw_sigma,nist_hsieh_averaged_sigma,pre_probability_partition,left_bin,right_bin,left_weight,right_weight
1,1,C,NHB,0.241185721000,-0.000054099000,-0.000224304323555,0.000224304323555,0.000120148874571,NHB,0.000,0.001,0.879851125428951,0.120148874571049
2,1,C,NHB,0.241185721000,-0.000086540000,-0.000358810627931,0.000358810627931,0.000219928804210,NHB,0.000,0.001,0.780071195790094,0.219928804209906
3,1,C,NHB,0.241185721000,-0.000212535000,-0.000881208883838,0.000881208883838,0.000177248271851,NHB,0.000,0.001,0.822751728148937,0.177248271851063
4,1,C,NHB,0.241185721000,-0.000116949000,-0.000484891889599,0.000484891889599,0.000087223959517,NHB,0.000,0.001,0.912776040482947,0.087223959517053
5,1,C,NHB,0.241185721000,-0.000125398000,-0.000519922984993,0.000519922984993,0.000137334672620,NHB,0.000,0.001,0.862665327379860,0.137334672620140
6,1,C,NHB,0.617017436000,-0.000120126000,-0.000194688177337,0.000194688177337,-0.000167121383690,NHB,-0.001,0.000,0.167121383690103,0.832878616309897
7,1,C,NHB,0.617017436000,-0.000495730000,-0.000803429483636,0.000803429483636,0.000224776842802,NHB,0.000,0.001,0.775223157198197,0.224776842801803
8,1,C,NHB,0.617017436000,-0.000268237000,-0.000434731636984,0.000434731636984,-0.000254022440114,NHB,-0.001,0.000,0.254022440113967,0.745977559886033
9,1,C,NHB,0.617017436000,-0.000425701000,-0.000689933501328,0.000689933501328,-0.000434629350211,NHB,-0.001,0.000,0.434629350211188,0.565370649788812
10,1,C,NHB,0.617017436000,-0.000025808000,-0.000041827018969,0.000041827018969,0.000042745580873,NHB,0.000,0.001,0.957254419127456,0.042745580872544
11,1,C,NHB,0.617017436000,-0.000198341000,-0.000321451207742,0.000321451207742,0.000153296142762,NHB,0.000,0.001,0.846703857238128,0.153296142761872
12,1,C,NHB,0.517349488000,-0.000248179000,-0.000479712468566,0.000479712468566,-0.000187503306118,NHB,-0.001,0.000,0.187503306117703,0.812496693882297
13,1,C,NHB,0.517349488000,-0.000330563000,-0.000638954918614,0.000638954918614,-0.000030765146252,NHB,-0.001,0.000,0.030765146252377,0.969234853747623
14,1,C,NHB,0.517349488000,-0.000193752000,-0.000374508923840,0.000374508923840,0.000208151476226,NHB,0.000,0.001,0.791848523773985,0.208151476226015
15,1,C,NHB,0.517349488000,-0.000348205000,-0.000673055657881,0.000673055657881,0.000271042117274,NHB,0.000,0.001,0.728957882725566,0.271042117274434
16,1,C,NHB,0.517349488000,-0.000358779000,-0.000693494452632,0.000693494452632,-0.000104072976125,NHB,-0.001,0.000,0.104072976125422,0.895927023874578
17,1,C,NHB,0.517349488000,-0.000318517000,-0.000615670851886,0.000615670851886,0.000172081377252,NHB,0.000,0.001,0.827918622748235,0.172081377251765
18,1,C,NHB,0.517349488000,-0.000233154000,-0.000450670205360,0.000450670205360,0.000158160886409,NHB,0.000,0.001,0.841839113591194,0.158160886408806
19,1,C,NHB,0.517349488000,-0.000225925000,-0.000436697059223,0.000436697059223,0.000154775136939,NHB,0.000,0.001,0.845224863060925,0.154775136939075
20,1,C,NHB,0.517349488000,-0.000111401000,-0.000215330260460,0.000215330260460,0.000009520517126,NHB,0.000,0.001,0.990479482874129,0.009520517125871
21,1,C,NHB,0.517349488000,-0.000221811000,-0.000428744987953,0.000428744987953,0.000187042014347,NHB,0.000,0.001,0.812957985652582,0.187042014347418
22,1,C,NHB,0.517349488000,-0.000535011000,-0.001034138454584,0.001034138454584,-0.000082455222271,NHB,-0.001,0.000,0.082455222271263,0.917544777728737
23,1,C,NHB,0.517349488000,-0.000363455000,-0.000702532830186,0.000702532830186,0.000142191669350,NHB,0.000,0.001,0.857808330649569,0.142191669350431
24,1,C,NHB,0.517349488000,-0.000128701000,-0.000248769937895,0.000248769937895,0.000092102574801,NHB,0.000,0.001,0.907897425198815,0.092102574801185
25,1,C,NHB,0.517349488000,-0.000302086000,-0.000583910890040,0.000583910890040,0.000344974418391,NHB,0.000,0.001,0.655025581608724,0.344974418391276
26,1,C,NHB,0.517349488000,-0.000361445000,-0.000698647642230,0.000698647642230,0.000093865961446,NHB,0.000,0.001,0.906134038553869,0.093865961446131
27,1,C,NHB,0.517349488000,-0.000345540000,-0.000667904401212,0.000667904401212,0.000349600365527,NHB,0.000,0.001,0.650399634473471,0.349600365526529
28,1,C,NHB,0.517349488000,-0.000198686000,-0.000384045997162,0.000384045997162,0.000204328629904,NHB,0.000,0.001,0.795671370096265,0.204328629903735
29,1,C,NHB,0.517349488000,-0.000108868000,-0.000210434150463,0.000210434150463,0.000022850881430,NHB,0.000,0.001,0.977149118569720,0.022850881430280
30,1,C,NHB,0.517349488000,-0.000084287000,-0.000162920814565,0.000162920814565,0.000022311183714,NHB,0.000,0.001,0.977688816286086,0.022311183713914
31,1,C,NHB,0.517349488000,-0.000041770000,-0.000080738458177,0.000080738458177,0.000024925286386,NHB,0.000,0.001,0.975074713614455,0.024925286385545
32,1,C,NHB,0.626409493000,-0.000070236000,-0.000112124737548,0.000112124737548,0.000040567693796,NHB,0.000,0.001,0.959432306203859,0.040567693796141
33,1,C,NHB,0.626409493000,-0.000363075000,-0.000579612863562,0.000579612863562,0.000310179360105,NHB,0.000,0.001,0.689820639894527,0.310179360105473
34,1,C,NHB,0.626409493000,-0.000452193000,-0.000721880822454,0.000721880822454,-0.000424463611587,NHB,-0.001,0.000,0.424463611587180,0.575536388412820
35,1,C,NHB,0.626409493000,-0.000097934000,-0.000156341819679,0.000156341819679,-0.000156598187307,NHB,-0.001,0.000,0.156598187307273,0.843401812692727
36,1,C,NHB,0.626409493000,-0.000242163000,-0.000386588968887,0.000386588968887,-0.000218258099490,NHB,-0.001,0.000,0.218258099490062,0.781741900509938
37,1,C,NHB,0.626409493000,-0.000095823000,-0.000152971819666,0.000152971819666,0.000002086600132,NHB,0.000,0.001,0.997913399868451,0.002086600131549
38,1,C,NHB,0.626409493000,-0.000056523000,-0.000090233306857,0.000090233306857,0.000001060565071,NHB,0.000,0.001,0.998939434929059,0.001060565070941
39,1,C,NHB,0.626409493000,-0.000338808000,-0.000540873029202,0.000540873029202,-0.000374500742811,NHB,-0.001,0.000,0.374500742810733,0.625499257189267
40,1,C,NHB,0.626409493000,-0.000131347000,-0.000209682326765,0.000209682326765,-0.000008039915696,NHB,-0.001,0.000,0.008039915696006,0.991960084303994
41,1,C,NHB,0.626409493000,-0.000442420000,-0.000706279207043,0.000706279207043,-0.000416082549413,NHB,-0.001,0.000,0.416082549412502,0.583917450587498
42,1,C,NHB,0.626409493000,-0.000620613000,-0.000990746479635,0.000990746479635,-0.000210450998012,NHB,-0.001,0.000,0.210450998012027,0.789549001987973
43,1,C,NHB,0.626409493000,-0.000350560000,-0.000559633919852,0.000559633919852,0.000031535445311,NHB,0.000,0.001,0.968464554689192,0.031535445310808
44,1,C,NHB,0.626409493000,-0.000076461000,-0.000122062326409,0.000122062326409,0.000135687935260,NHB,0.000,0.001,0.864312064740439,0.135687935259561
45,1,C,NHB,0.626409493000,-0.000449181000,-0.000717072466205,0.000717072466205,-0.000272269052681,NHB,-0.001,0.000,0.272269052680670,0.727730947319330
46,1,C,NHB,0.626409493000,-0.000313617000,-0.000500658121412,0.000500658121412,0.000134461470422,NHB,0.000,0.001,0.865538529578304,0.134461470421696
47,1,C,NHB,0.626409493000,-0.000429072000,-0.000684970462285,0.000684970462285,0.000315750215040,NHB,0.000,0.001,0.684249784959560,0.315750215040440
48,1,C,NHB,0.626409493000,-0.000035306000,-0.000056362491939,0.000056362491939,0.000084048452823,NHB,0.000,0.001,0.915951547176744,0.084048452823256
49,1,C,NHB,0.604526425000,-0.000245538000,-0.000406165867770,0.000406165867770,-0.000310558267162,NHB,-0.001,0.000,0.310558267161818,0.689441732838183
50,1,C,NHB,0.604526425000,-0.000514663000,-0.000851349053931,0.000851349053931,0.000003947479485,NHB,0.000,0.001,0.996052520514585,0.003947479485415
51,1,C,NHB,0.604526425000,-0.000153885000,-0.000254554629270,0.000254554629270,0.000087735768003,NHB,0.000,0.001,0.912264231997429,0.087735768002571
52,1,C,NHB,0.604526425000,-0.000574908000,-0.000951005574322,0.000951005574322,-0.000392832222938,NHB,-0.001,0.000,0.392832222937539,0.607167777062461
53,1,C,NHB,0.604526425000,-0.000169410000,-0.000280235888779,0.000280235888779,0.000179641732674,NHB,0.000,0.001,0.820358267326327,0.179641732673673
54,1,C,NHB,0.604526425000,-0.000275118000,-0.000455096731297,0.000455096731297,0.000235954655667,NHB,0.000,0.001,0.764045344332739,0.235954655667261
55,1,C,NHB,0.604526425000,-0.000115470000,-0.000191009019994,0.000191009019994,-0.000171349495338,NHB,-0.001,0.000,0.171349495337623,0.828650504662378
56,1,C,NHB,0.604526425000,-0.000344102000,-0.000569209195446,0.000569209195446,0.000151402693937,NHB,0.000,0.001,0.848597306063333,0.151402693936667
57,1,C,NHB,0.604526425000,-0.000583554000,-0.000965307678651,0.000965307678651,-0.000299270718432,NHB,-0.001,0.000,0.299270718431589,0.700729281568411
58,1,C,NHB,0.604526425000,-0.000198711000,-0.000328705234019,0.000328705234019,-0.000217940213000,NHB,-0.001,0.000,0.217940212999841,0.782059787000159
59,1,C,NHB,0.604526425000,-0.000453908000,-0.000750848897962,0.000750848897962,0.000246618359315,NHB,0.000,0.001,0.753381640685221,0.246618359314779
60,1,C,NHB,0.604526425000,-0.000263186000,-0.000435358967145,0.000435358967145,0.000066562381377,NHB,0.000,0.001,0.933437618622932,0.066562381377068
61,1,C,NHB,0.604526425000,-0.000183094000,-0.000302871789269,0.000302871789269,0.000136942126604,NHB,0.000,0.001,0.863057873396361,0.136942126603639
62,1,C,NHB,0.604526425000,-0.000141786000,-0.000234540615822,0.000234540615822,-0.000198232663916,NHB,-0.001,0.000,0.198232663915830,0.801767336084170
63,1,C,NHB,0.604526425000,-0.000156753000,-0.000259298838756,0.000259298838756,-0.000255039684393,NHB,-0.001,0.000,0.255039684392590,0.744960315607410
64,1,C,NHB,0.604526425000,-0.000070154000,-0.000116047863416,0.000116047863416,0.000006241122750,NHB,0.000,0.001,0.993758877250304,0.006241122749696
65,1,C,NHB,0.610796623000,-0.000054093000,-0.000088561393372,0.000088561393372,0.000007142783288,NHB,0.000,0.001,0.992857216711938,0.007142783288062
66,1,C,NHB,0.610796623000,-0.000468925000,-0.000767726903428,0.000767726903428,0.000326145953010,NHB,0.000,0.001,0.673854046990110,0.326145953009890
67,1,C,NHB,0.610796623000,-0.000559501000,-0.000916018489513,0.000916018489513,-0.000322362476054,NHB,-0.001,0.000,0.322362476054251,0.677637523945749
68,1,C,NHB,0.610796623000,-0.000126904000,-0.000207768011841,0.000207768011841,0.000070058602829,NHB,0.000,0.001,0.929941397170926,0.070058602829074
69,1,C,NHB,0.610796623000,-0.000138491000,-0.000226738319737,0.000226738319737,-0.000217580291903,NHB,-0.001,0.000,0.217580291902566,0.782419708097434
70,1,C,NHB,0.610796623000,-0.000078719000,-0.000128879232523,0.000128879232523,-0.000004908635016,NHB,-0.001,0.000,0.004908635015795,0.995091364984205
71,1,C,NHB,0.610796623000,-0.000085208000,-0.000139503063363,0.000139503063363,0.000044411615067,NHB,0.000,0.001,0.955588384933011,0.044411615066989
72,1,C,NHB,0.610796623000,-0.000269547000,-0.000441304011597,0.000441304011597,-0.000173436407060,NHB,-0.001,0.000,0.173436407059573,0.826563592940427
73,1,C,NHB,0.610796623000,-0.000161745000,-0.000264809912022,0.000264809912022,0.000130256941539,NHB,0.000,0.001,0.869743058461142,0.130256941538858
74,1,C,NHB,0.610796623000,-0.000078077000,-0.000127828146162,0.000127828146162,-0.000107595497981,NHB,-0.001,0.000,0.107595497981023,0.892404502018977
75,1,C,NHB,0.610796623000,-0.000593136000,-0.000971085919052,0.000971085919052,-0.000357370957190,NHB,-0.001,0.000,0.357370957189803,0.642629042810197
76,1,C,NHB,0.610796623000,-0.000423152000,-0.000692787065393,0.000692787065393,0.000330444179580,NHB,0.000,0.001,0.669555820420406,0.330444179579594
77,1,C,NHB,0.610796623000,-0.000465366000,-0.000761900086668,0.000761900086668,-0.000051507896856,NHB,-0.001,0.000,0.051507896855687,0.948492103144313
78,1,C,NHB,0.610796623000,-0.000508061000,-0.000831800604110,0.000831800604110,0.000221660555319,NHB,0.000,0.001,0.778339444680817,0.221660555319183
79,1,C,NHB,0.610796623000,-0.000329196000,-0.000538961722452,0.000538961722452,-0.000232329461048,NHB,-0.001,0.000,0.232329461048205,0.767670538951795
80,1,C,NHB,0.610796623000,-0.000451585000,-0.000739337748434,0.000739337748434,0.000029273682663,NHB,0.000,0.001,0.970726317337176,0.029273682662824
81,1,C,NHB,0.610796623000,-0.000234284000,-0.000383571210413,0.000383571210413,0.000074914752027,NHB,0.000,0.001,0.925085247972613,0.074914752027387
82,1,C,NHB,0.610796623000,-0.000417941000,-0.000684255584039,0.000684255584039,0.000309432158501,NHB,0.000,0.001,0.690567841499308,0.309432158500692
83,2,C,NHB,0.241185721000,-0.000113070000,-0.000468808847933,0.000468808847933,0.000152488091775,NHB,0.000,0.001,0.847511908224678,0.152488091775322
84,2,C,NHB,0.241185721000,-0.000079272000,-0.000328676173993,0.000328676173993,0.000333671947306,NHB,0.000,0.001,0.666328052693740,0.333671947306260
85,2,C,NHB,0.241185721000,-0.000043331000,-0.000179658231094,0.000179658231094,-0.000087925720789,NHB,-0.001,0.000,0.087925720788972,0.912074279211028
86,2,C,NHB,0.617017436000,-0.000274598000,-0.000445040908050,0.000445040908050,0.000334215497300,NHB,0.000,0.001,0.665784502699750,0.334215497300250
87,2,C,NHB,0.617017436000,-0.000009943000,-0.000016114617545,0.000016114617545,-0.000016993674272,NHB,-0.001,0.000,0.016993674271756,0.983006325728244
88,2,C,NHB,0.617017436000,-0.000126900000,-0.000205666797397,0.000205666797397,-0.000227221456920,NHB,-0.001,0.000,0.227221456920326,0.772778543079674
89,2,C,NHB,0.617017436000,-0.000281294000,-0.000455893113529,0.000455893113529,0.000193155099057,NHB,0.000,0.001,0.806844900942862,0.193155099057138
90,2,C,NHB,0.617017436000,-0.000315527000,-0.000511374527834,0.000511374527834,-0.000015660458744,NHB,-0.001,0.000,0.015660458743831,0.984339541256169
91,2,C,NHB,0.517349488000,-0.000149921000,-0.000289786698310,0.000289786698310,0.000145306632486,NHB,0.000,0.001,0.854693367513905,0.145306632486095
92,2,C,NHB,0.517349488000,-0.000024485000,-0.000047327774682,0.000047327774682,-0.000004853186217,NHB,-0.001,0.000,0.004853186216555,0.995146813783445
93,2,C,NHB,0.517349488000,-0.000184195000,-0.000356035918219,0.000356035918219,-0.000130226060118,NHB,-0.001,0.000,0.130226060117815,0.869773939882185
94,2,C,NHB,0.517349488000,-0.000086729000,-0.000167641027993,0.000167641027993,-0.000236833937907,NHB,-0.001,0.000,0.236833937906866,0.763166062093134
95,2,C,NHB,0.517349488000,-0.000098566000,-0.000190521112490,0.000190521112490,0.000316210720178,NHB,0.000,0.001,0.683789279821718,0.316210720178282
96,2,C,NHB,0.517349488000,-0.000300771000,-0.000581369087969,0.000581369087969,0.000129060615620,NHB,0.000,0.001,0.870939384379970,0.129060615620030
97,2,C,NHB,0.517349488000,-0.000111382000,-0.000215293534803,0.000215293534803,0.000219697905198,NHB,0.000,0.001,0.780302094802256,0.219697905197744
98,2,C,NHB,0.517349488000,-0.000151530000,-0.000292896781605,0.000292896781605,0.000220203329940,NHB,0.000,0.001,0.779796670060332,0.220203329939668
99,2,C,NHB,0.517349488000,-0.000340349000,-0.000657870565052,0.000657870565052,-0.000126013159459,NHB,-0.001,0.000,0.126013159459291,0.873986840540709
100,2,C,NHB,0.517349488000,-0.000290430000,-0.000561380665752,0.000561380665752,0.000346076959654,NHB,0.000,0.001,0.653923040345572,0.346076959654428
101,2,C,NHB,0.517349488000,-0.000236523000,-0.000457182244278,0.000457182244278,0.000296834988552,NHB,0.000,0.001,0.703165011447571,0.296834988552429
102,2,C,NHB,0.517349488000,-0.000015201000,-0.000029382458768,0.000029382458768,-0.000039241762379,NHB,-0.001,0.000,0.039241762378793,0.960758237621207
103,2,C,NHB,0.626409493000,-0.000367411000,-0.000586534853168,0.000586534853168,0.000087578515344,NHB,0.000,0.001,0.912421484656422,0.087578515343578
104,2,C,NHB,0.626409493000,-0.000363406000,-0.000580141271901,0.000580141271901,-0.000222559362472,NHB,-0.001,0.000,0.222559362472173,0.777440637527827
105,2,C,NHB,0.626409493000,-0.000183298000,-0.000292616893659,0.000292616893659,0.000275735267843,NHB,0.000,0.001,0.724264732157051,0.275735267842949
106,2,C,NHB,0.626409493000,-0.000020431000,-0.000032616044661,0.000032616044661,0.000033411461715,NHB,0.000,0.001,0.966588538284705,0.033411461715295
107,2,C,NHB,0.626409493000,-0.000135569000,-0.000216422326793,0.000216422326793,0.000076954831048,NHB,0.000,0.001,0.923045168952233,0.076954831047767
108,2,C,NHB,0.626409493000,-0.000067108000,-0.000107131198920,0.000107131198920,0.000234880590080,NHB,0.000,0.001,0.765119409919795,0.234880590080205
109,2,C,NHB,0.626409493000,-0.000252968000,-0.000403838068910,0.000403838068910,0.000138770251509,NHB,0.000,0.001,0.861229748491232,0.138770251508768
110,2,C,NHB,0.626409493000,-0.000031636000,-0.000050503704611,0.000050503704611,0.000097668541504,NHB,0.000,0.001,0.902331458496009,0.097668541503991
111,2,C,NHB,0.626409493000,-0.000348728000,-0.000556709315387,0.000556709315387,0.000344405778402,NHB,0.000,0.001,0.655594221598019,0.344405778401981
112,2,C,NHB,0.626409493000,-0.000215554000,-0.000344110366156,0.000344110366156,0.000176571810256,NHB,0.000,0.001,0.823428189743575,0.176571810256425
113,2,C,NHB,0.626409493000,-0.000155194000,-0.000247751673201,0.000247751673201,-0.000110239987634,NHB,-0.001,0.000,0.110239987633830,0.889760012366170
114,2,C,NHB,0.626409493000,-0.000482426000,-0.000770144778122,0.000770144778122,-0.000154456139492,NHB,-0.001,0.000,0.154456139492037,0.845543860507963
115,2,C,NHB,0.626409493000,-0.000405647000,-0.000647574796572,0.000647574796572,-0.000171056838134,NHB,-0.001,0.000,0.171056838133804,0.828943161866196
116,2,C,NHB,0.604526425000,-0.000192215000,-0.000317959632617,0.000317959632617,0.000199807359745,NHB,0.000,0.001,0.800192640255207,0.199807359744793
117,2,C,NHB,0.604526425000,0.000005935000,0.000009817602266,-0.000009817602266,-0.000050293856316,NHB,-0.001,0.000,0.050293856316352,0.949706143683648
118,2,C,NHB,0.604526425000,-0.000313393000,-0.000518410754336,0.000518410754336,-0.000026433122595,NHB,-0.001,0.000,0.026433122595057,0.973566877404943
119,2,C,NHB,0.604526425000,-0.000234017000,-0.000387107974643,0.000387107974643,-0.000159395316721,NHB,-0.001,0.000,0.159395316720750,0.840604683279250
120,2,C,NHB,0.604526425000,-0.000362889000,-0.000600286414279,0.000600286414279,0.000238711950731,NHB,0.000,0.001,0.761288049268811,0.238711950731189
121,2,C,NHB,0.604526425000,-0.000122511000,-0.000202656153534,0.000202656153534,0.000111135587134,NHB,0.000,0.001,0.888864412866429,0.111135587133571
122,2,C,NHB,0.604526425000,-0.000064980000,-0.000107489097768,0.000107489097768,0.000156985737872,NHB,0.000,0.001,0.843014262127623,0.156985737872377
123,2,C,NHB,0.604526425000,-0.000314022000,-0.000519451238215,0.000519451238215,-0.000320313371184,NHB,-0.001,0.000,0.320313371183865,0.679686628816135
124,2,C,NHB,0.604526425000,-0.000366620000,-0.000606458187498,0.000606458187498,0.000230345817500,NHB,0.000,0.001,0.769654182500315,0.230345817499685
125,2,C,NHB,0.604526425000,-0.000302937000,-0.000501114570798,0.000501114570798,0.000078537312530,NHB,0.000,0.001,0.921462687469610,0.078537312530390
126,2,C,NHB,0.604526425000,-0.000255605000,-0.000422818572406,0.000422818572406,-0.000040266266521,NHB,-0.001,0.000,0.040266266521013,0.959733733478987
127,2,C,NHB,0.604526425000,-0.000000031000,-0.000000051279810,0.000000051279810,0.000254980437258,NHB,0.000,0.001,0.745019562741765,0.254980437258235
128,2,C,NHB,0.610796623000,-0.000456767000,-0.000747821750809,0.000747821750809,-0.000173920725795,NHB,-0.001,0.000,0.173920725794716,0.826079274205284
129,2,C,NHB,0.610796623000,-0.000332910000,-0.000545042306169,0.000545042306169,0.000349844930489,NHB,0.000,0.001,0.650155069511450,0.349844930488550
130,2,C,NHB,0.610796623000,-0.000283562000,-0.000464249456075,0.000464249456075,-0.000037317614447,NHB,-0.001,0.000,0.037317614446731,0.962682385553269
131,2,C,NHB,0.610796623000,-0.000145476000,-0.000238174204837,0.000238174204837,0.000173397953615,NHB,0.000,0.001,0.826602046385228,0.173397953614772
132,2,C,NHB,0.610796623000,-0.000045208000,-0.000074014816549,0.000074014816549,-0.000001276696150,NHB,-0.001,0.000,0.001276696150048,0.998723303849952
133,2,C,NHB,0.610796623000,-0.000242551000,-0.000397105993823,0.000397105993823,0.000165617258570,NHB,0.000,0.001,0.834382741430133,0.165617258569867
134,2,C,NHB,0.610796623000,-0.000246006000,-0.000402762541141,0.000402762541141,0.000137834620729,NHB,0.000,0.001,0.862165379271492,0.137834620728508
135,2,C,NHB,0.610796623000,-0.000170238000,-0.000278714704027,0.000278714704027,0.000143440188585,NHB,0.000,0.001,0.856559811414971,0.143440188585029
136,2,C,NHB,0.610796623000,-0.000334940000,-0.000548365834695,0.000548365834695,-0.000333670777955,NHB,-0.001,0.000,0.333670777955086,0.666329222044914
137,2,C,NHB,0.610796623000,-0.000257191000,-0.000421074692157,0.000421074692157,0.000329607753004,NHB,0.000,0.001,0.670392246995568,0.329607753004432
138,2,C,NHB,0.610796623000,-0.000268837000,-0.000440141595216,0.000440141595216,0.000010786464647,NHB,0.000,0.001,0.989213535353141,0.010786464646859
139,2,C,NHB,0.610796623000,-0.000389810000,-0.000638199337261,0.000638199337261,0.000050757352279,NHB,0.000,0.001,0.949242647720971,0.050757352279029
140,3,C,NHB,0.241185721000,-0.000094940000,-0.000393638560386,0.000393638560386,0.000328512405622,NHB,0.000,0.001,0.671487594378053,0.328512405621947
141,3,C,NHB,0.241185721000,-0.000150435000,-0.000623730954620,0.000623730954620,0.000152456848224,NHB,0.000,0.001,0.847543151776323,0.152456848223677
142,3,C,NHB,0.241185721000,-0.000079443000,-0.000329385171189,0.000329385171189,0.000010869102650,NHB,0.000,0.001,0.989130897349663,0.010869102650337
143,3,C,NHB,0.617017436000,-0.000377983000,-0.000612596950988,0.000612596950988,0.000047288027803,NHB,0.000,0.001,0.952711972196804,0.047288027803196
144,3,C,NHB,0.617017436000,-0.000363346000,-0.000588874768849,0.000588874768849,0.000198429902668,NHB,0.000,0.001,0.801570097331638,0.198429902668362
145,3,C,NHB,0.617017436000,-0.000225195000,-0.000364973478643,0.000364973478643,-0.000148741313172,NHB,-0.001,0.000,0.148741313172319,0.851258686827681
146,3,C,NHB,0.617017436000,-0.000326107000,-0.000528521531116,0.000528521531116,0.000362624574910,NHB,0.000,0.001,0.637375425090052,0.362624574909948
147,3,C,NHB,0.517349488000,-0.000161728000,-0.000312608794927,0.000312608794927,-0.000161450801288,NHB,-0.001,0.000,0.161450801288090,0.838549198711910
148,3,C,NHB,0.517349488000,-0.000255815000,-0.000494472316942,0.000494472316942,-0.000076194175439,NHB,-0.001,0.000,0.076194175439446,0.923805824560554
149,3,C,NHB,0.517349488000,-0.000089606000,-0.000173202065680,0.000173202065680,0.000113243858257,NHB,0.000,0.001,0.886756141742589,0.113243858257411
150,3,C,NHB,0.517349488000,-0.000239168000,-0.000462294842360,0.000462294842360,0.000163281987385,NHB,0.000,0.001,0.836718012615462,0.163281987384538
151,3,C,NHB,0.517349488000,-0.000311096000,-0.000601326583317,0.000601326583317,0.000320594170717,NHB,0.000,0.001,0.679405829283187,0.320594170716813
152,3,C,NHB,0.517349488000,-0.000322022000,-0.000622445769193,0.000622445769193,0.000335945210531,NHB,0.000,0.001,0.664054789468724,0.335945210531276
153,3,C,NHB,0.517349488000,-0.000384680000,-0.000743559255248,0.000743559255248,-0.000090296131560,NHB,-0.001,0.000,0.090296131560017,0.909703868439983
154,3,C,NHB,0.517349488000,-0.000228834000,-0.000442319950648,0.000442319950648,0.000084918731452,NHB,0.000,0.001,0.915081268548484,0.084918731451516
155,3,C,NHB,0.517349488000,-0.000129365000,-0.000250053402972,0.000250053402972,0.000181980626866,NHB,0.000,0.001,0.818019373133516,0.181980626866484
156,3,C,NHB,0.517349488000,-0.000343664000,-0.000664278225786,0.000664278225786,0.000155545861249,NHB,0.000,0.001,0.844454138751242,0.155545861248758
157,3,C,NHB,0.517349488000,-0.000229520000,-0.000443645940170,0.000443645940170,0.000328909159025,NHB,0.000,0.001,0.671090840975325,0.328909159024675
158,3,C,NHB,0.517349488000,-0.000017613000,-0.000034044684316,0.000034044684316,0.000067206834198,NHB,0.000,0.001,0.932793165802242,0.067206834197758
159,3,C,NHB,0.626409493000,-0.000285042000,-0.000455040996641,0.000455040996641,0.000309069800089,NHB,0.000,0.001,0.690930199911451,0.309069800088549
160,3,C,NHB,0.626409493000,-0.000450177000,-0.000718662480423,0.000718662480423,-0.000154421696138,NHB,-0.001,0.000,0.154421696138048,0.845578303861952
161,3,C,NHB,0.626409493000,-0.000444670000,-0.000709871106631,0.000709871106631,0.000150956715748,NHB,0.000,0.001,0.849043284251538,0.150956715748462
162,3,C,NHB,0.626409493000,-0.000341621000,-0.000545363701888,0.000545363701888,0.000264135283402,NHB,0.000,0.001,0.735864716598171,0.264135283401829
163,3,C,NHB,0.626409493000,-0.000238587000,-0.000380880243142,0.000380880243142,0.000201272753260,NHB,0.000,0.001,0.798727246740136,0.201272753259864
164,3,C,NHB,0.626409493000,-0.000499636000,-0.000797618818973,0.000797618818973,-0.000129308899117,NHB,-0.001,0.000,0.129308899116638,0.870691100883362
165,3,C,NHB,0.626409493000,-0.000511221000,-0.000816113110853,0.000816113110853,-0.000129642617555,NHB,-0.001,0.000,0.129642617555342,0.870357382444658
166,3,C,NHB,0.626409493000,-0.000241181000,-0.000385021304267,0.000385021304267,-0.000046051173077,NHB,-0.001,0.000,0.046051173077212,0.953948826922788
167,3,C,NHB,0.626409493000,-0.000045793000,-0.000073103936820,0.000073103936820,-0.000001731477337,NHB,-0.001,0.000,0.001731477336735,0.998268522663265
168,3,C,NHB,0.626409493000,-0.000403608000,-0.000644319737345,0.000644319737345,0.000326581250258,NHB,0.000,0.001,0.673418749742006,0.326581250257994
169,3,C,NHB,0.626409493000,-0.000023406000,-0.000037365334117,0.000037365334117,0.000101045830260,NHB,0.000,0.001,0.898954169739920,0.101045830260080
170,3,C,NHB,0.604526425000,-0.000312192000,-0.000516424075259,0.000516424075259,-0.000093287815030,NHB,-0.001,0.000,0.093287815030481,0.906712184969519
171,3,C,NHB,0.604526425000,-0.000367832000,-0.000608463062636,0.000608463062636,-0.000030733102636,NHB,-0.001,0.000,0.030733102635947,0.969266897364053
172,3,C,NHB,0.604526425000,-0.000071804000,-0.000118777272639,0.000118777272639,0.000056281808179,NHB,0.000,0.001,0.943718191821417,0.056281808178583
173,3,C,NHB,0.604526425000,-0.000396277000,-0.000655516423455,0.000655516423455,0.000120599506999,NHB,0.000,0.001,0.879400493000502,0.120599506999498
174,3,C,NHB,0.604526425000,-0.000381980000,-0.000631866506084,0.000631866506084,0.000231694236802,NHB,0.000,0.001,0.768305763197671,0.231694236802329
175,3,C,NHB,0.604526425000,-0.000394332000,-0.000652299028947,0.000652299028947,-0.000261113572022,NHB,-0.001,0.000,0.261113572022417,0.738886427977583
176,3,C,NHB,0.604526425000,-0.000154105000,-0.000254918550500,0.000254918550500,0.000030785733387,NHB,0.000,0.001,0.969214266613145,0.030785733386855
177,3,C,NHB,0.604526425000,-0.000398365000,-0.000658970366763,0.000658970366763,0.000257978290620,NHB,0.000,0.001,0.742021709380476,0.257978290619524
178,3,C,NHB,0.604526425000,-0.000349248000,-0.000577721643847,0.000577721643847,0.000063990394608,NHB,0.000,0.001,0.936009605391667,0.063990394608333
179,3,C,NHB,0.610796623000,-0.000383582000,-0.000628002817232,0.000628002817232,0.000300001076723,NHB,0.000,0.001,0.699998923276629,0.300001076723371
180,3,C,NHB,0.610796623000,-0.000514474000,-0.000842300007281,0.000842300007281,-0.000134249793070,NHB,-0.001,0.000,0.134249793070034,0.865750206929966
181,3,C,NHB,0.610796623000,-0.000360413000,-0.000590070387472,0.000590070387472,0.000059382725962,NHB,0.000,0.001,0.940617274038198,0.059382725961802
182,3,C,NHB,0.610796623000,-0.000119391000,-0.000195467681883,0.000195467681883,0.000104071365942,NHB,0.000,0.001,0.895928634057843,0.104071365942157
183,3,C,NHB,0.610796623000,-0.000044642000,-0.000073088157856,0.000073088157856,-0.000002377513914,NHB,-0.001,0.000,0.002377513913991,0.997622486086009
184,3,C,NHB,0.610796623000,-0.000345246000,-0.000565238881486,0.000565238881486,0.000316458033315,NHB,0.000,0.001,0.683541966684804,0.316458033315196
185,3,C,NHB,0.610796623000,-0.000413277000,-0.000676619654461,0.000676619654461,-0.000287117369681,NHB,-0.001,0.000,0.287117369681268,0.712882630318732
186,3,C,NHB,0.610796623000,-0.000264006000,-0.000432232252207,0.000432232252207,0.000181295266075,NHB,0.000,0.001,0.818704733925252,0.181295266074748
187,3,C,NHB,0.610796623000,-0.000324442000,-0.000531178444318,0.000531178444318,0.000097306142695,NHB,0.000,0.001,0.902693857304606,0.097306142695394
188,3,C,NHB,0.610796623000,-0.000454760000,-0.000744535878025,0.000744535878025,0.000073103348147,NHB,0.000,0.001,0.926896651853275,0.073103348146725
189,3,C,NHB,0.610796623000,-0.000338551000,-0.000554277786176,0.000554277786176,-0.000060919023220,NHB,-0.001,0.000,0.060919023220063,0.939080976779937
190,3,C,NHB,0.610796623000,-0.000359005000,-0.000587765201184,0.000587765201184,0.000343889524954,NHB,0.000,0.001,0.656110475045525,0.343889524954475
191,4,C,NHB,0.241185721000,-0.000138378000,-0.000573740433000,0.000573740433000,0.000112216329746,NHB,0.000,0.001,0.887783670253875,0.112216329746125
192,4,C,NHB,0.241185721000,-0.000092786000,-0.000384707683420,0.000384707683420,0.000322183689874,NHB,0.000,0.001,0.677816310125904,0.322183689874096
193,4,C,NHB,0.241185721000,-0.000069397000,-0.000287732622447,0.000287732622447,0.000001826295790,NHB,0.000,0.001,0.998173704209844,0.001826295790156
194,4,C,NHB,0.617017436000,-0.000318772000,-0.000516633698501,0.000516633698501,0.000293288545596,NHB,0.000,0.001,0.706711454404302,0.293288545595698
195,4,C,NHB,0.617017436000,-0.000194379000,-0.000315029995360,0.000315029995360,-0.000262873570164,NHB,-0.001,0.000,0.262873570163689,0.737126429836311
196,4,C,NHB,0.617017436000,-0.000355352000,-0.000575918895102,0.000575918895102,0.000203199194055,NHB,0.000,0.001,0.796800805944620,0.203199194055380
197,4,C,NHB,0.617017436000,-0.000408449000,-0.000661973189361,0.000661973189361,0.000068225757712,NHB,0.000,0.001,0.931774242288464,0.068225757711536
198,4,C,NHB,0.517349488000,-0.000224365000,-0.000433681689466,0.000433681689466,0.000143898858347,NHB,0.000,0.001,0.856101141653279,0.143898858346721
199,4,C,NHB,0.517349488000,-0.000066236000,-0.000128029507202,0.000128029507202,0.000091673893607,NHB,0.000,0.001,0.908326106393024,0.091673893606976
200,4,C,NHB,0.517349488000,-0.000241226000,-0.000466272810924,0.000466272810924,-0.000082039328878,NHB,-0.001,0.000,0.082039328877672,0.917960671122327
201,4,C,NHB,0.517349488000,-0.000136136000,-0.000263141267475,0.000263141267475,-0.000162250795157,NHB,-0.001,0.000,0.162250795157278,0.837749204842722
202,4,C,NHB,0.517349488000,-0.000210935000,-0.000407722448543,0.000407722448543,0.000304266370020,NHB,0.000,0.001,0.695733629980099,0.304266370019901
203,4,C,NHB,0.517349488000,-0.000317214000,-0.000613152244968,0.000613152244968,0.000123837821977,NHB,0.000,0.001,0.876162178023067,0.123837821976933
204,4,C,NHB,0.517349488000,-0.000138664000,-0.000268027712825,0.000268027712825,0.000211361066833,NHB,0.000,0.001,0.788638933166951,0.211361066833049
205,4,C,NHB,0.517349488000,-0.000204314000,-0.000394924523439,0.000394924523439,0.000058221973679,NHB,0.000,0.001,0.941778026321303,0.058221973678697
206,4,C,NHB,0.517349488000,-0.000374281000,-0.000723458723129,0.000723458723129,-0.000141926465579,NHB,-0.001,0.000,0.141926465579307,0.858073534420693
207,4,C,NHB,0.517349488000,-0.000307002000,-0.000593413170634,0.000593413170634,0.000327436837026,NHB,0.000,0.001,0.672563162974431,0.327436837025569
208,4,C,NHB,0.517349488000,-0.000282845000,-0.000546719396773,0.000546719396773,0.000240380898698,NHB,0.000,0.001,0.759619101302074,0.240380898697926
209,4,C,NHB,0.626409493000,-0.000441384000,-0.000704625336832,0.000704625336832,0.000095658277430,NHB,0.000,0.001,0.904341722570030,0.095658277429970
210,4,C,NHB,0.626409493000,-0.000413945000,-0.000660821722253,0.000660821722253,-0.000278321224890,NHB,-0.001,0.000,0.278321224889554,0.721678775110446
211,4,C,NHB,0.626409493000,-0.000289589000,-0.000462299826609,0.000462299826609,0.000324858956628,NHB,0.000,0.001,0.675141043372203,0.324858956627797
212,4,C,NHB,0.626409493000,-0.000224054000,-0.000357679764601,0.000357679764601,-0.000012098888289,NHB,-0.001,0.000,0.012098888288938,0.987901111711062
213,4,C,NHB,0.626409493000,-0.000397888000,-0.000635188330391,0.000635188330391,0.000252241981445,NHB,0.000,0.001,0.747758018554629,0.252241981445371
214,4,C,NHB,0.626409493000,-0.000030256000,-0.000048300672864,0.000048300672864,0.000100688590909,NHB,0.000,0.001,0.899311409090673,0.100688590909327
215,4,C,NHB,0.626409493000,-0.000374274000,-0.000597490945112,0.000597490945112,0.000308491009469,NHB,0.000,0.001,0.691508990530851,0.308491009469149
216,4,C,NHB,0.626409493000,-0.000043889000,-0.000070064391569,0.000070064391569,0.000028215761336,NHB,0.000,0.001,0.971784238663734,0.028215761336266
217,4,C,NHB,0.626409493000,-0.000219096000,-0.000349764814308,0.000349764814308,-0.000088507791161,NHB,-0.001,0.000,0.088507791161240,0.911492208838760
218,4,C,NHB,0.626409493000,-0.000516963000,-0.000825279638602,0.000825279638602,-0.000134137097923,NHB,-0.001,0.000,0.134137097922959,0.865862902077041
219,4,C,NHB,0.626409493000,-0.000483728000,-0.000772223290684,0.000772223290684,-0.000140991657922,NHB,-0.001,0.000,0.140991657922112,0.859008342077888
220,4,C,NHB,0.604526425000,-0.000048658000,-0.000080489450895,0.000080489450895,-0.000007134323396,NHB,-0.001,0.000,0.007134323395637,0.992865676604363
221,4,C,NHB,0.604526425000,-0.000356378000,-0.000589516000066,0.000589516000066,-0.000031672926866,NHB,-0.001,0.000,0.031672926866349,0.968327073133651
222,4,C,NHB,0.604526425000,-0.000296207000,-0.000489981889543,0.000489981889543,-0.000080355312927,NHB,-0.001,0.000,0.080355312926936,0.919644687073064
223,4,C,NHB,0.604526425000,-0.000370110000,-0.000612231301551,0.000612231301551,0.000250845206155,NHB,0.000,0.001,0.749154793844994,0.250845206155006
224,4,C,NHB,0.604526425000,-0.000166457000,-0.000275351073363,0.000275351073363,0.000051163801177,NHB,0.000,0.001,0.948836198823380,0.051163801176620
225,4,C,NHB,0.604526425000,-0.000392825000,-0.000649806168523,0.000649806168523,-0.000319856987987,NHB,-0.001,0.000,0.319856987986980,0.680143012013020
226,4,C,NHB,0.604526425000,-0.000385547000,-0.000637766992568,0.000637766992568,0.000228164567541,NHB,0.000,0.001,0.771835432458986,0.228164567541014
227,4,C,NHB,0.604526425000,-0.000370424000,-0.000612750716398,0.000612750716398,0.000043110945393,NHB,0.000,0.001,0.956889054607119,0.043110945392881
228,4,C,NHB,0.604526425000,-0.000134913000,-0.000223171385767,0.000223171385767,-0.000243667859395,NHB,-0.001,0.000,0.243667859394541,0.756332140605459
229,4,C,NHB,0.610796623000,-0.000505255000,-0.000827206603596,0.000827206603596,-0.000159063208987,NHB,-0.001,0.000,0.159063208987050,0.840936791012950
230,4,C,NHB,0.610796623000,-0.000387951000,-0.000635155770991,0.000635155770991,0.000327270809201,NHB,0.000,0.001,0.672729190798756,0.327270809201244
231,4,C,NHB,0.610796623000,-0.000055618000,-0.000091058132782,0.000091058132782,-0.000019118992809,NHB,-0.001,0.000,0.019118992808503,0.980881007191497
232,4,C,NHB,0.610796623000,-0.000112797000,-0.000184671944396,0.000184671944396,0.000085499856709,NHB,0.000,0.001,0.914500143291226,0.085499856708774
233,4,C,NHB,0.610796623000,-0.000096553000,-0.000158077167365,0.000158077167365,0.000094380123819,NHB,0.000,0.001,0.905619876181179,0.094380123818821
234,4,C,NHB,0.610796623000,-0.000283651000,-0.000464395167424,0.000464395167424,0.000087000746654,NHB,0.000,0.001,0.912999253346269,0.087000746653731
235,4,C,NHB,0.610796623000,-0.000231208000,-0.000378535164233,0.000378535164233,0.000168247779434,NHB,0.000,0.001,0.831752220565988,0.168247779434012
236,4,C,NHB,0.610796623000,-0.000401632000,-0.000657554388607,0.000657554388607,-0.000287602248502,NHB,-0.001,0.000,0.287602248501997,0.712397751498003
237,4,C,NHB,0.610796623000,-0.000334890000,-0.000548283974386,0.000548283974386,0.000333192913699,NHB,0.000,0.001,0.666807086300956,0.333192913699044
238,4,C,NHB,0.610796623000,-0.000316819000,-0.000518698021682,0.000518698021682,-0.000076140362933,NHB,-0.001,0.000,0.076140362932905,0.923859637067095
239,4,C,NHB,0.610796623000,-0.000449207000,-0.000735444472161,0.000735444472161,0.000038993631211,NHB,0.000,0.001,0.961006368789427,0.038993631210573
240,5,C,NHB,0.241185721000,-0.000097154000,-0.000402818208297,0.000402818208297,0.000322867459644,NHB,0.000,0.001,0.677132540356234,0.322867459643766
241,5,C,NHB,0.241185721000,-0.000075438000,-0.000312779710537,0.000312779710537,0.000074451022303,NHB,0.000,0.001,0.925548977697358,0.074451022302642
242,5,C,NHB,0.241185721000,-0.000029112000,-0.000120703663050,0.000120703663050,-0.000082890768265,NHB,-0.001,0.000,0.082890768265387,0.917109231734613
243,5,C,NHB,0.617017436000,-0.000300055000,-0.000486299061409,0.000486299061409,-0.000004338449774,NHB,-0.001,0.000,0.004338449774219,0.995661550225781
244,5,C,NHB,0.617017436000,-0.000350889000,-0.000568685712149,0.000568685712149,0.000006091372762,NHB,0.000,0.001,0.993908627238234,0.006091372761766
245,5,C,NHB,0.617017436000,-0.000201416000,-0.000326434859452,0.000326434859452,-0.000284407013215,NHB,-0.001,0.000,0.284407013214782,0.715592986785218
246,5,C,NHB,0.617017436000,-0.000267334000,-0.000433268145116,0.000433268145116,0.000344634840135,NHB,0.000,0.001,0.655365159864831,0.344634840135169
247,5,C,NHB,0.517349488000,-0.000050735000,-0.000098067169634,0.000098067169634,-0.000212161704461,NHB,-0.001,0.000,0.212161704461145,0.787838295538855
248,5,C,NHB,0.517349488000,-0.000171725000,-0.000331932289455,0.000331932289455,-0.000142165683159,NHB,-0.001,0.000,0.142165683158947,0.857834316841053
249,5,C,NHB,0.517349488000,-0.000000988000,-0.000001909734180,0.000001909734180,-0.000015506632450,NHB,-0.001,0.000,0.015506632449965,0.984493367550035
250,5,C,NHB,0.517349488000,-0.000134661000,-0.000260290196711,0.000260290196711,0.000116137838047,NHB,0.000,0.001,0.883862161952794,0.116137838047206
251,5,C,NHB,0.517349488000,-0.000264812000,-0.000511862882137,0.000511862882137,0.000281827947897,NHB,0.000,0.001,0.718172052103082,0.281827947896918
252,5,C,NHB,0.517349488000,-0.000320752000,-0.000619990948942,0.000619990948942,0.000286632876194,NHB,0.000,0.001,0.713367123806195,0.286632876193805
253,5,C,NHB,0.517349488000,-0.000256109000,-0.000495040598165,0.000495040598165,-0.000131038537088,NHB,-0.001,0.000,0.131038537087539,0.868961462912461
254,5,C,NHB,0.517349488000,-0.000092880000,-0.000179530476311,0.000179530476311,0.000064957869649,NHB,0.000,0.001,0.935042130351175,0.064957869648825
255,5,C,NHB,0.517349488000,-0.000156652000,-0.000302797245641,0.000302797245641,0.000201762316484,NHB,0.000,0.001,0.798237683515919,0.201762316484081
256,5,C,NHB,0.517349488000,-0.000232517000,-0.000449438929376,0.000449438929376,0.000110726600626,NHB,0.000,0.001,0.889273399374349,0.110726600625651
257,5,C,NHB,0.517349488000,-0.000037433000,-0.000072355343667,0.000072355343667,0.000151086036032,NHB,0.000,0.001,0.848913963968204,0.151086036031796
258,5,C,NHB,0.517349488000,-0.000014546000,-0.000028116390056,0.000028116390056,-0.000020463755583,NHB,-0.001,0.000,0.020463755582824,0.979536244417176
259,5,C,NHB,0.626409493000,-0.000434639000,-0.000693857620066,0.000693857620066,-0.000237690307566,NHB,-0.001,0.000,0.237690307565610,0.762309692434391
260,5,C,NHB,0.626409493000,-0.000381200000,-0.000608547610245,0.000608547610245,0.000114199653392,NHB,0.000,0.001,0.885800346608258,0.114199653391742
261,5,C,NHB,0.626409493000,-0.000245897000,-0.000392549925804,0.000392549925804,0.000161812324937,NHB,0.000,0.001,0.838187675062637,0.161812324937363
262,5,C,NHB,0.626409493000,-0.000258468000,-0.000412618267904,0.000412618267904,0.000227136284169,NHB,0.000,0.001,0.772863715831165,0.227136284168835
263,5,C,NHB,0.626409493000,-0.000144274000,-0.000230318987200,0.000230318987200,0.000038187064764,NHB,0.000,0.001,0.961812935236158,0.038187064763842
264,5,C,NHB,0.626409493000,-0.000043439000,-0.000069346011651,0.000069346011651,0.000128936792950,NHB,0.000,0.001,0.871063207050066,0.128936792949934
265,5,C,NHB,0.626409493000,-0.000418486000,-0.000668070973822,0.000668070973822,-0.000180931832169,NHB,-0.001,0.000,0.180931832168915,0.819068167831085
266,5,C,NHB,0.626409493000,-0.000500371000,-0.000798792172838,0.000798792172838,-0.000219069729748,NHB,-0.001,0.000,0.219069729748425,0.780930270251575
267,5,C,NHB,0.626409493000,-0.000130984000,-0.000209102833632,0.000209102833632,-0.000168265813998,NHB,-0.001,0.000,0.168265813997733,0.831734186002267
268,5,C,NHB,0.626409493000,-0.000151457000,-0.000241785927085,0.000241785927085,0.000059926794452,NHB,0.000,0.001,0.940073205547556,0.059926794452444
269,5,C,NHB,0.626409493000,-0.000390813000,-0.000623893801686,0.000623893801686,0.000280328194561,NHB,0.000,0.001,0.719671805438533,0.280328194561467
270,5,C,NHB,0.604526425000,-0.000195454000,-0.000323317545631,0.000323317545631,-0.000128119367830,NHB,-0.001,0.000,0.128119367829923,0.871880632170077
271,5,C,NHB,0.604526425000,-0.000344667000,-0.000570143811331,0.000570143811331,-0.000072094233518,NHB,-0.001,0.000,0.072094233518380,0.927905766481620
272,5,C,NHB,0.604526425000,-0.000011564000,-0.000019129023185,0.000019129023185,-0.000102014065579,NHB,-0.001,0.000,0.102014065578800,0.897985934421200
273,5,C,NHB,0.604526425000,-0.000210238000,-0.000347773052270,0.000347773052270,0.000135509943136,NHB,0.000,0.001,0.864490056864248,0.135509943135752
274,5,C,NHB,0.604526425000,-0.000314200000,-0.000519745683574,0.000519745683574,0.000071899352546,NHB,0.000,0.001,0.928100647453637,0.071899352546363
275,5,C,NHB,0.604526425000,-0.000378738000,-0.000626503630507,0.000626503630507,0.000065236364095,NHB,0.000,0.001,0.934763635905319,0.065236364094681
276,5,C,NHB,0.604526425000,-0.000339121000,-0.000560969687967,0.000560969687967,-0.000337747083032,NHB,-0.001,0.000,0.337747083032035,0.662252916967965
277,5,C,NHB,0.604526425000,-0.000031318000,-0.000051805841242,0.000051805841242,-0.000038486624429,NHB,-0.001,0.000,0.038486624429326,0.961513375570674
278,5,C,NHB,0.604526425000,-0.000332236000,-0.000549580607663,0.000549580607663,0.000255920957377,NHB,0.000,0.001,0.744079042623061,0.255920957376939
279,5,C,NHB,0.604526425000,-0.000277672000,-0.000459321525937,0.000459321525937,-0.000074192035832,NHB,-0.001,0.000,0.074192035831956,0.925807964168044
280,5,C,NHB,0.610796623000,-0.000096200000,-0.000157499233587,0.000157499233587,0.000219500232243,NHB,0.000,0.001,0.780499767757465,0.219500232242535
281,5,C,NHB,0.610796623000,-0.000434168000,-0.000710822528565,0.000710822528565,-0.000157192397268,NHB,-0.001,0.000,0.157192397268356,0.842807602731644
282,5,C,NHB,0.610796623000,-0.000329526000,-0.000539502000488,0.000539502000488,-0.000020422118323,NHB,-0.001,0.000,0.020422118323044,0.979577881676956
283,5,C,NHB,0.610796623000,-0.000029160000,-0.000047740931927,0.000047740931927,0.000016610781205,NHB,0.000,0.001,0.983389218794726,0.016610781205274
284,5,C,NHB,0.610796623000,-0.000221076000,-0.000361946991315,0.000361946991315,0.000178417295398,NHB,0.000,0.001,0.821582704601948,0.178417295398052
285,5,C,NHB,0.610796623000,-0.000252090000,-0.000412723303482,0.000412723303482,0.000172947245191,NHB,0.000,0.001,0.827052754808600,0.172947245191400
286,5,C,NHB,0.610796623000,-0.000336728000,-0.000551293159327,0.000551293159327,-0.000354919794959,NHB,-0.001,0.000,0.354919794958582,0.645080205041418
287,5,C,NHB,0.610796623000,-0.000114910000,-0.000188131361034,0.000188131361034,0.000073398873713,NHB,0.000,0.001,0.926601126287092,0.073398873712908
288,5,C,NHB,0.610796623000,-0.000279357000,-0.000457365004128,0.000457365004128,0.000063746791436,NHB,0.000,0.001,0.936253208563950,0.063746791436050
289,5,C,NHB,0.610796623000,-0.000435272000,-0.000712630004177,0.000712630004177,0.000009450173016,NHB,0.000,0.001,0.990549826983613,0.009450173016387
290,5,C,NHB,0.610796623000,-0.000165794000,-0.000271438959806,0.000271438959806,-0.000054793558296,NHB,-0.001,0.000,0.054793558296293,0.945206441703707
291,5,C,NHB,0.610796623000,-0.000280624000,-0.000459439344346,0.000459439344346,0.000227938869165,NHB,0.000,0.001,0.772061130834688,0.227938869165312
292,6,C,NHB,0.241185721000,-0.000004253000,-0.000017633713896,0.000017633713896,0.000002462838546,NHB,0.000,0.001,0.997537161453952,0.002462838546048
293,6,C,NHB,0.241185721000,-0.000106939000,-0.000443388603424,0.000443388603424,0.000169245195123,NHB,0.000,0.001,0.830754804876894,0.169245195123106
294,6,C,NHB,0.241185721000,-0.000153591000,-0.000636816306385,0.000636816306385,0.000239644773875,NHB,0.000,0.001,0.760355226124759,0.239644773875241
295,6,C,NHB,0.617017436000,-0.000066663000,-0.000108040706973,0.000108040706973,-0.000036871562081,NHB,-0.001,0.000,0.036871562081078,0.963128437918922
296,6,C,NHB,0.617017436000,-0.000364544000,-0.000590816367141,0.000590816367141,-0.000219348140449,NHB,-0.001,0.000,0.219348140448767,0.780651859551233
297,6,C,NHB,0.617017436000,-0.000255421000,-0.000413960749077,0.000413960749077,0.000116078336268,NHB,0.000,0.001,0.883921663731642,0.116078336268358
298,6,C,NHB,0.617017436000,-0.000262557000,-0.000425526062443,0.000425526062443,0.000015856401362,NHB,0.000,0.001,0.984143598638477,0.015856401361523
299,6,C,NHB,0.517349488000,-0.000141433000,-0.000273379994144,0.000273379994144,0.000164384884419,NHB,0.000,0.001,0.835615115581369,0.164384884418631
300,6,C,NHB,0.517349488000,-0.000276247000,-0.000533965929043,0.000533965929043,0.000270534813718,NHB,0.000,0.001,0.729465186282123,0.270534813717877
301,6,C,NHB,0.517349488000,-0.000159926000,-0.000309125656272,0.000309125656272,0.000113818312070,NHB,0.000,0.001,0.886181687930227,0.113818312069773
302,6,C,NHB,0.517349488000,-0.000310561000,-0.000600292466125,0.000600292466125,-0.000022310675111,NHB,-0.001,0.000,0.022310675110936,0.977689324889064
303,6,C,NHB,0.517349488000,-0.000335416000,-0.000648335424660,0.000648335424660,0.000278786027346,NHB,0.000,0.001,0.721213972654212,0.278786027345788
304,6,C,NHB,0.517349488000,-0.000251493000,-0.000486118196371,0.000486118196371,0.000331645581304,NHB,0.000,0.001,0.668354418695680,0.331645581304320
305,6,C,NHB,0.517349488000,-0.000358314000,-0.000692595640493,0.000692595640493,0.000027747208769,NHB,0.000,0.001,0.972252791230513,0.027747208769487
306,6,C,NHB,0.517349488000,-0.000340167000,-0.000657518771914,0.000657518771914,0.000094463210994,NHB,0.000,0.001,0.905536789005732,0.094463210994268
307,6,C,NHB,0.517349488000,-0.000097383000,-0.000188234457091,0.000188234457091,0.000073935068549,NHB,0.000,0.001,0.926064931451138,0.073935068548862
308,6,C,NHB,0.517349488000,-0.000002309000,-0.000004463133826,0.000004463133826,-0.000087647746185,NHB,-0.001,0.000,0.087647746185434,0.912352253814566
309,6,C,NHB,0.517349488000,-0.000076751000,-0.000148354259123,0.000148354259123,-0.000000424268345,NHB,-0.001,0.000,0.000424268345235,0.999575731654765
310,6,C,NHB,0.517349488000,0.000019014000,0.000036752718309,-0.000036752718309,-0.000057803003910,NHB,-0.001,0.000,0.057803003909725,0.942196996090275
311,6,C,NHB,0.626409493000,-0.000132538000,-0.000211583638947,0.000211583638947,-0.000003229028606,NHB,-0.001,0.000,0.003229028605507,0.996770971394493
312,6,C,NHB,0.626409493000,-0.000238570000,-0.000380853104345,0.000380853104345,0.000025815247418,NHB,0.000,0.001,0.974184752582008,0.025815247417992
313,6,C,NHB,0.626409493000,-0.000230166000,-0.000367436960282,0.000367436960282,0.000240124901691,NHB,0.000,0.001,0.759875098308941,0.240124901691059
314,6,C,NHB,0.626409493000,-0.000293672000,-0.000468817927062,0.000468817927062,0.000176842275641,NHB,0.000,0.001,0.823157724359306,0.176842275640694
315,6,C,NHB,0.626409493000,-0.000161667000,-0.000258085169217,0.000258085169217,0.000294344877071,NHB,0.000,0.001,0.705655122928805,0.294344877071195
316,6,C,NHB,0.626409493000,-0.000404849000,-0.000646300869518,0.000646300869518,0.000009496589036,NHB,0.000,0.001,0.990503410963651,0.009496589036349
317,6,C,NHB,0.626409493000,-0.000017762000,-0.000028355253550,0.000028355253550,0.000066217843412,NHB,0.000,0.001,0.933782156587788,0.066217843412212
318,6,C,NHB,0.626409493000,-0.000170506000,-0.000272195747200,0.000272195747200,-0.000053852748125,NHB,-0.001,0.000,0.053852748124505,0.946147251875495
319,6,C,NHB,0.626409493000,-0.000324271000,-0.000517666165062,0.000517666165062,-0.000355703919483,NHB,-0.001,0.000,0.355703919482993,0.644296080517007
320,6,C,NHB,0.626409493000,-0.000380861000,-0.000608006430707,0.000608006430707,-0.000288158108286,NHB,-0.001,0.000,0.288158108286310,0.711841891713690
321,6,C,NHB,0.626409493000,-0.000315075000,-0.000502985672345,0.000502985672345,-0.000267963087566,NHB,-0.001,0.000,0.267963087566000,0.732036912434000
322,6,C,NHB,0.604526425000,-0.000329376000,-0.000544849631677,0.000544849631677,0.000301757300694,NHB,0.000,0.001,0.698242699305798,0.301757300694202
323,6,C,NHB,0.604526425000,-0.000090317000,-0.000149401244123,0.000149401244123,0.000066357653495,NHB,0.000,0.001,0.933642346504978,0.066357653495022
324,6,C,NHB,0.604526425000,-0.000468668000,-0.000775264704103,0.000775264704103,-0.000232620604510,NHB,-0.001,0.000,0.232620604509602,0.767379395490398
325,6,C,NHB,0.604526425000,-0.000366781000,-0.000606724511670,0.000606724511670,-0.000056947898496,NHB,-0.001,0.000,0.056947898495973,0.943052101504027
326,6,C,NHB,0.604526425000,-0.000329610000,-0.000545236711530,0.000545236711530,-0.000034759638684,NHB,-0.001,0.000,0.034759638684390,0.965240361315610
327,6,C,NHB,0.604526425000,-0.000161672000,-0.000267435786616,0.000267435786616,0.000071807561208,NHB,0.000,0.001,0.928192438791916,0.071807561208084
328,6,C,NHB,0.604526425000,-0.000137531000,-0.000227502048401,0.000227502048401,-0.000239540452674,NHB,-0.001,0.000,0.239540452674488,0.760459547325512
329,6,C,NHB,0.604526425000,-0.000206712000,-0.000341940387469,0.000341940387469,0.000002783977824,NHB,0.000,0.001,0.997216022176042,0.002783977823958
330,6,C,NHB,0.604526425000,-0.000125631000,-0.000207817218246,0.000207817218246,-0.000026392149974,NHB,-0.001,0.000,0.026392149973819,0.973607850026181
331,6,C,NHB,0.604526425000,-0.000255026000,-0.000421860797896,0.000421860797896,-0.000039888891721,NHB,-0.001,0.000,0.039888891720554,0.960111108279446
332,6,C,NHB,0.610796623000,-0.000200873000,-0.000328870515055,0.000328870515055,0.000165003159145,NHB,0.000,0.001,0.834996840854814,0.165003159145186
333,6,C,NHB,0.610796623000,-0.000096683000,-0.000158290004167,0.000158290004167,0.000059881993458,NHB,0.000,0.001,0.940118006542151,0.059881993457849
334,6,C,NHB,0.610796623000,-0.000002268000,-0.000003713183594,0.000003713183594,0.000102123496336,NHB,0.000,0.001,0.897876503663534,0.102123496336466
335,6,C,NHB,0.610796623000,-0.000371052000,-0.000607488623918,0.000607488623918,0.000157819608618,NHB,0.000,0.001,0.842180391382323,0.157819608617677
336,6,C,NHB,0.610796623000,-0.000120666000,-0.000197555119751,0.000197555119751,0.000035721149628,NHB,0.000,0.001,0.964278850372322,0.035721149627678
337,6,C,NHB,0.610796623000,-0.000093925000,-0.000153774589549,0.000153774589549,0.000213865978628,NHB,0.000,0.001,0.786134021372146,0.213865978627854
338,6,C,NHB,0.610796623000,-0.000379213000,-0.000620849863474,0.000620849863474,0.000178708091453,NHB,0.000,0.001,0.821291908547208,0.178708091452792
339,6,C,NHB,0.610796623000,-0.000305465000,-0.000500109182824,0.000500109182824,-0.000166005605381,NHB,-0.001,0.000,0.166005605380971,0.833994394619029
340,6,C,NHB,0.610796623000,-0.000129134000,-0.000211418981601,0.000211418981601,0.000147618602824,NHB,0.000,0.001,0.852381397175863,0.147618602824137
341,6,C,NHB,0.610796623000,-0.000483082000,-0.000790904831181,0.000790904831181,-0.000258487364597,NHB,-0.001,0.000,0.258487364597023,0.741512635402977
342,6,C,NHB,0.610796623000,-0.000126171000,-0.000206567939718,0.000206567939718,-0.000155656607820,NHB,-0.001,0.000,0.155656607820352,0.844343392179648
343,6,C,NHB,0.610796623000,-0.000127465000,-0.000208686484503,0.000208686484503,-0.000268239977816,NHB,-0.001,0.000,0.268239977816262,0.731760022183738
344,7,C,NHB,0.241185721000,-0.000041350000,-0.000171444643690,0.000171444643690,0.000107363540106,NHB,0.000,0.001,0.892636459893925,0.107363540106075
345,7,C,NHB,0.241185721000,-0.000142051000,-0.000588969361084,0.000588969361084,0.000253697824646,NHB,0.000,0.001,0.746302175354452,0.253697824645548
346,7,C,NHB,0.241185721000,-0.000123517000,-0.000512124015833,0.000512124015833,0.000227040859145,NHB,0.000,0.001,0.772959140855060,0.227040859144940
347,7,C,NHB,0.617017436000,-0.000360059000,-0.000583547528793,0.000583547528793,0.000101636306761,NHB,0.000,0.001,0.898363693239458,0.101636306760542
348,7,C,NHB,0.617017436000,-0.000322914000,-0.000523346636836,0.000523346636836,0.000025254180099,NHB,0.000,0.001,0.974745819901303,0.025254180098697
349,7,C,NHB,0.617017436000,-0.000325780000,-0.000527991562300,0.000527991562300,-0.000300318027325,NHB,-0.001,0.000,0.300318027324685,0.699681972675315
350,7,C,NHB,0.517349488000,-0.000331266000,-0.000640313767934,0.000640313767934,0.000087024677183,NHB,0.000,0.001,0.912975322817432,0.087024677182568
351,7,C,NHB,0.517349488000,-0.000329491000,-0.000636882818371,0.000636882818371,0.000102145386549,NHB,0.000,0.001,0.897854613451370,0.102145386548630
352,7,C,NHB,0.517349488000,-0.000258443000,-0.000499552055225,0.000499552055225,0.000298303681562,NHB,0.000,0.001,0.701696318437681,0.298303681562319
353,7,C,NHB,0.517349488000,-0.000312623000,-0.000604278166407,0.000604278166407,0.000343378381006,NHB,0.000,0.001,0.656621618994002,0.343378381005998
354,7,C,NHB,0.517349488000,-0.000387815000,-0.000749618988702,0.000749618988702,-0.000040205668860,NHB,-0.001,0.000,0.040205668859726,0.959794331140274
355,7,C,NHB,0.517349488000,-0.000240337000,-0.000464554436749,0.000464554436749,0.000169664658041,NHB,0.000,0.001,0.830335341958811,0.169664658041189
356,7,C,NHB,0.517349488000,-0.000292739000,-0.000565843799579,0.000565843799579,0.000314934368680,NHB,0.000,0.001,0.685065631320331,0.314934368679669
357,7,C,NHB,0.517349488000,-0.000255402000,-0.000493674017128,0.000493674017128,0.000325980663572,NHB,0.000,0.001,0.674019336428413,0.325980663571587
358,7,C,NHB,0.517349488000,-0.000034191000,-0.000066088786774,0.000066088786774,0.000002201893679,NHB,0.000,0.001,0.997798106321259,0.002201893678741
359,7,C,NHB,0.517349488000,-0.000158705000,-0.000306765549558,0.000306765549558,0.000082191752994,NHB,0.000,0.001,0.917808247006438,0.082191752993562
360,7,C,NHB,0.517349488000,-0.000042814000,-0.000082756436400,0.000082756436400,0.000002912265341,NHB,0.000,0.001,0.997087734659010,0.002912265340990
361,7,C,NHB,0.517349488000,-0.000213423000,-0.000412531576720,0.000412531576720,0.000162740978924,NHB,0.000,0.001,0.837259021076182,0.162740978923818
362,7,C,NHB,0.626409493000,-0.000401980000,-0.000641720798443,0.000641720798443,0.000256126935929,NHB,0.000,0.001,0.743873064070914,0.256126935929086
363,7,C,NHB,0.626409493000,-0.000227551000,-0.000363262374761,0.000363262374761,-0.000116432898721,NHB,-0.001,0.000,0.116432898721353,0.883567101278647
364,7,C,NHB,0.626409493000,-0.000222193000,-0.000354708864541,0.000354708864541,0.000286087598507,NHB,0.000,0.001,0.713912401492823,0.286087598507177
365,7,C,NHB,0.626409493000,-0.000084170000,-0.000134368972598,0.000134368972598,-0.000082652102539,NHB,-0.001,0.000,0.082652102538901,0.917347897461099
366,7,C,NHB,0.626409493000,-0.000400747000,-0.000639752437468,0.000639752437468,-0.000244195865060,NHB,-0.001,0.000,0.244195865060082,0.755804134939918
367,7,C,NHB,0.626409493000,-0.000455176000,-0.000726642883108,0.000726642883108,-0.000228557816631,NHB,-0.001,0.000,0.228557816631347,0.771442183368653
368,7,C,NHB,0.626409493000,-0.000132375000,-0.000211323425777,0.000211323425777,0.000017641228486,NHB,0.000,0.001,0.982358771514097,0.017641228485903
369,7,C,NHB,0.626409493000,-0.000358223000,-0.000571867131650,0.000571867131650,-0.000331101390312,NHB,-0.001,0.000,0.331101390311525,0.668898609688475
370,7,C,NHB,0.626409493000,-0.000267923000,-0.000427712228173,0.000427712228173,-0.000067331521762,NHB,-0.001,0.000,0.067331521762132,0.932668478237868
371,7,C,NHB,0.604526425000,-0.000374149000,-0.000618912564492,0.000618912564492,-0.000040408813740,NHB,-0.001,0.000,0.040408813739749,0.959591186260251
372,7,C,NHB,0.604526425000,-0.000400676000,-0.000662793193862,0.000662793193862,0.000044052547729,NHB,0.000,0.001,0.955947452271230,0.044052547728770
373,7,C,NHB,0.604526425000,-0.000408630000,-0.000675950600505,0.000675950600505,0.000223627524373,NHB,0.000,0.001,0.776372475627035,0.223627524372965
374,7,C,NHB,0.604526425000,-0.000538986000,-0.000891583854254,0.000891583854254,-0.000235904814573,NHB,-0.001,0.000,0.235904814572864,0.764095185427137
375,7,C,NHB,0.604526425000,-0.000123654000,-0.000204546889741,0.000204546889741,0.000049220945996,NHB,0.000,0.001,0.950779054004077,0.049220945995923
376,7,C,NHB,0.604526425000,-0.000385499000,-0.000637687591572,0.000637687591572,0.000304643886673,NHB,0.000,0.001,0.695356113326999,0.304643886673001
377,7,C,NHB,0.604526425000,-0.000203697000,-0.000336953012434,0.000336953012434,0.000025577508537,NHB,0.000,0.001,0.974422491463187,0.025577508536813
378,7,C,NHB,0.604526425000,-0.000273570000,-0.000452536049189,0.000452536049189,-0.000017172035009,NHB,-0.001,0.000,0.017172035008547,0.982827964991453
379,7,C,NHB,0.604526425000,-0.000110934000,-0.000183505625912,0.000183505625912,-0.000222728730705,NHB,-0.001,0.000,0.222728730705147,0.777271269294853
380,7,C,NHB,0.604526425000,-0.000095052000,-0.000157233821499,0.000157233821499,0.000075304337771,NHB,0.000,0.001,0.924695662229179,0.075304337770821
381,7,C,NHB,0.610796623000,-0.000124829000,-0.000204370809038,0.000204370809038,0.000085211879072,NHB,0.000,0.001,0.914788120927629,0.085211879072371
382,7,C,NHB,0.610796623000,-0.000072316000,-0.000118396201414,0.000118396201414,0.000138695197650,NHB,0.000,0.001,0.861304802349920,0.138695197650080
383,7,C,NHB,0.610796623000,-0.000005842000,-0.000009564558447,0.000009564558447,0.000130960267619,NHB,0.000,0.001,0.869039732380538,0.130960267619462
384,7,C,NHB,0.610796623000,-0.000338315000,-0.000553891405519,0.000553891405519,0.000330267500948,NHB,0.000,0.001,0.669732499052391,0.330267500947609
385,7,C,NHB,0.610796623000,-0.000489143000,-0.000800827937780,0.000800827937780,0.000146965328061,NHB,0.000,0.001,0.853034671938996,0.146965328061004
386,7,C,NHB,0.610796623000,-0.000511375000,-0.000837226305359,0.000837226305359,-0.000226963890049,NHB,-0.001,0.000,0.226963890049009,0.773036109950991
387,7,C,NHB,0.610796623000,-0.000121549000,-0.000199000772799,0.000199000772799,0.000162058117246,NHB,0.000,0.001,0.837941882753851,0.162058117246149
388,7,C,NHB,0.610796623000,-0.000399994000,-0.000654872644900,0.000654872644900,-0.000166102466014,NHB,-0.001,0.000,0.166102466014488,0.833897533985512
389,7,C,NHB,0.610796623000,-0.000391588000,-0.000641110289832,0.000641110289832,0.000269907500791,NHB,0.000,0.001,0.730092499208547,0.269907500791453
390,7,C,NHB,0.610796623000,-0.000217680000,-0.000356387039160,0.000356387039160,-0.000222235037085,NHB,-0.001,0.000,0.222235037084829,0.777764962915171
391,7,C,NHB,0.610796623000,-0.000207599000,-0.000339882363757,0.000339882363757,-0.000075182595713,NHB,-0.001,0.000,0.075182595712927,0.924817404287073
392,8,C,NHB,0.241185721000,-0.000053859000,-0.000223309239770,0.000223309239770,0.000122820266643,NHB,0.000,0.001,0.877179733356892,0.122820266643108
393,8,C,NHB,0.241185721000,-0.000138323000,-0.000573512392966,0.000573512392966,0.000245797578624,NHB,0.000,0.001,0.754202421376431,0.245797578623569
394,8,C,NHB,0.241185721000,-0.000140926000,-0.000584304905845,0.000584304905845,0.000272049958607,NHB,0.000,0.001,0.727950041392640,0.272049958607360
395,8,C,NHB,0.617017436000,-0.000347593000,-0.000563343885796,0.000563343885796,-0.000144127606993,NHB,-0.001,0.000,0.144127606992791,0.855872393007209
396,8,C,NHB,0.617017436000,-0.000330260000,-0.000535252297149,0.000535252297149,0.000025342426524,NHB,0.000,0.001,0.974657573476444,0.025342426523556
397,8,C,NHB,0.617017436000,-0.000300366000,-0.000486803099029,0.000486803099029,0.000004916447703,NHB,0.000,0.001,0.995083552296884,0.004916447703116
398,8,C,NHB,0.517349488000,-0.000276914000,-0.000535255192907,0.000535255192907,0.000328356264375,NHB,0.000,0.001,0.671643735624856,0.328356264375144
399,8,C,NHB,0.517349488000,-0.000308850000,-0.000596985224039,0.000596985224039,0.000311640616336,NHB,0.000,0.001,0.688359383664011,0.311640616335989
400,8,C,NHB,0.517349488000,-0.000263394000,-0.000509121988345,0.000509121988345,0.000201663127376,NHB,0.000,0.001,0.798336872624347,0.201663127375653
401,8,C,NHB,0.517349488000,-0.000390460000,-0.000754731586784,0.000754731586784,-0.000007575354561,NHB,-0.001,0.000,0.007575354560557,0.992424645439443
402,8,C,NHB,0.517349488000,-0.000304456000,-0.000588491932556,0.000588491932556,0.000338481288693,NHB,0.000,0.001,0.661518711307263,0.338481288692737
403,8,C,NHB,0.517349488000,-0.000238180000,-0.000460385108180,0.000460385108180,0.000323682122291,NHB,0.000,0.001,0.676317877709310,0.323682122290690
404,8,C,NHB,0.517349488000,-0.000330425000,-0.000638688174366,0.000638688174366,0.000120249859243,NHB,0.000,0.001,0.879750140756774,0.120249859243226
405,8,C,NHB,0.517349488000,-0.000329551000,-0.000636998794130,0.000636998794130,0.000122040407141,NHB,0.000,0.001,0.877959592859064,0.122040407140936
406,8,C,NHB,0.517349488000,-0.000232752000,-0.000449893167769,0.000449893167769,0.000164263069970,NHB,0.000,0.001,0.835736930030468,0.164263069969532
407,8,C,NHB,0.517349488000,-0.000067270000,-0.000130028156131,0.000130028156131,0.000050906415886,NHB,0.000,0.001,0.949093584114346,0.050906415885654
408,8,C,NHB,0.517349488000,-0.000183938000,-0.000355539155380,0.000355539155380,0.000089546269491,NHB,0.000,0.001,0.910453730508914,0.089546269491086
409,8,C,NHB,0.517349488000,-0.000053695000,-0.000103788640456,0.000103788640456,0.000005422747819,NHB,0.000,0.001,0.994577252180581,0.005422747819419
410,8,C,NHB,0.626409493000,-0.000272096000,-0.000434374004610,0.000434374004610,0.000102438415290,NHB,0.000,0.001,0.897561584709509,0.102438415290491
411,8,C,NHB,0.626409493000,-0.000328903000,-0.000525060689015,0.000525060689015,0.000189880265840,NHB,0.000,0.001,0.810119734160080,0.189880265839920
412,8,C,NHB,0.626409493000,-0.000188099000,-0.000300281209180,0.000300281209180,0.000299743130545,NHB,0.000,0.001,0.700256869455079,0.299743130544921
413,8,C,NHB,0.626409493000,-0.000411789000,-0.000657379884248,0.000657379884248,0.000029259343472,NHB,0.000,0.001,0.970740656527505,0.029259343472495
414,8,C,NHB,0.626409493000,-0.000214104000,-0.000341795586422,0.000341795586422,0.000282591046890,NHB,0.000,0.001,0.717408953110129,0.282591046889871
415,8,C,NHB,0.626409493000,-0.000294200000,-0.000469660826165,0.000469660826165,-0.000054403412660,NHB,-0.001,0.000,0.054403412660490,0.945596587339510
416,8,C,NHB,0.626409493000,-0.000356072000,-0.000568433275643,0.000568433275643,-0.000263461723375,NHB,-0.001,0.000,0.263461723374701,0.736538276625299
417,8,C,NHB,0.626409493000,-0.000116519000,-0.000186010910278,0.000186010910278,0.000005958672559,NHB,0.000,0.001,0.994041327440726,0.005958672559274
418,8,C,NHB,0.626409493000,-0.000462607000,-0.000738505730149,0.000738505730149,-0.000209800569873,NHB,-0.001,0.000,0.209800569873082,0.790199430126918
419,8,C,NHB,0.626409493000,-0.000393314000,-0.000627886397628,0.000627886397628,-0.000244995446320,NHB,-0.001,0.000,0.244995446320042,0.755004553679958
420,8,C,NHB,0.604526425000,-0.000358258000,-0.000592625872393,0.000592625872393,0.000322493215920,NHB,0.000,0.001,0.677506784080041,0.322493215919959
421,8,C,NHB,0.604526425000,-0.000141987000,-0.000234873107491,0.000234873107491,0.000068240479543,NHB,0.000,0.001,0.931759520457499,0.068240479542501
422,8,C,NHB,0.604526425000,-0.000497296000,-0.000822620781217,0.000822620781217,-0.000200986406547,NHB,-0.001,0.000,0.200986406546824,0.799013593453176
423,8,C,NHB,0.604526425000,-0.000387162000,-0.000640438505232,0.000640438505232,0.000195804270626,NHB,0.000,0.001,0.804195729373543,0.195804270626457
424,8,C,NHB,0.604526425000,-0.000404053000,-0.000668379384739,0.000668379384739,0.000056062849018,NHB,0.000,0.001,0.943937150981622,0.056062849018378
425,8,C,NHB,0.604526425000,-0.000363420000,-0.000601164787792,0.000601164787792,-0.000027528214663,NHB,-0.001,0.000,0.027528214663314,0.972471785336686
426,8,C,NHB,0.604526425000,-0.000101449000,-0.000167815658348,0.000167815658348,0.000038182222074,NHB,0.000,0.001,0.961817777926458,0.038182222073542
427,8,C,NHB,0.604526425000,-0.000142369000,-0.000235505007081,0.000235505007081,-0.000115982551327,NHB,-0.001,0.000,0.115982551327001,0.884017448672999
428,8,C,NHB,0.604526425000,-0.000293196000,-0.000485001131257,0.000485001131257,-0.000004024491389,NHB,-0.001,0.000,0.004024491388809,0.995975508611191
429,8,C,NHB,0.604526425000,-0.000183365000,-0.000303320074056,0.000303320074056,-0.000024902517985,NHB,-0.001,0.000,0.024902517985323,0.975097482014677
430,8,C,NHB,0.604526425000,-0.000275830000,-0.000456274512731,0.000456274512731,-0.000003289562369,NHB,-0.001,0.000,0.003289562368972,0.996710437631028
431,8,C,NHB,0.610796623000,-0.000067200000,-0.000110020254647,0.000110020254647,0.000139885620934,NHB,0.000,0.001,0.860114379065771,0.139885620934229
432,8,C,NHB,0.610796623000,-0.000134026000,-0.000219428194186,0.000219428194186,0.000130621909678,NHB,0.000,0.001,0.869378090322358,0.130621909677642
433,8,C,NHB,0.610796623000,-0.000003119000,-0.000005106446045,0.000005106446045,0.000122472411826,NHB,0.000,0.001,0.877527588173798,0.122472411826202
434,8,C,NHB,0.610796623000,-0.000418437000,-0.000685067638300,0.000685067638300,0.000156393985390,NHB,0.000,0.001,0.843606014609992,0.156393985390008
435,8,C,NHB,0.610796623000,-0.000327167000,-0.000535639831132,0.000535639831132,0.000328777438624,NHB,0.000,0.001,0.671222561375628,0.328777438624372
436,8,C,NHB,0.610796623000,-0.000074512000,-0.000121991506165,0.000121991506165,0.000214315720086,NHB,0.000,0.001,0.785684279913774,0.214315720086226
437,8,C,NHB,0.610796623000,-0.000411089000,-0.000673037447360,0.000673037447360,0.000272752669660,NHB,0.000,0.001,0.727247330340164,0.272752669659836
438,8,C,NHB,0.610796623000,-0.000412472000,-0.000675301703494,0.000675301703494,-0.000105629645305,NHB,-0.001,0.000,0.105629645304557,0.894370354695443
439,8,C,NHB,0.610796623000,-0.000098179000,-0.000160739264598,0.000160739264598,0.000145337870085,NHB,0.000,0.001,0.854662129914918,0.145337870085082
440,8,C,NHB,0.610796623000,-0.000512199000,-0.000838575363243,0.000838575363243,-0.000205179965574,NHB,-0.001,0.000,0.205179965574402,0.794820034425598
441,8,C,NHB,0.610796623000,-0.000225916000,-0.000369871069179,0.000369871069179,-0.000032367485909,NHB,-0.001,0.000,0.032367485909139,0.967632514090861
442,8,C,NHB,0.610796623000,-0.000235693000,-0.000385878033907,0.000385878033907,-0.000207219298410,NHB,-0.001,0.000,0.207219298410287,0.792780701589713
443,9,C,NHB,0.241185721000,-0.000050846000,-0.000210816792094,0.000210816792094,0.000117703762498,NHB,0.000,0.001,0.882296237501796,0.117703762498204
444,9,C,NHB,0.241185721000,-0.000142361000,-0.000590254677639,0.000590254677639,0.000279252122263,NHB,0.000,0.001,0.720747877736580,0.279252122263420
445,9,C,NHB,0.241185721000,-0.000135428000,-0.000561509194817,0.000561509194817,0.000239118753148,NHB,0.000,0.001,0.760881246852309,0.239118753147691
446,9,C,NHB,0.617017436000,-0.000298066000,-0.000483075489620,0.000483075489620,0.000004165073091,NHB,0.000,0.001,0.995834926909171,0.004165073090829
447,9,C,NHB,0.617017436000,-0.000328110000,-0.000531767792701,0.000531767792701,0.000022862048920,NHB,0.000,0.001,0.977137951080006,0.022862048919994
448,9,C,NHB,0.617017436000,-0.000335134000,-0.000543151587697,0.000543151587697,-0.000168408803161,NHB,-0.001,0.000,0.168408803161446,0.831591196838554
449,9,C,NHB,0.517349488000,-0.000329462000,-0.000636826763420,0.000636826763420,0.000124634621494,NHB,0.000,0.001,0.875365378506195,0.124634621493805
450,9,C,NHB,0.517349488000,-0.000334478000,-0.000646522336947,0.000646522336947,0.000128182386459,NHB,0.000,0.001,0.871817613541277,0.128182386458723
451,9,C,NHB,0.517349488000,-0.000239687000,-0.000463298032683,0.000463298032683,0.000329813924879,NHB,0.000,0.001,0.670186075120754,0.329813924879246
452,9,C,NHB,0.517349488000,-0.000313998000,-0.000606935944237,0.000606935944237,0.000352104718301,NHB,0.000,0.001,0.647895281698590,0.352104718301410
453,9,C,NHB,0.517349488000,-0.000386029000,-0.000746166776916,0.000746166776916,-0.000018738013098,NHB,-0.001,0.000,0.018738013097524,0.981261986902476
454,9,C,NHB,0.517349488000,-0.000260558000,-0.000503640200761,0.000503640200761,0.000196251731231,NHB,0.000,0.001,0.803748268768815,0.196251731231185
455,9,C,NHB,0.517349488000,-0.000304223000,-0.000588041560022,0.000588041560022,0.000304375293505,NHB,0.000,0.001,0.695624706495347,0.304375293504653
456,9,C,NHB,0.517349488000,-0.000271572000,-0.000524929484418,0.000524929484418,0.000328345662565,NHB,0.000,0.001,0.671654337435220,0.328345662564780
457,9,C,NHB,0.517349488000,-0.000049331000,-0.000095353336853,0.000095353336853,-0.000001336673084,NHB,-0.001,0.000,0.001336673083753,0.998663326916247
458,9,C,NHB,0.517349488000,-0.000175563000,-0.000339350872229,0.000339350872229,0.000079378990555,NHB,0.000,0.001,0.920621009444747,0.079378990555253
459,9,C,NHB,0.517349488000,-0.000060907000,-0.000117728926795,0.000117728926795,0.000044182482303,NHB,0.000,0.001,0.955817517696906,0.044182482303094
460,9,C,NHB,0.517349488000,-0.000233900000,-0.000452112170642,0.000452112170642,0.000173129065160,NHB,0.000,0.001,0.826870934840345,0.173129065159655
461,9,C,NHB,0.626409493000,-0.000317333000,-0.000506590343132,0.000506590343132,0.000179544621918,NHB,0.000,0.001,0.820455378082226,0.179544621917774
462,9,C,NHB,0.626409493000,-0.000251239000,-0.000401077893626,0.000401077893626,0.000074768319684,NHB,0.000,0.001,0.925231680316483,0.074768319683517
463,9,C,NHB,0.626409493000,-0.000216343000,-0.000345369925612,0.000345369925612,0.000285383748355,NHB,0.000,0.001,0.714616251645039,0.285383748354961
464,9,C,NHB,0.626409493000,-0.000394215000,-0.000629324753864,0.000629324753864,-0.000002697850985,NHB,-0.001,0.000,0.002697850984909,0.997302149015091
465,9,C,NHB,0.626409493000,-0.000179838000,-0.000287093350292,0.000287093350292,0.000281502889323,NHB,0.000,0.001,0.718497110676676,0.281502889323324
466,9,C,NHB,0.626409493000,-0.000394807000,-0.000630269822555,0.000630269822555,-0.000245222681778,NHB,-0.001,0.000,0.245222681778265,0.754777318221735
467,9,C,NHB,0.626409493000,-0.000460284000,-0.000734797293374,0.000734797293374,-0.000212203925667,NHB,-0.001,0.000,0.212203925667253,0.787796074332747
468,9,C,NHB,0.626409493000,-0.000120993000,-0.000193153203060,0.000193153203060,0.000037831435175,NHB,0.000,0.001,0.962168564824577,0.037831435175423
469,9,C,NHB,0.626409493000,-0.000354527000,-0.000565966837926,0.000565966837926,-0.000271794467025,NHB,-0.001,0.000,0.271794467024662,0.728205532975338
470,9,C,NHB,0.626409493000,-0.000303162000,-0.000483967761325,0.000483967761325,-0.000028186091663,NHB,-0.001,0.000,0.028186091662621,0.971813908337379
471,9,C,NHB,0.604526425000,-0.000362954000,-0.000600393936460,0.000600393936460,-0.000026911932315,NHB,-0.001,0.000,0.026911932314559,0.973088067685441
472,9,C,NHB,0.604526425000,-0.000404657000,-0.000669378513933,0.000669378513933,0.000059874335618,NHB,0.000,0.001,0.940125664382482,0.059874335617518
473,9,C,NHB,0.604526425000,-0.000404516000,-0.000669145273509,0.000669145273509,0.000222372673896,NHB,0.000,0.001,0.777627326104310,0.222372673895690
474,9,C,NHB,0.604526425000,-0.000493392000,-0.000816162833577,0.000816162833577,-0.000217061882629,NHB,-0.001,0.000,0.217061882629261,0.782938117370739
475,9,C,NHB,0.604526425000,-0.000137135000,-0.000226846990187,0.000226846990187,0.000070793214132,NHB,0.000,0.001,0.929206785868376,0.070793214131624
476,9,C,NHB,0.604526425000,-0.000355039000,-0.000587301043126,0.000587301043126,0.000314654014219,NHB,0.000,0.001,0.685345985780944,0.314654014219056
477,9,C,NHB,0.604526425000,-0.000183710000,-0.000303890768712,0.000303890768712,-0.000029789996023,NHB,-0.001,0.000,0.029789996023235,0.970210003976765
478,9,C,NHB,0.604526425000,-0.000283693000,-0.000469281388320,0.000469281388320,-0.000020934717203,NHB,-0.001,0.000,0.020934717203245,0.979065282796755
479,9,C,NHB,0.604526425000,-0.000132451000,-0.000219098776369,0.000219098776369,-0.000129414775841,NHB,-0.001,0.000,0.129414775840553,0.870585224159447
480,9,C,NHB,0.604526425000,-0.000106345000,-0.000175914559897,0.000175914559897,0.000082692670506,NHB,0.000,0.001,0.917307329493682,0.082692670506318
481,9,C,NHB,0.604526425000,-0.000252631000,-0.000417899019054,0.000417899019054,-0.000049338243680,NHB,-0.001,0.000,0.049338243679892,0.950661756320108
482,9,C,NHB,0.610796623000,-0.000125943000,-0.000206194656711,0.000206194656711,0.000117417646757,NHB,0.000,0.001,0.882582353243397,0.117417646756603
483,9,C,NHB,0.610796623000,-0.000075079000,-0.000122919802063,0.000122919802063,0.000125643412595,NHB,0.000,0.001,0.874356587405371,0.125643412594629
484,9,C,NHB,0.610796623000,-0.000002512000,-0.000004112661900,0.000004112661900,0.000092530944766,NHB,0.000,0.001,0.907469055234150,0.092530944765850
485,9,C,NHB,0.610796623000,-0.000074251000,-0.000121564195354,0.000121564195354,0.000214509687968,NHB,0.000,0.001,0.785490312031516,0.214509687968484
486,9,C,NHB,0.610796623000,-0.000334906000,-0.000548310169685,0.000548310169685,0.000335875870869,NHB,0.000,0.001,0.664124129131100,0.335875870868900
487,9,C,NHB,0.610796623000,-0.000408341000,-0.000668538404804,0.000668538404804,0.000140043461639,NHB,0.000,0.001,0.859956538360540,0.140043461639460
488,9,C,NHB,0.610796623000,-0.000514685000,-0.000842645457783,0.000842645457783,-0.000202548238182,NHB,-0.001,0.000,0.202548238182369,0.797451761817631
489,9,C,NHB,0.610796623000,-0.000100186000,-0.000164025137382,0.000164025137382,0.000160975888070,NHB,0.000,0.001,0.839024111930278,0.160975888069722
490,9,C,NHB,0.610796623000,-0.000412115000,-0.000674717220891,0.000674717220891,-0.000108930743540,NHB,-0.001,0.000,0.108930743540179,0.891069256459821
491,9,C,NHB,0.610796623000,-0.000407371000,-0.000666950314819,0.000666950314819,0.000272223645395,NHB,0.000,0.001,0.727776354605457,0.272223645394543
492,9,C,NHB,0.610796623000,-0.000230987000,-0.000378173341669,0.000378173341669,-0.000211384278585,NHB,-0.001,0.000,0.211384278585228,0.788615721414772
493,9,C,NHB,0.610796623000,-0.000227350000,-0.000372218822827,0.000372218822827,-0.000023801257910,NHB,-0.001,0.000,0.023801257910129,0.976198742089871
494,10,C,NHB,0.241185721000,-0.000048523000,-0.000201185210297,0.000201185210297,0.000123982649911,NHB,0.000,0.001,0.876017350089281,0.123982649910719
495,10,C,NHB,0.241185721000,-0.000134254000,-0.000556641576638,0.000556641576638,0.000237843670224,NHB,0.000,0.001,0.762156329776277,0.237843670223723
496,10,C,NHB,0.241185721000,-0.000145331000,-0.000602568839471,0.000602568839471,0.000280909893949,NHB,0.000,0.001,0.719090106050622,0.280909893949378
497,10,C,NHB,0.617017436000,-0.000365176000,-0.000591840649378,0.000591840649378,-0.000132425088560,NHB,-0.001,0.000,0.132425088559863,0.867574911440137
498,10,C,NHB,0.617017436000,-0.000328023000,-0.000531626791824,0.000531626791824,0.000025322171053,NHB,0.000,0.001,0.974677828947264,0.025322171052736
499,10,C,NHB,0.617017436000,-0.000321660000,-0.000521314279359,0.000521314279359,0.000060905390472,NHB,0.000,0.001,0.939094609528479,0.060905390471521
500,10,C,NHB,0.517349488000,-0.000276684000,-0.000534810619161,0.000534810619161,0.000333855080634,NHB,0.000,0.001,0.666144919365623,0.333855080634377
501,10,C,NHB,0.517349488000,-0.000303252000,-0.000586164685641,0.000586164685641,0.000305810075491,NHB,0.000,0.001,0.694189924508633,0.305810075491367
502,10,C,NHB,0.517349488000,-0.000268474000,-0.000518941269349,0.000518941269349,0.000198838299498,NHB,0.000,0.001,0.801161700501727,0.198838299498273
503,10,C,NHB,0.517349488000,-0.000384336000,-0.000742894327558,0.000742894327558,-0.000024829288995,NHB,-0.001,0.000,0.024829288995183,0.975170711004817
504,10,C,NHB,0.517349488000,-0.000317092000,-0.000612916427589,0.000612916427589,0.000345144772921,NHB,0.000,0.001,0.654855227078891,0.345144772921109
505,10,C,NHB,0.517349488000,-0.000264090000,-0.000510467307160,0.000510467307160,0.000338384456355,NHB,0.000,0.001,0.661615543645315,0.338384456354685
506,10,C,NHB,0.517349488000,-0.000328258000,-0.000634499516505,0.000634499516505,0.000116653807354,NHB,0.000,0.001,0.883346192645534,0.116653807354466
507,10,C,NHB,0.517349488000,-0.000336169000,-0.000649790920446,0.000649790920446,0.000142568859519,NHB,0.000,0.001,0.857431140481112,0.142568859518888
508,10,C,NHB,0.517349488000,-0.000240631000,-0.000465122717972,0.000465122717972,0.000187555832191,NHB,0.000,0.001,0.812444167809050,0.187555832190950
509,10,C,NHB,0.517349488000,-0.000056513000,-0.000109235635312,0.000109235635312,0.000052113400299,NHB,0.000,0.001,0.947886599701358,0.052113400298642
510,10,C,NHB,0.517349488000,-0.000173087000,-0.000334564939204,0.000334564939204,0.000084587289849,NHB,0.000,0.001,0.915412710150710,0.084587289849290
511,10,C,NHB,0.517349488000,-0.000047867000,-0.000092523528312,0.000092523528312,0.000007924633476,NHB,0.000,0.001,0.992075366523814,0.007924633476186
512,10,C,NHB,0.626409493000,-0.000313128000,-0.000499877481901,0.000499877481901,0.000161290137501,NHB,0.000,0.001,0.838709862499178,0.161290137500822
513,10,C,NHB,0.626409493000,-0.000390955000,-0.000624120490460,0.000624120490460,0.000280439583841,NHB,0.000,0.001,0.719560416159337,0.280439583840663
514,10,C,NHB,0.626409493000,-0.000210635000,-0.000336257675456,0.000336257675456,0.000313544507414,NHB,0.000,0.001,0.686455492585995,0.313544507414005
515,10,C,NHB,0.626409493000,-0.000438683000,-0.000700313460926,0.000700313460926,0.000055212180342,NHB,0.000,0.001,0.944787819657610,0.055212180342390
516,10,C,NHB,0.626409493000,-0.000222180000,-0.000354688111344,0.000354688111344,0.000284701158902,NHB,0.000,0.001,0.715298841097588,0.284701158902412
517,10,C,NHB,0.626409493000,-0.000307506000,-0.000490902522130,0.000490902522130,-0.000019510792703,NHB,-0.001,0.000,0.019510792702975,0.980489207297025
518,10,C,NHB,0.626409493000,-0.000357861000,-0.000571289234916,0.000571289234916,-0.000280278008157,NHB,-0.001,0.000,0.280278008156596,0.719721991843404
519,10,C,NHB,0.626409493000,-0.000129929000,-0.000207418631825,0.000207418631825,0.000025274602151,NHB,0.000,0.001,0.974725397849390,0.025274602150610
520,10,C,NHB,0.626409493000,-0.000465928000,-0.000743807373941,0.000743807373941,-0.000228165215489,NHB,-0.001,0.000,0.228165215489190,0.771834784510810
521,10,C,NHB,0.626409493000,-0.000408084000,-0.000651465222926,0.000651465222926,-0.000242652282357,NHB,-0.001,0.000,0.242652282357205,0.757347717642795
522,10,C,NHB,0.604526425000,-0.000387333000,-0.000640721371278,0.000640721371278,0.000321086568791,NHB,0.000,0.001,0.678913431209000,0.321086568791000
523,10,C,NHB,0.604526425000,-0.000138656000,-0.000229363009235,0.000229363009235,0.000081344356433,NHB,0.000,0.001,0.918655643567421,0.081344356432579
524,10,C,NHB,0.604526425000,-0.000506186000,-0.000837326507274,0.000837326507274,-0.000214229499344,NHB,-0.001,0.000,0.214229499344230,0.785770500655770
525,10,C,NHB,0.604526425000,-0.000411034000,-0.000679927267034,0.000679927267034,0.000218065526546,NHB,0.000,0.001,0.781934473453825,0.218065526546175
526,10,C,NHB,0.604526425000,-0.000404727000,-0.000669494307052,0.000669494307052,0.000048401658631,NHB,0.000,0.001,0.951598341368772,0.048401658631228
527,10,C,NHB,0.604526425000,-0.000364319000,-0.000602651902272,0.000602651902272,0.000011200634269,NHB,0.000,0.001,0.988799365731202,0.011200634268798
528,10,C,NHB,0.604526425000,-0.000107160000,-0.000177262722634,0.000177262722634,0.000103423123383,NHB,0.000,0.001,0.896576876617420,0.103423123382580
529,10,C,NHB,0.604526425000,-0.000142017000,-0.000234922733113,0.000234922733113,-0.000114378039501,NHB,-0.001,0.000,0.114378039501016,0.885621960498984
530,10,C,NHB,0.604526425000,-0.000280917000,-0.000464689364075,0.000464689364075,-0.000017879551174,NHB,-0.001,0.000,0.017879551174017,0.982120448825983
531,10,C,NHB,0.604526425000,-0.000212777000,-0.000351973034099,0.000351973034099,0.000004025902318,NHB,0.000,0.001,0.995974097681730,0.004025902318270
532,10,C,NHB,0.604526425000,-0.000286268000,-0.000473540920895,0.000473540920895,0.000040543093056,NHB,0.000,0.001,0.959456906944429,0.040543093055571
533,10,C,NHB,0.610796623000,-0.000075701000,-0.000123938144301,0.000123938144301,0.000146577441336,NHB,0.000,0.001,0.853422558663531,0.146577441336469
534,10,C,NHB,0.610796623000,-0.000162659000,-0.000266306318462,0.000266306318462,0.000172693346202,NHB,0.000,0.001,0.827306653798477,0.172693346201523
535,10,C,NHB,0.610796623000,-0.000001869000,-0.000003059938332,0.000003059938332,0.000202487188406,NHB,0.000,0.001,0.797512811594002,0.202487188405998
536,10,C,NHB,0.610796623000,-0.000433752000,-0.000710141450798,0.000710141450798,0.000160044214489,NHB,0.000,0.001,0.839955785510943,0.160044214489057
537,10,C,NHB,0.610796623000,-0.000333216000,-0.000545543291257,0.000545543291257,0.000330486717077,NHB,0.000,0.001,0.669513282923486,0.330486717076514
538,10,C,NHB,0.610796623000,-0.000074773000,-0.000122418816975,0.000122418816975,0.000243473240756,NHB,0.000,0.001,0.756526759244329,0.243473240755671
539,10,C,NHB,0.610796623000,-0.000419046000,-0.000686064696857,0.000686064696857,0.000274175481302,NHB,0.000,0.001,0.725824518698340,0.274175481301660
540,10,C,NHB,0.610796623000,-0.000418289000,-0.000684825331786,0.000684825331786,-0.000114994479191,NHB,-0.001,0.000,0.114994479190969,0.885005520809031
541,10,C,NHB,0.610796623000,-0.000109890000,-0.000179912586059,0.000179912586059,0.000148594072039,NHB,0.000,0.001,0.851405927960504,0.148594072039496
542,10,C,NHB,0.610796623000,-0.000519317000,-0.000850228996764,0.000850228996764,-0.000214656899000,NHB,-0.001,0.000,0.214656898999534,0.785343101000466
543,10,C,NHB,0.610796623000,-0.000228956000,-0.000374848175937,0.000374848175937,-0.000021856881518,NHB,-0.001,0.000,0.021856881518007,0.978143118481993
544,10,C,NHB,0.610796623000,-0.000231607000,-0.000379188409495,0.000379188409495,-0.000221226116522,NHB,-0.001,0.000,0.221226116522138,0.778773883477862
545,11,C,NHB,0.241185721000,-0.000014164000,-0.000058726528010,0.000058726528010,0.000023455273164,NHB,0.000,0.001,0.976544726835979,0.023455273164021
546,11,C,NHB,0.241185721000,-0.000137749000,-0.000571132484249,0.000571132484249,0.000275052568061,NHB,0.000,0.001,0.724947431938938,0.275052568061062
547,11,C,NHB,0.241185721000,-0.000112581000,-0.000466781364723,0.000466781364723,0.000220891572474,NHB,0.000,0.001,0.779108427525883,0.220891572474117
548,11,C,NHB,0.617017436000,-0.000277984000,-0.000450528597380,0.000450528597380,-0.000005907375612,NHB,-0.001,0.000,0.005907375611701,0.994092624388299
549,11,C,NHB,0.617017436000,-0.000207293000,-0.000335959711842,0.000335959711842,0.000142448723377,NHB,0.000,0.001,0.857551276623157,0.142448723376843
550,11,C,NHB,0.617017436000,-0.000299783000,-0.000485858231079,0.000485858231079,-0.000176023517161,NHB,-0.001,0.000,0.176023517161335,0.823976482838665
551,11,C,NHB,0.617017436000,-0.000087701000,-0.000142136988168,0.000142136988168,0.000146731478800,NHB,0.000,0.001,0.853268521199760,0.146731478800240
552,11,C,NHB,0.517349488000,-0.000306213000,-0.000591888089392,0.000591888089392,0.000115887398572,NHB,0.000,0.001,0.884112601428043,0.115887398571957
553,11,C,NHB,0.517349488000,-0.000315742000,-0.000610306972992,0.000610306972992,0.000113277544369,NHB,0.000,0.001,0.886722455631290,0.113277544368710
554,11,C,NHB,0.517349488000,-0.000227692000,-0.000440112545352,0.000440112545352,0.000327002904848,NHB,0.000,0.001,0.672997095152046,0.327002904847954
555,11,C,NHB,0.517349488000,-0.000293920000,-0.000568126589119,0.000568126589119,0.000357080823571,NHB,0.000,0.001,0.642919176429235,0.357080823570765
556,11,C,NHB,0.517349488000,-0.000352880000,-0.000682092102505,0.000682092102505,-0.000039666462805,NHB,-0.001,0.000,0.039666462805340,0.960333537194661
557,11,C,NHB,0.517349488000,-0.000170043000,-0.000328681102319,0.000328681102319,0.000204000530196,NHB,0.000,0.001,0.795999469804325,0.204000530195675
558,11,C,NHB,0.517349488000,-0.000284922000,-0.000550734090994,0.000550734090994,0.000305740216669,NHB,0.000,0.001,0.694259783331449,0.305740216668551
559,11,C,NHB,0.517349488000,-0.000178463000,-0.000344956367290,0.000344956367290,0.000293200813225,NHB,0.000,0.001,0.706799186775274,0.293200813224726
560,11,C,NHB,0.517349488000,0.000006554000,0.000012668418839,-0.000012668418839,-0.000071516281326,NHB,-0.001,0.000,0.071516281325646,0.928483718674354
561,11,C,NHB,0.517349488000,-0.000099050000,-0.000191456650287,0.000191456650287,0.000003350572067,NHB,0.000,0.001,0.996649427932683,0.003350572067317
562,11,C,NHB,0.517349488000,0.000005134000,0.000009923659188,-0.000009923659188,-0.000035908961702,NHB,-0.001,0.000,0.035908961701934,0.964091038298066
563,11,C,NHB,0.517349488000,-0.000142642000,-0.000275716905706,0.000275716905706,0.000133161057709,NHB,0.000,0.001,0.866838942290789,0.133161057709211
564,11,C,NHB,0.626409493000,-0.000290098000,-0.000463112394116,0.000463112394116,0.000168413155623,NHB,0.000,0.001,0.831586844376653,0.168413155623347
565,11,C,NHB,0.626409493000,-0.000130564000,-0.000208432345708,0.000208432345708,0.000177282805616,NHB,0.000,0.001,0.822717194383975,0.177282805616025
566,11,C,NHB,0.626409493000,-0.000236851000,-0.000378108893059,0.000378108893059,0.000075659983121,NHB,0.000,0.001,0.924340016878667,0.075659983121333
567,11,C,NHB,0.626409493000,-0.000122294000,-0.000195230119222,0.000195230119222,0.000069133492542,NHB,0.000,0.001,0.930866507458360,0.069133492541640
568,11,C,NHB,0.626409493000,-0.000073466000,-0.000117281108957,0.000117281108957,0.000307369338117,NHB,0.000,0.001,0.692630661882874,0.307369338117126
569,11,C,NHB,0.626409493000,-0.000371512000,-0.000593081688818,0.000593081688818,0.000015210016124,NHB,0.000,0.001,0.984789983876407,0.015210016123593
570,11,C,NHB,0.626409493000,-0.000164946000,-0.000263319764217,0.000263319764217,0.000292644199593,NHB,0.000,0.001,0.707355800406757,0.292644199593243
571,11,C,NHB,0.626409493000,-0.000335685000,-0.000535887472574,0.000535887472574,-0.000275676132232,NHB,-0.001,0.000,0.275676132232104,0.724323867767896
572,11,C,NHB,0.626409493000,-0.000392154000,-0.000626034573841,0.000626034573841,-0.000265378103456,NHB,-0.001,0.000,0.265378103456435,0.734621896543565
573,11,C,NHB,0.626409493000,-0.000096075000,-0.000153374112419,0.000153374112419,0.000065104803032,NHB,0.000,0.001,0.934895196967979,0.065104803032021
574,11,C,NHB,0.626409493000,-0.000284899000,-0.000454812711467,0.000454812711467,-0.000324541995318,NHB,-0.001,0.000,0.324541995318266,0.675458004681734
575,11,C,NHB,0.626409493000,-0.000231413000,-0.000369427670854,0.000369427670854,0.000015109394501,NHB,0.000,0.001,0.984890605498610,0.015109394501390
576,11,C,NHB,0.604526425000,-0.000330394000,-0.000546533594458,0.000546533594458,-0.000036715330537,NHB,-0.001,0.000,0.036715330536799,0.963284669463201
577,11,C,NHB,0.604526425000,-0.000338133000,-0.000559335350808,0.000559335350808,0.000032824760123,NHB,0.000,0.001,0.967175239876576,0.032824760123424
578,11,C,NHB,0.604526425000,-0.000328534000,-0.000543456805879,0.000543456805879,0.000237958013246,NHB,0.000,0.001,0.762041986753755,0.237958013246245
579,11,C,NHB,0.604526425000,-0.000442732000,-0.000732361699491,0.000732361699491,-0.000236038727413,NHB,-0.001,0.000,0.236038727412985,0.763961272587015
580,11,C,NHB,0.604526425000,-0.000102715000,-0.000169909859606,0.000169909859606,0.000226493389775,NHB,0.000,0.001,0.773506610224936,0.226493389775064
581,11,C,NHB,0.604526425000,-0.000343016000,-0.000567412747921,0.000567412747921,0.000325882695398,NHB,0.000,0.001,0.674117304602261,0.325882695397739
582,11,C,NHB,0.604526425000,-0.000149068000,-0.000246586408526,0.000246586408526,-0.000061439455061,NHB,-0.001,0.000,0.061439455061172,0.938560544938828
583,11,C,NHB,0.604526425000,-0.000209816000,-0.000347074985184,0.000347074985184,0.000009083358785,NHB,0.000,0.001,0.990916641215276,0.009083358784724
584,11,C,NHB,0.604526425000,-0.000076740000,-0.000126942341685,0.000126942341685,-0.000173019310673,NHB,-0.001,0.000,0.173019310673248,0.826980689326752
585,11,C,NHB,0.604526425000,-0.000213358000,-0.000352934116983,0.000352934116983,0.000182612101183,NHB,0.000,0.001,0.817387898817315,0.182612101182685
586,11,C,NHB,0.604526425000,-0.000000809000,-0.000001338237613,0.000001338237613,0.000210526883194,NHB,0.000,0.001,0.789473116806186,0.210526883193814
587,11,C,NHB,0.604526425000,-0.000249882000,-0.000413351657870,0.000413351657870,-0.000012598046694,NHB,-0.001,0.000,0.012598046694035,0.987401953305965
588,11,C,NHB,0.610796623000,-0.000095061000,-0.000155634455759,0.000155634455759,0.000080940451321,NHB,0.000,0.001,0.919059548678665,0.080940451321335
589,11,C,NHB,0.610796623000,-0.000205186000,-0.000335931785268,0.000335931785268,0.000205330760405,NHB,0.000,0.001,0.794669239595437,0.205330760404563
590,11,C,NHB,0.610796623000,-0.000002502000,-0.000004096289838,0.000004096289838,0.000112572427816,NHB,0.000,0.001,0.887427572184045,0.112572427815955
591,11,C,NHB,0.610796623000,-0.000065723000,-0.000107602101133,0.000107602101133,0.000216436262203,NHB,0.000,0.001,0.783563737796903,0.216436262203097
592,11,C,NHB,0.610796623000,-0.000248471000,-0.000406798254351,0.000406798254351,0.000325125500095,NHB,0.000,0.001,0.674874499905077,0.325125500094923
593,11,C,NHB,0.610796623000,-0.000388585000,-0.000636193759703,0.000636193759703,0.000140727591143,NHB,0.000,0.001,0.859272408856868,0.140727591143132
594,11,C,NHB,0.610796623000,-0.000000209000,-0.000000342176090,0.000000342176090,0.000259208805229,NHB,0.000,0.001,0.740791194771179,0.259208805228821
595,11,C,NHB,0.610796623000,-0.000465537000,-0.000762180048923,0.000762180048923,-0.000230786464258,NHB,-0.001,0.000,0.230786464257974,0.769213535742026
596,11,C,NHB,0.610796623000,-0.000093369000,-0.000152864302919,0.000152864302919,0.000165766634295,NHB,0.000,0.001,0.834233365705101,0.165766634294899
597,11,C,NHB,0.610796623000,-0.000360638000,-0.000590438758860,0.000590438758860,-0.000143191456975,NHB,-0.001,0.000,0.143191456975390,0.856808543024610
598,11,C,NHB,0.610796623000,-0.000346676000,-0.000567580086310,0.000567580086310,0.000294883092493,NHB,0.000,0.001,0.705116907507489,0.294883092492511
599,11,C,NHB,0.610796623000,-0.000153077000,-0.000250618608938,0.000250618608938,-0.000273890834151,NHB,-0.001,0.000,0.273890834151293,0.726109165848707
600,11,C,NHB,0.610796623000,-0.000143828000,-0.000235476089068,0.000235476089068,-0.000099139871819,NHB,-0.001,0.000,0.099139871819068,0.900860128180932
601,12,C,NHB,0.241185721000,-0.000044711000,-0.000185379962854,0.000185379962854,0.000062609030322,NHB,0.000,0.001,0.937390969678053,0.062609030321947
602,12,C,NHB,0.241185721000,-0.000145029000,-0.000601316692376,0.000601316692376,0.000151986396287,NHB,0.000,0.001,0.848013603712837,0.151986396287163
603,12,C,NHB,0.241185721000,-0.000105046000,-0.000435539880074,0.000435539880074,0.000232304278509,NHB,0.000,0.001,0.767695721491305,0.232304278508695
604,12,C,NHB,0.241185721000,-0.000141517000,-0.000586755299664,0.000586755299664,0.000198167661211,NHB,0.000,0.001,0.801832338789217,0.198167661210783
605,12,C,NHB,0.241185721000,-0.000088978000,-0.000368919020708,0.000368919020708,0.000049239211169,NHB,0.000,0.001,0.950760788830740,0.049239211169260
606,12,C,NHB,0.617017436000,-0.000190504000,-0.000308749783855,0.000308749783855,0.000109790335406,NHB,0.000,0.001,0.890209664593611,0.109790335406389
607,12,C,NHB,0.617017436000,-0.000326713000,-0.000529503675160,0.000529503675160,-0.000385073925619,NHB,-0.001,0.000,0.385073925619358,0.614926074380642
608,12,C,NHB,0.617017436000,-0.000259975000,-0.000421341415707,0.000421341415707,-0.000294039983747,NHB,-0.001,0.000,0.294039983746655,0.705960016253345
609,12,C,NHB,0.617017436000,-0.000504654000,-0.000817892608143,0.000817892608143,0.000069190169865,NHB,0.000,0.001,0.930809830134546,0.069190169865454
610,12,C,NHB,0.617017436000,-0.000122671000,-0.000198812858183,0.000198812858183,-0.000171710841570,NHB,-0.001,0.000,0.171710841570106,0.828289158429894
611,12,C,NHB,0.517349488000,-0.000338351000,-0.000654008572248,0.000654008572248,0.000326474551884,NHB,0.000,0.001,0.673525448115509,0.326474551884491
612,12,C,NHB,0.517349488000,-0.000245076000,-0.000473714588851,0.000473714588851,0.000208232877126,NHB,0.000,0.001,0.791767122873847,0.208232877126153
613,12,C,NHB,0.517349488000,-0.000396221000,-0.000765867192663,0.000765867192663,0.000210774147375,NHB,0.000,0.001,0.789225852624681,0.210774147375319
614,12,C,NHB,0.517349488000,-0.000405938000,-0.000784649466977,0.000784649466977,-0.000133922836013,NHB,-0.001,0.000,0.133922836013061,0.866077163986939
615,12,C,NHB,0.517349488000,-0.000283859000,-0.000548679387115,0.000548679387115,0.000280956176529,NHB,0.000,0.001,0.719043823471002,0.280956176528998
616,12,C,NHB,0.517349488000,-0.000164561000,-0.000318084783724,0.000318084783724,0.000152698664233,NHB,0.000,0.001,0.847301335766841,0.152698664233159
617,12,C,NHB,0.517349488000,-0.000289353000,-0.000559298900862,0.000559298900862,-0.000022650822042,NHB,-0.001,0.000,0.022650822041712,0.977349177958288
618,12,C,NHB,0.517349488000,-0.000200098000,-0.000386775293378,0.000386775293378,-0.000204312448480,NHB,-0.001,0.000,0.204312448479554,0.795687551520446
619,12,C,NHB,0.517349488000,-0.000062469000,-0.000120748162410,0.000120748162410,0.000170577034074,NHB,0.000,0.001,0.829422965925836,0.170577034074164
620,12,C,NHB,0.517349488000,-0.000271186000,-0.000524183373697,0.000524183373697,0.000070035502963,NHB,0.000,0.001,0.929964497037400,0.070035502962600
621,12,C,NHB,0.517349488000,-0.000366036000,-0.000707521720791,0.000707521720791,0.000292447966310,NHB,0.000,0.001,0.707552033689579,0.292447966310421
622,12,C,NHB,0.517349488000,-0.000151689000,-0.000293204117368,0.000293204117368,0.000104351102338,NHB,0.000,0.001,0.895648897661524,0.104351102338476
623,12,C,NHB,0.517349488000,-0.000186725000,-0.000360926229427,0.000360926229427,0.000184403262997,NHB,0.000,0.001,0.815596737003166,0.184403262996834
624,12,C,NHB,0.517349488000,-0.000378185000,-0.000731004879239,0.000731004879239,-0.000040522945052,NHB,-0.001,0.000,0.040522945052233,0.959477054947767
625,12,C,NHB,0.517349488000,-0.000271682000,-0.000525142106645,0.000525142106645,0.000182765821684,NHB,0.000,0.001,0.817234178316125,0.182765821683875
626,12,C,NHB,0.517349488000,-0.000121334000,-0.000234530047510,0.000234530047510,0.000019176681561,NHB,0.000,0.001,0.980823318438905,0.019176681561095
627,12,C,NHB,0.517349488000,-0.000048469000,-0.000093687151769,0.000093687151769,-0.000052561848086,NHB,-0.001,0.000,0.052561848086387,0.947438151913613
628,12,C,NHB,0.517349488000,-0.000101719000,-0.000196615638672,0.000196615638672,0.000091705526435,NHB,0.000,0.001,0.908294473565072,0.091705526434928
629,12,C,NHB,0.517349488000,-0.000080707000,-0.000156000927559,0.000156000927559,-0.000117163122096,NHB,-0.001,0.000,0.117163122095830,0.882836877904170
630,12,C,NHB,0.517349488000,-0.000172837000,-0.000334081706871,0.000334081706871,0.000172342979354,NHB,0.000,0.001,0.827657020645728,0.172342979354272
631,12,C,NHB,0.626409493000,-0.000305859000,-0.000488273251632,0.000488273251632,-0.000302702736476,NHB,-0.001,0.000,0.302702736476409,0.697297263523591
632,12,C,NHB,0.626409493000,-0.000088953000,-0.000142004552923,0.000142004552923,-0.000069978783194,NHB,-0.001,0.000,0.069978783194412,0.930021216805588
633,12,C,NHB,0.626409493000,-0.000518470000,-0.000827685413126,0.000827685413126,-0.000476494897435,NHB,-0.001,0.000,0.476494897435168,0.523505102564832
634,12,C,NHB,0.626409493000,-0.000113976000,-0.000181951265544,0.000181951265544,0.000072228896425,NHB,0.000,0.001,0.927771103574901,0.072228896425099
635,12,C,NHB,0.626409493000,-0.000108317000,-0.000172917238979,0.000172917238979,0.000043033262676,NHB,0.000,0.001,0.956966737323651,0.043033262676349
636,12,C,NHB,0.626409493000,-0.000214392000,-0.000342255349569,0.000342255349569,-0.000286036911365,NHB,-0.001,0.000,0.286036911364714,0.713963088635286
637,12,C,NHB,0.626409493000,-0.000061315000,-0.000097883254780,0.000097883254780,-0.000062106494324,NHB,-0.001,0.000,0.062106494323750,0.937893505676250
638,12,C,NHB,0.626409493000,-0.000367445000,-0.000586589130762,0.000586589130762,0.000309572686968,NHB,0.000,0.001,0.690427313032289,0.309572686967711
639,12,C,NHB,0.626409493000,-0.000058899000,-0.000094026352822,0.000094026352822,-0.000024646806862,NHB,-0.001,0.000,0.024646806862289,0.975353193137711
640,12,C,NHB,0.626409493000,-0.000429051000,-0.000684936937889,0.000684936937889,0.000297180233644,NHB,0.000,0.001,0.702819766355867,0.297180233644133
641,12,C,NHB,0.626409493000,-0.000404116000,-0.000645130708452,0.000645130708452,0.000023467975890,NHB,0.000,0.001,0.976532024110009,0.023467975889991
642,12,C,NHB,0.626409493000,-0.000539789000,-0.000861719060825,0.000861719060825,-0.000309737341268,NHB,-0.001,0.000,0.309737341268379,0.690262658731621
643,12,C,NHB,0.626409493000,-0.000456639000,-0.000728978416041,0.000728978416041,0.000213256989680,NHB,0.000,0.001,0.786743010319627,0.213256989680373
644,12,C,NHB,0.626409493000,-0.000225495000,-0.000359980176737,0.000359980176737,0.000048143673087,NHB,0.000,0.001,0.951856326912665,0.048143673087335
645,12,C,NHB,0.626409493000,-0.000643782000,-0.001027733466996,0.001027733466996,-0.000232268137975,NHB,-0.001,0.000,0.232268137974800,0.767731862025199
646,12,C,NHB,0.626409493000,-0.000455631000,-0.000727369245025,0.000727369245025,-0.000424323893369,NHB,-0.001,0.000,0.424323893369462,0.575676106630538
647,12,C,NHB,0.604526425000,-0.000285026000,-0.000471486420135,0.000471486420135,0.000265348211937,NHB,0.000,0.001,0.734651788062538,0.265348211937462
648,12,C,NHB,0.604526425000,-0.000245806000,-0.000406609189995,0.000406609189995,0.000106551630592,NHB,0.000,0.001,0.893448369407767,0.106551630592233
649,12,C,NHB,0.604526425000,-0.000558413000,-0.000923719753028,0.000923719753028,-0.000411966500962,NHB,-0.001,0.000,0.411966500961799,0.588033499038201
650,12,C,NHB,0.604526425000,-0.000537763000,-0.000889560783054,0.000889560783054,0.000235747897094,NHB,0.000,0.001,0.764252102906368,0.235747897093632
651,12,C,NHB,0.604526425000,-0.000138184000,-0.000228582232778,0.000228582232778,0.000054883942819,NHB,0.000,0.001,0.945116057180685,0.054883942819315
652,12,C,NHB,0.604526425000,-0.000539924000,-0.000893135482043,0.000893135482043,0.000043423779764,NHB,0.000,0.001,0.956576220235797,0.043423779764203
653,12,C,NHB,0.604526425000,-0.000220064000,-0.000364027097740,0.000364027097740,-0.000316202309582,NHB,-0.001,0.000,0.316202309582268,0.683797690417732
654,12,C,NHB,0.604526425000,-0.000232434000,-0.000384489395976,0.000384489395976,0.000029998183149,NHB,0.000,0.001,0.970001816850754,0.029998183149246
655,12,C,NHB,0.604526425000,-0.000168384000,-0.000278538692498,0.000278538692498,0.000163386856908,NHB,0.000,0.001,0.836613143091975,0.163386856908025
656,12,C,NHB,0.604526425000,-0.000193551000,-0.000320169626994,0.000320169626994,-0.000195569460371,NHB,-0.001,0.000,0.195569460371226,0.804430539628774
657,12,C,NHB,0.604526425000,-0.000003118000,-0.000005157756338,0.000005157756338,0.000047007589007,NHB,0.000,0.001,0.952992410992781,0.047007589007219
658,12,C,NHB,0.604526425000,-0.000459491000,-0.000760084226260,0.000760084226260,-0.000284251200890,NHB,-0.001,0.000,0.284251200890057,0.715748799109943
659,12,C,NHB,0.604526425000,-0.000366455000,-0.000606185246575,0.000606185246575,0.000041775021689,NHB,0.000,0.001,0.958224978311401,0.041775021688599
660,12,C,NHB,0.604526425000,-0.000124050000,-0.000205201947955,0.000205201947955,-0.000177079538723,NHB,-0.001,0.000,0.177079538723494,0.822920461276506
661,12,C,NHB,0.604526425000,-0.000089482000,-0.000148019997637,0.000148019997637,-0.000070886883403,NHB,-0.001,0.000,0.070886883402886,0.929113116597114
662,12,C,NHB,0.604526425000,-0.000106554000,-0.000176260285065,0.000176260285065,-0.000132846683756,NHB,-0.001,0.000,0.132846683755590,0.867153316244410
663,12,C,NHB,0.604526425000,-0.000187274000,-0.000309786292634,0.000309786292634,-0.000309281430613,NHB,-0.001,0.000,0.309281430613078,0.690718569386922
664,12,C,NHB,0.604526425000,-0.000175866000,-0.000290915322684,0.000290915322684,0.000128807363334,NHB,0.000,0.001,0.871192636666160,0.128807363333840
665,12,C,NHB,0.610796623000,-0.000532761000,-0.000872239596518,0.000872239596518,-0.000320617790345,NHB,-0.001,0.000,0.320617790345466,0.679382209654534
666,12,C,NHB,0.610796623000,-0.000131223000,-0.000214839105291,0.000214839105291,0.000220747896526,NHB,0.000,0.001,0.779252103473903,0.220747896526097
667,12,C,NHB,0.610796623000,-0.000040254000,-0.000065904097181,0.000065904097181,0.000033639096904,NHB,0.000,0.001,0.966360903096064,0.033639096903936
668,12,C,NHB,0.610796623000,-0.000238902000,-0.000391131828507,0.000391131828507,-0.000351548501950,NHB,-0.001,0.000,0.351548501950361,0.648451498049639
669,12,C,NHB,0.610796623000,-0.000203661000,-0.000333435045858,0.000333435045858,0.000157027157276,NHB,0.000,0.001,0.842972842724379,0.157027157275621
670,12,C,NHB,0.610796623000,-0.000244851000,-0.000400871568015,0.000400871568015,-0.000138298009238,NHB,-0.001,0.000,0.138298009237541,0.861701990762459
671,12,C,NHB,0.610796623000,-0.000379462000,-0.000621257527811,0.000621257527811,0.000301455510467,NHB,0.000,0.001,0.698544489533125,0.301455510466875
672,12,C,NHB,0.610796623000,-0.000075267000,-0.000123227596823,0.000123227596823,-0.000022114455127,NHB,-0.001,0.000,0.022114455126843,0.977885544873157
673,12,C,NHB,0.610796623000,-0.000039003000,-0.000063855952262,0.000063855952262,-0.000027604498531,NHB,-0.001,0.000,0.027604498530702,0.972395501469298
674,12,C,NHB,0.610796623000,-0.000080540000,-0.000131860584959,0.000131860584959,0.000032693489093,NHB,0.000,0.001,0.967306510906802,0.032693489093198
675,12,C,NHB,0.610796623000,-0.000509990000,-0.000834958774813,0.000834958774813,0.000294555068074,NHB,0.000,0.001,0.705444931925760,0.294555068074240
676,12,C,NHB,0.610796623000,-0.000596274000,-0.000976223472015,0.000976223472015,-0.000109804652741,NHB,-0.001,0.000,0.109804652741081,0.890195347258919
677,12,C,NHB,0.610796623000,-0.000362912000,-0.000594161765691,0.000594161765691,0.000315735719688,NHB,0.000,0.001,0.684264280312106,0.315735719687894
678,12,C,NHB,0.610796623000,-0.000577151000,-0.000944915178419,0.000944915178419,-0.000378147520401,NHB,-0.001,0.000,0.378147520401005,0.621852479598995
679,12,C,NHB,0.610796623000,-0.000368009000,-0.000602506605542,0.000602506605542,0.000188297657143,NHB,0.000,0.001,0.811702342857015,0.188297657142985
680,12,C,NHB,0.610796623000,-0.000329590000,-0.000539606781683,0.000539606781683,0.000039690370217,NHB,0.000,0.001,0.960309629783501,0.039690370216499
681,12,C,NHB,0.610796623000,-0.000289900000,-0.000474626068782,0.000474626068782,0.000131461086812,NHB,0.000,0.001,0.868538913188001,0.131461086811999
682,12,C,NHB,0.610796623000,-0.000368812000,-0.000603821282096,0.000603821282096,-0.000228449822621,NHB,-0.001,0.000,0.228449822621067,0.771550177378933
683,13,H,NHB,0.070423299000,0.000087501000,0.001242500724086,-0.001242500724086,-0.000190568286881,NHB,-0.001,0.000,0.190568286881194,0.809431713118806
684,13,H,NHB,0.070423299000,0.000126803000,0.001800583071236,-0.001800583071236,-0.000241511220566,NHB,-0.001,0.000,0.241511220566158,0.758488779433842
685,13,H,NHB,0.180161591000,0.000331851000,0.001841963085239,-0.001841963085239,-0.000389528093419,NHB,-0.001,0.000,0.389528093418890,0.610471906581110
686,13,H,NHB,0.180161591000,0.000325364000,0.001805956520444,-0.001805956520444,-0.000106674214963,NHB,-0.001,0.000,0.106674214963078,0.893325785036922
687,13,H,NHB,0.151059761000,0.000277838000,0.001839258834787,-0.001839258834787,-0.000351926895923,NHB,-0.001,0.000,0.351926895922843,0.648073104077157
688,13,H,NHB,0.151059761000,0.000268445000,0.001777078145913,-0.001777078145913,-0.000250478256206,NHB,-0.001,0.000,0.250478256206467,0.749521743793533
689,13,H,NHB,0.151059761000,0.000230114000,0.001523330888892,-0.001523330888892,-0.000197282730570,NHB,-0.001,0.000,0.197282730570452,0.802717269429548
690,13,H,NHB,0.151059761000,0.000221695000,0.001467597979319,-0.001467597979319,-0.000102709527255,NHB,-0.001,0.000,0.102709527255463,0.897290472744537
691,13,H,NHB,0.151059761000,0.000260515000,0.001724582365783,-0.001724582365783,-0.000300435286014,NHB,-0.001,0.000,0.300435286014115,0.699564713985885
692,13,H,NHB,0.151059761000,0.000255111000,0.001688808444494,-0.001688808444494,-0.000215067666027,NHB,-0.001,0.000,0.215067666027138,0.784932333972862
693,13,H,NHB,0.151059761000,0.000064401000,0.000426327961687,-0.000426327961687,-0.000142644168288,NHB,-0.001,0.000,0.142644168288310,0.857355831711690
694,13,H,NHB,0.151059761000,0.000058565000,0.000387694245061,-0.000387694245061,-0.000048158246820,NHB,-0.001,0.000,0.048158246820178,0.951841753179822
695,13,H,NHB,0.151059761000,0.000002831000,0.000018740927308,-0.000018740927308,-0.000128019098321,NHB,-0.001,0.000,0.128019098321488,0.871980901678512
696,13,H,NHB,0.182903957000,0.000229507000,0.001254795160063,-0.001254795160063,-0.000280873595294,NHB,-0.001,0.000,0.280873595293719,0.719126404706281
697,13,H,NHB,0.182903957000,0.000196132000,0.001072322344563,-0.001072322344563,0.000033056353621,NHB,0.000,0.001,0.966943646379182,0.033056353620818
698,13,H,NHB,0.182903957000,0.000000917000,0.000005013560204,-0.000005013560204,-0.000135323738003,NHB,-0.001,0.000,0.135323738002822,0.864676261997178
699,13,H,NHB,0.182903957000,0.000295893000,0.001617750675564,-0.001617750675564,-0.000322312201090,NHB,-0.001,0.000,0.322312201090337,0.677687798909663
700,13,H,NHB,0.182903957000,0.000268558000,0.001468300655737,-0.001468300655737,-0.000015721320012,NHB,-0.001,0.000,0.015721320011872,0.984278679988128
701,13,H,NHB,0.182903957000,0.000082019000,0.000448426602383,-0.000448426602383,-0.000183730831312,NHB,-0.001,0.000,0.183730831312446,0.816269168687554
702,13,H,NHB,0.182903957000,0.000054436000,0.000297620679688,-0.000297620679688,0.000032898175341,NHB,0.000,0.001,0.967101824659408,0.032898175340592
703,13,H,NHB,0.182903957000,0.000333244000,0.001821961675766,-0.001821961675766,-0.000433049487614,NHB,-0.001,0.000,0.433049487613694,0.566950512386306
704,13,H,NHB,0.182903957000,0.000334824000,0.001830600089204,-0.001830600089204,-0.000326183289413,NHB,-0.001,0.000,0.326183289413409,0.673816710586591
705,13,H,NHB,0.176514367000,0.000324585000,0.001838858816518,-0.001838858816518,-0.000414107772598,NHB,-0.001,0.000,0.414107772597528,0.585892227402472
706,13,H,NHB,0.176514367000,0.000320168000,0.001813835357662,-0.001813835357662,-0.000207902738626,NHB,-0.001,0.000,0.207902738625778,0.792097261374222
707,13,H,NHB,0.176514367000,0.000075633000,0.000428480702650,-0.000428480702650,-0.000115673763205,NHB,-0.001,0.000,0.115673763205135,0.884326236794865
708,13,H,NHB,0.176514367000,0.000063340000,0.000358837646343,-0.000358837646343,0.000035215926383,NHB,0.000,0.001,0.964784073616650,0.035215926383350
709,13,H,NHB,0.176514367000,0.000324800000,0.001840076847682,-0.001840076847682,-0.000378191821980,NHB,-0.001,0.000,0.378191821979567,0.621808178020433
710,13,H,NHB,0.176514367000,0.000316901000,0.001795326949222,-0.001795326949222,-0.000191404527722,NHB,-0.001,0.000,0.191404527722456,0.808595472277544
711,13,H,NHB,0.176514367000,0.000197621000,0.001119574589642,-0.001119574589642,-0.000265457757505,NHB,-0.001,0.000,0.265457757505398,0.734542242494602
712,13,H,NHB,0.176514367000,0.000156921000,0.000888998457559,-0.000888998457559,0.000084402730691,NHB,0.000,0.001,0.915597269309398,0.084402730690602
713,13,H,NHB,0.178345189000,0.000162004000,0.000908373255866,-0.000908373255866,-0.000236291007018,NHB,-0.001,0.000,0.236291007017888,0.763708992982112
714,13,H,NHB,0.178345189000,0.000143017000,0.000801911174627,-0.000801911174627,-0.000011208744364,NHB,-0.001,0.000,0.011208744364222,0.988791255635778
715,13,H,NHB,0.178345189000,0.000008469000,0.000047486562702,-0.000047486562702,-0.000147466820184,NHB,-0.001,0.000,0.147466820183566,0.852533179816434
716,13,H,NHB,0.178345189000,0.000298574000,0.001674135431823,-0.001674135431823,-0.000298732407994,NHB,-0.001,0.000,0.298732407993886,0.701267592006114
717,13,H,NHB,0.178345189000,0.000272651000,0.001528782478119,-0.001528782478119,-0.000074487968846,NHB,-0.001,0.000,0.074487968846437,0.925512031153563
718,13,H,NHB,0.178345189000,0.000052837000,0.000296262547346,-0.000296262547346,-0.000182514889012,NHB,-0.001,0.000,0.182514889012060,0.817485110987940
719,13,H,NHB,0.178345189000,0.000320168000,0.001795215232859,-0.001795215232859,-0.000386405615679,NHB,-0.001,0.000,0.386405615679095,0.613594384320905
720,13,H,NHB,0.178345189000,0.000063850000,0.000358013582301,-0.000358013582301,0.000003119949885,NHB,0.000,0.001,0.996880050114564,0.003119949885436
721,13,H,NHB,0.178345189000,0.000330207000,0.001851504948642,-0.001851504948642,-0.000364478566116,NHB,-0.001,0.000,0.364478566115927,0.635521433884073
722,14,H,NHB,0.070423299000,0.000038938000,0.000552913603210,-0.000552913603210,-0.000225995085950,NHB,-0.001,0.000,0.225995085949903,0.774004914050097
723,14,H,NHB,0.070423299000,0.000040450000,0.000574383770349,-0.000574383770349,-0.000144569461466,NHB,-0.001,0.000,0.144569461465657,0.855430538534343
724,14,H,NHB,0.070423299000,0.000120314000,0.001708440270599,-0.001708440270599,-0.000182749519681,NHB,-0.001,0.000,0.182749519680880,0.817250480319120
725,14,H,NHB,0.180161591000,0.000325302000,0.001805612384939,-0.001805612384939,-0.000458753253160,NHB,-0.001,0.000,0.458753253160409,0.541246746839591
726,14,H,NHB,0.180161591000,0.000080603000,0.000447392807494,-0.000447392807494,0.000002931780220,NHB,0.000,0.001,0.997068219779934,0.002931780220066
727,14,H,NHB,0.180161591000,0.000074870000,0.000415571374478,-0.000415571374478,-0.000138916605495,NHB,-0.001,0.000,0.138916605494725,0.861083394505274
728,14,H,NHB,0.151059761000,0.000269486000,0.001783969458286,-0.001783969458286,-0.000311386738135,NHB,-0.001,0.000,0.311386738134907,0.688613261865093
729,14,H,NHB,0.151059761000,0.000254948000,0.001687729401346,-0.001687729401346,-0.000142094147246,NHB,-0.001,0.000,0.142094147246400,0.857905852753600
730,14,H,NHB,0.151059761000,0.000248522000,0.001645189945720,-0.001645189945720,-0.000202753673419,NHB,-0.001,0.000,0.202753673419248,0.797246326580752
731,14,H,NHB,0.151059761000,0.000153938000,0.001019053644604,-0.001019053644604,-0.000050184211410,NHB,-0.001,0.000,0.050184211410348,0.949815788589652
732,14,H,NHB,0.151059761000,0.000041950000,0.000277704662859,-0.000277704662859,-0.000153227294109,NHB,-0.001,0.000,0.153227294109224,0.846772705890776
733,14,H,NHB,0.151059761000,0.000000027000,0.000000178737209,-0.000000178737209,-0.000017436183348,NHB,-0.001,0.000,0.017436183347562,0.982563816652438
734,14,H,NHB,0.151059761000,0.000236642000,0.001566545573973,-0.001566545573973,-0.000270114942434,NHB,-0.001,0.000,0.270114942433803,0.729885057566197
735,14,H,NHB,0.151059761000,0.000115375000,0.000763770571569,-0.000763770571569,-0.000115410727775,NHB,-0.001,0.000,0.115410727774839,0.884589272225161
736,14,H,NHB,0.151059761000,0.000039670000,0.000262611298584,-0.000262611298584,-0.000189133419949,NHB,-0.001,0.000,0.189133419948960,0.810866580051040
737,14,H,NHB,0.151059761000,0.000000001000,0.000000006619897,-0.000000006619897,-0.000126103187073,NHB,-0.001,0.000,0.126103187073481,0.873896812926519
738,14,H,NHB,0.151059761000,0.000235360000,0.001558058866517,-0.001558058866517,-0.000329664661887,NHB,-0.001,0.000,0.329664661887371,0.670335338112629
739,14,H,NHB,0.151059761000,0.000108115000,0.000715710122168,-0.000715710122168,-0.000244029112347,NHB,-0.001,0.000,0.244029112347486,0.755970887652514
740,14,H,NHB,0.182903957000,0.000115054000,0.000629040518790,-0.000629040518790,-0.000229984766606,NHB,-0.001,0.000,0.229984766605773,0.770015233394227
741,14,H,NHB,0.182903957000,0.000332564000,0.001818243877578,-0.001818243877578,-0.000389868374237,NHB,-0.001,0.000,0.389868374237108,0.610131625762892
742,14,H,NHB,0.182903957000,0.000334237000,0.001827390754591,-0.001827390754591,-0.000442419662619,NHB,-0.001,0.000,0.442419662618992,0.557580337381008
743,14,H,NHB,0.182903957000,0.000319504000,0.001746840282958,-0.001746840282958,-0.000319747528140,NHB,-0.001,0.000,0.319747528139834,0.680252471860166
744,14,H,NHB,0.182903957000,0.000331954000,0.001814908793909,-0.001814908793909,-0.000384134658255,NHB,-0.001,0.000,0.384134658254915,0.615865341745085
745,14,H,NHB,0.182903957000,0.000310645000,0.001698405026852,-0.001698405026852,-0.000186589293828,NHB,-0.001,0.000,0.186589293828188,0.813410706171812
746,14,H,NHB,0.182903957000,0.000006788000,0.000037112373681,-0.000037112373681,0.000002474853238,NHB,0.000,0.001,0.997525146761678,0.002474853238322
747,14,H,NHB,0.176514367000,0.000314675000,0.001782716077723,-0.001782716077723,-0.000423131691493,NHB,-0.001,0.000,0.423131691492517,0.576868308507483
748,14,H,NHB,0.176514367000,0.000235048000,0.001331608321718,-0.001331608321718,-0.000075449339102,NHB,-0.001,0.000,0.075449339101684,0.924550660898316
749,14,H,NHB,0.176514367000,0.000237705000,0.001346660920808,-0.001346660920808,-0.000190353618563,NHB,-0.001,0.000,0.190353618562695,0.809646381437305
750,14,H,NHB,0.176514367000,0.000002384000,0.000013505982774,-0.000013505982774,-0.000138514179328,NHB,-0.001,0.000,0.138514179327985,0.861485820672015
751,14,H,NHB,0.176514367000,0.000330818000,0.001874170389768,-0.001874170389768,-0.000392608155996,NHB,-0.001,0.000,0.392608155995895,0.607391844004105
752,14,H,NHB,0.176514367000,0.000133964000,0.000758941055489,-0.000758941055489,-0.000059684318486,NHB,-0.001,0.000,0.059684318486177,0.940315681513823
753,14,H,NHB,0.176514367000,0.000001986000,0.000011251208804,-0.000011251208804,-0.000136523016316,NHB,-0.001,0.000,0.136523016316380,0.863476983683620
754,14,H,NHB,0.176514367000,0.000324448000,0.001838082675729,-0.001838082675729,-0.000427176511158,NHB,-0.001,0.000,0.427176511157599,0.572823488842401
755,14,H,NHB,0.176514367000,0.000122485000,0.000693909521824,-0.000693909521824,-0.000224044761641,NHB,-0.001,0.000,0.224044761641442,0.775955238358558
756,14,H,NHB,0.178345189000,0.000246649000,0.001382986563209,-0.001382986563209,-0.000288153688262,NHB,-0.001,0.000,0.288153688262177,0.711846311737823
757,14,H,NHB,0.178345189000,0.000244449000,0.001370650934688,-0.001370650934688,-0.000305591723022,NHB,-0.001,0.000,0.305591723021940,0.694408276978060
758,14,H,NHB,0.178345189000,0.000322452000,0.001808021858106,-0.001808021858106,-0.000361266007335,NHB,-0.001,0.000,0.361266007335031,0.638733992664969
759,14,H,NHB,0.178345189000,0.000079676000,0.000446751608197,-0.000446751608197,0.000021161705583,NHB,0.000,0.001,0.978838294417455,0.021161705582545
760,14,H,NHB,0.178345189000,0.000319152000,0.001789518415324,-0.001789518415324,-0.000369570744340,NHB,-0.001,0.000,0.369570744339849,0.630429255660151
761,14,H,NHB,0.178345189000,0.000325890000,0.001827299081222,-0.001827299081222,-0.000283414691685,NHB,-0.001,0.000,0.283414691684596,0.716585308315404
762,14,H,NHB,0.178345189000,0.000079955000,0.000448315990178,-0.000448315990178,-0.000022386465170,NHB,-0.001,0.000,0.022386465169809,0.977613534830191
763,14,H,NHB,0.178345189000,0.000315132000,0.001766977857754,-0.001766977857754,-0.000269391911899,NHB,-0.001,0.000,0.269391911898518,0.730608088101482
764,15,H,NHB,0.070423299000,0.000057439000,0.000815624953895,-0.000815624953895,-0.000240876328711,NHB,-0.001,0.000,0.240876328711422,0.759123671288578
765,15,H,NHB,0.070423299000,0.000125070000,0.001775974738133,-0.001775974738133,-0.000143604805721,NHB,-0.001,0.000,0.143604805721178,0.856395194278822
766,15,H,NHB,0.070423299000,0.000000000000,0.000000000000000,-0.000000000000000,0.000043364845620,NHB,0.000,0.001,0.956635154379540,0.043364845620460
767,15,H,NHB,0.180161591000,0.000329029000,0.001826299369215,-0.001826299369215,-0.000379227833014,NHB,-0.001,0.000,0.379227833014350,0.620772166985650
768,15,H,NHB,0.180161591000,0.000263038000,0.001460011529316,-0.001460011529316,-0.000216692287690,NHB,-0.001,0.000,0.216692287690291,0.783307712309709
769,15,H,NHB,0.151059761000,0.000081373000,0.000538680846979,-0.000538680846979,-0.000080492598668,NHB,-0.001,0.000,0.080492598667752,0.919507401332248
770,15,H,NHB,0.151059761000,0.000001636000,0.000010830150857,-0.000010830150857,0.000078517645131,NHB,0.000,0.001,0.921482354868537,0.078517645131463
771,15,H,NHB,0.151059761000,0.000278932000,0.001846501001680,-0.001846501001680,-0.000268363959012,NHB,-0.001,0.000,0.268363959011747,0.731636040988253
772,15,H,NHB,0.151059761000,0.000248898000,0.001647679026846,-0.001647679026846,-0.000063812350005,NHB,-0.001,0.000,0.063812350005117,0.936187649994883
773,15,H,NHB,0.151059761000,0.000273459000,0.001810270307524,-0.001810270307524,-0.000214945718296,NHB,-0.001,0.000,0.214945718296099,0.785054281703901
774,15,H,NHB,0.151059761000,0.000210073000,0.001390661540898,-0.001390661540898,0.000000283637497,NHB,0.000,0.001,0.999716362502729,0.000283637497271
775,15,H,NHB,0.151059761000,0.000034780000,0.000230240004153,-0.000230240004153,-0.000176681866538,NHB,-0.001,0.000,0.176681866538282,0.823318133461718
776,15,H,NHB,0.151059761000,0.000242732000,0.001606860744338,-0.001606860744338,-0.000327146922164,NHB,-0.001,0.000,0.327146922164410,0.672853077835590
777,15,H,NHB,0.151059761000,0.000006636000,0.000043929633915,-0.000043929633915,-0.000149961861397,NHB,-0.001,0.000,0.149961861397448,0.850038138602552
778,15,H,NHB,0.151059761000,0.000195168000,0.001291991981902,-0.001291991981902,-0.000283019743533,NHB,-0.001,0.000,0.283019743533065,0.716980256466935
779,15,H,NHB,0.182903957000,0.000336882000,0.001841851896075,-0.001841851896075,-0.000435213705438,NHB,-0.001,0.000,0.435213705438225,0.564786294561775
780,15,H,NHB,0.182903957000,0.000333521000,0.001823476131793,-0.001823476131793,-0.000374357160900,NHB,-0.001,0.000,0.374357160900317,0.625642839099683
781,15,H,NHB,0.182903957000,0.000014820000,0.000081026131108,-0.000081026131108,-0.000147427394545,NHB,-0.001,0.000,0.147427394545230,0.852572605454770
782,15,H,NHB,0.182903957000,0.000287758000,0.001573273781059,-0.001573273781059,-0.000297298384216,NHB,-0.001,0.000,0.297298384216336,0.702701615783664
783,15,H,NHB,0.182903957000,0.000043990000,0.000240508738693,-0.000240508738693,-0.000131935047085,NHB,-0.001,0.000,0.131935047084920,0.868064952915080
784,15,H,NHB,0.182903957000,0.000329765000,0.001802940764152,-0.001802940764152,-0.000243628667780,NHB,-0.001,0.000,0.243628667779741,0.756371332220259
785,15,H,NHB,0.182903957000,0.000234398000,0.001281535970269,-0.001281535970269,-0.000044616138927,NHB,-0.001,0.000,0.044616138926687,0.955383861073313
786,15,H,NHB,0.182903957000,0.000166679000,0.000911292476849,-0.000911292476849,-0.000051288265427,NHB,-0.001,0.000,0.051288265427339,0.948711734572661
787,15,H,NHB,0.182903957000,0.000010815000,0.000059129393248,-0.000059129393248,0.000145016412490,NHB,0.000,0.001,0.854983587509599,0.145016412490401
788,15,H,NHB,0.176514367000,0.000291738000,0.001652771980878,-0.001652771980878,-0.000243885835065,NHB,-0.001,0.000,0.243885835065456,0.756114164934544
789,15,H,NHB,0.176514367000,0.000008068000,0.000045707327608,-0.000045707327608,0.000072087084728,NHB,0.000,0.001,0.927912915271727,0.072087084728273
790,15,H,NHB,0.176514367000,0.000025005000,0.000141659857070,-0.000141659857070,-0.000032799184442,NHB,-0.001,0.000,0.032799184442434,0.967200815557566
791,15,H,NHB,0.176514367000,0.000324342000,0.001837482158039,-0.001837482158039,-0.000364086270317,NHB,-0.001,0.000,0.364086270316871,0.635913729683129
792,15,H,NHB,0.176514367000,0.000186423000,0.001056134994383,-0.001056134994383,0.000003046512093,NHB,0.000,0.001,0.996953487906952,0.003046512093048
793,15,H,NHB,0.176514367000,0.000317065000,0.001796256052064,-0.001796256052064,-0.000250377621284,NHB,-0.001,0.000,0.250377621284256,0.749622378715744
794,15,H,NHB,0.176514367000,0.000042368000,0.000240025787816,-0.000240025787816,0.000155633571290,NHB,0.000,0.001,0.844366428710235,0.155633571289765
795,15,H,NHB,0.176514367000,0.000325201000,0.001842348617436,-0.001842348617436,-0.000392997136422,NHB,-0.001,0.000,0.392997136422422,0.607002863577578
796,15,H,NHB,0.176514367000,0.000271007000,0.001535325450307,-0.001535325450307,-0.000287461164666,NHB,-0.001,0.000,0.287461164666410,0.712538835333590
797,15,H,NHB,0.178345189000,0.000329841000,0.001849452748624,-0.001849452748624,-0.000377742256375,NHB,-0.001,0.000,0.377742256375057,0.622257743624943
798,15,H,NHB,0.178345189000,0.000103597000,0.000580879139947,-0.000580879139947,0.000095222883868,NHB,0.000,0.001,0.904777116131870,0.095222883868130
799,15,H,NHB,0.178345189000,0.000326230000,0.001829205496539,-0.001829205496539,-0.000396995480656,NHB,-0.001,0.000,0.396995480655839,0.603004519344161
800,15,H,NHB,0.178345189000,0.000077803000,0.000436249502643,-0.000436249502643,-0.000156176239277,NHB,-0.001,0.000,0.156176239277375,0.843823760722625
801,15,H,NHB,0.178345189000,0.000185016000,0.001037403930195,-0.001037403930195,-0.000255770465112,NHB,-0.001,0.000,0.255770465111716,0.744229534888284
802,15,H,NHB,0.178345189000,0.000023652000,0.000132619220808,-0.000132619220808,-0.000161786024304,NHB,-0.001,0.000,0.161786024304104,0.838213975695896
803,15,H,NHB,0.178345189000,0.000210982000,0.001182997989365,-0.001182997989365,-0.000075703810356,NHB,-0.001,0.000,0.075703810356378,0.924296189643621
804,15,H,NHB,0.178345189000,0.000320504000,0.001797099219761,-0.001797099219761,-0.000169612195328,NHB,-0.001,0.000,0.169612195328283,0.830387804671717
805,15,H,NHB,0.178345189000,0.000234102000,0.001312634230913,-0.001312634230913,-0.000027276114235,NHB,-0.001,0.000,0.027276114234508,0.972723885765492
806,16,H,NHB,0.070423299000,0.000037471000,0.000532082429140,-0.000532082429140,-0.000054998532866,NHB,-0.001,0.000,0.054998532865763,0.945001467134237
807,16,H,NHB,0.070423299000,0.000095276000,0.001352904526668,-0.001352904526668,-0.000143310526172,NHB,-0.001,0.000,0.143310526172392,0.856689473827608
808,16,H,NHB,0.070423299000,0.000000042000,0.000000596393532,-0.000000596393532,-0.000080071249702,NHB,-0.001,0.000,0.080071249702371,0.919928750297629
809,16,H,NHB,0.180161591000,0.000194889000,0.001081745553635,-0.001081745553635,0.000049818696101,NHB,0.000,0.001,0.950181303899412,0.049818696100588
810,16,H,NHB,0.180161591000,0.000016208000,0.000089963681549,-0.000089963681549,0.000049879881693,NHB,0.000,0.001,0.950120118306991,0.049879881693009
811,16,H,NHB,0.180161591000,0.000256633000,0.001424460111478,-0.001424460111478,-0.000321123087738,NHB,-0.001,0.000,0.321123087738187,0.678876912261813
812,16,H,NHB,0.151059761000,0.000003241000,0.000021455084918,-0.000021455084918,-0.000046233950881,NHB,-0.001,0.000,0.046233950881408,0.953766049118592
813,16,H,NHB,0.151059761000,0.000075249000,0.000498140600130,-0.000498140600130,-0.000164015403178,NHB,-0.001,0.000,0.164015403177767,0.835984596822233
814,16,H,NHB,0.151059761000,0.000151439000,0.001002510522971,-0.001002510522971,-0.000001838694050,NHB,-0.001,0.000,0.001838694049623,0.998161305950377
815,16,H,NHB,0.151059761000,0.000219302000,0.001451756566727,-0.001451756566727,-0.000143473192062,NHB,-0.001,0.000,0.143473192062251,0.856526807937749
816,16,H,NHB,0.151059761000,0.000183169000,0.001212559842459,-0.001212559842459,-0.000101673272297,NHB,-0.001,0.000,0.101673272297063,0.898326727702937
817,16,H,NHB,0.151059761000,0.000224174000,0.001484008703019,-0.001484008703019,-0.000258880119448,NHB,-0.001,0.000,0.258880119447967,0.741119880552033
818,16,H,NHB,0.151059761000,0.000137861000,0.000912625566778,-0.000912625566778,-0.000041464196694,NHB,-0.001,0.000,0.041464196694074,0.958535803305926
819,16,H,NHB,0.151059761000,0.000181868000,0.001203947356967,-0.001203947356967,-0.000113915622154,NHB,-0.001,0.000,0.113915622154498,0.886084377845502
820,16,H,NHB,0.151059761000,0.000019103000,0.000126459884972,-0.000126459884972,-0.000034808219291,NHB,-0.001,0.000,0.034808219290813,0.965191780709187
821,16,H,NHB,0.182903957000,0.000255123000,0.001394846804763,-0.001394846804763,-0.000139785237503,NHB,-0.001,0.000,0.139785237503135,0.860214762496865
822,16,H,NHB,0.182903957000,0.000267730000,0.001463773689708,-0.001463773689708,-0.000288797724201,NHB,-0.001,0.000,0.288797724200837,0.711202275799163
823,16,H,NHB,0.182903957000,0.000228540000,0.001249508232345,-0.001249508232345,-0.000205470837647,NHB,-0.001,0.000,0.205470837647291,0.794529162352709
824,16,H,NHB,0.182903957000,0.000010517000,0.000057500122865,-0.000057500122865,-0.000041143660128,NHB,-0.001,0.000,0.041143660127770,0.958856339872230
825,16,H,NHB,0.182903957000,0.000008602000,0.000047030147084,-0.000047030147084,0.000210666642077,NHB,0.000,0.001,0.789333357923418,0.210666642076582
826,16,H,NHB,0.182903957000,0.000119530000,0.000653512378630,-0.000653512378630,0.000119312524006,NHB,0.000,0.001,0.880687475994442,0.119312524005558
827,16,H,NHB,0.182903957000,0.000213465000,0.001167087926917,-0.001167087926917,-0.000114511010153,NHB,-0.001,0.000,0.114511010153487,0.885488989846513
828,16,H,NHB,0.182903957000,0.000265104000,0.001449416427880,-0.001449416427880,-0.000289167705323,NHB,-0.001,0.000,0.289167705323271,0.710832294676729
829,16,H,NHB,0.176514367000,0.000006930000,0.000039260260328,-0.000039260260328,0.000199629867666,NHB,0.000,0.001,0.800370132333857,0.199629867666143
830,16,H,NHB,0.176514367000,0.000012561000,0.000071161346317,-0.000071161346317,0.000002330500403,NHB,0.000,0.001,0.997669499596963,0.002330500403037
831,16,H,NHB,0.176514367000,0.000238051000,0.001348621101193,-0.001348621101193,-0.000262492504907,NHB,-0.001,0.000,0.262492504907057,0.737507495092943
832,16,H,NHB,0.176514367000,0.000035126000,0.000198997965984,-0.000198997965984,0.000153534392420,NHB,0.000,0.001,0.846465607579924,0.153534392420076
833,16,H,NHB,0.176514367000,0.000245195000,0.001389093727424,-0.001389093727424,-0.000075216397704,NHB,-0.001,0.000,0.075216397704489,0.924783602295511
834,16,H,NHB,0.176514367000,0.000163402000,0.000925715015594,-0.000925715015594,-0.000024619949901,NHB,-0.001,0.000,0.024619949900910,0.975380050099090
835,16,H,NHB,0.176514367000,0.000257165000,0.001456906904354,-0.001456906904354,-0.000334712820997,NHB,-0.001,0.000,0.334712820996818,0.665287179003182
836,16,H,NHB,0.176514367000,0.000201577000,0.001141986363070,-0.001141986363070,0.000001486897222,NHB,0.000,0.001,0.998513102778436,0.001486897221564
837,16,H,NHB,0.176514367000,0.000260081000,0.001473426806102,-0.001473426806102,-0.000225738472879,NHB,-0.001,0.000,0.225738472879011,0.774261527120989
838,16,H,NHB,0.178345189000,0.000082531000,0.000462759889755,-0.000462759889755,0.000077865862828,NHB,0.000,0.001,0.922134137172085,0.077865862827915
839,16,H,NHB,0.178345189000,0.000264715000,0.001484284501782,-0.001484284501782,-0.000258799423374,NHB,-0.001,0.000,0.258799423374464,0.741200576625536
840,16,H,NHB,0.178345189000,0.000257669000,0.001444776847891,-0.001444776847891,-0.000153099169479,NHB,-0.001,0.000,0.153099169479451,0.846900830520549
841,16,H,NHB,0.178345189000,0.000067693000,0.000379561682485,-0.000379561682485,-0.000141686836170,NHB,-0.001,0.000,0.141686836169960,0.858313163830040
842,16,H,NHB,0.178345189000,0.000134391000,0.000753544296617,-0.000753544296617,-0.000092458806154,NHB,-0.001,0.000,0.092458806153702,0.907541193846298
843,16,H,NHB,0.178345189000,0.000180279000,0.001010843079148,-0.001010843079148,-0.000171676729973,NHB,-0.001,0.000,0.171676729973471,0.828323270026529
844,16,H,NHB,0.178345189000,0.000174386000,0.000977800416024,-0.000977800416024,0.000049389896324,NHB,0.000,0.001,0.950610103675880,0.049389896324120
845,16,H,NHB,0.178345189000,0.000262092000,0.001469577068322,-0.001469577068322,-0.000223953536410,NHB,-0.001,0.000,0.223953536410385,0.776046463589615
846,17,H,NHB,0.070423299000,0.000057094000,0.000810726007028,-0.000810726007028,0.000092919024208,NHB,0.000,0.001,0.907080975791544,0.092919024208456
847,17,H,NHB,0.070423299000,0.000102705000,0.001458395182538,-0.001458395182538,-0.000287738298549,NHB,-0.001,0.000,0.287738298549221,0.712261701450779
848,17,H,NHB,0.180161591000,0.000255910000,0.001420447047451,-0.001420447047451,-0.000103827366788,NHB,-0.001,0.000,0.103827366788430,0.896172633211570
849,17,H,NHB,0.180161591000,0.000262416000,0.001456559073127,-0.001456559073127,-0.000162372492082,NHB,-0.001,0.000,0.162372492082010,0.837627507917990
850,17,H,NHB,0.151059761000,0.000185234000,0.001226229928962,-0.001226229928962,-0.000189226071887,NHB,-0.001,0.000,0.189226071886574,0.810773928113426
851,17,H,NHB,0.151059761000,0.000189869000,0.001256913149757,-0.001256913149757,-0.000250327108281,NHB,-0.001,0.000,0.250327108281044,0.749672891718956
852,17,H,NHB,0.151059761000,0.000216770000,0.001434994988507,-0.001434994988507,-0.000286139942673,NHB,-0.001,0.000,0.286139942673054,0.713860057326946
853,17,H,NHB,0.151059761000,0.000218352000,0.001445467664946,-0.001445467664946,-0.000328337103468,NHB,-0.001,0.000,0.328337103468243,0.671662896531757
854,17,H,NHB,0.151059761000,0.000032908000,0.000217847557696,-0.000217847557696,0.000187523469333,NHB,0.000,0.001,0.812476530667190,0.187523469332810
855,17,H,NHB,0.151059761000,0.000030331000,0.000200788084128,-0.000200788084128,0.000168309693363,NHB,0.000,0.001,0.831690306636656,0.168309693363344
856,17,H,NHB,0.151059761000,0.000182554000,0.001208488606042,-0.001208488606042,-0.000005328777322,NHB,-0.001,0.000,0.005328777321716,0.994671222678284
857,17,H,NHB,0.151059761000,0.000185059000,0.001225071447055,-0.001225071447055,-0.000002493710835,NHB,-0.001,0.000,0.002493710835016,0.997506289164984
858,17,H,NHB,0.182903957000,0.000154799000,0.000846340355556,-0.000846340355556,0.000066500103581,NHB,0.000,0.001,0.933499896418813,0.066500103581187
859,17,H,NHB,0.182903957000,0.000158508000,0.000866618757734,-0.000866618757734,-0.000025726682628,NHB,-0.001,0.000,0.025726682627817,0.974273317372183
860,17,H,NHB,0.182903957000,0.000060825000,0.000332551580609,-0.000332551580609,0.000049700933779,NHB,0.000,0.001,0.950299066221366,0.049700933778634
861,17,H,NHB,0.182903957000,0.000065687000,0.000359133837657,-0.000359133837657,-0.000112413537114,NHB,-0.001,0.000,0.112413537114433,0.887586462885567
862,17,H,NHB,0.182903957000,0.000210048000,0.001148405991020,-0.001148405991020,-0.000039824047513,NHB,-0.001,0.000,0.039824047513296,0.960175952486704
863,17,H,NHB,0.182903957000,0.000232790000,0.001272744471023,-0.001272744471023,-0.000161164286179,NHB,-0.001,0.000,0.161164286178902,0.838835713821098
864,17,H,NHB,0.182903957000,0.000268073000,0.001465648990853,-0.001465648990853,-0.000252801472855,NHB,-0.001,0.000,0.252801472855159,0.747198527144841
865,17,H,NHB,0.182903957000,0.000263090000,0.001438405184421,-0.001438405184421,-0.000265064660562,NHB,-0.001,0.000,0.265064660561530,0.734935339438470
866,17,H,NHB,0.176514367000,0.000064201000,0.000363715436262,-0.000363715436262,-0.000025655844704,NHB,-0.001,0.000,0.025655844703550,0.974344155296450
867,17,H,NHB,0.176514367000,0.000068438000,0.000387719148096,-0.000387719148096,-0.000167562341223,NHB,-0.001,0.000,0.167562341222677,0.832437658777323
868,17,H,NHB,0.176514367000,0.000249482000,0.001413380702320,-0.001413380702320,-0.000226382547894,NHB,-0.001,0.000,0.226382547894474,0.773617452105526
869,17,H,NHB,0.176514367000,0.000255896000,0.001449717687853,-0.001449717687853,-0.000288741590175,NHB,-0.001,0.000,0.288741590174500,0.711258409825500
870,17,H,NHB,0.176514367000,0.000255485000,0.001447389265487,-0.001447389265487,-0.000092959902240,NHB,-0.001,0.000,0.092959902240361,0.907040097759639
871,17,H,NHB,0.176514367000,0.000245912000,0.001393155719727,-0.001393155719727,-0.000101516876062,NHB,-0.001,0.000,0.101516876062396,0.898483123937604
872,17,H,NHB,0.176514367000,0.000130579000,0.000739764146224,-0.000739764146224,0.000065747718975,NHB,0.000,0.001,0.934252281024522,0.065747718975478
873,17,H,NHB,0.176514367000,0.000142796000,0.000808976642677,-0.000808976642677,-0.000059511152139,NHB,-0.001,0.000,0.059511152139219,0.940488847860781
874,17,H,NHB,0.178345189000,0.000092225000,0.000517115154701,-0.000517115154701,0.000124274714289,NHB,0.000,0.001,0.875725285711229,0.124274714288771
875,17,H,NHB,0.178345189000,0.000105227000,0.000590018719260,-0.000590018719260,0.000068907093499,NHB,0.000,0.001,0.931092906500524,0.068907093499476
876,17,H,NHB,0.178345189000,0.000227003000,0.001272829400517,-0.001272829400517,-0.000124294051799,NHB,-0.001,0.000,0.124294051798789,0.875705948201211
877,17,H,NHB,0.178345189000,0.000239199000,0.001341213639354,-0.001341213639354,-0.000246155955350,NHB,-0.001,0.000,0.246155955350263,0.753844044649737
878,17,H,NHB,0.178345189000,0.000004892000,0.000027429952147,-0.000027429952147,0.000109085097196,NHB,0.000,0.001,0.890914902803512,0.109085097196488
879,17,H,NHB,0.178345189000,0.000037435000,0.000209901933491,-0.000209901933491,-0.000026995849184,NHB,-0.001,0.000,0.026995849184301,0.973004150815699
880,17,H,NHB,0.178345189000,0.000062566000,0.000350814060928,-0.000350814060928,-0.000120824568360,NHB,-0.001,0.000,0.120824568359875,0.879175431640125
881,17,H,NHB,0.178345189000,0.000247270000,0.001386468574714,-0.001386468574714,-0.000332367073213,NHB,-0.001,0.000,0.332367073213167,0.667632926786833
882,17,H,NHB,0.178345189000,0.000261295000,0.001465108206535,-0.001465108206535,-0.000171838028326,NHB,-0.001,0.000,0.171838028325702,0.828161971674298
883,18,H,NHB,0.070423299000,0.000038078000,0.000540701735657,-0.000540701735657,0.000037350245603,NHB,0.000,0.001,0.962649754396794,0.037350245603206
884,18,H,NHB,0.070423299000,0.000100117000,0.001421645981112,-0.001421645981112,-0.000104645571901,NHB,-0.001,0.000,0.104645571900653,0.895354428099347
885,18,H,NHB,0.070423299000,0.000000051000,0.000000724192146,-0.000000724192146,0.000004735028145,NHB,0.000,0.001,0.995264971855497,0.004735028144503
886,18,H,NHB,0.180161591000,0.000264944000,0.001470590920792,-0.001470590920792,-0.000257153669498,NHB,-0.001,0.000,0.257153669497737,0.742846330502263
887,18,H,NHB,0.180161591000,0.000201305000,0.001117358027772,-0.001117358027772,0.000094383520424,NHB,0.000,0.001,0.905616479575948,0.094383520424052
888,18,H,NHB,0.151059761000,0.000077338000,0.000511969564152,-0.000511969564152,-0.000080919206093,NHB,-0.001,0.000,0.080919206092557,0.919080793907443
889,18,H,NHB,0.151059761000,0.000003548000,0.000023487393178,-0.000023487393178,0.000008907877470,NHB,0.000,0.001,0.991092122530306,0.008907877469694
890,18,H,NHB,0.151059761000,0.000227684000,0.001507244540126,-0.001507244540126,-0.000211127653324,NHB,-0.001,0.000,0.211127653323950,0.788872346676050
891,18,H,NHB,0.151059761000,0.000196719000,0.001302259441546,-0.001302259441546,-0.000076590981817,NHB,-0.001,0.000,0.076590981816939,0.923409018183061
892,18,H,NHB,0.151059761000,0.000223362000,0.001478633346971,-0.001478633346971,-0.000107806832165,NHB,-0.001,0.000,0.107806832164546,0.892193167835454
893,18,H,NHB,0.151059761000,0.000167076000,0.001106025846287,-0.001106025846287,0.000025308385571,NHB,0.000,0.001,0.974691614429327,0.025308385570673
894,18,H,NHB,0.151059761000,0.000019305000,0.000127797104088,-0.000127797104088,0.000061307746581,NHB,0.000,0.001,0.938692253419045,0.061307746580955
895,18,H,NHB,0.151059761000,0.000182675000,0.001209289613532,-0.001209289613532,-0.000026903450989,NHB,-0.001,0.000,0.026903450989363,0.973096549010637
896,18,H,NHB,0.151059761000,0.000138893000,0.000919457300081,-0.000919457300081,0.000044899410569,NHB,0.000,0.001,0.955100589431371,0.044899410568629
897,18,H,NHB,0.182903957000,0.000273239000,0.001493893322384,-0.001493893322384,-0.000231354528213,NHB,-0.001,0.000,0.231354528213278,0.768645471786722
898,18,H,NHB,0.182903957000,0.000264186000,0.001444397400325,-0.001444397400325,-0.000086674229735,NHB,-0.001,0.000,0.086674229735484,0.913325770264516
899,18,H,NHB,0.182903957000,0.000011418000,0.000062426205465,-0.000062426205465,0.000055681189340,NHB,0.000,0.001,0.944318810660277,0.055681189339723
900,18,H,NHB,0.182903957000,0.000233905000,0.001278840566582,-0.001278840566582,-0.000126945432384,NHB,-0.001,0.000,0.126945432383892,0.873054567616108
901,18,H,NHB,0.182903957000,0.000269847000,0.001475348070244,-0.001475348070244,-0.000224889553675,NHB,-0.001,0.000,0.224889553675142,0.775110446324858
902,18,H,NHB,0.182903957000,0.000213970000,0.001169848938807,-0.001169848938807,-0.000098820111390,NHB,-0.001,0.000,0.098820111390240,0.901179888609760
903,18,H,NHB,0.182903957000,0.000124874000,0.000682729898512,-0.000682729898512,0.000141405040310,NHB,0.000,0.001,0.858594959689878,0.141405040310122
904,18,H,NHB,0.182903957000,0.000008896000,0.000048637548066,-0.000048637548066,0.000226430353166,NHB,0.000,0.001,0.773569646833901,0.226430353166099
905,18,H,NHB,0.176514367000,0.000241849000,0.001370137763347,-0.001370137763347,-0.000188435192504,NHB,-0.001,0.000,0.188435192503697,0.811564807496303
906,18,H,NHB,0.176514367000,0.000013152000,0.000074509515704,-0.000074509515704,-0.000012085363573,NHB,-0.001,0.000,0.012085363573432,0.987914636426568
907,18,H,NHB,0.176514367000,0.000006832000,0.000038705064727,-0.000038705064727,0.000230017124665,NHB,0.000,0.001,0.769982875334563,0.230017124665437
908,18,H,NHB,0.176514367000,0.000262388000,0.001486496563761,-0.001486496563761,-0.000279891684997,NHB,-0.001,0.000,0.279891684996783,0.720108315003217
909,18,H,NHB,0.176514367000,0.000165907000,0.000939906494977,-0.000939906494977,-0.000051840381009,NHB,-0.001,0.000,0.051840381009453,0.948159618990547
910,18,H,NHB,0.176514367000,0.000252507000,0.001430518117542,-0.001430518117542,-0.000040771258364,NHB,-0.001,0.000,0.040771258364231,0.959228741635769
911,18,H,NHB,0.176514367000,0.000037990000,0.000215223274149,-0.000215223274149,0.000172730259577,NHB,0.000,0.001,0.827269740422809,0.172730259577191
912,18,H,NHB,0.176514367000,0.000263940000,0.001495289049191,-0.001495289049191,-0.000152182166720,NHB,-0.001,0.000,0.152182166719991,0.847817833280009
913,18,H,NHB,0.176514367000,0.000205602000,0.001164789039523,-0.001164789039523,0.000071753085522,NHB,0.000,0.001,0.928246914478035,0.071753085521965
914,18,H,NHB,0.178345189000,0.000267026000,0.001497242518832,-0.001497242518832,-0.000214263143117,NHB,-0.001,0.000,0.214263143116693,0.785736856883307
915,18,H,NHB,0.178345189000,0.000091083000,0.000510711842078,-0.000510711842078,0.000063389333310,NHB,0.000,0.001,0.936610666690227,0.063389333309773
916,18,H,NHB,0.178345189000,0.000260473000,0.001460499167152,-0.001460499167152,-0.000080784352602,NHB,-0.001,0.000,0.080784352601922,0.919215647398078
917,18,H,NHB,0.178345189000,0.000069648000,0.000390523570557,-0.000390523570557,-0.000055218962570,NHB,-0.001,0.000,0.055218962570047,0.944781037429953
918,18,H,NHB,0.178345189000,0.000138823000,0.000778394980983,-0.000778394980983,-0.000001590243315,NHB,-0.001,0.000,0.001590243315303,0.998409756684697
919,18,H,NHB,0.178345189000,0.000185073000,0.001037723535116,-0.001037723535116,-0.000109272585498,NHB,-0.001,0.000,0.109272585498130,0.890727414501870
920,18,H,NHB,0.178345189000,0.000266630000,0.001495022105699,-0.001495022105699,-0.000176497625922,NHB,-0.001,0.000,0.176497625921565,0.823502374078435
921,18,H,NHB,0.178345189000,0.000183945000,0.001031398721947,-0.001031398721947,0.000074409509656,NHB,0.000,0.001,0.925590490344171,0.074409509655829
922,19,H,NHB,0.070423299000,0.000060848000,0.000864032228879,-0.000864032228879,0.000111939964445,NHB,0.000,0.001,0.888060035555449,0.111939964444551
923,19,H,NHB,0.070423299000,0.000107352000,0.001524381866859,-0.001524381866859,-0.000220649937834,NHB,-0.001,0.000,0.220649937833689,0.779350062166311
924,19,H,NHB,0.180161591000,0.000273568000,0.001518459059345,-0.001518459059345,-0.000112349208266,NHB,-0.001,0.000,0.112349208266137,0.887650791733863
925,19,H,NHB,0.180161591000,0.000269000000,0.001493104043470,-0.001493104043470,-0.000074859038285,NHB,-0.001,0.000,0.074859038285172,0.925140961714828
926,19,H,NHB,0.151059761000,0.000225769000,0.001494567438115,-0.001494567438115,-0.000273675137368,NHB,-0.001,0.000,0.273675137367650,0.726324862632350
927,19,H,NHB,0.151059761000,0.000225562000,0.001493197119516,-0.001493197119516,-0.000227936247279,NHB,-0.001,0.000,0.227936247278989,0.772063752721011
928,19,H,NHB,0.151059761000,0.000198488000,0.001313970038652,-0.001313970038652,-0.000176633255864,NHB,-0.001,0.000,0.176633255863972,0.823366744136028
929,19,H,NHB,0.151059761000,0.000194066000,0.001284696855836,-0.001284696855836,-0.000122430686312,NHB,-0.001,0.000,0.122430686312053,0.877569313687947
930,19,H,NHB,0.151059761000,0.000192187000,0.001272258070102,-0.001272258070102,0.000027566653885,NHB,0.000,0.001,0.972433346115498,0.027566653884502
931,19,H,NHB,0.151059761000,0.000193766000,0.001282710886852,-0.001282710886852,0.000010202872926,NHB,0.000,0.001,0.989797127073505,0.010202872926495
932,19,H,NHB,0.151059761000,0.000031521000,0.000208665761096,-0.000208665761096,0.000192041216206,NHB,0.000,0.001,0.807958783793702,0.192041216206298
933,19,H,NHB,0.151059761000,0.000037071000,0.000245406187290,-0.000245406187290,0.000192523660726,NHB,0.000,0.001,0.807476339274114,0.192523660725886
934,19,H,NHB,0.182903957000,0.000159084000,0.000869767951494,-0.000869767951494,0.000022611036017,NHB,0.000,0.001,0.977388963983478,0.022611036016522
935,19,H,NHB,0.182903957000,0.000166498000,0.000910302886449,-0.000910302886449,0.000083502782677,NHB,0.000,0.001,0.916497217322793,0.083502782677207
936,19,H,NHB,0.182903957000,0.000240862000,0.001316876922460,-0.001316876922460,-0.000098574546652,NHB,-0.001,0.000,0.098574546652465,0.901425453347535
937,19,H,NHB,0.182903957000,0.000225116000,0.001230788024996,-0.001230788024996,-0.000034656058785,NHB,-0.001,0.000,0.034656058785432,0.965343941214568
938,19,H,NHB,0.182903957000,0.000068241000,0.000373097450265,-0.000373097450265,-0.000033450806103,NHB,-0.001,0.000,0.033450806102555,0.966549193897445
939,19,H,NHB,0.182903957000,0.000056202000,0.000307276020278,-0.000307276020278,-0.000007302441648,NHB,-0.001,0.000,0.007302441647789,0.992697558352211
940,19,H,NHB,0.182903957000,0.000277052000,0.001514740328991,-0.001514740328991,-0.000228215436811,NHB,-0.001,0.000,0.228215436811426,0.771784563188574
941,19,H,NHB,0.182903957000,0.000275316000,0.001505249008910,-0.001505249008910,-0.000222532110717,NHB,-0.001,0.000,0.222532110717338,0.777467889282662
942,19,H,NHB,0.176514367000,0.000264064000,0.001495991541584,-0.001495991541584,-0.000240640082834,NHB,-0.001,0.000,0.240640082834140,0.759359917165860
943,19,H,NHB,0.176514367000,0.000259469000,0.001469959666229,-0.001469959666229,-0.000182869325208,NHB,-0.001,0.000,0.182869325207757,0.817130674792243
944,19,H,NHB,0.176514367000,0.000071367000,0.000404312698241,-0.000404312698241,-0.000085563346522,NHB,-0.001,0.000,0.085563346522145,0.914436653477855
945,19,H,NHB,0.176514367000,0.000066547000,0.000377006139109,-0.000377006139109,-0.000012810586216,NHB,-0.001,0.000,0.012810586216292,0.987189413783708
946,19,H,NHB,0.176514367000,0.000255490000,0.001447417591793,-0.001447417591793,-0.000061095252666,NHB,-0.001,0.000,0.061095252665529,0.938904747334471
947,19,H,NHB,0.176514367000,0.000264484000,0.001498370951301,-0.001498370951301,-0.000074000472178,NHB,-0.001,0.000,0.074000472178463,0.925999527821536
948,19,H,NHB,0.176514367000,0.000149723000,0.000848219907221,-0.000848219907221,0.000002207831590,NHB,0.000,0.001,0.997792168409928,0.002207831590072
949,19,H,NHB,0.176514367000,0.000140204000,0.000794292285568,-0.000794292285568,0.000074933542611,NHB,0.000,0.001,0.925066457388690,0.074933542611310
950,19,H,NHB,0.178345189000,0.000101789000,0.000570741496144,-0.000570741496144,0.000107348909792,NHB,0.000,0.001,0.892651090207561,0.107348909792439
951,19,H,NHB,0.178345189000,0.000102387000,0.000574094544260,-0.000574094544260,0.000128199156543,NHB,0.000,0.001,0.871800843456694,0.128199156543306
952,19,H,NHB,0.178345189000,0.000247124000,0.001385649937549,-0.001385649937549,-0.000183344990149,NHB,-0.001,0.000,0.183344990148781,0.816655009851219
953,19,H,NHB,0.178345189000,0.000239059000,0.001340428644812,-0.001340428644812,-0.000095406329700,NHB,-0.001,0.000,0.095406329699850,0.904593670300149
954,19,H,NHB,0.178345189000,0.000038776000,0.000217421059785,-0.000217421059785,0.000055003118407,NHB,0.000,0.001,0.944996881593384,0.055003118406616
955,19,H,NHB,0.178345189000,0.000255214000,0.001431011407883,-0.001431011407883,-0.000290593369797,NHB,-0.001,0.000,0.290593369797456,0.709406630202544
956,19,H,NHB,0.178345189000,0.000064576000,0.000362084339713,-0.000362084339713,-0.000039299554975,NHB,-0.001,0.000,0.039299554974659,0.960700445025341
957,19,H,NHB,0.178345189000,0.000274575000,0.001539570545971,-0.001539570545971,-0.000145603873768,NHB,-0.001,0.000,0.145603873768342,0.854396126231658
958,20,H,NHB,0.070423299000,0.000063143000,0.000896620875429,-0.000896620875429,0.000081978082581,NHB,0.000,0.001,0.918021917419481,0.081978082580519
959,20,H,NHB,0.070423299000,0.000105249000,0.001494519590739,-0.001494519590739,-0.000224846938219,NHB,-0.001,0.000,0.224846938219042,0.775153061780958
960,20,H,NHB,0.180161591000,0.000266175000,0.001477423675727,-0.001477423675727,-0.000075610188232,NHB,-0.001,0.000,0.075610188232288,0.924389811767712
961,20,H,NHB,0.180161591000,0.000268643000,0.001491122489033,-0.001491122489033,-0.000114147150149,NHB,-0.001,0.000,0.114147150148745,0.885852849851255
962,20,H,NHB,0.151059761000,0.000188524000,0.001248009388814,-0.001248009388814,-0.000129390048636,NHB,-0.001,0.000,0.129390048635870,0.870609951364130
963,20,H,NHB,0.151059761000,0.000191725000,0.001269199677868,-0.001269199677868,-0.000181797715660,NHB,-0.001,0.000,0.181797715660450,0.818202284339550
964,20,H,NHB,0.151059761000,0.000223398000,0.001478871663249,-0.001478871663249,-0.000231175279843,NHB,-0.001,0.000,0.231175279843010,0.768824720156990
965,20,H,NHB,0.151059761000,0.000225510000,0.001492852884892,-0.001492852884892,-0.000274889031943,NHB,-0.001,0.000,0.274889031942524,0.725110968057476
966,20,H,NHB,0.151059761000,0.000040904000,0.000270780251003,-0.000270780251003,0.000172548839467,NHB,0.000,0.001,0.827451160532799,0.172548839467201
967,20,H,NHB,0.151059761000,0.000041490000,0.000274659510417,-0.000274659510417,0.000140103878098,NHB,0.000,0.001,0.859896121902066,0.140103878097934
968,20,H,NHB,0.151059761000,0.000193351000,0.001279963629758,-0.001279963629758,-0.000001525570328,NHB,-0.001,0.000,0.001525570328419,0.998474429671581
969,20,H,NHB,0.151059761000,0.000198570000,0.001314512870175,-0.001314512870175,-0.000003595313583,NHB,-0.001,0.000,0.003595313583120,0.996404686416880
970,20,H,NHB,0.182903957000,0.000167808000,0.000917465115312,-0.000917465115312,0.000083997793395,NHB,0.000,0.001,0.916002206605170,0.083997793394830
971,20,H,NHB,0.182903957000,0.000172776000,0.000944626911489,-0.000944626911489,-0.000005603987705,NHB,-0.001,0.000,0.005603987705152,0.994396012294848
972,20,H,NHB,0.182903957000,0.000055597000,0.000303968273360,-0.000303968273360,-0.000011580746018,NHB,-0.001,0.000,0.011580746017895,0.988419253982105
973,20,H,NHB,0.182903957000,0.000063051000,0.000344721902326,-0.000344721902326,-0.000028943411078,NHB,-0.001,0.000,0.028943411077570,0.971056588922430
974,20,H,NHB,0.182903957000,0.000221214000,0.001209454424215,-0.001209454424215,-0.000034430025578,NHB,-0.001,0.000,0.034430025578268,0.965569974421732
975,20,H,NHB,0.182903957000,0.000238727000,0.001305204129619,-0.001305204129619,-0.000087136937390,NHB,-0.001,0.000,0.087136937389542,0.912863062610458
976,20,H,NHB,0.182903957000,0.000276477000,0.001511596602582,-0.001511596602582,-0.000223073388833,NHB,-0.001,0.000,0.223073388832980,0.776926611167020
977,20,H,NHB,0.182903957000,0.000272306000,0.001488792284576,-0.001488792284576,-0.000227881317819,NHB,-0.001,0.000,0.227881317819095,0.772118682180905
978,20,H,NHB,0.176514367000,0.000060851000,0.000344736811140,-0.000344736811140,-0.000023383980327,NHB,-0.001,0.000,0.023383980327043,0.976616019672957
979,20,H,NHB,0.176514367000,0.000063932000,0.000362191480991,-0.000362191480991,-0.000092057053925,NHB,-0.001,0.000,0.092057053924933,0.907942946075067
980,20,H,NHB,0.176514367000,0.000259197000,0.001468418715175,-0.001468418715175,-0.000184826969143,NHB,-0.001,0.000,0.184826969142770,0.815173030857230
981,20,H,NHB,0.176514367000,0.000264626000,0.001499175418395,-0.001499175418395,-0.000237397307783,NHB,-0.001,0.000,0.237397307782508,0.762602692217492
982,20,H,NHB,0.176514367000,0.000264065000,0.001495997206845,-0.001495997206845,-0.000076700735292,NHB,-0.001,0.000,0.076700735291588,0.923299264708412
983,20,H,NHB,0.176514367000,0.000258446000,0.001464164103990,-0.001464164103990,-0.000081485419453,NHB,-0.001,0.000,0.081485419453171,0.918514580546829
984,20,H,NHB,0.176514367000,0.000138438000,0.000784287434235,-0.000784287434235,0.000078402589109,NHB,0.000,0.001,0.921597410890583,0.078402589109417
985,20,H,NHB,0.176514367000,0.000147407000,0.000835099162212,-0.000835099162212,0.000009806339426,NHB,0.000,0.001,0.990193660573689,0.009806339426311
986,20,H,NHB,0.178345189000,0.000107933000,0.000605191542341,-0.000605191542341,0.000123770809878,NHB,0.000,0.001,0.876229190121514,0.123770809878486
987,20,H,NHB,0.178345189000,0.000122729000,0.000688154251248,-0.000688154251248,0.000049962619199,NHB,0.000,0.001,0.950037380801150,0.049962619198850
988,20,H,NHB,0.178345189000,0.000234028000,0.001312219305226,-0.001312219305226,-0.000100072953291,NHB,-0.001,0.000,0.100072953290663,0.899927046709337
989,20,H,NHB,0.178345189000,0.000244507000,0.001370976146713,-0.001370976146713,-0.000180913592476,NHB,-0.001,0.000,0.180913592475969,0.819086407524031
990,20,H,NHB,0.178345189000,0.000036757000,0.000206100317065,-0.000206100317065,0.000069189274184,NHB,0.000,0.001,0.930810725815917,0.069189274184083
991,20,H,NHB,0.178345189000,0.000058017000,0.000325307345409,-0.000325307345409,-0.000050452085684,NHB,-0.001,0.000,0.050452085683583,0.949547914316417
992,20,H,NHB,0.178345189000,0.000258264000,0.001448113074696,-0.001448113074696,-0.000290741078237,NHB,-0.001,0.000,0.290741078237079,0.709258921762921
993,20,H,NHB,0.178345189000,0.000268220000,0.001503937400857,-0.001503937400857,-0.000150492897842,NHB,-0.001,0.000,0.150492897841520,0.849507102158480
994,21,H,NHB,0.070423299000,0.000109492000,0.001554769537281,-0.001554769537281,-0.000153601351316,NHB,-0.001,0.000,0.153601351316215,0.846398648683785
995,21,H,NHB,0.070423299000,0.000000151000,0.000002144176745,-0.000002144176745,-0.000040133818796,NHB,-0.001,0.000,0.040133818796165,0.959866181203834
996,21,H,NHB,0.180161591000,0.000206225000,0.001144666845221,-0.001144666845221,0.000061656871384,NHB,0.000,0.001,0.938343128615883,0.061656871384117
997,21,H,NHB,0.180161591000,0.000290186000,0.001610698475681,-0.001610698475681,-0.000334600141546,NHB,-0.001,0.000,0.334600141546382,0.665399858453618
998,21,H,NHB,0.151059761000,0.000005666000,0.000037508334202,-0.000037508334202,-0.000022403753297,NHB,-0.001,0.000,0.022403753297039,0.977596246702961
999,21,H,NHB,0.151059761000,0.000088897000,0.000588488949086,-0.000588488949086,-0.000141201913141,NHB,-0.001,0.000,0.141201913141349,0.858798086858651
1000,21,H,NHB,0.151059761000,0.000183192000,0.001212712100081,-0.001212712100081,-0.000019258589624,NHB,-0.001,0.000,0.019258589624287,0.980741410375713
1001,21,H,NHB,0.151059761000,0.000242109000,0.001602736548749,-0.001602736548749,-0.000147395663577,NHB,-0.001,0.000,0.147395663577006,0.852604336422994
1002,21,H,NHB,0.151059761000,0.000219890000,0.001455649065935,-0.001455649065935,-0.000123195025246,NHB,-0.001,0.000,0.123195025245758,0.876804974754241
1003,21,H,NHB,0.151059761000,0.000249015000,0.001648453554749,-0.001648453554749,-0.000261395526060,NHB,-0.001,0.000,0.261395526059634,0.738604473940366
1004,21,H,NHB,0.151059761000,0.000145337000,0.000962115913847,-0.000962115913847,-0.000263828003102,NHB,-0.001,0.000,0.263828003102266,0.736171996897734
1005,21,H,NHB,0.182903957000,0.000290083000,0.001585985370453,-0.001585985370453,-0.000139774406925,NHB,-0.001,0.000,0.139774406924544,0.860225593075456
1006,21,H,NHB,0.182903957000,0.000295242000,0.001614191430533,-0.001614191430533,-0.000300072803645,NHB,-0.001,0.000,0.300072803645042,0.699927196354958
1007,21,H,NHB,0.182903957000,0.000253962000,0.001388499211091,-0.001388499211091,-0.000270784445764,NHB,-0.001,0.000,0.270784445763826,0.729215554236174
1008,21,H,NHB,0.182903957000,0.000011855000,0.000064815437536,-0.000064815437536,-0.000139039596871,NHB,-0.001,0.000,0.139039596871347,0.860960403128653
1009,21,H,NHB,0.182903957000,0.000008661000,0.000047352720751,-0.000047352720751,0.000203018038576,NHB,0.000,0.001,0.796981961424336,0.203018038575664
1010,21,H,NHB,0.182903957000,0.000130069000,0.000711132783202,-0.000711132783202,0.000125327308077,NHB,0.000,0.001,0.874672691922567,0.125327308077433
1011,21,H,NHB,0.182903957000,0.000238987000,0.001306625640691,-0.001306625640691,-0.000130694042111,NHB,-0.001,0.000,0.130694042110663,0.869305957889337
1012,21,H,NHB,0.182903957000,0.000294238000,0.001608702210855,-0.001608702210855,-0.000282017475386,NHB,-0.001,0.000,0.282017475386284,0.717982524613716
1013,21,H,NHB,0.176514367000,0.000000034000,0.000000192618882,-0.000000192618882,0.000209421501417,NHB,0.000,0.001,0.790578498583493,0.209421501416507
1014,21,H,NHB,0.176514367000,0.000018907000,0.000107113094086,-0.000107113094086,-0.000027525854893,NHB,-0.001,0.000,0.027525854893019,0.972474145106981
1015,21,H,NHB,0.176514367000,0.000267636000,0.001516227854699,-0.001516227854699,-0.000263381460037,NHB,-0.001,0.000,0.263381460036998,0.736618539963002
1016,21,H,NHB,0.176514367000,0.000040728000,0.000230734759398,-0.000230734759398,0.000136620075466,NHB,0.000,0.001,0.863379924533798,0.136620075466202
1017,21,H,NHB,0.176514367000,0.000275735000,0.001562110805405,-0.001562110805405,-0.000064457846949,NHB,-0.001,0.000,0.064457846948770,0.935542153051230
1018,21,H,NHB,0.176514367000,0.000189869000,0.001075657484583,-0.001075657484583,-0.000083475651849,NHB,-0.001,0.000,0.083475651849283,0.916524348150717
1019,21,H,NHB,0.176514367000,0.000286691000,0.001624179407447,-0.001624179407447,-0.000332324537872,NHB,-0.001,0.000,0.332324537871600,0.667675462128400
1020,21,H,NHB,0.176514367000,0.000195818000,0.001109360123644,-0.001109360123644,-0.000028652221567,NHB,-0.001,0.000,0.028652221567116,0.971347778432884
1021,21,H,NHB,0.176514367000,0.000281981000,0.001597496027051,-0.001597496027051,-0.000307299447815,NHB,-0.001,0.000,0.307299447814852,0.692700552185148
1022,21,H,NHB,0.178345189000,0.000106786000,0.000598760194198,-0.000598760194198,0.000023663776217,NHB,0.000,0.001,0.976336223783309,0.023663776216691
1023,21,H,NHB,0.178345189000,0.000292692000,0.001641154446841,-0.001641154446841,-0.000250494205550,NHB,-0.001,0.000,0.250494205550067,0.749505794449933
1024,21,H,NHB,0.178345189000,0.000282131000,0.001581937822836,-0.001581937822836,-0.000221106267473,NHB,-0.001,0.000,0.221106267473277,0.778893732526723
1025,21,H,NHB,0.178345189000,0.000077569000,0.000434937440337,-0.000434937440337,-0.000164747320155,NHB,-0.001,0.000,0.164747320155289,0.835252679844712
1026,21,H,NHB,0.178345189000,0.000146163000,0.000819551123412,-0.000819551123412,-0.000243218551915,NHB,-0.001,0.000,0.243218551914914,0.756781448085086
1027,21,H,NHB,0.178345189000,0.000208732000,0.001170382005651,-0.001170382005651,-0.000154085211273,NHB,-0.001,0.000,0.154085211272645,0.845914788727355
1028,21,H,NHB,0.178345189000,0.000197651000,0.001108249687632,-0.001108249687632,0.000042125386752,NHB,0.000,0.001,0.957874613248130,0.042125386751870
1029,21,H,NHB,0.178345189000,0.000290469000,0.001628689854931,-0.001628689854931,-0.000226105331877,NHB,-0.001,0.000,0.226105331877132,0.773894668122868
1030,22,H,NHB,0.070423299000,0.000068835000,0.000977446398812,-0.000977446398812,0.000075049201304,NHB,0.000,0.001,0.924950798695772,0.075049201304228
1031,22,H,NHB,0.070423299000,0.000106204000,0.001508080443661,-0.001508080443661,-0.000294902721834,NHB,-0.001,0.000,0.294902721833730,0.705097278166270
1032,22,H,NHB,0.180161591000,0.000270139000,0.001499426145720,-0.001499426145720,-0.000165002040590,NHB,-0.001,0.000,0.165002040590130,0.834997959409870
1033,22,H,NHB,0.180161591000,0.000258263000,0.001433507544902,-0.001433507544902,-0.000149465484126,NHB,-0.001,0.000,0.149465484126210,0.850534515873790
1034,22,H,NHB,0.151059761000,0.000231621000,0.001533307073086,-0.001533307073086,-0.000336501302120,NHB,-0.001,0.000,0.336501302120023,0.663498697879977
1035,22,H,NHB,0.151059761000,0.000234232000,0.001550591623139,-0.001550591623139,-0.000302944974177,NHB,-0.001,0.000,0.302944974177392,0.697055025822608
1036,22,H,NHB,0.151059761000,0.000179380000,0.001187477054197,-0.001187477054197,-0.000249250115541,NHB,-0.001,0.000,0.249250115540579,0.750749884459421
1037,22,H,NHB,0.151059761000,0.000184023000,0.001218213234165,-0.001218213234165,-0.000193869328676,NHB,-0.001,0.000,0.193869328676261,0.806130671323739
1038,22,H,NHB,0.151059761000,0.000199610000,0.001321397562651,-0.001321397562651,-0.000017362631340,NHB,-0.001,0.000,0.017362631340288,0.982637368659712
1039,22,H,NHB,0.151059761000,0.000206288000,0.001365605232223,-0.001365605232223,-0.000033224632309,NHB,-0.001,0.000,0.033224632308594,0.966775367691406
1040,22,H,NHB,0.151059761000,0.000050721000,0.000335767776039,-0.000335767776039,0.000160567070468,NHB,0.000,0.001,0.839432929531504,0.160567070468496
1041,22,H,NHB,0.151059761000,0.000061081000,0.000404349904936,-0.000404349904936,0.000157594291652,NHB,0.000,0.001,0.842405708347877,0.157594291652123
1042,22,H,NHB,0.182903957000,0.000151941000,0.000830714668464,-0.000830714668464,-0.000022126337101,NHB,-0.001,0.000,0.022126337100548,0.977873662899452
1043,22,H,NHB,0.182903957000,0.000186599000,0.001020202094370,-0.001020202094370,-0.000034470879709,NHB,-0.001,0.000,0.034470879709115,0.965529120290885
1044,22,H,NHB,0.182903957000,0.000216653000,0.001184517839600,-0.001184517839600,-0.000156472979340,NHB,-0.001,0.000,0.156472979340164,0.843527020659836
1045,22,H,NHB,0.182903957000,0.000239332000,0.001308511876536,-0.001308511876536,-0.000067087129636,NHB,-0.001,0.000,0.067087129636315,0.932912870363685
1046,22,H,NHB,0.182903957000,0.000030837000,0.000168596680497,-0.000168596680497,-0.000104959753791,NHB,-0.001,0.000,0.104959753790863,0.895040246209137
1047,22,H,NHB,0.182903957000,0.000075823000,0.000414550900066,-0.000414550900066,0.000047590409813,NHB,0.000,0.001,0.952409590187135,0.047590409812865
1048,22,H,NHB,0.182903957000,0.000282253000,0.001543176017783,-0.001543176017783,-0.000284001112411,NHB,-0.001,0.000,0.284001112410804,0.715998887589196
1049,22,H,NHB,0.182903957000,0.000281594000,0.001539573033950,-0.001539573033950,-0.000284335876491,NHB,-0.001,0.000,0.284335876491014,0.715664123508986
1050,22,H,NHB,0.176514367000,0.000271251000,0.001536707774048,-0.001536707774048,-0.000295412289917,NHB,-0.001,0.000,0.295412289917269,0.704587710082731
1051,22,H,NHB,0.176514367000,0.000271178000,0.001536294209978,-0.001536294209978,-0.000253376943976,NHB,-0.001,0.000,0.253376943976070,0.746623056023930
1052,22,H,NHB,0.176514367000,0.000037614000,0.000213093135926,-0.000213093135926,-0.000162640153553,NHB,-0.001,0.000,0.162640153552934,0.837359846447066
1053,22,H,NHB,0.176514367000,0.000059536000,0.000337286992622,-0.000337286992622,-0.000030048846957,NHB,-0.001,0.000,0.030048846956729,0.969951153043271
1054,22,H,NHB,0.176514367000,0.000263163000,0.001490887141215,-0.001490887141215,-0.000111672684941,NHB,-0.001,0.000,0.111672684941192,0.888327315058808
1055,22,H,NHB,0.176514367000,0.000266931000,0.001512233845532,-0.001512233845532,-0.000133692345347,NHB,-0.001,0.000,0.133692345346878,0.866307654653122
1056,22,H,NHB,0.176514367000,0.000115592000,0.000654858876162,-0.000654858876162,-0.000055072609521,NHB,-0.001,0.000,0.055072609521419,0.944927390478581
1057,22,H,NHB,0.176514367000,0.000152042000,0.000861357648015,-0.000861357648015,-0.000018812742987,NHB,-0.001,0.000,0.018812742987286,0.981187257012714
1058,22,H,NHB,0.178345189000,0.000115622000,0.000648304564022,-0.000648304564022,0.000069089063869,NHB,0.000,0.001,0.930910936130753,0.069089063869247
1059,22,H,NHB,0.178345189000,0.000146227000,0.000819909978059,-0.000819909978059,0.000053401078122,NHB,0.000,0.001,0.946598921878435,0.053401078121565
1060,22,H,NHB,0.178345189000,0.000228967000,0.001283841752524,-0.001283841752524,-0.000241857892098,NHB,-0.001,0.000,0.241857892098019,0.758142107901981
1061,22,H,NHB,0.178345189000,0.000250095000,0.001402308643156,-0.001402308643156,-0.000134308773254,NHB,-0.001,0.000,0.134308773253695,0.865691226746305
1062,22,H,NHB,0.178345189000,0.000013205000,0.000074041806645,-0.000074041806645,-0.000021435965674,NHB,-0.001,0.000,0.021435965673694,0.978564034326306
1063,22,H,NHB,0.178345189000,0.000046750000,0.000262132106070,-0.000262132106070,0.000079915172394,NHB,0.000,0.001,0.920084827605964,0.079915172394036
1064,22,H,NHB,0.178345189000,0.000271161000,0.001520427893348,-0.001520427893348,-0.000354992874446,NHB,-0.001,0.000,0.354992874446175,0.645007125553825
1065,22,H,NHB,0.178345189000,0.000042306000,0.000237214136458,-0.000237214136458,-0.000122664093623,NHB,-0.001,0.000,0.122664093623376,0.877335906376624
1066,22,H,NHB,0.178345189000,0.000271743000,0.001523691227802,-0.001523691227802,-0.000197212203026,NHB,-0.001,0.000,0.197212203025765,0.802787796974235
1067,23,H,NHB,0.070423299000,0.000053772000,0.000763554118645,-0.000763554118645,-0.000057378440628,NHB,-0.001,0.000,0.057378440628291,0.942621559371709
1068,23,H,NHB,0.070423299000,0.000105030000,0.001491409824467,-0.001491409824467,-0.000171031276892,NHB,-0.001,0.000,0.171031276891706,0.828968723108294
1069,23,H,NHB,0.070423299000,0.000001518000,0.000021555366215,-0.000021555366215,-0.000126848387053,NHB,-0.001,0.000,0.126848387052591,0.873151612947409
1070,23,H,NHB,0.180161591000,0.000272648000,0.001513352532505,-0.001513352532505,-0.000347384207886,NHB,-0.001,0.000,0.347384207885848,0.652615792114152
1071,23,H,NHB,0.180161591000,0.000005549000,0.000030800127648,-0.000030800127648,-0.000038830222285,NHB,-0.001,0.000,0.038830222285217,0.961169777714783
1072,23,H,NHB,0.180161591000,0.000187474000,0.001040588057418,-0.001040588057418,0.000054618337925,NHB,0.000,0.001,0.945381662075361,0.054618337924639
1073,23,H,NHB,0.151059761000,0.000000050000,0.000000330994831,-0.000000330994831,-0.000111847808079,NHB,-0.001,0.000,0.111847808078542,0.888152191921458
1074,23,H,NHB,0.151059761000,0.000107428000,0.000711162253196,-0.000711162253196,-0.000207559380181,NHB,-0.001,0.000,0.207559380180881,0.792440619819119
1075,23,H,NHB,0.151059761000,0.000009543000,0.000063173673365,-0.000063173673365,-0.000108368621362,NHB,-0.001,0.000,0.108368621361776,0.891631378638224
1076,23,H,NHB,0.151059761000,0.000228584000,0.001513202447077,-0.001513202447077,-0.000276893137289,NHB,-0.001,0.000,0.276893137289274,0.723106862710726
1077,23,H,NHB,0.151059761000,0.000206957000,0.001370033943056,-0.001370033943056,-0.000147783764243,NHB,-0.001,0.000,0.147783764243024,0.852216235756976
1078,23,H,NHB,0.151059761000,0.000224083000,0.001483406292428,-0.001483406292428,-0.000160017423590,NHB,-0.001,0.000,0.160017423589990,0.839982576410010
1079,23,H,NHB,0.151059761000,0.000162768000,0.001077507331684,-0.001077507331684,-0.000054745104586,NHB,-0.001,0.000,0.054745104585731,0.945254895414269
1080,23,H,NHB,0.151059761000,0.000046012000,0.000304594682895,-0.000304594682895,-0.000038203331106,NHB,-0.001,0.000,0.038203331106308,0.961796668893692
1081,23,H,NHB,0.151059761000,0.000204762000,0.001355503269994,-0.001355503269994,-0.000122192794823,NHB,-0.001,0.000,0.122192794822534,0.877807205177466
1082,23,H,NHB,0.151059761000,0.000156706000,0.001037377518425,-0.001037377518425,-0.000041680067759,NHB,-0.001,0.000,0.041680067759170,0.958319932240830
1083,23,H,NHB,0.182903957000,0.000275494000,0.001506222197260,-0.001506222197260,-0.000299910143985,NHB,-0.001,0.000,0.299910143984706,0.700089856015294
1084,23,H,NHB,0.182903957000,0.000274690000,0.001501826447637,-0.001501826447637,-0.000139360646631,NHB,-0.001,0.000,0.139360646630631,0.860639353369369
1085,23,H,NHB,0.182903957000,0.000043849000,0.000239737842304,-0.000239737842304,-0.000058858747400,NHB,-0.001,0.000,0.058858747400146,0.941141252599854
1086,23,H,NHB,0.182903957000,0.000262037000,0.001432648064580,-0.001432648064580,-0.000233576711962,NHB,-0.001,0.000,0.233576711962478,0.766423288037522
1087,23,H,NHB,0.182903957000,0.000279580000,0.001528561790492,-0.001528561790492,-0.000326599858062,NHB,-0.001,0.000,0.326599858061778,0.673400141938222
1088,23,H,NHB,0.182903957000,0.000210368000,0.001150155543108,-0.001150155543108,-0.000172251484162,NHB,-0.001,0.000,0.172251484162413,0.827748515837587
1089,23,H,NHB,0.182903957000,0.000083212000,0.000454949151264,-0.000454949151264,0.000107546677927,NHB,0.000,0.001,0.892453322072650,0.107546677927350
1090,23,H,NHB,0.176514367000,0.000262874000,0.001489249880719,-0.001489249880719,-0.000300044181669,NHB,-0.001,0.000,0.300044181669182,0.699955818330818
1091,23,H,NHB,0.176514367000,0.000015825000,0.000089652758973,-0.000089652758973,-0.000070261850527,NHB,-0.001,0.000,0.070261850526530,0.929738149473470
1092,23,H,NHB,0.176514367000,0.000263881000,0.001494954798779,-0.001494954798779,-0.000355214645876,NHB,-0.001,0.000,0.355214645876133,0.644785354123867
1093,23,H,NHB,0.176514367000,0.000151465000,0.000858088792285,-0.000858088792285,-0.000097147914309,NHB,-0.001,0.000,0.097147914309276,0.902852085690724
1094,23,H,NHB,0.176514367000,0.000244489000,0.001385094052996,-0.001385094052996,-0.000080841570856,NHB,-0.001,0.000,0.080841570856296,0.919158429143704
1095,23,H,NHB,0.176514367000,0.000265929000,0.001506557253779,-0.001506557253779,-0.000243028789062,NHB,-0.001,0.000,0.243028789062110,0.756971210937890
1096,23,H,NHB,0.176514367000,0.000209410000,0.001186362354289,-0.001186362354289,0.000005218032609,NHB,0.000,0.001,0.994781967391403,0.005218032608597
1097,23,H,NHB,0.178345189000,0.000273481000,0.001533436374334,-0.001533436374334,-0.000266887158527,NHB,-0.001,0.000,0.266887158527419,0.733112841472581
1098,23,H,NHB,0.178345189000,0.000051173000,0.000286932326501,-0.000286932326501,-0.000016958934856,NHB,-0.001,0.000,0.016958934856167,0.983041065143833
1099,23,H,NHB,0.178345189000,0.000262416000,0.001471393769977,-0.001471393769977,-0.000156177585126,NHB,-0.001,0.000,0.156177585126082,0.843822414873918
1100,23,H,NHB,0.178345189000,0.000117405000,0.000658302030227,-0.000658302030227,-0.000171404243419,NHB,-0.001,0.000,0.171404243418712,0.828595756581288
1101,23,H,NHB,0.178345189000,0.000189052000,0.001060034201427,-0.001060034201427,-0.000109056452465,NHB,-0.001,0.000,0.109056452465414,0.890943547534586
1102,23,H,NHB,0.178345189000,0.000206839000,0.001159767758019,-0.001159767758019,-0.000224622867682,NHB,-0.001,0.000,0.224622867682412,0.775377132317588
1103,23,H,NHB,0.178345189000,0.000264134000,0.001481026774431,-0.001481026774431,-0.000259615638848,NHB,-0.001,0.000,0.259615638848038,0.740384361151962
1104,23,H,NHB,0.178345189000,0.000144470000,0.000810058296554,-0.000810058296554,0.000014030559599,NHB,0.000,0.001,0.985969440401228,0.014030559598772
1105,24,H,NHB,0.070423299000,0.000069943000,0.000993179828170,-0.000993179828170,-0.000234363951864,NHB,-0.001,0.000,0.234363951863812,0.765636048136188
1106,24,H,NHB,0.070423299000,0.000102964000,0.001462072942649,-0.001462072942649,-0.000076160351272,NHB,-0.001,0.000,0.076160351271683,0.923839648728317
1107,24,H,NHB,0.180161591000,0.000265675000,0.001474648389401,-0.001474648389401,-0.000166457560440,NHB,-0.001,0.000,0.166457560439527,0.833542439560473
1108,24,H,NHB,0.180161591000,0.000278176000,0.001544036098127,-0.001544036098127,-0.000194678752998,NHB,-0.001,0.000,0.194678752997800,0.805321247002200
1109,24,H,NHB,0.151059761000,0.000184743000,0.001222979559725,-0.001222979559725,0.000016063071616,NHB,0.000,0.001,0.983936928384165,0.016063071615835
1110,24,H,NHB,0.151059761000,0.000174055000,0.001152226104740,-0.001152226104740,0.000044445354532,NHB,0.000,0.001,0.955554645468337,0.044445354531663
1111,24,H,NHB,0.151059761000,0.000228463000,0.001512401439587,-0.001512401439587,-0.000167989825476,NHB,-0.001,0.000,0.167989825476377,0.832010174523623
1112,24,H,NHB,0.151059761000,0.000223697000,0.001480851012335,-0.001480851012335,-0.000158673759153,NHB,-0.001,0.000,0.158673759152966,0.841326240847034
1113,24,H,NHB,0.151059761000,0.000049299000,0.000326354283058,-0.000326354283058,-0.000139305385874,NHB,-0.001,0.000,0.139305385874065,0.860694614125935
1114,24,H,NHB,0.151059761000,0.000041595000,0.000275354599561,-0.000275354599561,-0.000175439194323,NHB,-0.001,0.000,0.175439194322642,0.824560805677358
1115,24,H,NHB,0.151059761000,0.000219480000,0.001452934908324,-0.001452934908324,-0.000266715352559,NHB,-0.001,0.000,0.266715352558954,0.733284647441046
1116,24,H,NHB,0.151059761000,0.000210022000,0.001390323926171,-0.001390323926171,-0.000285072177793,NHB,-0.001,0.000,0.285072177792862,0.714927822207138
1117,24,H,NHB,0.182903957000,0.000001737000,0.000009496787431,-0.000009496787431,0.000068927031000,NHB,0.000,0.001,0.931072969000244,0.068927030999756
1118,24,H,NHB,0.182903957000,0.000185330000,0.001013264026868,-0.001013264026868,-0.000051569350541,NHB,-0.001,0.000,0.051569350541485,0.948430649458515
1119,24,H,NHB,0.182903957000,0.000144170000,0.000788227889460,-0.000788227889460,-0.000114317944292,NHB,-0.001,0.000,0.114317944292085,0.885682055707915
1120,24,H,NHB,0.182903957000,0.000082966000,0.000453604183096,-0.000453604183096,0.000022579411330,NHB,0.000,0.001,0.977420588669511,0.022579411330489
1121,24,H,NHB,0.182903957000,0.000006730000,0.000036795267365,-0.000036795267365,0.000089585053133,NHB,0.000,0.001,0.910414946867113,0.089585053132887
1122,24,H,NHB,0.182903957000,0.000243869000,0.001333317244744,-0.001333317244744,-0.000051914218017,NHB,-0.001,0.000,0.051914218017053,0.948085781982947
1123,24,H,NHB,0.182903957000,0.000212371000,0.001161106645714,-0.001161106645714,-0.000067853770042,NHB,-0.001,0.000,0.067853770041513,0.932146229958487
1124,24,H,NHB,0.182903957000,0.000278116000,0.001520557589686,-0.001520557589686,-0.000329324096559,NHB,-0.001,0.000,0.329324096558663,0.670675903441337
1125,24,H,NHB,0.182903957000,0.000278403000,0.001522126719216,-0.001522126719216,-0.000333773418908,NHB,-0.001,0.000,0.333773418908351,0.666226581091649
1126,24,H,NHB,0.176514367000,0.000070694000,0.000400499977432,-0.000400499977432,0.000088287206639,NHB,0.000,0.001,0.911712793360545,0.088287206639455
1127,24,H,NHB,0.176514367000,0.000037386000,0.000211801456365,-0.000211801456365,0.000163850523829,NHB,0.000,0.001,0.836149476171299,0.163850523828701
1128,24,H,NHB,0.176514367000,0.000268831000,0.001522997841870,-0.001522997841870,-0.000208269435114,NHB,-0.001,0.000,0.208269435114083,0.791730564885917
1129,24,H,NHB,0.176514367000,0.000271336000,0.001537189321252,-0.001537189321252,-0.000209745045950,NHB,-0.001,0.000,0.209745045949711,0.790254954050289
1130,24,H,NHB,0.176514367000,0.000276906000,0.001568744826306,-0.001568744826306,-0.000253589615570,NHB,-0.001,0.000,0.253589615570224,0.746410384429776
1131,24,H,NHB,0.176514367000,0.000268869000,0.001523213121796,-0.001523213121796,-0.000276604227161,NHB,-0.001,0.000,0.276604227160862,0.723395772839138
1132,24,H,NHB,0.176514367000,0.000153811000,0.000871379495132,-0.000871379495132,0.000017521732602,NHB,0.000,0.001,0.982478267398148,0.017521732601852
1133,24,H,NHB,0.176514367000,0.000112150000,0.000635359047006,-0.000635359047006,-0.000059772047182,NHB,-0.001,0.000,0.059772047182329,0.940227952817671
1134,24,H,NHB,0.178345189000,0.000139785000,0.000783789014909,-0.000783789014909,-0.000104242679240,NHB,-0.001,0.000,0.104242679239918,0.895757320760082
1135,24,H,NHB,0.178345189000,0.000105548000,0.000591818599603,-0.000591818599603,-0.000163955643842,NHB,-0.001,0.000,0.163955643842458,0.836044356157542
1136,24,H,NHB,0.178345189000,0.000000146000,0.000000818637165,-0.000000818637165,0.000015483941673,NHB,0.000,0.001,0.984516058327165,0.015483941672835
1137,24,H,NHB,0.178345189000,0.000242180000,0.001357928416000,-0.001357928416000,-0.000052241748170,NHB,-0.001,0.000,0.052241748170494,0.947758251829506
1138,24,H,NHB,0.178345189000,0.000207379000,0.001162795594110,-0.001162795594110,-0.000014284438397,NHB,-0.001,0.000,0.014284438396729,0.985715561603271
1139,24,H,NHB,0.178345189000,0.000050467000,0.000282973711166,-0.000282973711166,0.000047331677062,NHB,0.000,0.001,0.952668322938381,0.047331677061619
1140,24,H,NHB,0.178345189000,0.000060148000,0.000337256083762,-0.000337256083762,0.000173268250541,NHB,0.000,0.001,0.826731749458596,0.173268250541404
1141,24,H,NHB,0.178345189000,0.000266101000,0.001492055947750,-0.001492055947750,-0.000300281306240,NHB,-0.001,0.000,0.300281306239616,0.699718693760384
1142,24,H,NHB,0.178345189000,0.000274889000,0.001541331176587,-0.001541331176587,-0.000353406623349,NHB,-0.001,0.000,0.353406623349317,0.646593376650683
1143,25,H,NHB,0.070423299000,0.000061664000,0.000875619303208,-0.000875619303208,-0.000223571316560,NHB,-0.001,0.000,0.223571316559987,0.776428683440013
1144,25,H,NHB,0.070423299000,0.000099045000,0.001406423746209,-0.001406423746209,-0.000114962000581,NHB,-0.001,0.000,0.114962000580692,0.885037999419308
1145,25,H,NHB,0.180161591000,0.000147308000,0.000817643756265,-0.000817643756265,-0.000112343866163,NHB,-0.001,0.000,0.112343866163065,0.887656133836935
1146,25,H,NHB,0.180161591000,0.000272619000,0.001513191565898,-0.001513191565898,-0.000299185026559,NHB,-0.001,0.000,0.299185026559454,0.700814973440546
1147,25,H,NHB,0.151059761000,0.000125484000,0.000830691106416,-0.000830691106416,-0.000003911926154,NHB,-0.001,0.000,0.003911926153813,0.996088073846187
1148,25,H,NHB,0.151059761000,0.000191866000,0.001270133083290,-0.001270133083290,-0.000040780578116,NHB,-0.001,0.000,0.040780578115828,0.959219421884172
1149,25,H,NHB,0.151059761000,0.000209152000,0.001384564616119,-0.001384564616119,-0.000155490144095,NHB,-0.001,0.000,0.155490144094507,0.844509855905493
1150,25,H,NHB,0.151059761000,0.000226961000,0.001502458354876,-0.001502458354876,-0.000218074372406,NHB,-0.001,0.000,0.218074372405615,0.781925627594385
1151,25,H,NHB,0.151059761000,0.000163944000,0.001085292330100,-0.001085292330100,-0.000223821508511,NHB,-0.001,0.000,0.223821508511342,0.776178491488658
1152,25,H,NHB,0.151059761000,0.000217273000,0.001438324796502,-0.001438324796502,-0.000297547229910,NHB,-0.001,0.000,0.297547229910194,0.702452770089806
1153,25,H,NHB,0.151059761000,0.000013859000,0.000091745147141,-0.000091745147141,-0.000135755640719,NHB,-0.001,0.000,0.135755640719198,0.864244359280802
1154,25,H,NHB,0.151059761000,0.000076056000,0.000503482856695,-0.000503482856695,-0.000181633064532,NHB,-0.001,0.000,0.181633064531517,0.818366935468483
1155,25,H,NHB,0.151059761000,0.000143768000,0.000951729296063,-0.000951729296063,-0.000061604427312,NHB,-0.001,0.000,0.061604427312439,0.938395572687561
1156,25,H,NHB,0.182903957000,0.000007251000,0.000039643756860,-0.000039643756860,-0.000045902495879,NHB,-0.001,0.000,0.045902495879331,0.954097504120669
1157,25,H,NHB,0.182903957000,0.000272483000,0.001489760005575,-0.001489760005575,-0.000215594351328,NHB,-0.001,0.000,0.215594351328494,0.784405648671506
1158,25,H,NHB,0.182903957000,0.000093565000,0.000511552628684,-0.000511552628684,-0.000069461680667,NHB,-0.001,0.000,0.069461680667133,0.930538319332867
1159,25,H,NHB,0.182903957000,0.000214899000,0.001174928107214,-0.001174928107214,0.000019540465644,NHB,0.000,0.001,0.980459534355651,0.019540465644349
1160,25,H,NHB,0.182903957000,0.000272963000,0.001492384333708,-0.001492384333708,-0.000166792468322,NHB,-0.001,0.000,0.166792468322095,0.833207531677905
1161,25,H,NHB,0.182903957000,0.000275146000,0.001504319559363,-0.001504319559363,-0.000273176193860,NHB,-0.001,0.000,0.273176193860160,0.726823806139840
1162,25,H,NHB,0.182903957000,0.000278942000,0.001525073621015,-0.001525073621015,-0.000367166225670,NHB,-0.001,0.000,0.367166225669719,0.632833774330281
1163,25,H,NHB,0.176514367000,0.000137665000,0.000779908187304,-0.000779908187304,0.000073480835538,NHB,0.000,0.001,0.926519164462432,0.073480835537568
1164,25,H,NHB,0.176514367000,0.000218924000,0.001240261649637,-0.001240261649637,-0.000156227548644,NHB,-0.001,0.000,0.156227548643980,0.843772451356020
1165,25,H,NHB,0.176514367000,0.000267876000,0.001517587517395,-0.001517587517395,-0.000295312155124,NHB,-0.001,0.000,0.295312155123843,0.704687844876157
1166,25,H,NHB,0.176514367000,0.000198840000,0.001126480543082,-0.001126480543082,-0.000183043516238,NHB,-0.001,0.000,0.183043516237755,0.816956483762245
1167,25,H,NHB,0.176514367000,0.000267940000,0.001517950094113,-0.001517950094113,-0.000339751357726,NHB,-0.001,0.000,0.339751357725983,0.660248642274017
1168,25,H,NHB,0.176514367000,0.000008862000,0.000050205545025,-0.000050205545025,-0.000077992052859,NHB,-0.001,0.000,0.077992052858968,0.922007947141032
1169,25,H,NHB,0.176514367000,0.000260286000,0.001474588184655,-0.001474588184655,-0.000158731757946,NHB,-0.001,0.000,0.158731757945510,0.841268242054490
1170,25,H,NHB,0.178345189000,0.000011533000,0.000064666728969,-0.000064666728969,-0.000082259386831,NHB,-0.001,0.000,0.082259386831104,0.917740613168896
1171,25,H,NHB,0.178345189000,0.000224452000,0.001258525678537,-0.001258525678537,-0.000214838130420,NHB,-0.001,0.000,0.214838130420357,0.785161869579643
1172,25,H,NHB,0.178345189000,0.000168349000,0.000943950329941,-0.000943950329941,-0.000078950909235,NHB,-0.001,0.000,0.078950909235395,0.921049090764605
1173,25,H,NHB,0.178345189000,0.000094609000,0.000530482490335,-0.000530482490335,-0.000016410649160,NHB,-0.001,0.000,0.016410649160449,0.983589350839551
1174,25,H,NHB,0.178345189000,0.000262383000,0.001471208735549,-0.001471208735549,-0.000118632018941,NHB,-0.001,0.000,0.118632018941188,0.881367981058812
1175,25,H,NHB,0.178345189000,0.000222077000,0.001245208806838,-0.001245208806838,-0.000040247067487,NHB,-0.001,0.000,0.040247067486686,0.959752932513314
1176,25,H,NHB,0.178345189000,0.000039848000,0.000223431875137,-0.000223431875137,0.000107772405816,NHB,0.000,0.001,0.892227594183831,0.107772405816169
1177,25,H,NHB,0.178345189000,0.000267628000,0.001500617995364,-0.001500617995364,-0.000298529316564,NHB,-0.001,0.000,0.298529316563766,0.701470683436234
1178,25,H,NHB,0.178345189000,0.000274414000,0.001538667802247,-0.001538667802247,-0.000329944814941,NHB,-0.001,0.000,0.329944814941174,0.670055185058826
1179,26,H,NHB,0.070423299000,0.000054770000,0.000777725564944,-0.000777725564944,-0.000161933648064,NHB,-0.001,0.000,0.161933648064103,0.838066351935897
1180,26,H,NHB,0.070423299000,0.000113730000,0.001614948484592,-0.001614948484592,-0.000104195507026,NHB,-0.001,0.000,0.104195507025621,0.895804492974379
1181,26,H,NHB,0.180161591000,0.000284857000,0.001581119474017,-0.001581119474017,-0.000315987810626,NHB,-0.001,0.000,0.315987810626378,0.684012189373622
1182,26,H,NHB,0.180161591000,0.000186129000,0.001033122537201,-0.001033122537201,-0.000088855846100,NHB,-0.001,0.000,0.088855846100229,0.911144153899771
1183,26,H,NHB,0.151059761000,0.000254118000,0.001682234887158,-0.001682234887158,-0.000210929588797,NHB,-0.001,0.000,0.210929588796622,0.789070411203378
1184,26,H,NHB,0.151059761000,0.000240088000,0.001589357737697,-0.001589357737697,-0.000130287594269,NHB,-0.001,0.000,0.130287594269380,0.869712405730620
1185,26,H,NHB,0.151059761000,0.000225918000,0.001495553802710,-0.001495553802710,-0.000033418807244,NHB,-0.001,0.000,0.033418807243994,0.966581192756006
1186,26,H,NHB,0.151059761000,0.000168991000,0.001118702948299,-0.001118702948299,0.000032663209294,NHB,0.000,0.001,0.967336790706360,0.032663209293640
1187,26,H,NHB,0.151059761000,0.000048560000,0.000321462179462,-0.000321462179462,-0.000145068182655,NHB,-0.001,0.000,0.145068182655163,0.854931817344837
1188,26,H,NHB,0.151059761000,0.000006457000,0.000042744672421,-0.000042744672421,-0.000055119189167,NHB,-0.001,0.000,0.055119189166542,0.944880810833458
1189,26,H,NHB,0.151059761000,0.000226836000,0.001501630867799,-0.001501630867799,-0.000263740012988,NHB,-0.001,0.000,0.263740012988081,0.736259987011919
1190,26,H,NHB,0.151059761000,0.000164075000,0.001086159536556,-0.001086159536556,-0.000154621212334,NHB,-0.001,0.000,0.154621212333897,0.845378787666103
1191,26,H,NHB,0.182903957000,0.000042690000,0.000233401183333,-0.000233401183333,-0.000169660529532,NHB,-0.001,0.000,0.169660529532132,0.830339470467868
1192,26,H,NHB,0.182903957000,0.000279121000,0.001526052276715,-0.001526052276715,-0.000297237457688,NHB,-0.001,0.000,0.297237457687744,0.702762542312256
1193,26,H,NHB,0.182903957000,0.000272471000,0.001489694397372,-0.001489694397372,-0.000203189101953,NHB,-0.001,0.000,0.203189101953189,0.796810898046811
1194,26,H,NHB,0.182903957000,0.000071593000,0.000391424008394,-0.000391424008394,0.000010343625968,NHB,0.000,0.001,0.989656374031518,0.010343625968482
1195,26,H,NHB,0.182903957000,0.000232445000,0.001270858235177,-0.001270858235177,-0.000013310133070,NHB,-0.001,0.000,0.013310133070465,0.986689866929535
1196,26,H,NHB,0.182903957000,0.000303162000,0.001657492844728,-0.001657492844728,-0.000345026858752,NHB,-0.001,0.000,0.345026858752386,0.654973141247614
1197,26,H,NHB,0.182903957000,0.000299794000,0.001639078808995,-0.001639078808995,-0.000231666766738,NHB,-0.001,0.000,0.231666766738378,0.768333233261622
1198,26,H,NHB,0.176514367000,0.000283839000,0.001608022082418,-0.001608022082418,-0.000283488058916,NHB,-0.001,0.000,0.283488058915748,0.716511941084252
1199,26,H,NHB,0.176514367000,0.000252770000,0.001432008081246,-0.001432008081246,-0.000118965959750,NHB,-0.001,0.000,0.118965959750320,0.881034040249680
1200,26,H,NHB,0.176514367000,0.000177961000,0.001008195553850,-0.001008195553850,0.000078835753002,NHB,0.000,0.001,0.921164246997906,0.078835753002094
1201,26,H,NHB,0.176514367000,0.000000226000,0.000001280349038,-0.000001280349038,-0.000084953878330,NHB,-0.001,0.000,0.084953878330303,0.915046121669697
1202,26,H,NHB,0.176514367000,0.000299473000,0.001696592776496,-0.001696592776496,-0.000333819983485,NHB,-0.001,0.000,0.333819983484510,0.666180016515490
1203,26,H,NHB,0.176514367000,0.000221546000,0.001255115964583,-0.001255115964583,-0.000130780915756,NHB,-0.001,0.000,0.130780915755699,0.869219084244301
1204,26,H,NHB,0.176514367000,0.000259917000,0.001472497703261,-0.001472497703261,-0.000267546737581,NHB,-0.001,0.000,0.267546737580996,0.732453262419004
1205,26,H,NHB,0.178345189000,0.000202441000,0.001135107715185,-0.001135107715185,-0.000241628929861,NHB,-0.001,0.000,0.241628929861237,0.758371070138763
1206,26,H,NHB,0.178345189000,0.000010736000,0.000060197867182,-0.000060197867182,-0.000018977271062,NHB,-0.001,0.000,0.018977271061592,0.981022728938408
1207,26,H,NHB,0.178345189000,0.000056752000,0.000318214359009,-0.000318214359009,-0.000242769274480,NHB,-0.001,0.000,0.242769274479938,0.757230725520062
1208,26,H,NHB,0.178345189000,0.000289854000,0.001625241486049,-0.001625241486049,-0.000120773709682,NHB,-0.001,0.000,0.120773709682366,0.879226290317634
1209,26,H,NHB,0.178345189000,0.000153255000,0.000859316704080,-0.000859316704080,0.000041213582078,NHB,0.000,0.001,0.958786417922175,0.041213582077825
1210,26,H,NHB,0.178345189000,0.000097852000,0.000548666328196,-0.000548666328196,-0.000132722035410,NHB,-0.001,0.000,0.132722035410103,0.867277964589897
1211,26,H,NHB,0.178345189000,0.000294682000,0.001652312583548,-0.001652312583548,-0.000277903815512,NHB,-0.001,0.000,0.277903815512019,0.722096184487981
1212,26,H,NHB,0.178345189000,0.000072023000,0.000403840442256,-0.000403840442256,0.000144155183057,NHB,0.000,0.001,0.855844816942605,0.144155183057395
1213,26,H,NHB,0.178345189000,0.000295847000,0.001658844859561,-0.001658844859561,-0.000287131435049,NHB,-0.001,0.000,0.287131435048504,0.712868564951496
1214,27,H,NHB,0.070423299000,0.000078308000,0.001111961539888,-0.001111961539888,-0.000175553061473,NHB,-0.001,0.000,0.175553061473460,0.824446938526540
1215,27,H,NHB,0.070423299000,0.000100773000,0.001430961080082,-0.001430961080082,-0.000068568741002,NHB,-0.001,0.000,0.068568741001538,0.931431258998462
1216,27,H,NHB,0.180161591000,0.000278122000,0.001543736367204,-0.001543736367204,-0.000155849686050,NHB,-0.001,0.000,0.155849686050411,0.844150313949589
1217,27,H,NHB,0.180161591000,0.000256999000,0.001426491621069,-0.001426491621069,-0.000140437681825,NHB,-0.001,0.000,0.140437681824625,0.859562318175375
1218,27,H,NHB,0.151059761000,0.000226678000,0.001500584924135,-0.001500584924135,-0.000147938748877,NHB,-0.001,0.000,0.147938748877247,0.852061251122753
1219,27,H,NHB,0.151059761000,0.000230690000,0.001527143949341,-0.001527143949341,-0.000151529071310,NHB,-0.001,0.000,0.151529071309983,0.848470928690017
1220,27,H,NHB,0.151059761000,0.000162916000,0.001078487076383,-0.001078487076383,0.000037674496562,NHB,0.000,0.001,0.962325503438024,0.037674496561976
1221,27,H,NHB,0.151059761000,0.000164669000,0.001090091755143,-0.001090091755143,0.000041040432592,NHB,0.000,0.001,0.958959567407915,0.041040432592085
1222,27,H,NHB,0.151059761000,0.000217894000,0.001442435752298,-0.001442435752298,-0.000236140435433,NHB,-0.001,0.000,0.236140435433411,0.763859564566589
1223,27,H,NHB,0.151059761000,0.000225996000,0.001496070154646,-0.001496070154646,-0.000209738303839,NHB,-0.001,0.000,0.209738303838784,0.790261696161216
1224,27,H,NHB,0.151059761000,0.000066329000,0.000439091122354,-0.000439091122354,-0.000112722436185,NHB,-0.001,0.000,0.112722436185101,0.887277563814899
1225,27,H,NHB,0.151059761000,0.000063988000,0.000423593944386,-0.000423593944386,-0.000075594322609,NHB,-0.001,0.000,0.075594322609104,0.924405677390896
1226,27,H,NHB,0.182903957000,0.000183942000,0.001005675344684,-0.001005675344684,-0.000045973090058,NHB,-0.001,0.000,0.045973090058286,0.954026909941714
1227,27,H,NHB,0.182903957000,0.000168343000,0.000920390147710,-0.000920390147710,-0.000074269388142,NHB,-0.001,0.000,0.074269388141654,0.925730611858346
1228,27,H,NHB,0.182903957000,0.000001076000,0.000005882868898,-0.000005882868898,0.000060335071807,NHB,0.000,0.001,0.939664928192720,0.060335071807280
1229,27,H,NHB,0.182903957000,0.000214434000,0.001172385789335,-0.001172385789335,-0.000061096510429,NHB,-0.001,0.000,0.061096510428899,0.938903489571101
1230,27,H,NHB,0.182903957000,0.000216506000,0.001183714139110,-0.001183714139110,0.000003552592320,NHB,0.000,0.001,0.996447407680306,0.003552592319694
1231,27,H,NHB,0.182903957000,0.000006882000,0.000037626304608,-0.000037626304608,0.000048548160706,NHB,0.000,0.001,0.951451839294267,0.048548160705733
1232,27,H,NHB,0.182903957000,0.000045956000,0.000251257549338,-0.000251257549338,0.000172153205220,NHB,0.000,0.001,0.827846794779970,0.172153205220030
1233,27,H,NHB,0.182903957000,0.000275155000,0.001504368765516,-0.001504368765516,-0.000299622523787,NHB,-0.001,0.000,0.299622523787340,0.700377476212660
1234,27,H,NHB,0.182903957000,0.000279427000,0.001527725285900,-0.001527725285900,-0.000290342514191,NHB,-0.001,0.000,0.290342514190595,0.709657485809405
1235,27,H,NHB,0.176514367000,0.000274819000,0.001556921426118,-0.001556921426118,-0.000189350416645,NHB,-0.001,0.000,0.189350416644570,0.810649583355430
1236,27,H,NHB,0.176514367000,0.000272837000,0.001545692878359,-0.001545692878359,-0.000180876169936,NHB,-0.001,0.000,0.180876169936099,0.819123830063901
1237,27,H,NHB,0.176514367000,0.000025877000,0.000146599964863,-0.000146599964863,0.000131943514586,NHB,0.000,0.001,0.868056485413842,0.131943514586158
1238,27,H,NHB,0.176514367000,0.000040554000,0.000229749003944,-0.000229749003944,0.000178616500426,NHB,0.000,0.001,0.821383499574241,0.178616500425759
1239,27,H,NHB,0.176514367000,0.000272010000,0.001541007707322,-0.001541007707322,-0.000231782695123,NHB,-0.001,0.000,0.231782695122903,0.768217304877097
1240,27,H,NHB,0.176514367000,0.000278547000,0.001578041519986,-0.001578041519986,-0.000206745244321,NHB,-0.001,0.000,0.206745244321382,0.793254755678618
1241,27,H,NHB,0.176514367000,0.000131872000,0.000747089328995,-0.000747089328995,-0.000004815348955,NHB,-0.001,0.000,0.004815348954911,0.995184651045089
1242,27,H,NHB,0.176514367000,0.000122760000,0.000695467468662,-0.000695467468662,0.000000755934434,NHB,0.000,0.001,0.999244065566486,0.000755934433514
1243,27,H,NHB,0.178345189000,0.000146050000,0.000818917520674,-0.000818917520674,-0.000101604858085,NHB,-0.001,0.000,0.101604858085409,0.898395141914591
1244,27,H,NHB,0.178345189000,0.000142320000,0.000798003023227,-0.000798003023227,-0.000077065318564,NHB,-0.001,0.000,0.077065318564393,0.922934681435607
1245,27,H,NHB,0.178345189000,0.000005187000,0.000029084047790,-0.000029084047790,0.000108903579520,NHB,0.000,0.001,0.891096420480037,0.108903579519963
1246,27,H,NHB,0.178345189000,0.000213915000,0.001199443625025,-0.001199443625025,-0.000026951379795,NHB,-0.001,0.000,0.026951379795259,0.973048620204741
1247,27,H,NHB,0.178345189000,0.000223546000,0.001253445642428,-0.001253445642428,0.000008087573508,NHB,0.000,0.001,0.991912426491735,0.008087573508265
1248,27,H,NHB,0.178345189000,0.000267411000,0.001499401253824,-0.001499401253824,-0.000275176648350,NHB,-0.001,0.000,0.275176648349896,0.724823351650104
1249,27,H,NHB,0.178345189000,0.000037950000,0.000212789591986,-0.000212789591986,0.000178903460687,NHB,0.000,0.001,0.821096539313203,0.178903460686797
1250,27,H,NHB,0.178345189000,0.000271626000,0.001523035196649,-0.001523035196649,-0.000308833778035,NHB,-0.001,0.000,0.308833778034501,0.691166221965499
1251,28,H,NHB,0.070423299000,0.000046000000,0.000653192915600,-0.000653192915600,-0.000102013674446,NHB,-0.001,0.000,0.102013674446143,0.897986325553857
1252,28,H,NHB,0.070423299000,0.000101541000,0.001441866561804,-0.001441866561804,-0.000058852547014,NHB,-0.001,0.000,0.058852547013634,0.941147452986366
1253,28,H,NHB,0.180161591000,0.000153608000,0.000852612363975,-0.000852612363975,-0.000056199398709,NHB,-0.001,0.000,0.056199398708582,0.943800601291418
1254,28,H,NHB,0.180161591000,0.000262730000,0.001458301952940,-0.001458301952940,-0.000239316675061,NHB,-0.001,0.000,0.239316675060628,0.760683324939372
1255,28,H,NHB,0.151059761000,0.000150262000,0.000994718904659,-0.000994718904659,0.000072272204869,NHB,0.000,0.001,0.927727795131405,0.072272204868595
1256,28,H,NHB,0.151059761000,0.000202277000,0.001339052826914,-0.001339052826914,-0.000006511191055,NHB,-0.001,0.000,0.006511191054592,0.993488808945408
1257,28,H,NHB,0.151059761000,0.000214550000,0.001420298818029,-0.001420298818029,-0.000073870918681,NHB,-0.001,0.000,0.073870918680675,0.926129081319325
1258,28,H,NHB,0.151059761000,0.000219430000,0.001452603913494,-0.001452603913494,-0.000169562425612,NHB,-0.001,0.000,0.169562425611796,0.830437574388204
1259,28,H,NHB,0.151059761000,0.000141195000,0.000934696302081,-0.000934696302081,-0.000104514481793,NHB,-0.001,0.000,0.104514481792862,0.895485518207138
1260,28,H,NHB,0.151059761000,0.000196297000,0.001299465845176,-0.001299465845176,-0.000190270718821,NHB,-0.001,0.000,0.190270718821421,0.809729281178579
1261,28,H,NHB,0.151059761000,0.000004197000,0.000027783706079,-0.000027783706079,-0.000014093611222,NHB,-0.001,0.000,0.014093611221714,0.985906388778286
1262,28,H,NHB,0.151059761000,0.000040312000,0.000266861272209,-0.000266861272209,-0.000075095683222,NHB,-0.001,0.000,0.075095683221990,0.924904316778010
1263,28,H,NHB,0.151059761000,0.000115042000,0.000761566145997,-0.000761566145997,-0.000020072081833,NHB,-0.001,0.000,0.020072081832565,0.979927918167435
1264,28,H,NHB,0.182903957000,0.000253062000,0.001383578595842,-0.001383578595842,-0.000148306538535,NHB,-0.001,0.000,0.148306538535148,0.851693461464852
1265,28,H,NHB,0.182903957000,0.000043703000,0.000238939609163,-0.000238939609163,-0.000006157822690,NHB,-0.001,0.000,0.006157822690135,0.993842177309865
1266,28,H,NHB,0.182903957000,0.000214750000,0.001174113472023,-0.001174113472023,0.000042343861643,NHB,0.000,0.001,0.957656138357025,0.042343861642975
1267,28,H,NHB,0.182903957000,0.000057445000,0.000314071936672,-0.000314071936672,0.000046712358483,NHB,0.000,0.001,0.953287641516959,0.046712358483041
1268,28,H,NHB,0.182903957000,0.000259684000,0.001419783389377,-0.001419783389377,-0.000129442712898,NHB,-0.001,0.000,0.129442712898134,0.870557287101866
1269,28,H,NHB,0.182903957000,0.000000299000,0.000001634737733,-0.000001634737733,0.000226910292121,NHB,0.000,0.001,0.773089707879363,0.226910292120637
1270,28,H,NHB,0.182903957000,0.000264542000,0.001446343777024,-0.001446343777024,-0.000173832835605,NHB,-0.001,0.000,0.173832835605024,0.826167164394976
1271,28,H,NHB,0.182903957000,0.000267073000,0.001460181640575,-0.001460181640575,-0.000286587720126,NHB,-0.001,0.000,0.286587720126264,0.713412279873736
1272,28,H,NHB,0.176514367000,0.000002319000,0.000013137740794,-0.000013137740794,0.000203286882772,NHB,0.000,0.001,0.796713117227721,0.203286882772279
1273,28,H,NHB,0.176514367000,0.000164425000,0.000931510577833,-0.000931510577833,0.000095063950503,NHB,0.000,0.001,0.904936049496940,0.095063950503060
1274,28,H,NHB,0.176514367000,0.000220101000,0.001246929662105,-0.001246929662105,-0.000067068891728,NHB,-0.001,0.000,0.067068891728407,0.932931108271593
1275,28,H,NHB,0.176514367000,0.000248128000,0.001405709938614,-0.001405709938614,-0.000243597976149,NHB,-0.001,0.000,0.243597976149015,0.756402023850985
1276,28,H,NHB,0.176514367000,0.000189589000,0.001074071211439,-0.001074071211439,-0.000093128535210,NHB,-0.001,0.000,0.093128535209885,0.906871464790115
1277,28,H,NHB,0.176514367000,0.000262508000,0.001487176395109,-0.001487176395109,-0.000255855708275,NHB,-0.001,0.000,0.255855708275048,0.744144291724952
1278,28,H,NHB,0.176514367000,0.000000173000,0.000000980090193,-0.000000980090193,-0.000002209738085,NHB,-0.001,0.000,0.002209738085430,0.997790261914570
1279,28,H,NHB,0.176514367000,0.000249939000,0.001415969726702,-0.001415969726702,-0.000110013185879,NHB,-0.001,0.000,0.110013185878973,0.889986814121027
1280,28,H,NHB,0.178345189000,0.000006776000,0.000037993735844,-0.000037993735844,0.000002732800177,NHB,0.000,0.001,0.997267199822523,0.002732800177477
1281,28,H,NHB,0.178345189000,0.000179426000,0.001006060219544,-0.001006060219544,-0.000129238134209,NHB,-0.001,0.000,0.129238134208758,0.870761865791242
1282,28,H,NHB,0.178345189000,0.000116638000,0.000654001381557,-0.000654001381557,-0.000026356219651,NHB,-0.001,0.000,0.026356219651418,0.973643780348582
1283,28,H,NHB,0.178345189000,0.000131529000,0.000737496765332,-0.000737496765332,0.000084841886177,NHB,0.000,0.001,0.915158113823054,0.084841886176946
1284,28,H,NHB,0.178345189000,0.000253441000,0.001421070012716,-0.001421070012716,-0.000091117753034,NHB,-0.001,0.000,0.091117753034302,0.908882246965698
1285,28,H,NHB,0.178345189000,0.000209800000,0.001176370392587,-0.001176370392587,-0.000006792885463,NHB,-0.001,0.000,0.006792885463021,0.993207114536979
1286,28,H,NHB,0.178345189000,0.000067013000,0.000375748851852,-0.000375748851852,0.000160060424520,NHB,0.000,0.001,0.839939575479918,0.160060424520082
1287,28,H,NHB,0.178345189000,0.000257267000,0.001442522792134,-0.001442522792134,-0.000217972760436,NHB,-0.001,0.000,0.217972760435668,0.782027239564332
1288,28,H,NHB,0.178345189000,0.000264706000,0.001484234037847,-0.001484234037847,-0.000222699159001,NHB,-0.001,0.000,0.222699159000878,0.777300840999122
1289,29,H,NHB,0.070423299000,0.000078218000,0.001110683553748,-0.001110683553748,-0.000156051638898,NHB,-0.001,0.000,0.156051638897573,0.843948361102427
1290,29,H,NHB,0.070423299000,0.000098187000,0.001394240278349,-0.001394240278349,-0.000050587488374,NHB,-0.001,0.000,0.050587488374032,0.949412511625969
1291,29,H,NHB,0.180161591000,0.000246919000,0.001370541848734,-0.001370541848734,-0.000124496662956,NHB,-0.001,0.000,0.124496662955662,0.875503337044338
1292,29,H,NHB,0.180161591000,0.000272395000,0.001511948237624,-0.001511948237624,-0.000170194771886,NHB,-0.001,0.000,0.170194771885989,0.829805228114010
1293,29,H,NHB,0.151059761000,0.000153283000,0.001014717612323,-0.001014717612323,0.000056021327731,NHB,0.000,0.001,0.943978672269318,0.056021327730682
1294,29,H,NHB,0.151059761000,0.000157525000,0.001042799213750,-0.001042799213750,0.000058519137867,NHB,0.000,0.001,0.941480862132860,0.058519137867140
1295,29,H,NHB,0.151059761000,0.000225403000,0.001492144555955,-0.001492144555955,-0.000132867074511,NHB,-0.001,0.000,0.132867074511018,0.867132925488982
1296,29,H,NHB,0.151059761000,0.000221537000,0.001466552035654,-0.001466552035654,-0.000131399327249,NHB,-0.001,0.000,0.131399327249480,0.868600672750520
1297,29,H,NHB,0.151059761000,0.000067498000,0.000446829781493,-0.000446829781493,-0.000056629430817,NHB,-0.001,0.000,0.056629430816900,0.943370569183100
1298,29,H,NHB,0.151059761000,0.000070851000,0.000469026294832,-0.000469026294832,-0.000100776611594,NHB,-0.001,0.000,0.100776611594229,0.899223388405772
1299,29,H,NHB,0.151059761000,0.000219627000,0.001453908033126,-0.001453908033126,-0.000188257739380,NHB,-0.001,0.000,0.188257739379516,0.811742260620484
1300,29,H,NHB,0.151059761000,0.000213386000,0.001412593258373,-0.001412593258373,-0.000224267188369,NHB,-0.001,0.000,0.224267188369408,0.775732811630592
1301,29,H,NHB,0.182903957000,0.000001540000,0.000008419719427,-0.000008419719427,0.000014864764176,NHB,0.000,0.001,0.985135235823506,0.014864764176494
1302,29,H,NHB,0.182903957000,0.000168145000,0.000919307612355,-0.000919307612355,-0.000060394571713,NHB,-0.001,0.000,0.060394571712754,0.939605428287246
1303,29,H,NHB,0.182903957000,0.000182097000,0.000995588083422,-0.000995588083422,-0.000089948689543,NHB,-0.001,0.000,0.089948689542566,0.910051310457434
1304,29,H,NHB,0.182903957000,0.000041624000,0.000227572987937,-0.000227572987937,0.000176409550263,NHB,0.000,0.001,0.823590449737361,0.176409550262639
1305,29,H,NHB,0.182903957000,0.000003064000,0.000016751961249,-0.000016751961249,0.000080860210123,NHB,0.000,0.001,0.919139789876560,0.080860210123440
1306,29,H,NHB,0.182903957000,0.000206147000,0.001127077857588,-0.001127077857588,0.000013758413015,NHB,0.000,0.001,0.986241586985443,0.013758413014557
1307,29,H,NHB,0.182903957000,0.000211136000,0.001154354468121,-0.001154354468121,-0.000061292430725,NHB,-0.001,0.000,0.061292430725024,0.938707569274976
1308,29,H,NHB,0.182903957000,0.000272473000,0.001489705332072,-0.001489705332072,-0.000270206974208,NHB,-0.001,0.000,0.270206974207762,0.729793025792238
1309,29,H,NHB,0.182903957000,0.000265601000,0.001452133700967,-0.001452133700967,-0.000289243016201,NHB,-0.001,0.000,0.289243016200911,0.710756983799089
1310,29,H,NHB,0.176514367000,0.000033555000,0.000190097840591,-0.000190097840591,0.000185545897749,NHB,0.000,0.001,0.814454102251176,0.185545897748824
1311,29,H,NHB,0.176514367000,0.000014895000,0.000084384066029,-0.000084384066029,0.000162530646037,NHB,0.000,0.001,0.837469353962832,0.162530646037168
1312,29,H,NHB,0.176514367000,0.000264364000,0.001497691119953,-0.001497691119953,-0.000162037413225,NHB,-0.001,0.000,0.162037413224507,0.837962586775494
1313,29,H,NHB,0.176514367000,0.000264724000,0.001499730613996,-0.001499730613996,-0.000181758245517,NHB,-0.001,0.000,0.181758245516975,0.818241754483025
1314,29,H,NHB,0.176514367000,0.000000003000,0.000000016995784,-0.000000016995784,0.000046076184710,NHB,0.000,0.001,0.953923815289938,0.046076184710062
1315,29,H,NHB,0.176514367000,0.000000000000,0.000000000000000,-0.000000000000000,-0.000020548450686,NHB,-0.001,0.000,0.020548450686249,0.979451549313751
1316,29,H,NHB,0.176514367000,0.000270826000,0.001534300038025,-0.001534300038025,-0.000186671199803,NHB,-0.001,0.000,0.186671199803293,0.813328800196707
1317,29,H,NHB,0.176514367000,0.000264815000,0.001500246152768,-0.001500246152768,-0.000235410117124,NHB,-0.001,0.000,0.235410117124038,0.764589882875962
1318,29,H,NHB,0.176514367000,0.000118191000,0.000669582890100,-0.000669582890100,0.000006999892313,NHB,0.000,0.001,0.993000107686757,0.006999892313243
1319,29,H,NHB,0.176514367000,0.000132489000,0.000750584795174,-0.000750584795174,-0.000050884638212,NHB,-0.001,0.000,0.050884638211789,0.949115361788211
1320,29,H,NHB,0.178345189000,0.000142688000,0.000800066437452,-0.000800066437452,-0.000058856860782,NHB,-0.001,0.000,0.058856860782345,0.941143139217655
1321,29,H,NHB,0.178345189000,0.000146624000,0.000822135998297,-0.000822135998297,-0.000117967474834,NHB,-0.001,0.000,0.117967474833799,0.882032525166201
1322,29,H,NHB,0.178345189000,0.000005499000,0.000030833464198,-0.000030833464198,0.000032029828437,NHB,0.000,0.001,0.967970171563190,0.032029828436810
1323,29,H,NHB,0.178345189000,0.000213152000,0.001195165404770,-0.001195165404770,0.000021302931942,NHB,0.000,0.001,0.978697068058236,0.021302931941764
1324,29,H,NHB,0.178345189000,0.000208783000,0.001170667967948,-0.001170667967948,-0.000005020429738,NHB,-0.001,0.000,0.005020429738310,0.994979570261690
1325,29,H,NHB,0.178345189000,0.000031344000,0.000175749063800,-0.000175749063800,0.000192571893798,NHB,0.000,0.001,0.807428106202355,0.192571893797645
1326,29,H,NHB,0.178345189000,0.000260949000,0.001463168148595,-0.001463168148595,-0.000257526799386,NHB,-0.001,0.000,0.257526799385763,0.742473200614237
1327,29,H,NHB,0.178345189000,0.000263326000,0.001476496234502,-0.001476496234502,-0.000291079353730,NHB,-0.001,0.000,0.291079353729883,0.708920646270117
1328,30,H,NHB,0.070423299000,0.000078177000,0.001110101360063,-0.001110101360063,-0.000160865192402,NHB,-0.001,0.000,0.160865192402463,0.839134807597537
1329,30,H,NHB,0.070423299000,0.000097945000,0.001390803915619,-0.001390803915619,-0.000046829187461,NHB,-0.001,0.000,0.046829187461315,0.953170812538685
1330,30,H,NHB,0.180161591000,0.000271570000,0.001507369015186,-0.001507369015186,-0.000170098123957,NHB,-0.001,0.000,0.170098123957433,0.829901876042567
1331,30,H,NHB,0.180161591000,0.000247182000,0.001372001649342,-0.001372001649342,-0.000127459282035,NHB,-0.001,0.000,0.127459282035119,0.872540717964881
1332,30,H,NHB,0.151059761000,0.000220880000,0.001462202763580,-0.001462202763580,-0.000128961807976,NHB,-0.001,0.000,0.128961807976095,0.871038192023905
1333,30,H,NHB,0.151059761000,0.000224678000,0.001487345130911,-0.001487345130911,-0.000129570048078,NHB,-0.001,0.000,0.129570048078139,0.870429951921861
1334,30,H,NHB,0.151059761000,0.000157156000,0.001040356471900,-0.001040356471900,0.000061806171147,NHB,0.000,0.001,0.938193828853191,0.061806171146809
1335,30,H,NHB,0.151059761000,0.000152399000,0.001008865623718,-0.001008865623718,0.000061795175083,NHB,0.000,0.001,0.938204824917320,0.061795175082680
1336,30,H,NHB,0.151059761000,0.000213041000,0.001410309394042,-0.001410309394042,-0.000227070377431,NHB,-0.001,0.000,0.227070377430774,0.772929622569226
1337,30,H,NHB,0.151059761000,0.000218925000,0.001449260865705,-0.001449260865705,-0.000193402351369,NHB,-0.001,0.000,0.193402351369165,0.806597648630835
1338,30,H,NHB,0.151059761000,0.000071126000,0.000470846766400,-0.000470846766400,-0.000105616122329,NHB,-0.001,0.000,0.105616122328733,0.894383877671267
1339,30,H,NHB,0.151059761000,0.000068024000,0.000450311847111,-0.000450311847111,-0.000063376165396,NHB,-0.001,0.000,0.063376165395585,0.936623834604415
1340,30,H,NHB,0.182903957000,0.000182320000,0.000996807302534,-0.000996807302534,-0.000092199892842,NHB,-0.001,0.000,0.092199892841560,0.907800107158440
1341,30,H,NHB,0.182903957000,0.000168078000,0.000918941299887,-0.000918941299887,-0.000069369138390,NHB,-0.001,0.000,0.069369138389569,0.930630861610431
1342,30,H,NHB,0.182903957000,0.000001660000,0.000009075801460,-0.000009075801460,0.000009182792646,NHB,0.000,0.001,0.990817207353798,0.009182792646202
1343,30,H,NHB,0.182903957000,0.000210776000,0.001152386222021,-0.001152386222021,-0.000060719346708,NHB,-0.001,0.000,0.060719346707756,0.939280653292244
1344,30,H,NHB,0.182903957000,0.000205476000,0.001123409265552,-0.001123409265552,0.000015192521411,NHB,0.000,0.001,0.984807478588950,0.015192521411050
1345,30,H,NHB,0.182903957000,0.000003272000,0.000017889170107,-0.000017889170107,0.000081410736139,NHB,0.000,0.001,0.918589263861343,0.081410736138657
1346,30,H,NHB,0.182903957000,0.000040792000,0.000223024152506,-0.000223024152506,0.000181947198500,NHB,0.000,0.001,0.818052801500408,0.181947198499592
1347,30,H,NHB,0.182903957000,0.000265131000,0.001449564046337,-0.001449564046337,-0.000288627280820,NHB,-0.001,0.000,0.288627280820298,0.711372719179702
1348,30,H,NHB,0.182903957000,0.000271821000,0.001486140619691,-0.001486140619691,-0.000270926048135,NHB,-0.001,0.000,0.270926048135227,0.729073951864773
1349,30,H,NHB,0.176514367000,0.000263856000,0.001494813167248,-0.001494813167248,-0.000180384010539,NHB,-0.001,0.000,0.180384010539064,0.819615989460936
1350,30,H,NHB,0.176514367000,0.000264043000,0.001495872571098,-0.001495872571098,-0.000160951717567,NHB,-0.001,0.000,0.160951717567258,0.839048282432742
1351,30,H,NHB,0.176514367000,0.000014699000,0.000083273674828,-0.000083273674828,0.000164892012084,NHB,0.000,0.001,0.835107987915523,0.164892012084477
1352,30,H,NHB,0.176514367000,0.000032877000,0.000186256793477,-0.000186256793477,0.000193935595448,NHB,0.000,0.001,0.806064404551731,0.193935595448269
1353,30,H,NHB,0.176514367000,0.000264530000,0.001498631553317,-0.001498631553317,-0.000236391691264,NHB,-0.001,0.000,0.236391691264034,0.763608308735966
1354,30,H,NHB,0.176514367000,0.000269862000,0.001528838726198,-0.001528838726198,-0.000191843618676,NHB,-0.001,0.000,0.191843618675530,0.808156381324470
1355,30,H,NHB,0.176514367000,0.000000000000,0.000000000000000,-0.000000000000000,-0.000026359499438,NHB,-0.001,0.000,0.026359499437613,0.973640500562387
1356,30,H,NHB,0.176514367000,0.000000003000,0.000000016995784,-0.000000016995784,0.000038118521412,NHB,0.000,0.001,0.961881478588134,0.038118521411866
1357,30,H,NHB,0.176514367000,0.000132629000,0.000751377931746,-0.000751377931746,-0.000051539216020,NHB,-0.001,0.000,0.051539216019528,0.948460783980473
1358,30,H,NHB,0.176514367000,0.000118018000,0.000668602799907,-0.000668602799907,0.000004017770354,NHB,0.000,0.001,0.995982229646382,0.004017770353618
1359,30,H,NHB,0.178345189000,0.000147205000,0.000825393725647,-0.000825393725647,-0.000121424938059,NHB,-0.001,0.000,0.121424938058961,0.878575061941039
1360,30,H,NHB,0.178345189000,0.000143254000,0.000803240058245,-0.000803240058245,-0.000068746156085,NHB,-0.001,0.000,0.068746156085191,0.931253843914809
1361,30,H,NHB,0.178345189000,0.000005738000,0.000032173562024,-0.000032173562024,0.000028395669390,NHB,0.000,0.001,0.971604330610235,0.028395669389765
1362,30,H,NHB,0.178345189000,0.000208119000,0.001166944850977,-0.001166944850977,-0.000003715648588,NHB,-0.001,0.000,0.003715648588115,0.996284351411885
1363,30,H,NHB,0.178345189000,0.000211468000,0.001185723041848,-0.001185723041848,0.000026143144210,NHB,0.000,0.001,0.973856855789976,0.026143144210024
1364,30,H,NHB,0.178345189000,0.000260280000,0.001459416996104,-0.001459416996104,-0.000255811881609,NHB,-0.001,0.000,0.255811881608853,0.744188118391147
1365,30,H,NHB,0.178345189000,0.000030962000,0.000173607150121,-0.000173607150121,0.000198745061797,NHB,0.000,0.001,0.801254938203237,0.198745061796763
1366,30,H,NHB,0.178345189000,0.000262416000,0.001471393769977,-0.001471393769977,-0.000292677836562,NHB,-0.001,0.000,0.292677836562245,0.707322163437755
1367,31,H,NHB,0.070423299000,0.000046467000,0.000659824243678,-0.000659824243678,-0.000107004165781,NHB,-0.001,0.000,0.107004165780544,0.892995834219456
1368,31,H,NHB,0.070423299000,0.000102889000,0.001461007954200,-0.001461007954200,-0.000069062530293,NHB,-0.001,0.000,0.069062530292925,0.930937469707075
1369,31,H,NHB,0.180161591000,0.000266413000,0.001478744712018,-0.001478744712018,-0.000257485509890,NHB,-0.001,0.000,0.257485509890324,0.742514490109676
1370,31,H,NHB,0.180161591000,0.000156232000,0.000867177066615,-0.000867177066615,-0.000043538206705,NHB,-0.001,0.000,0.043538206704594,0.956461793295406
1371,31,H,NHB,0.151059761000,0.000222788000,0.001474833526315,-0.001474833526315,-0.000181799777316,NHB,-0.001,0.000,0.181799777315788,0.818200222684212
1372,31,H,NHB,0.151059761000,0.000217583000,0.001440376964452,-0.001440376964452,-0.000081236868054,NHB,-0.001,0.000,0.081236868054192,0.918763131945808
1373,31,H,NHB,0.151059761000,0.000205352000,0.001359409008995,-0.001359409008995,-0.000018347323111,NHB,-0.001,0.000,0.018347323111081,0.981652676888919
1374,31,H,NHB,0.151059761000,0.000152532000,0.001009746069968,-0.001009746069968,0.000064167425160,NHB,0.000,0.001,0.935832574839668,0.064167425160332
1375,31,H,NHB,0.151059761000,0.000040445000,0.000267741718458,-0.000267741718458,-0.000084709741819,NHB,-0.001,0.000,0.084709741819490,0.915290258180510
1376,31,H,NHB,0.151059761000,0.000004157000,0.000027518910215,-0.000027518910215,-0.000014922801289,NHB,-0.001,0.000,0.014922801288867,0.985077198711133
1377,31,H,NHB,0.151059761000,0.000198980000,0.001317227027785,-0.001317227027785,-0.000199565025222,NHB,-0.001,0.000,0.199565025222463,0.800434974777537
1378,31,H,NHB,0.151059761000,0.000143133000,0.000947525661715,-0.000947525661715,-0.000102406367878,NHB,-0.001,0.000,0.102406367878452,0.897593632121548
1379,31,H,NHB,0.151059761000,0.000116936000,0.000774104230179,-0.000774104230179,-0.000055238807716,NHB,-0.001,0.000,0.055238807715805,0.944761192284195
1380,31,H,NHB,0.182903957000,0.000043827000,0.000239617560598,-0.000239617560598,-0.000027965272109,NHB,-0.001,0.000,0.027965272109007,0.972034727890993
1381,31,H,NHB,0.182903957000,0.000256718000,0.001403567228455,-0.001403567228455,-0.000169986515401,NHB,-0.001,0.000,0.169986515401258,0.830013484598742
1382,31,H,NHB,0.182903957000,0.000263402000,0.001440110997708,-0.001440110997708,-0.000150772342240,NHB,-0.001,0.000,0.150772342240499,0.849227657759501
1383,31,H,NHB,0.182903957000,0.000059302000,0.000324224806137,-0.000324224806137,0.000049336588634,NHB,0.000,0.001,0.950663411366114,0.049336588633886
1384,31,H,NHB,0.182903957000,0.000218004000,0.001191904229825,-0.001191904229825,0.000021550055538,NHB,0.000,0.001,0.978449944462396,0.021550055537604
1385,31,H,NHB,0.182903957000,0.000271061000,0.001481985433481,-0.001481985433481,-0.000297652603196,NHB,-0.001,0.000,0.297652603196069,0.702347396803931
1386,31,H,NHB,0.182903957000,0.000267869000,0.001464533651396,-0.001464533651396,-0.000173382115976,NHB,-0.001,0.000,0.173382115975594,0.826617884024406
1387,31,H,NHB,0.182903957000,0.000000430000,0.000002350960619,-0.000002350960619,0.000217508914638,NHB,0.000,0.001,0.782491085361630,0.217508914638370
1388,31,H,NHB,0.176514367000,0.000252090000,0.001428155703609,-0.001428155703609,-0.000258391771282,NHB,-0.001,0.000,0.258391771281744,0.741608228718256
1389,31,H,NHB,0.176514367000,0.000223848000,0.001268157395936,-0.001268157395936,-0.000067258626234,NHB,-0.001,0.000,0.067258626233737,0.932741373766263
1390,31,H,NHB,0.176514367000,0.000167467000,0.000948744302496,-0.000948744302496,0.000081429920151,NHB,0.000,0.001,0.918570079848692,0.081429920151308
1391,31,H,NHB,0.176514367000,0.000002519000,0.000014270793040,-0.000014270793040,0.000197804403594,NHB,0.000,0.001,0.802195596406204,0.197804403593796
1392,31,H,NHB,0.176514367000,0.000000155000,0.000000878115491,-0.000000878115491,-0.000015894198297,NHB,-0.001,0.000,0.015894198297073,0.984105801702927
1393,31,H,NHB,0.176514367000,0.000266194000,0.001508058548005,-0.001508058548005,-0.000269776927732,NHB,-0.001,0.000,0.269776927732188,0.730223072267812
1394,31,H,NHB,0.176514367000,0.000192146000,0.001088557284405,-0.001088557284405,-0.000081305734889,NHB,-0.001,0.000,0.081305734889273,0.918694265110727
1395,31,H,NHB,0.176514367000,0.000253896000,0.001438387165391,-0.001438387165391,-0.000137306337971,NHB,-0.001,0.000,0.137306337970517,0.862693662029483
1396,31,H,NHB,0.178345189000,0.000181513000,0.001017762245328,-0.001017762245328,-0.000144863805203,NHB,-0.001,0.000,0.144863805202963,0.855136194797037
1397,31,H,NHB,0.178345189000,0.000006818000,0.000038229234207,-0.000038229234207,0.000015887950300,NHB,0.000,0.001,0.984112049699870,0.015887950300130
1398,31,H,NHB,0.178345189000,0.000118172000,0.000662602678898,-0.000662602678898,-0.000056726156912,NHB,-0.001,0.000,0.056726156912395,0.943273843087605
1399,31,H,NHB,0.178345189000,0.000257476000,0.001443694676844,-0.001443694676844,-0.000107245590387,NHB,-0.001,0.000,0.107245590387019,0.892754409612981
1400,31,H,NHB,0.178345189000,0.000134993000,0.000756919773148,-0.000756919773148,0.000080263070816,NHB,0.000,0.001,0.919736929184450,0.080263070815550
1401,31,H,NHB,0.178345189000,0.000212926000,0.001193898199295,-0.001193898199295,-0.000035833658125,NHB,-0.001,0.000,0.035833658125225,0.964166341874775
1402,31,H,NHB,0.178345189000,0.000260893000,0.001462854150778,-0.001462854150778,-0.000226339683431,NHB,-0.001,0.000,0.226339683430673,0.773660316569327
1403,31,H,NHB,0.178345189000,0.000068428000,0.000383682903832,-0.000383682903832,0.000151376583680,NHB,0.000,0.001,0.848623416319640,0.151376583680360
1404,31,H,NHB,0.178345189000,0.000268610000,0.001506124171367,-0.001506124171367,-0.000227395400779,NHB,-0.001,0.000,0.227395400778709,0.772604599221291
1405,32,H,NHB,0.070423299000,0.000081022000,0.001150499921908,-0.001150499921908,-0.000167985026352,NHB,-0.001,0.000,0.167985026352272,0.832014973647728
1406,32,H,NHB,0.070423299000,0.000102075000,0.001449449279563,-0.001449449279563,-0.000052836339098,NHB,-0.001,0.000,0.052836339098149,0.947163660901851
1407,32,H,NHB,0.180161591000,0.000257959000,0.001431820170815,-0.001431820170815,-0.000140211296177,NHB,-0.001,0.000,0.140211296177005,0.859788703822995
1408,32,H,NHB,0.180161591000,0.000280086000,0.001554637691893,-0.001554637691893,-0.000152249497541,NHB,-0.001,0.000,0.152249497540521,0.847750502459479
1409,32,H,NHB,0.151059761000,0.000160423000,0.001061983674130,-0.001061983674130,0.000052690182316,NHB,0.000,0.001,0.947309817684351,0.052690182315649
1410,32,H,NHB,0.151059761000,0.000163473000,0.001082174358796,-0.001082174358796,0.000069584021635,NHB,0.000,0.001,0.930415978364819,0.069584021635181
1411,32,H,NHB,0.151059761000,0.000233660000,0.001546805042277,-0.001546805042277,-0.000144623780854,NHB,-0.001,0.000,0.144623780853704,0.855376219146296
1412,32,H,NHB,0.151059761000,0.000229627000,0.001520106999243,-0.001520106999243,-0.000129317236143,NHB,-0.001,0.000,0.129317236142654,0.870682763857346
1413,32,H,NHB,0.151059761000,0.000070262000,0.000465127175727,-0.000465127175727,-0.000067309536480,NHB,-0.001,0.000,0.067309536479819,0.932690463520181
1414,32,H,NHB,0.151059761000,0.000073563000,0.000486979454443,-0.000486979454443,-0.000104813984485,NHB,-0.001,0.000,0.104813984485190,0.895186015514810
1415,32,H,NHB,0.151059761000,0.000227432000,0.001505576326180,-0.001505576326180,-0.000204831950183,NHB,-0.001,0.000,0.204831950183113,0.795168049816887
1416,32,H,NHB,0.151059761000,0.000222075000,0.001470113540031,-0.001470113540031,-0.000232997519513,NHB,-0.001,0.000,0.232997519512770,0.767002480487230
1417,32,H,NHB,0.182903957000,0.000001663000,0.000009092203511,-0.000009092203511,0.000049821784105,NHB,0.000,0.001,0.950178215895265,0.049821784104735
1418,32,H,NHB,0.182903957000,0.000175220000,0.000957989115566,-0.000957989115566,-0.000073890400517,NHB,-0.001,0.000,0.073890400517289,0.926109599482711
1419,32,H,NHB,0.182903957000,0.000186037000,0.001017129443514,-0.001017129443514,-0.000062763926841,NHB,-0.001,0.000,0.062763926841112,0.937236073158888
1420,32,H,NHB,0.182903957000,0.000043273000,0.000236588648544,-0.000236588648544,0.000172707668065,NHB,0.000,0.001,0.827292331934892,0.172707668065108
1421,32,H,NHB,0.182903957000,0.000003116000,0.000017036263464,-0.000017036263464,0.000121564683731,NHB,0.000,0.001,0.878435316268847,0.121564683731153
1422,32,H,NHB,0.182903957000,0.000215959000,0.001180723498508,-0.001180723498508,0.000003938176671,NHB,0.000,0.001,0.996061823328606,0.003938176671394
1423,32,H,NHB,0.182903957000,0.000220417000,0.001205096946044,-0.001205096946044,-0.000025926563592,NHB,-0.001,0.000,0.025926563592164,0.974073436407836
1424,32,H,NHB,0.182903957000,0.000283460000,0.001549775109567,-0.001549775109567,-0.000289056313191,NHB,-0.001,0.000,0.289056313191159,0.710943686808841
1425,32,H,NHB,0.182903957000,0.000274861000,0.001502761364534,-0.001502761364534,-0.000296727862326,NHB,-0.001,0.000,0.296727862326433,0.703272137673567
1426,32,H,NHB,0.176514367000,0.000035289000,0.000199921403565,-0.000199921403565,0.000184362762135,NHB,0.000,0.001,0.815637237865098,0.184362762134902
1427,32,H,NHB,0.176514367000,0.000015209000,0.000086162958055,-0.000086162958055,0.000188657887165,NHB,0.000,0.001,0.811342112835154,0.188657887164846
1428,32,H,NHB,0.176514367000,0.000275070000,0.001558343406687,-0.001558343406687,-0.000178613971421,NHB,-0.001,0.000,0.178613971420619,0.821386028579381
1429,32,H,NHB,0.176514367000,0.000274204000,0.001553437290461,-0.001553437290461,-0.000172012478046,NHB,-0.001,0.000,0.172012478046308,0.827987521953692
1430,32,H,NHB,0.176514367000,0.000000002000,0.000000011330522,-0.000000011330522,0.000040580954195,NHB,0.000,0.001,0.959419045804719,0.040580954195281
1431,32,H,NHB,0.176514367000,0.000000000000,0.000000000000000,-0.000000000000000,-0.000009660708071,NHB,-0.001,0.000,0.009660708071425,0.990339291928575
1432,32,H,NHB,0.176514367000,0.000281084000,0.001592414287728,-0.001592414287728,-0.000205090201090,NHB,-0.001,0.000,0.205090201090165,0.794909798909835
1433,32,H,NHB,0.176514367000,0.000274629000,0.001555845026484,-0.001555845026484,-0.000234259933102,NHB,-0.001,0.000,0.234259933101921,0.765740066898079
1434,32,H,NHB,0.176514367000,0.000123950000,0.000702209129527,-0.000702209129527,-0.000000788610216,NHB,-0.001,0.000,0.000788610216246,0.999211389783754
1435,32,H,NHB,0.176514367000,0.000134631000,0.000762719784730,-0.000762719784730,-0.000009541292809,NHB,-0.001,0.000,0.009541292809239,0.990458707190761
1436,32,H,NHB,0.178345189000,0.000148999000,0.000835452869996,-0.000835452869996,-0.000073068181585,NHB,-0.001,0.000,0.073068181584524,0.926931818415476
1437,32,H,NHB,0.178345189000,0.000152995000,0.000857858857073,-0.000857858857073,-0.000107436047710,NHB,-0.001,0.000,0.107436047710498,0.892563952289502
1438,32,H,NHB,0.178345189000,0.000005667000,0.000031775457649,-0.000031775457649,0.000082611495126,NHB,0.000,0.001,0.917388504873740,0.082611495126260
1439,32,H,NHB,0.178345189000,0.000221684000,0.001243005215016,-0.001243005215016,0.000011869960500,NHB,0.000,0.001,0.988130039500445,0.011869960499555
1440,32,H,NHB,0.178345189000,0.000216656000,0.001214812696742,-0.001214812696742,0.000020933523487,NHB,0.000,0.001,0.979066476512901,0.020933523487099
1441,32,H,NHB,0.178345189000,0.000032917000,0.000184569038193,-0.000184569038193,0.000200493225533,NHB,0.000,0.001,0.799506774467025,0.200493225532975
1442,32,H,NHB,0.178345189000,0.000270169000,0.001514865646306,-0.001514865646306,-0.000270018111172,NHB,-0.001,0.000,0.270018111172284,0.729981888827716
1443,32,H,NHB,0.178345189000,0.000273688000,0.001534597044835,-0.001534597044835,-0.000307129621835,NHB,-0.001,0.000,0.307129621834846,0.692870378165154
1444,33,H,NHB,0.070423299000,0.000047944000,0.000680797416207,-0.000680797416207,-0.000106879601820,NHB,-0.001,0.000,0.106879601820113,0.893120398179887
1445,33,H,NHB,0.070423299000,0.000107247000,0.001522890883030,-0.001522890883030,-0.000076907907636,NHB,-0.001,0.000,0.076907907636191,0.923092092363809
1446,33,H,NHB,0.180161591000,0.000161250000,0.000895029840184,-0.000895029840184,-0.000040826733742,NHB,-0.001,0.000,0.040826733742471,0.959173266257529
1447,33,H,NHB,0.180161591000,0.000276774000,0.001536254195269,-0.001536254195269,-0.000247064018250,NHB,-0.001,0.000,0.247064018249663,0.752935981750337
1448,33,H,NHB,0.151059761000,0.000158601000,0.001049922222504,-0.001049922222504,0.000058792794391,NHB,0.000,0.001,0.941207205609129,0.058792794390871
1449,33,H,NHB,0.151059761000,0.000213164000,0.001411123641325,-0.001411123641325,-0.000020754107270,NHB,-0.001,0.000,0.020754107269623,0.979245892730377
1450,33,H,NHB,0.151059761000,0.000227315000,0.001504801798276,-0.001504801798276,-0.000089249603320,NHB,-0.001,0.000,0.089249603320449,0.910750396679551
1451,33,H,NHB,0.151059761000,0.000230445000,0.001525522074671,-0.001525522074671,-0.000189484906079,NHB,-0.001,0.000,0.189484906078793,0.810515093921207
1452,33,H,NHB,0.151059761000,0.000148743000,0.000984663281706,-0.000984663281706,-0.000104306388004,NHB,-0.001,0.000,0.104306388003691,0.895693611996309
1453,33,H,NHB,0.151059761000,0.000205054000,0.001357436279805,-0.001357436279805,-0.000200447793374,NHB,-0.001,0.000,0.200447793374166,0.799552206625834
1454,33,H,NHB,0.151059761000,0.000004306000,0.000028505274810,-0.000028505274810,-0.000012417258254,NHB,-0.001,0.000,0.012417258253776,0.987582741746224
1455,33,H,NHB,0.151059761000,0.000041951000,0.000277711282755,-0.000277711282755,-0.000075310450218,NHB,-0.001,0.000,0.075310450218496,0.924689549781504
1456,33,H,NHB,0.151059761000,0.000117145000,0.000775487788571,-0.000775487788571,0.000011377225870,NHB,0.000,0.001,0.988622774129908,0.011377225870092
1457,33,H,NHB,0.182903957000,0.000264134000,0.001444113098111,-0.001444113098111,-0.000138836893989,NHB,-0.001,0.000,0.138836893988776,0.861163106011224
1458,33,H,NHB,0.182903957000,0.000045734000,0.000250043797576,-0.000250043797576,0.000025479176938,NHB,0.000,0.001,0.974520823061613,0.025479176938387
1459,33,H,NHB,0.182903957000,0.000225552000,0.001233171789717,-0.001233171789717,0.000052398815992,NHB,0.000,0.001,0.947601184008367,0.052398815991633
1460,33,H,NHB,0.182903957000,0.000061187000,0.000334530761409,-0.000334530761409,0.000052267240536,NHB,0.000,0.001,0.947732759463653,0.052267240536347
1461,33,H,NHB,0.182903957000,0.000273418000,0.001494871978084,-0.001494871978084,-0.000127029891873,NHB,-0.001,0.000,0.127029891873431,0.872970108126569
1462,33,H,NHB,0.182903957000,0.000000340000,0.000001858899094,-0.000001858899094,0.000223695401713,NHB,0.000,0.001,0.776304598287442,0.223695401712558
1463,33,H,NHB,0.182903957000,0.000277154000,0.001515297998720,-0.001515297998720,-0.000179875621232,NHB,-0.001,0.000,0.179875621232357,0.820124378767643
1464,33,H,NHB,0.182903957000,0.000281123000,0.001536997911970,-0.001536997911970,-0.000306417691255,NHB,-0.001,0.000,0.306417691254744,0.693582308745256
1465,33,H,NHB,0.176514367000,0.000002491000,0.000014112165725,-0.000014112165725,0.000196629442834,NHB,0.000,0.001,0.803370557166220,0.196629442833780
1466,33,H,NHB,0.176514367000,0.000172299000,0.000976118844762,-0.000976118844762,0.000091651030541,NHB,0.000,0.001,0.908348969459368,0.091651030540632
1467,33,H,NHB,0.176514367000,0.000232927000,0.001319592302648,-0.001319592302648,-0.000070627869608,NHB,-0.001,0.000,0.070627869607655,0.929372130392345
1468,33,H,NHB,0.176514367000,0.000260578000,0.001476242440934,-0.001476242440934,-0.000260814975860,NHB,-0.001,0.000,0.260814975860235,0.739185024139765
1469,33,H,NHB,0.176514367000,0.000199694000,0.001131318676173,-0.001131318676173,-0.000081050257733,NHB,-0.001,0.000,0.081050257733079,0.918949742266921
1470,33,H,NHB,0.176514367000,0.000275442000,0.001560450883865,-0.001560450883865,-0.000268148004985,NHB,-0.001,0.000,0.268148004985162,0.731851995014838
1471,33,H,NHB,0.176514367000,0.000000164000,0.000000929102842,-0.000000929102842,0.000017243391130,NHB,0.000,0.001,0.982756608869703,0.017243391130297
1472,33,H,NHB,0.176514367000,0.000259898000,0.001472390063297,-0.001472390063297,-0.000094159482053,NHB,-0.001,0.000,0.094159482053095,0.905840517946905
1473,33,H,NHB,0.178345189000,0.000007067000,0.000039625403072,-0.000039625403072,0.000020574392015,NHB,0.000,0.001,0.979425607984732,0.020574392015268
1474,33,H,NHB,0.178345189000,0.000187531000,0.001051505796436,-0.001051505796436,-0.000124610175483,NHB,-0.001,0.000,0.124610175483266,0.875389824516734
1475,33,H,NHB,0.178345189000,0.000120495000,0.000675627981196,-0.000675627981196,0.000006909939343,NHB,0.000,0.001,0.993090060657416,0.006909939342584
1476,33,H,NHB,0.178345189000,0.000139101000,0.000779953755859,-0.000779953755859,0.000078510544145,NHB,0.000,0.001,0.921489455854828,0.078510544145172
1477,33,H,NHB,0.178345189000,0.000264847000,0.001485024639493,-0.001485024639493,-0.000099079787851,NHB,-0.001,0.000,0.099079787851323,0.900920212148677
1478,33,H,NHB,0.178345189000,0.000219835000,0.001232637679954,-0.001232637679954,0.000015126208165,NHB,0.000,0.001,0.984873791835097,0.015126208164903
1479,33,H,NHB,0.178345189000,0.000072072000,0.000404115190346,-0.000404115190346,0.000149956985050,NHB,0.000,0.001,0.850043014949895,0.149956985050105
1480,33,H,NHB,0.178345189000,0.000270312000,0.001515667462160,-0.001515667462160,-0.000237065490123,NHB,-0.001,0.000,0.237065490123280,0.762934509876720
1481,33,H,NHB,0.178345189000,0.000279159000,0.001565273510125,-0.001565273510125,-0.000234895836723,NHB,-0.001,0.000,0.234895836723359,0.765104163276641
1482,34,H,NHB,0.070423299000,0.000076496000,0.001086231418951,-0.001086231418951,-0.000225694645619,NHB,-0.001,0.000,0.225694645619121,0.774305354380879
1483,34,H,NHB,0.070423299000,0.000096261000,0.001366891374970,-0.001366891374970,-0.000064717827533,NHB,-0.001,0.000,0.064717827533280,0.935282172466720
1484,34,H,NHB,0.180161591000,0.000268830000,0.001492160446119,-0.001492160446119,-0.000193085180147,NHB,-0.001,0.000,0.193085180146812,0.806914819853188
1485,34,H,NHB,0.180161591000,0.000241906000,0.001342716828028,-0.001342716828028,-0.000167927927186,NHB,-0.001,0.000,0.167927927185713,0.832072072814287
1486,34,H,NHB,0.151059761000,0.000216270000,0.001431685040201,-0.001431685040201,-0.000149242620020,NHB,-0.001,0.000,0.149242620020219,0.850757379979781
1487,34,H,NHB,0.151059761000,0.000222649000,0.001473913360686,-0.001473913360686,-0.000157792634212,NHB,-0.001,0.000,0.157792634212310,0.842207365787690
1488,34,H,NHB,0.151059761000,0.000153749000,0.001017802484144,-0.001017802484144,0.000051037072514,NHB,0.000,0.001,0.948962927485980,0.051037072514020
1489,34,H,NHB,0.151059761000,0.000146430000,0.000969351460843,-0.000969351460843,0.000047384187292,NHB,0.000,0.001,0.952615812708055,0.047384187291945
1490,34,H,NHB,0.151059761000,0.000210369000,0.001392621030295,-0.001392621030295,-0.000277549228161,NHB,-0.001,0.000,0.277549228161204,0.722450771838796
1491,34,H,NHB,0.151059761000,0.000214101000,0.001417326484450,-0.001417326484450,-0.000256868049695,NHB,-0.001,0.000,0.256868049694998,0.743131950305002
1492,34,H,NHB,0.151059761000,0.000069244000,0.000458388120977,-0.000458388120977,-0.000166566607444,NHB,-0.001,0.000,0.166566607444498,0.833433392555502
1493,34,H,NHB,0.151059761000,0.000066426000,0.000439733252325,-0.000439733252325,-0.000131237014150,NHB,-0.001,0.000,0.131237014149664,0.868762985850336
1494,34,H,NHB,0.182903957000,0.000177829000,0.000972253432439,-0.000972253432439,-0.000116320009969,NHB,-0.001,0.000,0.116320009969313,0.883679990030687
1495,34,H,NHB,0.182903957000,0.000167124000,0.000913725447722,-0.000913725447722,-0.000057311588238,NHB,-0.001,0.000,0.057311588238302,0.942688411761698
1496,34,H,NHB,0.182903957000,0.000001531000,0.000008370513274,-0.000008370513274,-0.000018507747266,NHB,-0.001,0.000,0.018507747266005,0.981492252733995
1497,34,H,NHB,0.182903957000,0.000002042000,0.000011164329266,-0.000011164329266,0.000059981679759,NHB,0.000,0.001,0.940018320240952,0.059981679759048
1498,34,H,NHB,0.182903957000,0.000207474000,0.001134333031406,-0.001134333031406,-0.000073132526418,NHB,-0.001,0.000,0.073132526417600,0.926867473582400
1499,34,H,NHB,0.182903957000,0.000193044000,0.001055439166907,-0.001055439166907,-0.000011792099030,NHB,-0.001,0.000,0.011792099030064,0.988207900969936
1500,34,H,NHB,0.182903957000,0.000002821000,0.000015423395132,-0.000015423395132,0.000076168295208,NHB,0.000,0.001,0.923831704791787,0.076168295208213
1501,34,H,NHB,0.182903957000,0.000037890000,0.000207157902002,-0.000207157902002,0.000168567633780,NHB,0.000,0.001,0.831432366219681,0.168567633780319
1502,34,H,NHB,0.182903957000,0.000261632000,0.001430433787717,-0.001430433787717,-0.000322780066934,NHB,-0.001,0.000,0.322780066933908,0.677219933066092
1503,34,H,NHB,0.182903957000,0.000269241000,0.001472034855976,-0.001472034855976,-0.000319441862218,NHB,-0.001,0.000,0.319441862218229,0.680558137781771
1504,34,H,NHB,0.176514367000,0.000259776000,0.001471698901427,-0.001471698901427,-0.000202491612683,NHB,-0.001,0.000,0.202491612682732,0.797508387317268
1505,34,H,NHB,0.176514367000,0.000261884000,0.001483641272101,-0.001483641272101,-0.000204185202465,NHB,-0.001,0.000,0.204185202465253,0.795814797534747
1506,34,H,NHB,0.176514367000,0.000014335000,0.000081211519740,-0.000081211519740,0.000159407848159,NHB,0.000,0.001,0.840592151840815,0.159407848159185
1507,34,H,NHB,0.176514367000,0.000029822000,0.000168949420417,-0.000168949420417,0.000185948747957,NHB,0.000,0.001,0.814051252042598,0.185948747957402
1508,34,H,NHB,0.176514367000,0.000261667000,0.001482411910414,-0.001482411910414,-0.000271623331585,NHB,-0.001,0.000,0.271623331585333,0.728376668414667
1509,34,H,NHB,0.176514367000,0.000265368000,0.001503379042228,-0.001503379042228,-0.000246180694556,NHB,-0.001,0.000,0.246180694556207,0.753819305443792
1510,34,H,NHB,0.176514367000,0.000000000000,0.000000000000000,-0.000000000000000,-0.000075643594056,NHB,-0.001,0.000,0.075643594055974,0.924356405944026
1511,34,H,NHB,0.176514367000,0.000000002000,0.000000011330522,-0.000000011330522,0.000007811939837,NHB,0.000,0.001,0.992188060162934,0.007811939837066
1512,34,H,NHB,0.176514367000,0.000129026000,0.000730965995533,-0.000730965995533,-0.000065289662328,NHB,-0.001,0.000,0.065289662328168,0.934710337671832
1513,34,H,NHB,0.176514367000,0.000112773000,0.000638888504753,-0.000638888504753,0.000028070328789,NHB,0.000,0.001,0.971929671211039,0.028070328788961
1514,34,H,NHB,0.178345189000,0.000144533000,0.000810411544098,-0.000810411544098,-0.000160448460053,NHB,-0.001,0.000,0.160448460053414,0.839551539946586
1515,34,H,NHB,0.178345189000,0.000141341000,0.000792513668535,-0.000792513668535,-0.000101113373919,NHB,-0.001,0.000,0.101113373919358,0.898886626080642
1516,34,H,NHB,0.178345189000,0.000005401000,0.000030283968019,-0.000030283968019,0.000012169348968,NHB,0.000,0.001,0.987830651031587,0.012169348968413
1517,34,H,NHB,0.178345189000,0.000202802000,0.001137131879683,-0.001137131879683,-0.000015250428851,NHB,-0.001,0.000,0.015250428850591,0.984749571149409
1518,34,H,NHB,0.178345189000,0.000201456000,0.001129584717870,-0.001129584717870,-0.000000667132016,NHB,-0.001,0.000,0.000667132015586,0.999332867984414
1519,34,H,NHB,0.178345189000,0.000256460000,0.001437997859309,-0.001437997859309,-0.000288688068781,NHB,-0.001,0.000,0.288688068781087,0.711311931218913
1520,34,H,NHB,0.178345189000,0.000029551000,0.000165695526556,-0.000165695526556,0.000194192545340,NHB,0.000,0.001,0.805807454660095,0.194192545339905
1521,34,H,NHB,0.178345189000,0.000259050000,0.001452520258340,-0.001452520258340,-0.000341927063043,NHB,-0.001,0.000,0.341927063042575,0.658072936957425
1522,35,H,NHB,0.070423299000,0.000045635000,0.000648009971813,-0.000648009971813,-0.000174539712259,NHB,-0.001,0.000,0.174539712258953,0.825460287741047
1523,35,H,NHB,0.070423299000,0.000100501000,0.001427098721973,-0.001427098721973,-0.000093586381955,NHB,-0.001,0.000,0.093586381954676,0.906413618045324
1524,35,H,NHB,0.180161591000,0.000263448000,0.001462287264104,-0.001462287264104,-0.000278282542514,NHB,-0.001,0.000,0.278282542514427,0.721717457485573
1525,35,H,NHB,0.180161591000,0.000153670000,0.000852956499479,-0.000852956499479,-0.000031177695842,NHB,-0.001,0.000,0.031177695841918,0.968822304158082
1526,35,H,NHB,0.151059761000,0.000220207000,0.001457747573161,-0.001457747573161,-0.000207812805808,NHB,-0.001,0.000,0.207812805807928,0.792187194192072
1527,35,H,NHB,0.151059761000,0.000211645000,0.001401068018372,-0.001401068018372,-0.000111287017051,NHB,-0.001,0.000,0.111287017050682,0.888712982949318
1528,35,H,NHB,0.151059761000,0.000201106000,0.001331300927982,-0.001331300927982,-0.000033641189654,NHB,-0.001,0.000,0.033641189654376,0.966358810345624
1529,35,H,NHB,0.151059761000,0.000146040000,0.000966769701165,-0.000966769701165,0.000044005370661,NHB,0.000,0.001,0.955994629338572,0.044005370661428
1530,35,H,NHB,0.151059761000,0.000039619000,0.000262273683857,-0.000262273683857,-0.000140189695561,NHB,-0.001,0.000,0.140189695561276,0.859810304438724
1531,35,H,NHB,0.151059761000,0.000004041000,0.000026751002208,-0.000026751002208,-0.000081796915715,NHB,-0.001,0.000,0.081796915715045,0.918203084284955
1532,35,H,NHB,0.151059761000,0.000195946000,0.001297142261466,-0.001297142261466,-0.000255189077192,NHB,-0.001,0.000,0.255189077191588,0.744810922808412
1533,35,H,NHB,0.151059761000,0.000142404000,0.000942699757085,-0.000942699757085,-0.000171016898805,NHB,-0.001,0.000,0.171016898804577,0.828983101195423
1534,35,H,NHB,0.151059761000,0.000114561000,0.000758381975727,-0.000758381975727,-0.000036179252145,NHB,-0.001,0.000,0.036179252145099,0.963820747854901
1535,35,H,NHB,0.182903957000,0.000042894000,0.000234516522789,-0.000234516522789,-0.000039825481718,NHB,-0.001,0.000,0.039825481718309,0.960174518281691
1536,35,H,NHB,0.182903957000,0.000251751000,0.001376410899629,-0.001376410899629,-0.000184872544839,NHB,-0.001,0.000,0.184872544839145,0.815127455160855
1537,35,H,NHB,0.182903957000,0.000009553000,0.000052229597198,-0.000052229597198,0.000035764393183,NHB,0.000,0.001,0.964235606817119,0.035764393182881
1538,35,H,NHB,0.182903957000,0.000258664000,0.001414206692095,-0.001414206692095,-0.000157219214812,NHB,-0.001,0.000,0.157219214812077,0.842780785187923
1539,35,H,NHB,0.182903957000,0.000062091000,0.000339473246060,-0.000339473246060,0.000090893823475,NHB,0.000,0.001,0.909106176525251,0.090893823474749
1540,35,H,NHB,0.182903957000,0.000213150000,0.001165365711579,-0.001165365711579,0.000024553737218,NHB,0.000,0.001,0.975446262781951,0.024553737218049
1541,35,H,NHB,0.182903957000,0.000268812000,0.001469689362707,-0.001469689362707,-0.000339921366837,NHB,-0.001,0.000,0.339921366837190,0.660078633162810
1542,35,H,NHB,0.182903957000,0.000260402000,0.001423708946876,-0.001423708946876,-0.000225684906627,NHB,-0.001,0.000,0.225684906627216,0.774315093372784
1543,35,H,NHB,0.182903957000,0.000000336000,0.000001837029693,-0.000001837029693,0.000222144145875,NHB,0.000,0.001,0.777855854124882,0.222144145875118
1544,35,H,NHB,0.176514367000,0.000250605000,0.001419742790682,-0.001419742790682,-0.000283282713355,NHB,-0.001,0.000,0.283282713355450,0.716717286644550
1545,35,H,NHB,0.176514367000,0.000216465000,0.001226330772271,-0.001226330772271,-0.000087009525964,NHB,-0.001,0.000,0.087009525964404,0.912990474035596
1546,35,H,NHB,0.176514367000,0.000165093000,0.000935294972335,-0.000935294972335,0.000077832461911,NHB,0.000,0.001,0.922167538089298,0.077832461910702
1547,35,H,NHB,0.176514367000,0.000002229000,0.000012627867283,-0.000012627867283,0.000182416947411,NHB,0.000,0.001,0.817583052588573,0.182416947411427
1548,35,H,NHB,0.176514367000,0.000000143000,0.000000810132356,-0.000000810132356,-0.000050423046558,NHB,-0.001,0.000,0.050423046557777,0.949576953442223
1549,35,H,NHB,0.176514367000,0.000261582000,0.001481930363209,-0.001481930363209,-0.000307244628851,NHB,-0.001,0.000,0.307244628851439,0.692755371148561
1550,35,H,NHB,0.176514367000,0.000191273000,0.001083611511351,-0.001083611511351,-0.000124120533565,NHB,-0.001,0.000,0.124120533565139,0.875879466434861
1551,35,H,NHB,0.176514367000,0.000250338000,0.001418230165933,-0.001418230165933,-0.000136090956664,NHB,-0.001,0.000,0.136090956664239,0.863909043335761
1552,35,H,NHB,0.178345189000,0.000178475000,0.001000727863761,-0.001000727863761,-0.000178243672826,NHB,-0.001,0.000,0.178243672825979,0.821756327174021
1553,35,H,NHB,0.178345189000,0.000006780000,0.000038016164260,-0.000038016164260,-0.000017164347448,NHB,-0.001,0.000,0.017164347447855,0.982835652552145
1554,35,H,NHB,0.178345189000,0.000115152000,0.000645669225201,-0.000645669225201,-0.000050066630482,NHB,-0.001,0.000,0.050066630481559,0.949933369518441
1555,35,H,NHB,0.178345189000,0.000254518000,0.001427108863587,-0.001427108863587,-0.000118976396251,NHB,-0.001,0.000,0.118976396250764,0.881023603749236
1556,35,H,NHB,0.178345189000,0.000136415000,0.000764893074856,-0.000764893074856,0.000074936749190,NHB,0.000,0.001,0.925063250810221,0.074936749189779
1557,35,H,NHB,0.178345189000,0.000207969000,0.001166103785396,-0.001166103785396,-0.000023590443817,NHB,-0.001,0.000,0.023590443817219,0.976409556182781
1558,35,H,NHB,0.178345189000,0.000253844000,0.001423329675577,-0.001423329675577,-0.000268418262544,NHB,-0.001,0.000,0.268418262544339,0.731581737455661
1559,35,H,NHB,0.178345189000,0.000063453000,0.000355787562063,-0.000355787562063,0.000142889972434,NHB,0.000,0.001,0.857110027566242,0.142889972433758
1560,35,H,NHB,0.178345189000,0.000267441000,0.001499569466940,-0.001499569466940,-0.000288947301461,NHB,-0.001,0.000,0.288947301461084,0.711052698538916
1561,36,H,NHB,0.070423299000,0.000007363000,0.000104553466034,-0.000104553466034,-0.000172380869975,NHB,-0.001,0.000,0.172380869974944,0.827619130025056
1562,36,H,NHB,0.070423299000,0.000051994000,0.000738306792472,-0.000738306792472,-0.000100023597262,NHB,-0.001,0.000,0.100023597261749,0.899976402738251
1563,36,H,NHB,0.070423299000,0.000125790000,0.001786198627247,-0.001786198627247,-0.000169286790040,NHB,-0.001,0.000,0.169286790040426,0.830713209959574
1564,36,H,NHB,0.180161591000,0.000032593000,0.000180909814457,-0.000180909814457,-0.000093305829694,NHB,-0.001,0.000,0.093305829694033,0.906694170305967
1565,36,H,NHB,0.180161591000,0.000175446000,0.000973825769556,-0.000973825769556,-0.000012806422335,NHB,-0.001,0.000,0.012806422334589,0.987193577665411
1566,36,H,NHB,0.180161591000,0.000326134000,0.001810230461386,-0.001810230461386,-0.000438297260412,NHB,-0.001,0.000,0.438297260412271,0.561702739587729
1567,36,H,NHB,0.151059761000,0.000191211000,0.001265797051010,-0.001265797051010,-0.000003304346478,NHB,-0.001,0.000,0.003304346478346,0.996695653521654
1568,36,H,NHB,0.151059761000,0.000255769000,0.001693164336464,-0.001693164336464,-0.000185211117211,NHB,-0.001,0.000,0.185211117211102,0.814788882788898
1569,36,H,NHB,0.151059761000,0.000270330000,0.001789556651026,-0.001789556651026,-0.000125541584796,NHB,-0.001,0.000,0.125541584796215,0.874458415203785
1570,36,H,NHB,0.151059761000,0.000276076000,0.001827594576957,-0.001827594576957,-0.000312992183379,NHB,-0.001,0.000,0.312992183378744,0.687007816621256
1571,36,H,NHB,0.151059761000,0.000164753000,0.001090647826459,-0.001090647826459,-0.000079785613553,NHB,-0.001,0.000,0.079785613553438,0.920214386446562
1572,36,H,NHB,0.151059761000,0.000243499000,0.001611938205039,-0.001611938205039,-0.000236073979816,NHB,-0.001,0.000,0.236073979816303,0.763926020183697
1573,36,H,NHB,0.151059761000,0.000002311000,0.000015298581070,-0.000015298581070,0.000026195208011,NHB,0.000,0.001,0.973804791989266,0.026195208010734
1574,36,H,NHB,0.151059761000,0.000042804000,0.000283358054565,-0.000283358054565,-0.000109603974986,NHB,-0.001,0.000,0.109603974985778,0.890396025014222
1575,36,H,NHB,0.151059761000,0.000034008000,0.000225129443969,-0.000225129443969,-0.000190541835984,NHB,-0.001,0.000,0.190541835983607,0.809458164016393
1576,36,H,NHB,0.151059761000,0.000166547000,0.001102523920980,-0.001102523920980,-0.000273863532271,NHB,-0.001,0.000,0.273863532270846,0.726136467729154
1577,36,H,NHB,0.151059761000,0.000001798000,0.000011902574108,-0.000011902574108,-0.000136566631720,NHB,-0.001,0.000,0.136566631720197,0.863433368279803
1578,36,H,NHB,0.182903957000,0.000325365000,0.001778884422932,-0.001778884422932,-0.000353438246740,NHB,-0.001,0.000,0.353438246740315,0.646561753259685
1579,36,H,NHB,0.182903957000,0.000058569000,0.000320217238384,-0.000320217238384,-0.000187355630399,NHB,-0.001,0.000,0.187355630398666,0.812644369601334
1580,36,H,NHB,0.182903957000,0.000285522000,0.001561048785839,-0.001561048785839,-0.000277001403190,NHB,-0.001,0.000,0.277001403190232,0.722998596809768
1581,36,H,NHB,0.182903957000,0.000059115000,0.000323202411635,-0.000323202411635,0.000074725874420,NHB,0.000,0.001,0.925274125579824,0.074725874420176
1582,36,H,NHB,0.182903957000,0.000330430000,0.001806576552086,-0.001806576552086,-0.000411907769933,NHB,-0.001,0.000,0.411907769933462,0.588092230066538
1583,36,H,NHB,0.182903957000,0.000003244000,0.000017736084299,-0.000017736084299,0.000048397836925,NHB,0.000,0.001,0.951602163075167,0.048397836924833
1584,36,H,NHB,0.182903957000,0.000325810000,0.001781317393806,-0.001781317393806,-0.000178043159502,NHB,-0.001,0.000,0.178043159502119,0.821956840497881
1585,36,H,NHB,0.182903957000,0.000336699000,0.001840851370974,-0.001840851370974,-0.000378803307519,NHB,-0.001,0.000,0.378803307518735,0.621196692481266
1586,36,H,NHB,0.176514367000,0.000001875000,0.000010622364807,-0.000010622364807,0.000162980855651,NHB,0.000,0.001,0.837019144349045,0.162980855650955
1587,36,H,NHB,0.176514367000,0.000217564000,0.001232556894363,-0.001232556894363,-0.000157532691762,NHB,-0.001,0.000,0.157532691762075,0.842467308237925
1588,36,H,NHB,0.176514367000,0.000283324000,0.001605104472884,-0.001605104472884,-0.000064247321834,NHB,-0.001,0.000,0.064247321834340,0.935752678165660
1589,36,H,NHB,0.176514367000,0.000319485000,0.001809965984242,-0.001809965984242,-0.000419124406703,NHB,-0.001,0.000,0.419124406703144,0.580875593296856
1590,36,H,NHB,0.176514367000,0.000215099000,0.001218592025430,-0.001218592025430,-0.000051333196255,NHB,-0.001,0.000,0.051333196255047,0.948666803744953
1591,36,H,NHB,0.176514367000,0.000328990000,0.001863814292238,-0.001863814292238,-0.000370504755618,NHB,-0.001,0.000,0.370504755618378,0.629495244381622
1592,36,H,NHB,0.176514367000,0.000000102000,0.000000577856646,-0.000000577856646,-0.000100838596196,NHB,-0.001,0.000,0.100838596196274,0.899161403803726
1593,36,H,NHB,0.176514367000,0.000049172000,0.000278572225229,-0.000278572225229,-0.000172668577576,NHB,-0.001,0.000,0.172668577575705,0.827331422424295
1594,36,H,NHB,0.176514367000,0.000321857000,0.001823403983881,-0.001823403983881,-0.000384103917857,NHB,-0.001,0.000,0.384103917856983,0.615896082143017
1595,36,H,NHB,0.178345189000,0.000003419000,0.000019170688142,-0.000019170688142,0.000070696423735,NHB,0.000,0.001,0.929303576265101,0.070696423734899
1596,36,H,NHB,0.178345189000,0.000222263000,0.001246251728158,-0.001246251728158,-0.000252065159150,NHB,-0.001,0.000,0.252065159150020,0.747934840849980
1597,36,H,NHB,0.178345189000,0.000168061000,0.000942335484026,-0.000942335484026,-0.000255221202044,NHB,-0.001,0.000,0.255221202043935,0.744778797956065
1598,36,H,NHB,0.178345189000,0.000156819000,0.000879300422284,-0.000879300422284,0.000075318079439,NHB,0.000,0.001,0.924681920560975,0.075318079439025
1599,36,H,NHB,0.178345189000,0.000325575000,0.001825532843502,-0.001825532843502,-0.000343429006155,NHB,-0.001,0.000,0.343429006155187,0.656570993844813
1600,36,H,NHB,0.178345189000,0.000279976000,0.001569854513990,-0.001569854513990,-0.000317695741266,NHB,-0.001,0.000,0.317695741265541,0.682304258734459
1601,36,H,NHB,0.178345189000,0.000094822000,0.000531676803460,-0.000531676803460,0.000026532945042,NHB,0.000,0.001,0.973467054957568,0.026532945042432
1602,36,H,NHB,0.178345189000,0.000325817000,0.001826889762639,-0.001826889762639,-0.000285387635365,NHB,-0.001,0.000,0.285387635365053,0.714612364634947
1603,36,H,NHB,0.178345189000,0.000329989000,0.001850282599998,-0.001850282599998,-0.000247522395645,NHB,-0.001,0.000,0.247522395645178,0.752477604354822
1604,37,H,NHB,0.070423299000,0.000097136000,0.001379316240212,-0.001379316240212,-0.000321467475821,NHB,-0.001,0.000,0.321467475821170,0.678532524178830
1605,37,H,NHB,0.070423299000,0.000124061000,0.001761647093528,-0.001761647093528,-0.000178355479916,NHB,-0.001,0.000,0.178355479916129,0.821644520083871
1606,37,H,NHB,0.180161591000,0.000294993000,0.001637380078421,-0.001637380078421,-0.000279604917317,NHB,-0.001,0.000,0.279604917316883,0.720395082683117
1607,37,H,NHB,0.180161591000,0.000329007000,0.001826177256616,-0.001826177256616,-0.000424475716925,NHB,-0.001,0.000,0.424475716924879,0.575524283075121
1608,37,H,NHB,0.151059761000,0.000062031000,0.000410638806717,-0.000410638806717,-0.000152207482555,NHB,-0.001,0.000,0.152207482554558,0.847792517445442
1609,37,H,NHB,0.151059761000,0.000172812000,0.001143997573252,-0.001143997573252,-0.000052275962567,NHB,-0.001,0.000,0.052275962567063,0.947724037432937
1610,37,H,NHB,0.151059761000,0.000271190000,0.001795249762112,-0.001795249762112,-0.000250515896975,NHB,-0.001,0.000,0.250515896975361,0.749484103024639
1611,37,H,NHB,0.151059761000,0.000216607000,0.001433915945359,-0.001433915945359,-0.000092862857209,NHB,-0.001,0.000,0.092862857208794,0.907137142791206
1612,37,H,NHB,0.151059761000,0.000281716000,0.001864930793847,-0.001864930793847,-0.000298512612301,NHB,-0.001,0.000,0.298512612301012,0.701487387698988
1613,37,H,NHB,0.151059761000,0.000252302000,0.001670213154912,-0.001670213154912,-0.000361224234935,NHB,-0.001,0.000,0.361224234935149,0.638775765064851
1614,37,H,NHB,0.151059761000,0.000062044000,0.000410724865373,-0.000410724865373,-0.000227798012632,NHB,-0.001,0.000,0.227798012631982,0.772201987368018
1615,37,H,NHB,0.151059761000,0.000270186000,0.001788603385914,-0.001788603385914,-0.000398003971009,NHB,-0.001,0.000,0.398003971008520,0.601996028991480
1616,37,H,NHB,0.151059761000,0.000111020000,0.000734940921825,-0.000734940921825,-0.000254555645721,NHB,-0.001,0.000,0.254555645720926,0.745444354279074
1617,37,H,NHB,0.182903957000,0.000338344000,0.001849845162180,-0.001849845162180,-0.000424777276429,NHB,-0.001,0.000,0.424777276429165,0.575222723570835
1618,37,H,NHB,0.182903957000,0.000323904000,0.001770896624177,-0.001770896624177,-0.000474700262032,NHB,-0.001,0.000,0.474700262032181,0.525299737967819
1619,37,H,NHB,0.182903957000,0.000106804000,0.000583934879003,-0.000583934879003,-0.000202610656208,NHB,-0.001,0.000,0.202610656207715,0.797389343792285
1620,37,H,NHB,0.182903957000,0.000312207000,0.001706945027985,-0.001706945027985,-0.000353296052557,NHB,-0.001,0.000,0.353296052556531,0.646703947443469
1621,37,H,NHB,0.182903957000,0.000048059000,0.000262755386971,-0.000262755386971,-0.000206362768546,NHB,-0.001,0.000,0.206362768546341,0.793637231453659
1622,37,H,NHB,0.182903957000,0.000167215000,0.000914222976597,-0.000914222976597,-0.000111414665686,NHB,-0.001,0.000,0.111414665685743,0.888585334314257
1623,37,H,NHB,0.182903957000,0.000148033000,0.000809348263581,-0.000809348263581,-0.000064597961550,NHB,-0.001,0.000,0.064597961549795,0.935402038450205
1624,37,H,NHB,0.182903957000,0.000326203000,0.001783466062465,-0.001783466062465,-0.000295069532906,NHB,-0.001,0.000,0.295069532905585,0.704930467094415
1625,37,H,NHB,0.176514367000,0.000050028000,0.000283421688842,-0.000283421688842,-0.000096295321383,NHB,-0.001,0.000,0.096295321383288,0.903704678616712
1626,37,H,NHB,0.176514367000,0.000288552000,0.001634722458597,-0.001634722458597,-0.000303445279120,NHB,-0.001,0.000,0.303445279119577,0.696554720880423
1627,37,H,NHB,0.176514367000,0.000316185000,0.001791270622181,-0.001791270622181,-0.000296916975387,NHB,-0.001,0.000,0.296916975387312,0.703083024612688
1628,37,H,NHB,0.176514367000,0.000089019000,0.000504315889482,-0.000504315889482,0.000005979434933,NHB,0.000,0.001,0.994020565066680,0.005979434933320
1629,37,H,NHB,0.176514367000,0.000322868000,0.001829131562985,-0.001829131562985,-0.000399360951302,NHB,-0.001,0.000,0.399360951302459,0.600639048697541
1630,37,H,NHB,0.176514367000,0.000311129000,0.001762627061399,-0.001762627061399,-0.000358613926498,NHB,-0.001,0.000,0.358613926498314,0.641386073501686
1631,37,H,NHB,0.176514367000,0.000316246000,0.001791616203116,-0.001791616203116,-0.000446664052698,NHB,-0.001,0.000,0.446664052698209,0.553335947301791
1632,37,H,NHB,0.176514367000,0.000004806000,0.000027227245474,-0.000027227245474,-0.000158633976522,NHB,-0.001,0.000,0.158633976522346,0.841366023477654
1633,37,H,NHB,0.178345189000,0.000326182000,0.001828936355553,-0.001828936355553,-0.000409878024823,NHB,-0.001,0.000,0.409878024823256,0.590121975176744
1634,37,H,NHB,0.178345189000,0.000322248000,0.001806878008916,-0.001806878008916,-0.000456429082075,NHB,-0.001,0.000,0.456429082074911,0.543570917925089
1635,37,H,NHB,0.178345189000,0.000095883000,0.000537625940669,-0.000537625940669,-0.000216666025123,NHB,-0.001,0.000,0.216666025122533,0.783333974877467
1636,37,H,NHB,0.178345189000,0.000098169000,0.000550443780123,-0.000550443780123,-0.000236719689660,NHB,-0.001,0.000,0.236719689660246,0.763280310339754
1637,37,H,NHB,0.178345189000,0.000251265000,0.001408868954688,-0.001408868954688,-0.000321988133628,NHB,-0.001,0.000,0.321988133628089,0.678011866371911
1638,37,H,NHB,0.178345189000,0.000151462000,0.000849263166835,-0.000849263166835,-0.000134557077192,NHB,-0.001,0.000,0.134557077191749,0.865442922808251
1639,37,H,NHB,0.178345189000,0.000197622000,0.001108087081620,-0.001108087081620,-0.000085396343137,NHB,-0.001,0.000,0.085396343137420,0.914603656862580
1640,37,H,NHB,0.178345189000,0.000307188000,0.001722435024586,-0.001722435024586,-0.000205090726514,NHB,-0.001,0.000,0.205090726513754,0.794909273486247
1641,38,H,NHB,0.070423299000,0.000092432000,0.001312520164669,-0.001312520164669,-0.000174313268727,NHB,-0.001,0.000,0.174313268726682,0.825686731273318
1642,38,H,NHB,0.070423299000,0.000125778000,0.001786028229095,-0.001786028229095,-0.000272303837197,NHB,-0.001,0.000,0.272303837196777,0.727696162803223
1643,38,H,NHB,0.180161591000,0.000313805000,0.001741797451156,-0.001741797451156,-0.000138110582908,NHB,-0.001,0.000,0.138110582908076,0.861889417091924
1644,38,H,NHB,0.180161591000,0.000333241000,0.001849678381226,-0.001849678381226,-0.000395864184432,NHB,-0.001,0.000,0.395864184431848,0.604135815568152
1645,38,H,NHB,0.151059761000,0.000209503000,0.001386888199830,-0.001386888199830,-0.000126777497027,NHB,-0.001,0.000,0.126777497026519,0.873222502973481
1646,38,H,NHB,0.151059761000,0.000221029000,0.001463189128176,-0.001463189128176,-0.000226330256158,NHB,-0.001,0.000,0.226330256158271,0.773669743841729
1647,38,H,NHB,0.151059761000,0.000273680000,0.001811733304675,-0.001811733304675,-0.000280933849066,NHB,-0.001,0.000,0.280933849066012,0.719066150933988
1648,38,H,NHB,0.151059761000,0.000279429000,0.001849791090296,-0.001849791090296,-0.000372979521720,NHB,-0.001,0.000,0.372979521720210,0.627020478279790
1649,38,H,NHB,0.151059761000,0.000071758000,0.000475030541059,-0.000475030541059,-0.000029515723307,NHB,-0.001,0.000,0.029515723306914,0.970484276693086
1650,38,H,NHB,0.151059761000,0.000077147000,0.000510705163899,-0.000510705163899,-0.000127025950824,NHB,-0.001,0.000,0.127025950824105,0.872974049175895
1651,38,H,NHB,0.151059761000,0.000263125000,0.001741860295939,-0.001741860295939,-0.000204886486517,NHB,-0.001,0.000,0.204886486516672,0.795113513483328
1652,38,H,NHB,0.151059761000,0.000262143000,0.001735359557467,-0.001735359557467,-0.000296182141086,NHB,-0.001,0.000,0.296182141086465,0.703817858913535
1653,38,H,NHB,0.151059761000,0.000002600000,0.000017211731190,-0.000017211731190,-0.000135880406723,NHB,-0.001,0.000,0.135880406722512,0.864119593277488
1654,38,H,NHB,0.182903957000,0.000002068000,0.000011306480373,-0.000011306480373,-0.000129006423983,NHB,-0.001,0.000,0.129006423982726,0.870993576017274
1655,38,H,NHB,0.182903957000,0.000195018000,0.001066231716354,-0.001066231716354,-0.000038597121294,NHB,-0.001,0.000,0.038597121293618,0.961402878706382
1656,38,H,NHB,0.182903957000,0.000240210000,0.001313312210080,-0.001313312210080,-0.000283659351707,NHB,-0.001,0.000,0.283659351706624,0.716340648293376
1657,38,H,NHB,0.182903957000,0.000050116000,0.000274001726491,-0.000274001726491,0.000135687433690,NHB,0.000,0.001,0.864312566310344,0.135687433689656
1658,38,H,NHB,0.182903957000,0.000070335000,0.000384546081745,-0.000384546081745,-0.000199723619866,NHB,-0.001,0.000,0.199723619865941,0.800276380134059
1659,38,H,NHB,0.182903957000,0.000261658000,0.001430575938825,-0.001430575938825,-0.000004705428893,NHB,-0.001,0.000,0.004705428892507,0.995294571107493
1660,38,H,NHB,0.182903957000,0.000294812000,0.001611840469914,-0.001611840469914,-0.000332050373142,NHB,-0.001,0.000,0.332050373141929,0.667949626858071
1661,38,H,NHB,0.182903957000,0.000341670000,0.001868029569202,-0.001868029569202,-0.000342650107244,NHB,-0.001,0.000,0.342650107244273,0.657349892755727
1662,38,H,NHB,0.182903957000,0.000332358000,0.001817117603421,-0.001817117603421,-0.000441737943281,NHB,-0.001,0.000,0.441737943280586,0.558262056719414
1663,38,H,NHB,0.176514367000,0.000050573000,0.000286509256213,-0.000286509256213,0.000065842248283,NHB,0.000,0.001,0.934157751716816,0.065842248283184
1664,38,H,NHB,0.176514367000,0.000062028000,0.000351404823608,-0.000351404823608,-0.000143399045216,NHB,-0.001,0.000,0.143399045216389,0.856600954783611
1665,38,H,NHB,0.176514367000,0.000326358000,0.001848903324680,-0.001848903324680,-0.000234191642747,NHB,-0.001,0.000,0.234191642746820,0.765808357253180
1666,38,H,NHB,0.176514367000,0.000324484000,0.001838286625133,-0.001838286625133,-0.000425205853781,NHB,-0.001,0.000,0.425205853781158,0.574794146218842
1667,38,H,NHB,0.176514367000,0.000321541000,0.001821613761332,-0.001821613761332,-0.000202396679397,NHB,-0.001,0.000,0.202396679396679,0.797603320603321
1668,38,H,NHB,0.176514367000,0.000326958000,0.001852302481418,-0.001852302481418,-0.000381836392536,NHB,-0.001,0.000,0.381836392536053,0.618163607463947
1669,38,H,NHB,0.176514367000,0.000146088000,0.000827626682648,-0.000827626682648,0.000029136621801,NHB,0.000,0.001,0.970863378199482,0.029136621800518
1670,38,H,NHB,0.176514367000,0.000196613000,0.001113864006322,-0.001113864006322,-0.000271645455519,NHB,-0.001,0.000,0.271645455519049,0.728354544480951
1671,38,H,NHB,0.178345189000,0.000159001000,0.000891535122935,-0.000891535122935,-0.000033256153172,NHB,-0.001,0.000,0.033256153171520,0.966743846828480
1672,38,H,NHB,0.178345189000,0.000178301000,0.000999752227687,-0.000999752227687,-0.000234782352253,NHB,-0.001,0.000,0.234782352253099,0.765217647746901
1673,38,H,NHB,0.178345189000,0.000009922000,0.000055633684629,-0.000055633684629,-0.000145680426654,NHB,-0.001,0.000,0.145680426653613,0.854319573346387
1674,38,H,NHB,0.178345189000,0.000270393000,0.001516121637573,-0.001516121637573,-0.000064784307396,NHB,-0.001,0.000,0.064784307396446,0.935215692603554
1675,38,H,NHB,0.178345189000,0.000295451000,0.001656624446427,-0.001656624446427,-0.000314091322795,NHB,-0.001,0.000,0.314091322795353,0.685908677204647
1676,38,H,NHB,0.178345189000,0.000047679000,0.000267341105568,-0.000267341105568,-0.000195988300994,NHB,-0.001,0.000,0.195988300993783,0.804011699006216
1677,38,H,NHB,0.178345189000,0.000049910000,0.000279850554309,-0.000279850554309,-0.000033498610749,NHB,-0.001,0.000,0.033498610749110,0.966501389250890
1678,38,H,NHB,0.178345189000,0.000326672000,0.001831683836450,-0.001831683836450,-0.000406448468411,NHB,-0.001,0.000,0.406448468410889,0.593551531589111
1679,38,H,NHB,0.178345189000,0.000329956000,0.001850097565570,-0.001850097565570,-0.000366980175467,NHB,-0.001,0.000,0.366980175466630,0.633019824533370
